tree
version=v4
num_class=1
num_tree_per_iteration=1
label_index=0
max_feature_idx=25
objective=quantile
feature_names=total_area rooms bathrooms ceiling_height floor total_floors floor_ratio balcony_count building_age area_per_room living_ratio kitchen_ratio distance_to_centre_m condition_rank has_loggia has_parking has_storage has_elevator seismic_retrofit is_ground_floor is_top_floor district_slug building_type condition heating ownership_docs
feature_infos=[11:292] [1:6] [1:3] none [1:32] [1:32] [0.0625:1] [0:3] none [11:97] none none none [0:3] none none none [0:1] none [0:1] [0:1] -1:6:1:8:0:11:7:5:4:2:3:10 -1:1:0:5:2 -1:3:2:0 none none
tree_sizes=1323 1446 1371 1409 1412 1449 1437 1474 1441 1434 1413 1457 1466 1431 1426 1413 1448 1464 1441 1428 1438 1424 1533 1469 1420 1438 1406 1481 1494 1438 1440 1463 1529 1486 1402 1422 1480 1511 1449 1446 1510 1492 1466 1541 1537 1483 1458 1547 1459 1464 1465 1444 1526 1514 1448 1463 1506 1485 1502 1554 1476 1465 1528 1483 1521 1512 1499 1488 1481 1528 1483 1466 1498 1493 1497 1472 1481 1560 1573 1441 1501 1506 1488 1485 1469 1482 1472 1522 1520 1478 1554 1482 1530 1508 1530 1531 1539 1517 1527 1450

Tree=0
num_leaves=15
num_cat=5
split_feature=21 23 0 22 5 0 19 6 7 21 22 5 5 5
split_gain=150.308 10.5273 8.20664 7.4311 7.03058 5.31543 4.21046 3.22033 2.84582 2.50983 3.89707 2.45009 2.44565 8.22857
threshold=0 1 58.500000000000007 2 16.500000000000004 105.50000000000001 1.0000000180025095e-35 0.74166666666666681 1.5000000000000002 3 4 14.500000000000002 12.500000000000002 14.500000000000002
decision_type=9 1 2 1 2 2 2 2 2 9 1 2 2 2
left_child=1 -1 6 5 9 -4 12 -5 -7 10 11 -2 -3 -14
right_child=4 2 3 7 -6 8 -8 -9 -10 -11 -12 -13 13 -15
leaf_value=13.666463160092167 13.660542486032318 13.679909924991046 13.684518859189144 13.673451088634057 13.67243857383728 13.673770484786576 13.665450475875833 13.667187593436244 13.659590453642039 13.637063376832248 13.649083037573575 13.668900108337402 13.677394611622328 13.699209036812482
leaf_weight=173 161 184 151 206 42 54 21 211 28 3397 862 35 42 30
leaf_count=173 161 184 151 206 42 54 21 211 28 3397 862 35 42 30
internal_value=13.6573 13.6738 13.676 13.6729 13.6532 13.6802 13.6832 13.6684 13.6704 13.653 13.6552 13.6615 13.685 13.6772
internal_weight=5597 1100 927 650 4497 233 277 417 82 4455 1058 196 256 72
internal_count=5597 1100 927 650 4497 233 277 417 82 4455 1058 196 256 72
cat_boundaries=0 1 2 3 4 5
cat_threshold=64 4 36 10 32
is_linear=0
shrinkage=1


Tree=1
num_leaves=15
num_cat=3
split_feature=21 13 5 22 5 4 1 7 9 9 9 5 22 7
split_gain=130.832 12.2147 5.68088 4.96216 4.59156 4.26936 2.74681 2.69823 2.50006 2.42151 2.08915 2.05838 1.89162 1.81071
threshold=0 2.5000000000000004 16.500000000000004 1 16.500000000000004 1.5000000000000002 3.5000000000000004 1.0000000180025095e-35 31.875000000000004 22.583333333333339 36.125000000000007 4.5000000000000009 2 1.0000000180025095e-35
decision_type=9 2 2 1 2 2 2 2 2 2 2 2 1 2
left_child=1 4 -2 9 7 -5 11 -1 -4 13 -8 -7 -9 -3
right_child=2 3 8 5 -6 6 10 12 -10 -11 -12 -13 -14 -15
leaf_value=0.012422518085255321 -0.013493656159741364 0.023746202897281687 0.00072723481648839794 0.020467207888796947 0.016409185383286437 0.014635045872898284 0.011500360825642856 0.011920330566935 0.014596711720028034 0.0076655941658844819 -0.0044129238699389759 0.028957370180112376 -0.0047991604969945811 0.0040182749733025606
leaf_weight=277 4476 14 18 32 13.999999999999998 46 43 127 23 129 10.999999999999998 296 67 10
leaf_count=277 4476 14 18 32 14 46 43 127 23 129 11 296 67 10
internal_value=-0.000289272 0.0154248 -0.00401039 0.0203873 0.00963917 0.0232333 0.0249242 0.00880042 0.0145122 0.0112975 0.0144444 0.0265789 0.00427835 0.02625
internal_weight=5583 1066 4517 581 485 428 396 471 41 153 54 342 194 24
internal_count=5583 1066 4517 581 485 428 396 471 41 153 54 342 194 24
cat_boundaries=0 1 2 3
cat_threshold=64 2 33
is_linear=0
shrinkage=0.05


Tree=2
num_leaves=15
num_cat=7
split_feature=21 23 22 21 22 1 23 1 9 22 4 4 6 9
split_gain=126.671 9.45812 4.9725 6.15816 3.89826 3.81412 3.72769 2.70205 2.61327 3.35327 3.08791 2.96368 2.71451 2.33713
threshold=0 1 2 3 4 3.5000000000000004 5 3.5000000000000004 25.775000000000002 6 3.5000000000000004 1.5000000000000002 0.92582417582417598 24.291666666666668
decision_type=9 1 1 9 1 2 1 2 2 1 2 2 2 2
left_child=1 5 3 6 13 8 -2 -6 -1 10 -10 -11 -13 -3
right_child=2 4 -4 -5 7 -7 -8 -9 9 11 -12 12 -14 -15
leaf_value=0.026791093374943783 0.011245758266500932 0.006884289228084573 -0.015164053126520827 -0.0080852645438291414 0.016144578541204838 0.012249609717284326 -0.003540267823935247 0.0049934280404931586 0.0090967173991542971 0.0016500048883634655 0.0066454456626370735 0.024787103619955887 0.01797344127254084 -0.00012545425624566064
leaf_weight=158 165 25 3950 368 300 78 54 56 23 19 74 206 46 124
leaf_count=158 165 25 3950 368 300 78 54 56 23 19 74 206 46 124
internal_value=2.12528e-05 0.0151302 -0.0036845 0.000616553 0.0101485 0.0194205 0.00716518 0.0129363 0.0209506 0.0186413 0.00897059 0.0215399 0.023373 0.00295454
internal_weight=5646 1109 4537 587 505 604 219 356 526 368 97 271 252 149
internal_count=5646 1109 4537 587 505 604 219 356 526 368 97 271 252 149
cat_boundaries=0 1 2 3 4 5 6 7
cat_threshold=64 8 32 10 2 8 2
is_linear=0
shrinkage=0.05


Tree=3
num_leaves=15
num_cat=5
split_feature=21 13 0 22 22 0 21 22 0 0 6 13 4 7
split_gain=111.952 10.2741 4.59219 6.30031 4.36787 4.43238 4.29367 5.07594 4.22647 3.6704 2.54928 2.51094 2.33654 2.49775
threshold=0 2.5000000000000004 49.500000000000007 1 2 102.50000000000001 3 4 116.50000000000001 35.500000000000007 0.91287878787878796 2.5000000000000004 1.5000000000000002 1.0000000180025095e-35
decision_type=9 2 2 1 1 2 9 1 2 2 2 2 2 2
left_child=1 4 -3 -4 -1 -6 7 11 10 -9 12 -2 -5 -14
right_child=6 2 3 8 5 -7 -8 9 -10 -11 -12 -13 13 -15
leaf_value=0.0041247757566552738 -0.0029136492715290175 0.024637605958824905 0.0061089999896114765 0.020229782178227487 0.015789443808705221 0.0014482510672827549 -0.017665413916239724 0.0083676077232033748 0.0044419942369996303 -0.0073056750928977903 0.017920358305765046 0.0086287836663870299 0.019650836970138953 0.026099065154092951
leaf_weight=149 50 110 120 26 273 82 3472 27 54 851 63 167 77 139
leaf_count=149 50 110 120 26 273 82 3472 27 54 851 63 167 77 139
internal_value=-0.000371026 0.0139663 0.0185144 0.0163987 0.00878968 0.0117361 -0.00381343 -0.00106818 0.0196566 -0.00276331 0.0222131 0.0056982 0.0245455 0.02625
internal_weight=5660 1093 589 479 504 355 4567 1095 359 878 305 217 242 216
internal_count=5660 1093 589 479 504 355 4567 1095 359 878 305 217 242 216
cat_boundaries=0 1 2 3 4 5
cat_threshold=64 2 2 10 32
is_linear=0
shrinkage=0.05


Tree=4
num_leaves=15
num_cat=5
split_feature=21 23 0 21 0 23 6 4 0 23 4 6 6 9
split_gain=100.378 8.75522 4.86815 4.49672 3.57109 2.79793 1.98003 2.25514 2.00893 1.96994 2.57808 2.21387 1.86326 1.80648
threshold=0 1 47.500000000000007 2 51.500000000000007 3 0.78019323671497598 1.5000000000000002 102.50000000000001 4 10.500000000000002 0.87083333333333346 0.9772727272727274 35.416666666666679
decision_type=9 1 2 9 2 1 2 2 2 1 2 2 2 2
left_child=1 2 -1 9 5 -3 7 -4 13 10 -2 -12 -6 -8
right_child=3 4 6 -5 12 -7 8 -9 -10 -11 11 -13 -14 -15
leaf_value=0.028006291332464857 -0.0002956132341863871 0.0075588482323640351 0.0087016133051904757 -0.016363718614104527 0.010407626866498846 0.013484508276174676 0.0137327844213891 0.01811373801920604 0.0025122297116097255 -0.0078682640356891442 0.011547390018922866 -0.00065656740828477474 -0.0010047635542590914 0.026824942941829966
leaf_weight=109 549 43 40 3439 319 62 128 282 41 500 29 26 87 13.999999999999998
leaf_count=109 549 43 40 3439 319 62 128 282 41 500 29 26 87 14
internal_value=-0.000351095 0.0129867 0.0170684 -0.00366425 0.00820939 0.0164286 0.015 0.0173602 0.010847 -0.000874663 0.00104305 0.0113636 0.00608374 0.013662
internal_weight=5668 1125 614 4543 511 105 505 322 183 1104 604 55 406 142
internal_count=5668 1125 614 4543 511 105 505 322 183 1104 604 55 406 142
cat_boundaries=0 1 2 3 4 5
cat_threshold=64 8 10 4 8
is_linear=0
shrinkage=0.05


Tree=5
num_leaves=15
num_cat=3
split_feature=21 5 0 5 23 0 13 21 5 7 0 5 0 5
split_gain=89.9451 9.56913 6.4851 5.79631 4.29713 3.52775 3.03532 2.98843 2.66828 3.21905 1.97387 2.01216 1.78083 1.66589
threshold=0 16.500000000000004 91.500000000000014 16.500000000000004 1 41.500000000000007 2.5000000000000004 2 10.500000000000002 1.0000000180025095e-35 39.500000000000007 14.500000000000002 122.50000000000001 3.5000000000000004
decision_type=9 2 2 2 1 2 2 9 2 2 2 2 2 2
left_child=1 2 4 7 -1 8 -4 10 9 -6 -2 -12 -8 -7
right_child=3 -3 6 -5 5 13 12 -9 -10 -11 11 -13 -14 -15
leaf_value=0.0071483094453832531 0.0025984723090974023 0.031004447411098895 -0.00027389466783160507 0.01386909956936995 0.01785708830209547 -0.0031122260409821578 0.013112634433687554 -0.015939698289384376 0.033273219643108268 0.022159249470046997 -0.0052797594320934671 0.0075071449414757302 -6.5558082924737848e-05 0.018169413674870662
leaf_weight=125 49 47 143 39 40 15.999999999999998 131 3423 19 30 947 88 38 510
leaf_count=125 49 47 143 39 40 16 131 3423 19 30 947 88 38 510
internal_value=-0.000571303 0.0122328 0.0113023 -0.00367612 0.0138514 0.0155691 0.00525641 -0.00384624 0.0247753 0.0292857 -0.00153352 -0.00200483 0.0097929 0.0140114
internal_weight=5645 1099 1052 4546 740 615 312 4507 89 70 1084 1035 169 526
internal_count=5645 1099 1052 4546 740 615 312 4507 89 70 1084 1035 169 526
cat_boundaries=0 1 2 3
cat_threshold=64 4 10
is_linear=0
shrinkage=0.05


Tree=6
num_leaves=15
num_cat=2
split_feature=21 0 5 5 13 5 5 0 21 0 4 0 9 0
split_gain=90.3666 8.34795 5.51188 4.50814 3.91863 3.09268 4.07688 3.04535 2.67408 2.27266 1.87968 1.74995 1.64162 1.40025
threshold=0 50.500000000000007 16.500000000000004 16.500000000000004 2.5000000000000004 14.500000000000002 13.500000000000002 124.50000000000001 1 87.500000000000014 1.5000000000000002 39.500000000000007 29.875000000000004 41.500000000000007
decision_type=9 2 2 2 2 2 2 2 9 2 2 2 2 2
left_child=1 5 4 8 9 6 10 -6 11 -3 -1 12 -2 -12
right_child=3 2 -4 -5 7 -7 -8 -9 -10 -11 13 -13 -14 -15
leaf_value=0.011932728426036029 -0.0011289266110107831 0.010745454149897127 0.020975714201647774 0.014345344264600041 0.015480304756257255 0.033684415469629941 -0.010379835464654886 -0.00018373508267144345 -0.014800946514815087 0.00086915148307497669 0.0168404955324955 -0.0043581057084380401 0.0096458726217088786 0.018930838907888249
leaf_weight=19 25 234 35 38 420 22 17 39 3418 172 98 1018 22 85
leaf_count=19 25 234 35 38 420 22 17 39 3418 172 98 1018 22 85
internal_value=-0.000549277 0.0119939 0.00983333 -0.00372404 0.00904624 0.0203112 0.018516 0.0122113 -0.00387352 0.00546798 0.020495 -0.00165888 0.00776596 0.0220492
internal_weight=5662 1141 900 4521 865 241 219 459 4483 406 202 1065 47 183
internal_count=5662 1141 900 4521 865 241 219 459 4483 406 202 1065 47 183
cat_boundaries=0 1 2
cat_threshold=64 10
is_linear=0
shrinkage=0.05


Tree=7
num_leaves=15
num_cat=1
split_feature=23 4 9 6 2 0 0 0 4 4 0 2 0 0
split_gain=8.28284 2.58147 2.94772 2.565 1.87655 2.0835 1.927 1.70142 2.83642 1.54568 1.48888 1.42809 3.11806 1.45922
threshold=0 1.5000000000000002 32.875000000000007 0.20714285714285716 2.5000000000000004 41.500000000000007 39.500000000000007 56.500000000000007 9.5000000000000018 6.5000000000000009 50.500000000000007 1.5000000000000002 120.50000000000001 118.50000000000001
decision_type=1 2 2 2 2 2 2 2 2 2 2 2 2 2
left_child=-1 -2 7 -4 5 6 -5 8 -3 -8 -10 -7 13 -13
right_child=1 2 3 4 -6 11 9 -9 10 -11 -12 12 -14 -15
leaf_value=-0.014012715851949138 -0.0073613694863389201 0.0024115371964849256 0.015775202191356287 0.0049269807111480511 0.009525035262182513 0.00036466244603240147 0.0061127072637859395 -0.0010682742445571457 0.02647427273749943 0.0015952197529624146 -0.0004323937857737495 0.012201597208717463 -0.0023012534509243318 0.01079560595417004
leaf_weight=1539 594 594 31 74 26 541 30 2001 38 12.999999999999998 17 75 63 9.9999999999999982
leaf_count=1539 594 594 31 74 26 541 30 2001 38 13 17 75 63 10
internal_value=-0.000766916 0.000405404 0.000920864 0.00345886 0.00293269 0.0025062 0.00867521 9.43384e-05 0.00231895 0.017093 0.0131818 0.00145863 0.00581081 0.0120588
internal_weight=5646 4107 3513 863 832 806 117 2650 649 43 55 689 148 85
internal_count=5646 4107 3513 863 832 806 117 2650 649 43 55 689 148 85
cat_boundaries=0 1
cat_threshold=4
is_linear=0
shrinkage=0.05


Tree=8
num_leaves=15
num_cat=3
split_feature=21 5 0 21 23 5 9 0 5 5 7 4 9 0
split_gain=81.0872 9.76323 7.76332 3.93698 2.60536 2.54866 1.92874 1.99007 1.86622 1.8418 1.85278 1.85746 1.82504 1.73706
threshold=0 16.500000000000004 93.500000000000014 1 2 16.500000000000004 38.708333333333336 34.500000000000007 5.5000000000000009 8.5000000000000018 1.0000000180025095e-35 6.5000000000000009 36.416666666666679 109.50000000000001
decision_type=9 2 2 9 1 2 2 2 2 2 2 2 2 2
left_child=1 2 4 5 8 -2 7 -6 -1 -8 11 -11 -9 -3
right_child=3 13 -4 -5 6 -7 9 12 -10 10 -12 -13 -14 -15
leaf_value=0.011291254146323731 -0.0017012208738526422 0.030448426644412142 0.0068824204362798406 -0.01395508673096142 0.019110778656542482 0.011176475565743998 0.01049359676983789 0.01671790287957392 0.00030370036524709934 0.01447344869202531 0.02477130235100471 -0.0038283241679757832 -0.00052172778640278137 0.0075138417944957655
leaf_weight=59 848 38 281 3661 21 29 27 520 64 24 25 13.999999999999998 24 9.9999999999999982
leaf_count=59 848 38 281 3661 21 29 27 520 64 24 25 14 24 10
internal_value=-0.000668735 0.0114344 0.0104863 -0.00362976 0.0130591 -0.000606577 0.014313 0.0132301 0.00638211 0.0211111 0.0164286 0.00947368 0.0126471 0.0335417
internal_weight=5645 1107 1059 4538 778 877 655 565 123 90 63 38 544 48
internal_count=5645 1107 1059 4538 778 877 655 565 123 90 63 38 544 48
cat_boundaries=0 1 2 3
cat_threshold=64 2 4
is_linear=0
shrinkage=0.05


Tree=9
num_leaves=15
num_cat=5
split_feature=21 22 0 22 17 21 13 9 13 9 22 0 6 4
split_gain=64.5174 6.50005 5.62156 5.284 3.59791 3.17197 2.90948 2.72677 2.67376 2.50705 1.94392 2.15641 1.93815 1.72495
threshold=0 1 46.500000000000007 2 1.0000000180025095e-35 3 2.5000000000000004 34.125000000000007 2.5000000000000004 39.583333333333336 4 72.500000000000014 0.9772727272727274 10.500000000000002
decision_type=9 1 2 1 2 9 2 2 2 2 1 2 2 2
left_child=1 4 -3 5 -1 6 -2 10 -6 13 12 -12 -4 -8
right_child=3 2 7 -5 8 -7 9 -9 -10 -11 11 -13 -14 -15
leaf_value=0.00056325239522665791 -0.0039086336142260874 0.013283729641783513 0.013968499931603727 -0.011779827686143919 0.01728416155047479 -0.0035928434684370189 0.0041115441565168108 -0.00048946566838178418 0.021538044629301957 0.010242288988561034 0.0066564655017170909 -0.00079620964702935423 0.0061051685569100296 0.0085242227848819855
leaf_weight=39 58 132 190 3934 116 377 131 131 211 14.999999999999998 65 130 87 28
leaf_count=39 58 132 190 3934 116 377 131 131 211 15 65 130 87 28
internal_value=-0.000800852 0.0100316 0.00719594 -0.00343338 0.0155526 0.000903908 0.00544304 0.005199 0.0174771 0.0087931 0.00697034 0.002875 0.00962766 0.00694968
internal_weight=5644 1101 735 4543 366 609 232 603 327 174 472 195 277 159
internal_count=5644 1101 735 4543 366 609 232 603 327 174 472 195 277 159
cat_boundaries=0 1 2 3 4 5
cat_threshold=64 36 32 1034 1
is_linear=0
shrinkage=0.05


Tree=10
num_leaves=15
num_cat=5
split_feature=21 22 0 5 21 22 6 5 0 4 0 9 22 0
split_gain=59.7435 7.60098 7.25665 5.64146 4.06734 3.57192 3.38303 2.92105 2.8572 2.6592 2.48068 2.28547 2.01135 3.05487
threshold=0 1 102.50000000000001 16.500000000000004 2 3 0.91287878787878796 14.500000000000002 68.500000000000014 1.5000000000000002 35.500000000000007 38.708333333333336 4 123.50000000000001
decision_type=9 1 2 2 9 1 2 2 2 2 2 2 1 2
left_child=1 8 3 6 5 7 9 -2 -1 -3 -7 -11 13 -4
right_child=4 2 12 -5 -6 10 -8 -9 -10 11 -12 -13 -14 -15
leaf_value=0.0069468323618929175 0.00090175699703807426 0.015285095624218373 0.0094386598880355794 0.027070584227104528 -0.013562888835115939 0.0055420377399148756 0.01029216622258141 0.0097521824955870522 -0.00083599697937163705 0.016574990589717817 -0.0057137362527210868 0.01743486184083675 -0.0010912505748827777 -0.00084831539441802958
leaf_weight=133 196 53 45 34 3457 25 129 78 189 334 798 42 105 32
leaf_count=133 196 53 45 34 3457 25 129 78 189 334 798 42 105 32
internal_value=-0.000991152 0.00946412 0.0121694 0.0149324 -0.00351393 -0.000848459 0.0137276 0.00405018 0.00287462 0.0158625 -0.00249396 0.0173404 0.00351648 0.00932927
internal_weight=5650 1096 774 592 4554 1097 558 274 322 429 823 376 182 77
internal_count=5650 1096 774 592 4554 1097 558 274 322 429 823 376 182 77
cat_boundaries=0 1 2 3 4 5
cat_threshold=64 2 10 36 32
is_linear=0
shrinkage=0.05


Tree=11
num_leaves=15
num_cat=3
split_feature=21 5 21 0 23 0 5 0 5 9 9 5 5 5
split_gain=56.4357 7.6886 4.09167 4.02429 3.5509 2.61406 2.0658 1.72192 1.67758 2.60306 1.50422 1.40691 1.44885 1.71281
threshold=0 16.500000000000004 1 51.500000000000007 2 122.50000000000001 14.500000000000002 39.500000000000007 8.5000000000000018 30.875000000000004 20.125000000000004 14.500000000000002 12.500000000000002 9.5000000000000018
decision_type=9 2 9 2 1 2 2 2 2 2 2 2 2 2
left_child=1 3 6 8 5 10 7 -2 9 -1 -5 12 13 -10
right_child=2 -3 -4 4 -6 -7 -8 -9 11 -11 -12 -13 -14 -15
leaf_value=0.014249765172365841 0.0049997741057527046 0.024105244233245803 -0.012408621174673585 0.014642505839945336 0.0039493267064338823 -0.00067952377830830639 0.0076104025208585391 -0.0034321431144724622 0.0021649985036105023 0.010438807293612984 0.012113857697024335 0.029216416924492679 -0.0062980880805326355 0.01621009902834647
leaf_weight=69 46 45 3451 11.999999999999998 381 40 111 911 38 44 397 12.999999999999998 23 58
leaf_count=69 46 45 3451 12 381 40 111 911 38 44 397 13 23 58
internal_value=-0.000868063 0.00915555 -0.00335875 0.00834884 0.00668675 0.00969933 -0.000643058 -0.00139499 0.0139796 0.0184513 0.0108924 0.0101515 0.00844538 0.0111458
internal_weight=5639 1120 4519 1075 830 449 1068 957 245 113 409 132 119 96
internal_count=5639 1120 4519 1075 830 449 1068 957 245 113 409 132 119 96
cat_boundaries=0 1 2 3
cat_threshold=64 10 8
is_linear=0
shrinkage=0.05


Tree=12
num_leaves=15
num_cat=3
split_feature=21 1 21 2 4 6 4 9 9 13 23 9 6 13
split_gain=47.5172 3.73492 3.63451 2.92141 2.63252 1.97627 2.52944 2.14992 1.84227 1.71225 1.65061 1.64329 1.96777 1.76983
threshold=0 2.5000000000000004 1 2.5000000000000004 2.5000000000000004 0.69615384615384623 9.5000000000000018 34.833333333333336 40.833333333333336 1.0000000180025095e-35 2 40.416666666666679 0.77350427350427364 2.5000000000000004
decision_type=9 2 9 2 2 2 2 2 2 2 1 2 2 2
left_child=1 4 3 10 -1 6 7 -6 -9 -10 -2 12 13 -3
right_child=2 11 -4 -5 5 -7 -8 8 9 -11 -12 -13 -14 -15
leaf_value=0.0088996587739157921 -0.0098635600145670754 0.0063506458827440396 -0.012065242583465086 0.0072298823948155899 0.017570543111844729 0.01223084108654982 0.027371273173988055 0.0011950802246936121 0.010746787659501766 0.0065282055579685061 -0.00015312985543798442 -0.0034230705796746519 0.0023775139087491588 0.010156738331653606
leaf_weight=113 310 157 3401 27 98 197 10.999999999999998 38 9.9999999999999982 23 753 43 242 181
leaf_count=113 310 157 3401 27 98 197 11 38 10 23 753 43 242 181
internal_value=-0.001101 0.00812612 -0.00339302 -0.000867581 0.0114286 0.013435 0.0172222 0.0157101 0.00908451 0.0177273 -0.0012841 0.0055939 0.0062931 0.0087574
internal_weight=5604 1113 4491 1090 490 377 180 169 71 33 1063 623 580 338
internal_count=5604 1113 4491 1090 490 377 180 169 71 33 1063 623 580 338
cat_boundaries=0 1 2 3
cat_threshold=64 10 4
is_linear=0
shrinkage=0.05


Tree=13
num_leaves=15
num_cat=5
split_feature=21 5 22 0 22 0 23 9 5 13 9 21 4 0
split_gain=48.0337 6.7876 4.86525 5.73759 4.68766 3.68079 2.77918 2.79169 2.348 2.57203 2.27439 2.0926 1.72252 1.64305
threshold=0 16.500000000000004 1 102.50000000000001 2 119.50000000000001 3 41.416666666666679 14.500000000000002 2.5000000000000004 36.875000000000007 4 1.5000000000000002 41.500000000000007
decision_type=9 2 1 2 1 2 1 2 2 2 2 9 2 2
left_child=1 2 -1 6 8 -3 -4 12 -2 -10 -11 -6 -8 -14
right_child=4 5 3 -5 11 -7 7 -9 9 10 -12 -13 13 -15
leaf_value=0.0015857405876561924 -0.00081998769191857354 0.023953295552917721 0.0041806075412237414 0.0021366287437589609 -0.0037315307549149247 -0.00063479408824634496 0.01270668994326847 0.019925413251501281 -0.0088609315180134159 0.0060001730810090373 0.0088697017810825517 -0.013026656519634194 0.015695381630519586 0.013307415674913335
leaf_weight=295 487 37 89 172 710 9.9999999999999982 43 28 29 60 13.999999999999998 3223 61 349
leaf_count=295 487 37 89 172 710 10 43 28 29 60 14 3223 61 349
internal_value=-0.00113876 0.00829201 0.00748794 0.00962517 -0.00340437 0.0269149 0.0121053 0.0136071 0.000756301 0.00762136 0.0125676 -0.0040287 0.01266 0.0136585
internal_weight=5607 1084 1037 742 4523 47 570 481 590 103 74 3933 453 410
internal_count=5607 1084 1037 742 4523 47 570 481 590 103 74 3933 453 410
cat_boundaries=0 1 2 3 4 5
cat_threshold=64 2 32 4 2
is_linear=0
shrinkage=0.05


Tree=14
num_leaves=15
num_cat=5
split_feature=22 5 22 0 23 23 23 0 0 5 5 9 5 1
split_gain=16.761 9.12685 4.63297 3.33313 3.0761 2.228 1.80038 1.7486 2.06534 1.74073 2.80695 1.60659 1.53151 1.52564
threshold=0 14.500000000000002 1 52.500000000000007 2 3 4 41.500000000000007 31.500000000000004 5.5000000000000009 6.5000000000000009 23.291666666666668 5.5000000000000009 2.5000000000000004
decision_type=1 2 1 2 1 1 1 2 2 2 2 2 2 2
left_child=1 4 5 -3 9 -2 -5 8 -7 -1 13 -12 -10 -11
right_child=2 3 -4 6 -6 7 -8 -9 12 10 11 -13 -14 -15
leaf_value=-0.00091573347269252787 -0.0075238587534302544 0.024240756740670808 -0.010808449721324288 0.0032216082225680963 -0.0041915525046318331 -0.0013220986608137356 0.012096612701548605 -0.0010552294428649255 0.0062698232562948047 0.0012850074817004169 -0.0056362458883819858 0.0083820363199392546 -0.00014211408366708868 0.0087482506074519784
leaf_weight=109 713 31 2349 34 174 93 107 1489 111 12.999999999999998 67 294 43 21
leaf_count=109 713 31 2349 34 174 93 107 1489 111 13 67 294 43 21
internal_value=-0.00113138 0.00532164 -0.00227774 0.0156395 0.00274336 -0.000751835 0.0123759 0.000213132 0.00410931 0.00472222 0.00626582 0.0049723 0.00766234 0.02
internal_weight=5648 850 4798 172 678 2449 141 1736 247 504 395 361 154 34
internal_count=5648 850 4798 172 678 2449 141 1736 247 504 395 361 154 34
cat_boundaries=0 1 2 3 4 5
cat_threshold=32 5 8 4 1
is_linear=0
shrinkage=0.05


Tree=15
num_leaves=15
num_cat=4
split_feature=21 22 5 22 0 5 13 0 13 4 21 13 6 0
split_gain=37.976 5.69297 6.37258 4.75292 4.01578 2.50588 2.12549 2.25268 2.00579 2.38794 1.9921 1.79007 1.47438 1.32571
threshold=0 1 14.500000000000002 2 123.50000000000001 14.500000000000002 1.0000000180025095e-35 65.500000000000014 2.5000000000000004 6.5000000000000009 3 2.5000000000000004 0.91987179487179505 110.50000000000001
decision_type=9 1 2 1 2 2 2 2 2 2 9 2 2 2
left_child=1 -1 4 5 11 -2 -4 -8 -7 -10 -5 12 -3 -11
right_child=3 2 6 10 -6 8 7 -9 9 13 -12 -13 -14 -15
leaf_value=0.0017014507196013618 -0.00091634730647252257 0.0090123665392426271 0.011100613268649338 -0.0034961450568604668 -0.0015655919918022799 -0.0062985498066098133 0.025363101661908374 0.0076146711177627335 -0.0019432130843520818 0.0059729418726393035 -0.012019051064836434 0.011576406353952365 -0.00070295107545051687 0.0078213860569510633
leaf_weight=308 486 203 26 708 69 31 28 32 26 39 3178 351 71 20
leaf_count=308 486 203 26 708 69 31 28 32 26 39 3178 351 71 20
internal_value=-0.00121593 0.00714547 0.00942675 -0.00324727 0.00789625 0.00088962 0.0223256 0.0275 0.0075 0.0114706 -0.00388846 0.00916 0.00613139 0.0170339
internal_weight=5576 1088 780 4488 694 602 86 60 116 85 3886 625 274 59
internal_count=5576 1088 780 4488 694 602 86 60 116 85 3886 625 274 59
cat_boundaries=0 1 2 3 4
cat_threshold=64 2 32 2
is_linear=0
shrinkage=0.05


Tree=16
num_leaves=15
num_cat=4
split_feature=21 22 5 22 0 0 13 0 21 5 5 5 9 6
split_gain=36.7497 5.95374 5.28761 3.98005 2.63757 2.56678 2.24413 2.21194 2.04261 1.8773 1.78731 2.40381 1.76653 1.87503
threshold=0 1 14.500000000000002 2 46.500000000000007 123.50000000000001 1.0000000180025095e-35 104.50000000000001 3 8.5000000000000018 13.500000000000002 9.5000000000000018 31.416666666666668 0.69615384615384623
decision_type=9 1 2 1 2 2 2 2 9 2 2 2 2 2
left_child=1 2 5 -2 -3 10 -4 -8 -5 -6 11 -1 -13 -14
right_child=3 4 6 8 9 -7 7 -9 -10 -11 -12 12 13 -15
leaf_value=0.0056881215801134121 -0.00013762900273824852 0.010504542691541363 0.014564087656460036 -0.0024182859610251215 0.0074225814658919823 -0.0018487968836058079 0.021598506869929937 0.0045335408090024882 -0.011892501847005597 -0.00010749884834260211 0.0068559716355828838 0.019219021177572106 0.00060152086353732067 0.018371524602472638
leaf_weight=93 808 129 22 690 332 28 39 13.999999999999998 3060 273 63 53 22 12.999999999999998
leaf_count=93 808 129 22 690 332 28 39 14 3060 273 63 53 22 13
internal_value=-0.00127594 0.00699355 0.0124006 -0.00324129 0.00437077 0.00933823 0.0243333 0.0299057 -0.0039281 0.00301653 0.0109836 0.0135083 0.0194318 0.0107143
internal_weight=5639 1081 347 4558 734 272 75 53 3750 605 244 181 88 35
internal_count=5639 1081 347 4558 734 272 75 53 3750 605 244 181 88 35
cat_boundaries=0 1 2 3 4
cat_threshold=64 36 36 2
is_linear=0
shrinkage=0.05


Tree=17
num_leaves=15
num_cat=5
split_feature=21 22 21 0 22 2 22 0 0 9 9 6 9 19
split_gain=35.6374 5.91161 4.87754 2.67174 2.28173 2.63158 2.18176 2.15677 2.01758 1.58305 4.55219 1.47459 1.45166 1.29247
threshold=0 1 2 123.50000000000001 3 2.5000000000000004 4 48.500000000000007 39.500000000000007 20.125000000000004 19.775000000000002 0.91287878787878796 19.775000000000002 1.0000000180025095e-35
decision_type=9 1 9 2 1 2 1 2 2 2 2 2 2 2
left_child=1 3 4 11 5 -2 9 12 -6 10 -4 13 -3 -1
right_child=2 7 6 -5 8 -7 -8 -9 -10 -11 -12 -13 -14 -15
leaf_value=0.014216176072228482 0.00530897997195164 0.012794587771060179 -0.010458917737710453 -0.00038221764184286208 0.0027232279915785328 0.0054358846982326629 -0.011510047926064273 0.0038798635631480324 -0.0035911360946263883 -0.0028371768172891572 0.0020378261914610007 0.011788397411895518 0.0084834414824102519 -0.011176119569465435
leaf_weight=265 190 12.999999999999998 32 35 41 9.9999999999999982 3004 592 656 554 22 47 132 11.999999999999998
leaf_count=265 190 13 32 35 41 10 3004 592 656 554 22 47 132 12
internal_value=-0.0011017 0.00696639 -0.00306713 0.012239 0.000238358 0.00487805 -0.0038872 0.00433288 -0.00111823 -0.00112561 0.00703704 0.0138272 0.00982759 0.0152166
internal_weight=5605 1096 4509 359 897 200 3612 737 697 608 54 324 145 277
internal_count=5605 1096 4509 359 897 200 3612 737 697 608 54 324 145 277
cat_boundaries=0 1 2 3 4 5
cat_threshold=64 36 2 36 36
is_linear=0
shrinkage=0.05


Tree=18
num_leaves=15
num_cat=4
split_feature=21 5 5 13 1 21 1 23 23 4 5 5 5 4
split_gain=30.4313 5.027 3.33592 2.32864 3.36911 2.28577 1.99635 1.91373 1.73625 1.69615 1.21398 2.31067 3.25521 1.07565
threshold=0 14.500000000000002 16.500000000000004 2.5000000000000004 2.5000000000000004 1 3.5000000000000004 2 3 4.5000000000000009 8.5000000000000018 5.5000000000000009 6.5000000000000009 7.5000000000000009
decision_type=9 2 2 2 2 9 2 1 1 2 2 2 2 2
left_child=1 6 5 -3 9 8 7 -1 -2 -5 11 -10 -13 -9
right_child=2 3 -4 4 -6 -7 -8 13 10 -11 -12 12 -14 -15
leaf_value=0.0014135754725112673 -0.0096112777480840527 0.0097870131498153275 0.010424370524656345 0.017723311870094127 0.0081008784318663558 -0.0098426392561332867 -0.00026709470202266342 0.0087224056653012159 -0.0012702009891825711 0.022307045348850363 -0.003177291332668006 0.0041046224241621868 0.0019812506097114098 0.0051618135439496921
leaf_weight=146 546 45 45 9.9999999999999982 35 2760 141 547 461 26 572 43 75 159
leaf_count=146 546 45 45 10 35 2760 141 547 461 26 572 43 75 159
internal_value=-0.00115933 0.00624327 -0.00298647 0.0161207 0.0217606 -0.00312654 0.00512084 0.00603286 -0.00166569 0.0325 -0.000569072 0.0010449 0.00728813 0.00711048
internal_weight=5611 1109 4502 116 71 4457 993 852 1697 36 1151 579 118 706
internal_count=5611 1109 4502 116 71 4457 993 852 1697 36 1151 579 118 706
cat_boundaries=0 1 2 3 4
cat_threshold=64 11 4 4
is_linear=0
shrinkage=0.05


Tree=19
num_leaves=15
num_cat=6
split_feature=21 5 22 22 1 0 13 9 9 21 5 23 0 21
split_gain=30.7772 6.05681 4.57698 4.15858 2.83683 2.60528 2.23207 1.61391 4.18006 1.81121 2.22857 1.49409 1.75708 1.44421
threshold=0 14.500000000000002 1 2 2.5000000000000004 123.50000000000001 2.5000000000000004 20.125000000000004 19.775000000000002 3 14.500000000000002 4 34.500000000000007 5
decision_type=9 2 1 1 2 2 2 2 2 9 2 1 2 9
left_child=1 5 -3 7 6 11 -4 8 -2 10 -9 -1 -13 -5
right_child=3 2 4 13 -6 -7 -8 9 -10 -11 -12 12 -14 -15
leaf_value=0.0019964553329223935 -0.008829300873457898 -0.014536844292652505 0.01377320232358027 -0.0029682915820623892 0.010742795019380136 -0.001430675764425687 0.021186027247117298 -4.723141740001899e-05 0.0020882205380074524 -0.0044159271201017125 0.0073306137722761733 0.011316164840229577 0.0071657210235126058 -0.010478569068648542
leaf_weight=157 32 26 15.999999999999998 671 40 78 30 280 24 387 84 15.999999999999998 734 2998
leaf_count=157 32 26 16 671 40 78 30 280 24 387 84 16 734 2998
internal_value=-0.00121389 0.00627495 0.0173214 -0.00305289 0.0221978 0.00505076 0.0319565 0.000203201 0.00839286 -0.000406126 0.00211382 0.00580485 0.00673333 -0.00376837
internal_weight=5573 1097 112 4476 86 985 46 807 56 751 364 907 750 3669
internal_count=5573 1097 112 4476 86 985 46 807 56 751 364 907 750 3669
cat_boundaries=0 1 2 3 4 5 6
cat_threshold=64 2 36 1166 4 2
is_linear=0
shrinkage=0.05


Tree=20
num_leaves=15
num_cat=7
split_feature=21 22 22 21 21 9 13 13 17 9 22 7 21 6
split_gain=25.3731 5.02642 3.07323 2.20171 2.07897 2.59428 4.71154 1.76579 1.57819 2.43407 1.61205 2.17959 1.39098 1.32267
threshold=0 1 2 3 4 20.125000000000004 1.0000000180025095e-35 2.5000000000000004 1.0000000180025095e-35 19.775000000000002 5 1.5000000000000002 6 0.89181286549707617
decision_type=9 1 1 9 9 2 2 2 2 2 1 2 9 2
left_child=2 4 -1 -3 5 6 -2 -4 9 -9 11 -10 13 -7
right_child=1 3 7 -5 -6 12 -8 8 10 -11 -12 -13 -14 -15
leaf_value=0.0010686332266775396 6.1292166213444696e-05 -0.0019974468385699942 0.0061834791075415082 -0.010050728386394602 -0.003156738908820067 0.005453913287932214 0.0016262927337794332 0.014237909428761783 0.014741879330893297 0.0087161955128411944 0.0037581415820147099 0.00058094940537833321 -0.0021179596514333101 -0.0035623402751254391
leaf_weight=297 9.9999999999999982 676 353 3021 354 225 26 9.9999999999999982 160 186 72 25 152 53
leaf_count=297 10 676 353 3021 354 225 26 10 160 186 72 25 152 53
internal_value=-0.00115658 -0.00281623 0.00562726 -0.00360211 0.000727272 0.0029087 0.0158333 0.00723798 0.00934878 0.00596939 0.0119261 0.0143421 0.00186046 0.00392226
internal_weight=5620 4517 1103 3697 820 466 36 806 453 196 257 185 430 278
internal_count=5620 4517 1103 3697 820 466 36 806 453 196 257 185 430 278
cat_boundaries=0 1 2 3 4 5 6 7
cat_threshold=64 36 2 2 11 32 10
is_linear=0
shrinkage=0.05


Tree=21
num_leaves=15
num_cat=5
split_feature=21 22 0 22 5 21 9 9 0 0 21 9 5 9
split_gain=21.8826 4.04716 2.98192 4.22857 3.32016 2.47192 3.87702 5.4 2.01358 1.83878 2.15426 1.48905 1.41365 1.86305
threshold=0 1 107.50000000000001 2 14.500000000000002 3 20.125000000000004 19.583333333333339 65.500000000000014 40.500000000000007 4 19.775000000000002 14.500000000000002 36.875000000000007
decision_type=9 1 2 1 2 9 2 2 2 2 9 2 2 2
left_child=2 5 3 -1 11 -2 7 -7 -6 10 -3 -5 -8 -14
right_child=1 9 -4 4 8 6 12 -9 -10 -11 -12 -13 13 -15
leaf_value=0.00070454370636657316 -0.0044151620961016685 -0.002219121743282493 -0.00070744554431077323 0.013190266403598534 0.01823319770883523 -0.01051438851430561 -0.00035245312179407588 0.0019535491531875076 0.011088358700269491 -0.0089195166139827437 0.0037232250210744028 0.0083903165806006649 0.003461505011825761 0.0066913874192658269
leaf_weight=294 304 265 155 25 32 15.999999999999998 349 24 38 3367 97 568 83 23
leaf_count=294 304 265 155 25 32 16 349 24 38 3367 97 568 83 23
internal_value=-0.00131206 -0.00285462 0.00495971 0.00602403 0.00821108 0.000379352 0.00255 0.0175 0.0185714 -0.00354714 -0.000165747 0.00705733 0.00126374 0.00632075
internal_weight=5640 4528 1112 957 663 799 495 40 70 3729 362 593 455 106
internal_count=5640 4528 1112 957 663 799 495 40 70 3729 362 593 455 106
cat_boundaries=0 1 2 3 4 5
cat_threshold=64 36 2 2468 2341
is_linear=0
shrinkage=0.05


Tree=22
num_leaves=15
num_cat=2
split_feature=21 21 5 0 0 5 2 0 13 5 0 5 4 0
split_gain=20.0555 3.86909 3.72665 4.11448 2.35093 2.06429 2.70994 2.24838 1.89579 1.56316 1.30358 1.84965 1.29076 1.056
threshold=0 1 14.500000000000002 45.500000000000007 107.50000000000001 14.500000000000002 2.5000000000000004 39.500000000000007 2.5000000000000004 15.500000000000002 100.50000000000001 17.500000000000004 11.500000000000002 65.500000000000014
decision_type=9 9 2 2 2 2 2 2 2 2 2 2 2 2
left_child=2 5 4 -4 8 7 -7 -2 -1 -5 11 12 13 -11
right_child=1 -3 3 9 -6 6 -8 -9 -10 10 -12 -13 -14 -15
leaf_value=0.0019937695457091192 0.0034020695474002542 -0.0073060845296826216 0.017265109169474057 0.014059502501704089 -0.0007147654049610389 0.0063568180483025045 0.0041147557055131404 -0.0026156340158756692 0.0080130262300109126 0.019074202343351512 -0.0010409461080563441 0.0093636107151424675 -0.004503276097219509 0.0031848367973641269
leaf_weight=383 48 3397 11.999999999999998 14.999999999999998 142 119 11.999999999999998 972 456 11.999999999999998 28 15.999999999999998 15.999999999999998 23
leaf_count=383 48 3397 12 15 142 119 12 972 456 12 28 16 16 23
internal_value=-0.00126615 -0.00273227 0.00476985 0.0130328 0.00376656 -0.000220589 0.00568702 -0.000980393 0.00477354 0.01 0.00763158 0.0114179 0.0067647 0.0121429
internal_weight=5651 4548 1103 122 981 1151 131 1020 839 110 95 67 51 35
internal_count=5651 4548 1103 122 981 1151 131 1020 839 110 95 67 51 35
cat_boundaries=0 1 2
cat_threshold=64 1034
is_linear=0
shrinkage=0.05


Tree=23
num_leaves=15
num_cat=5
split_feature=21 22 22 5 21 21 9 13 5 9 2 9 9 6
split_gain=18.0016 4.66555 2.84825 3.39903 1.81884 1.69405 2.28492 3.55556 1.73051 2.63826 1.70667 1.6724 1.37121 1.30078
threshold=0 1 2 14.500000000000002 3 4 20.125000000000004 1.0000000180025095e-35 14.500000000000002 36.875000000000007 1.5000000000000002 31.875000000000004 25.583333333333339 0.59411764705882364
decision_type=9 1 1 2 9 9 2 2 2 2 2 2 2 2
left_child=2 5 -1 12 -3 -2 7 -7 -8 -10 -11 13 -4 -5
right_child=1 4 3 11 -6 6 8 -9 9 10 -12 -13 -14 -15
leaf_value=0.00026101499153070759 -0.0037511425367971422 -0.0021323121992510964 0.0093362858897831601 0.016956046968103093 -0.0087089163611372179 0.00032585432672753716 -0.00023488360070969961 0.0018126048659151907 0.003451456677565759 0.002146743130847885 0.0060389771458873483 0.012669663464328559 0.0054098293378358336 0.01387269403919281
leaf_weight=313 232 697 191 28 3034 11.999999999999998 414 24 112 10.000000000000002 14.999999999999998 46 509 10.999999999999998
leaf_count=313 232 697 191 28 3034 12 414 24 112 10 15 46 509 11
internal_value=-0.00123761 -0.00262349 0.00449683 0.00610759 -0.00337393 0.000794902 0.00222128 0.0144444 0.00144283 0.00631387 0.021 0.0155882 0.005 0.0232051
internal_weight=5648 4550 1098 785 3731 819 587 36 551 137 25 85 700 39
internal_count=5648 4550 1098 785 3731 819 587 36 551 137 25 85 700 39
cat_boundaries=0 1 2 3 4 5
cat_threshold=64 36 2 2 2324
is_linear=0
shrinkage=0.05


Tree=24
num_leaves=15
num_cat=6
split_feature=21 22 0 22 22 5 9 9 5 9 13 0 21 21
split_gain=18.9761 5.52635 3.09972 4.82849 2.00347 1.90602 1.78762 5.24604 1.79825 2.1984 1.77184 1.71022 1.65036 1.63257
threshold=0 1 107.50000000000001 2 3 5.5000000000000009 20.125000000000004 19.583333333333339 14.500000000000002 32.583333333333336 2.5000000000000004 43.500000000000007 4 5
decision_type=9 1 2 1 1 2 2 2 2 2 2 2 9 9
left_child=2 6 3 5 -5 -1 7 -2 -8 -10 -7 12 -3 -9
right_child=1 11 -4 4 -6 10 8 13 9 -11 -12 -13 -14 -15
leaf_value=-0.0068493250991934736 -0.007439471223153693 0.0028767295116233884 -0.00092410778546149193 0.0078644839654747768 0.00035352741579845076 0.010088555592387008 -0.0010762569832178867 0.0018751960116387266 -0.00012214298205756843 0.006415978977671738 0.013024859343330045 -0.0081503750620118415 -0.0013074156115774117 0.0011294492902344242
leaf_weight=18 38 82 163 463 279 29 615 18 90 68 142 3250 385 13.000000000000002
leaf_count=18 38 82 163 463 279 29 615 18 90 68 142 3250 385 13
internal_value=-0.00118787 -0.00260627 0.00471337 0.00584855 0.00393574 0.0129124 0.00105077 0.00876811 0.000368692 0.00512658 0.014883 -0.00343498 -0.00061028 0.0240323
internal_weight=5653 4559 1094 931 742 189 842 69 773 158 171 3717 467 31
internal_count=5653 4559 1094 931 742 189 842 69 773 158 171 3717 467 31
cat_boundaries=0 1 2 3 4 5 6
cat_threshold=64 36 32 5 10 1
is_linear=0
shrinkage=0.05


Tree=25
num_leaves=15
num_cat=4
split_feature=21 22 22 5 0 9 21 0 9 9 2 9 0 9
split_gain=16.1921 4.31398 3.27929 3.61353 3.87721 2.16171 2.0926 2.2304 1.86234 5.00868 1.67685 2.95544 1.63147 1.31649
threshold=0 1 2 14.500000000000002 69.500000000000014 15.833333333333334 3 43.500000000000007 20.125000000000004 19.583333333333339 2.5000000000000004 35.708333333333336 120.50000000000001 23.291666666666668
decision_type=9 1 1 2 2 2 9 2 2 2 2 2 2 2
left_child=2 8 3 12 -5 -3 7 -7 9 -2 -10 -12 -1 -4
right_child=1 5 13 4 -6 6 -8 -9 10 -11 11 -13 -14 -15
leaf_value=0.0063927702275485242 -0.0083634338209579648 0.0031852053492170598 0.0090521442347447825 0.016465844094563805 0.0051375475676893115 0.0027662905185740303 -0.00798549959841462 -0.0037168832683271095 -0.00063665780614680307 0.0017303622117677111 -0.0058424765740657941 0.0035663278725026775 -0.002274695479046439 0.0033768282719006562
leaf_weight=170 36 24 131 29 37 66 3016 609 721 29 22 12.999999999999998 30 745
leaf_count=170 36 24 131 29 37 66 3016 609 721 29 22 13 30 745
internal_value=-0.00122226 -0.00256111 0.00408893 0.00892989 0.0192424 -0.00328629 -0.00338797 -0.000845589 0.000720338 0.00884615 2.64538e-05 0.0107143 0.00575 0.00257662
internal_weight=5678 4536 1142 266 66 3715 3691 675 821 65 756 35 200 876
internal_count=5678 4536 1142 266 66 3715 3691 675 821 65 756 35 200 876
cat_boundaries=0 1 2 3 4
cat_threshold=64 36 32 2
is_linear=0
shrinkage=0.05


Tree=26
num_leaves=15
num_cat=7
split_feature=21 22 0 0 23 22 0 22 4 5 22 21 5 9
split_gain=12.3429 5.3516 2.99845 2.77134 2.24838 2.23471 2.47561 2.2109 2.07373 2.41515 1.71281 1.88333 1.24085 1.60195
threshold=0 1 40.500000000000007 119.50000000000001 2 3 102.50000000000001 4 3.5000000000000004 16.500000000000004 5 6 6.5000000000000009 39.583333333333336
decision_type=9 1 2 2 1 1 2 1 2 2 1 9 2 2
left_child=1 3 10 4 8 6 -3 -4 -1 12 11 -2 -10 -14
right_child=2 5 7 -5 -6 -7 -8 -9 9 -11 -12 -13 13 -15
leaf_value=0.005969022865785263 0.00012928369922082794 0.0038004422822928369 -0.00067556374670734972 -0.00071786210101975451 0.0010257948649942559 -0.0029755627033169088 -0.0027968296466037048 -0.0087276179733538871 0.0077886436835648111 0.0092755856613453962 5.4873590293968993e-05 -0.0013806186101003736 0.0097528164134455322 0.011680761381082552
leaf_weight=78 10 832 581 69 69 537 201 2699 14.999999999999998 30 341 10 137 17
leaf_count=78 10 832 581 69 69 537 201 2699 15 30 341 10 137 17
internal_value=-0.00122289 0.00194723 -0.00294981 0.00696428 0.00887283 0.000603173 0.0019605 -0.00342988 0.0108845 0.013593 0.00137119 0.014 0.0112722 0.00993506
internal_weight=5626 1985 3641 415 346 1570 1033 3280 277 199 361 20 169 154
internal_count=5626 1985 3641 415 346 1570 1033 3280 277 199 361 20 169 154
cat_boundaries=0 1 2 3 4 5 6 7
cat_threshold=66 32 8 5 36 4 1
is_linear=0
shrinkage=0.05


Tree=27
num_leaves=15
num_cat=4
split_feature=21 22 0 9 21 0 13 0 22 17 20 7 0 13
split_gain=14.0956 4.65522 2.43483 2.37369 2.36594 2.35492 2.77565 2.1706 2.69687 1.81031 1.26003 1.10402 1.14502 1.39667
threshold=0 1 40.500000000000007 19.775000000000002 2 39.500000000000007 1.0000000180025095e-35 122.50000000000001 3 1.0000000180025095e-35 1.0000000180025095e-35 1.5000000000000002 40.500000000000007 2.5000000000000004
decision_type=9 1 2 2 9 2 2 2 1 2 2 2 2 2
left_child=3 -2 5 -1 10 -3 -7 8 9 -5 -4 12 -11 -14
right_child=1 2 4 7 -6 6 -8 -9 -10 11 -12 -13 13 -15
leaf_value=0.0086865038202189378 -0.0090786453107058046 0.0013852441181821887 0.0012236582415599451 -0.0048392460974226257 -0.0048352555733092197 0.00034998772099309813 0.00070305127528536991 -0.0019461437401294063 0.0038123949900103248 -0.0038938118022090623 -0.0065699256294361134 0.00045217928393036217 0.0066485941714979555 0.011289337570477809
leaf_weight=19 2057 258 597 20 1425 14.999999999999998 19 91 774 13.999999999999998 194 25 29 125
leaf_count=19 2057 258 597 20 1425 15 19 91 774 14 194 25 29 125
internal_value=-0.0012999 -0.00252188 -0.00107043 0.00377949 -0.00163809 0.00321918 0.0155882 0.00348794 0.0041692 0.0091055 0.000559044 0.0108031 0.0122619 0.0135065
internal_weight=5662 4565 2508 1097 2216 292 34 1078 987 213 791 193 168 154
internal_count=5662 4565 2508 1097 2216 292 34 1078 987 213 791 193 168 154
cat_boundaries=0 1 2 3 4
cat_threshold=64 2 14 32
is_linear=0
shrinkage=0.05


Tree=28
num_leaves=15
num_cat=2
split_feature=21 21 1 13 5 1 13 7 9 4 5 9 9 6
split_gain=13.4041 2.83538 1.96597 1.94433 1.955 3.38582 1.18364 1.25452 1.14089 2.25333 1.8 0.984392 0.960317 0.926229
threshold=0 1 3.5000000000000004 2.5000000000000004 14.500000000000002 2.5000000000000004 2.5000000000000004 1.0000000180025095e-35 21.416666666666668 4.5000000000000009 6.5000000000000009 23.291666666666668 34.833333333333336 0.88562091503267981
decision_type=9 9 2 2 2 2 2 2 2 2 2 2 2 2
left_child=2 -2 3 11 -5 12 7 8 9 -3 -11 -1 -6 -8
right_child=1 6 -4 4 5 -7 13 -9 -10 10 -12 -13 -14 -15
leaf_value=0.0067895225737403479 -0.0069227042307457064 -0.0046785656881885998 -0.0014252707518595028 0.0068693230527230795 0.013581602090257154 0.0022440668364177331 0.0011091433715457279 -0.0085701373910931546 -0.001608706270248632 0.00010532012821018455 0.005554572959995732 0.0017252117266017093 0.013314976442948927 -0.0043861369390763121
leaf_weight=42 2336 30 148 473 18 31 824 642 322 10.000000000000002 9.9999999999999982 378 13.999999999999998 302
leaf_count=42 2336 30 148 473 18 31 824 642 322 10 10 378 14 302
internal_value=-0.00120072 -0.00241687 0.00372407 0.00457113 0.00656716 0.0148413 -0.00109557 -0.00233728 -2.68829e-05 0.007 0.02 0.00202381 0.02625 1.77608e-05
internal_weight=5580 4476 1104 956 536 63 2140 1014 372 50 20 420 32 1126
internal_count=5580 4476 1104 956 536 63 2140 1014 372 50 20 420 32 1126
cat_boundaries=0 1 2
cat_threshold=64 2452
is_linear=0
shrinkage=0.05


Tree=29
num_leaves=15
num_cat=5
split_feature=21 22 0 5 0 22 0 6 0 22 5 0 23 6
split_gain=11.7168 3.19447 2.94745 2.65863 5.24855 2.34628 1.6003 2.19046 1.4915 2.28553 1.45224 1.16407 1.11317 1.09842
threshold=0 1 40.500000000000007 14.500000000000002 45.500000000000007 2 39.500000000000007 0.78759398496240618 102.50000000000001 3 17.500000000000004 49.500000000000007 4 0.24264705882352944
decision_type=9 1 2 2 2 1 2 2 2 1 2 2 1 2
left_child=1 3 6 12 -5 -4 13 -8 9 -3 -6 -11 -1 -2
right_child=2 8 5 4 10 -7 7 -9 -10 11 -12 -13 -14 -15
leaf_value=0.0039538372375872597 0.0058063294946639208 0.0033294121191664717 -0.000556708944987866 0.01247262720759368 0.0085766339997209728 -0.0082847938077696952 -0.007160063034822077 0.0015071216770848892 -0.0030267668745794715 0.0035707347836233874 -0.0021176332884046373 -0.0039822852550636043 -0.0013061954112584962 -0.00097023290507891602
leaf_weight=244 32 843 585 10.999999999999998 82 2673 20 17 221 98 27 404 63 301
leaf_count=244 32 843 585 11 82 2673 20 17 221 98 27 404 63 301
internal_value=-0.00118395 0.00189439 -0.00287366 0.00570602 0.0120833 -0.00335789 0.00135135 0.0112162 0.000840228 0.0014684 0.00876147 -0.00120316 0.00330619 0.000255254
internal_weight=5621 1993 3628 427 120 3258 370 37 1566 1345 109 502 307 333
internal_count=5621 1993 3628 427 120 3258 370 37 1566 1345 109 502 307 333
cat_boundaries=0 1 2 3 4 5
cat_threshold=66 32 36 5 8
is_linear=0
shrinkage=0.05


Tree=30
num_leaves=15
num_cat=5
split_feature=21 22 0 13 22 0 4 21 21 0 0 2 17 0
split_gain=12.1764 4.60431 2.73354 2.3841 2.70619 2.91476 2.25332 1.35957 1.34211 1.85147 3.8291 1.69532 1.15789 1.02701
threshold=0 1 40.500000000000007 2.5000000000000004 2 102.50000000000001 4.5000000000000009 3 4 40.500000000000007 39.500000000000007 2.5000000000000004 1.0000000180025095e-35 40.500000000000007
decision_type=9 1 2 2 1 2 2 9 9 2 2 2 2 2
left_child=3 8 7 -1 5 6 -5 12 -2 10 -10 -11 -3 -8
right_child=1 2 -4 4 -6 -7 13 -9 9 11 -12 -13 -14 -15
leaf_value=0.0014238164333333705 -0.0022838949351522797 0.0035585518420693943 -0.0063054849196833409 0.007370070652597681 0.00055691228376102857 1.9380504166832452e-05 0.0090232234761728845 -0.00027981180605896673 -0.0017669866717103522 0.0014504586573705607 2.4698037945469764e-05 0.0021012885521574402 -0.0098424134275573155 0.010915073208197677
leaf_weight=505 325 38 3343 183 193 94 17 311 13 427 10 18 10.999999999999998 116
leaf_count=505 325 38 3343 183 193 94 17 311 13 427 10 18 11 116
internal_value=-0.00112777 -0.00228394 -0.00302454 0.00355795 0.00569652 0.00795181 0.0103481 0.00111111 0.00117168 0.00287526 0.0167391 0.00219101 0.00842592 0.0153008
internal_weight=5604 4496 3703 1108 603 410 316 360 793 468 23 445 49 133
internal_count=5604 4496 3703 1108 603 410 316 360 793 468 23 445 49 133
cat_boundaries=0 1 2 3 4 5
cat_threshold=64 36 33 2 2444
is_linear=0
shrinkage=0.05


Tree=31
num_leaves=15
num_cat=4
split_feature=21 22 5 0 0 22 9 9 0 23 9 9 6 0
split_gain=12.353 2.91647 3.38807 3.63702 2.90558 2.50341 1.62224 4.61738 1.27715 1.2659 1.23504 2.3141 1.07281 1.60363
threshold=0 1 14.500000000000002 53.500000000000007 109.50000000000001 2 20.125000000000004 19.775000000000002 40.500000000000007 3 36.875000000000007 39.833333333333336 0.21825396825396828 30.500000000000004
decision_type=9 1 2 2 2 1 2 2 2 1 2 2 2 2
left_child=1 -1 4 -4 9 6 7 -2 12 -3 -5 -12 13 -7
right_child=5 2 3 10 -6 8 -8 -9 -10 -11 11 -13 -14 -15
leaf_value=-0.0013351739253448826 -0.0068650549996922827 0.0044222037405455342 0.01216603730453584 0.0054423686079039255 -0.0014404440743944833 0.0058170823432656203 -0.00099838477245956523 0.0019724620455422153 -0.0069727131711364802 0.0018087139812855459 0.0042460294474527599 0.0014364888953661491 -0.00095276489861752765 -0.00094891921909401843
leaf_weight=546 37 641 24 78 204 10.000000000000002 566 26 2736 490 11.999999999999998 27 284 19
leaf_count=546 37 641 24 78 204 10 566 26 2736 490 12 27 284 19
internal_value=-0.00107018 0.00206709 0.0032208 0.0106028 0.00245318 -0.00279392 8.67496e-05 0.00769841 -0.00338736 0.00344385 0.00696581 0.0142308 -0.000367413 0.0087931
internal_weight=5700 2022 1476 141 1335 3678 629 63 3049 1131 117 39 313 29
internal_count=5700 2022 1476 141 1335 3678 629 63 3049 1131 117 39 313 29
cat_boundaries=0 1 2 3 4
cat_threshold=66 2 36 8
is_linear=0
shrinkage=0.05


Tree=32
num_leaves=15
num_cat=2
split_feature=21 0 5 21 2 9 9 13 0 0 4 9 5 9
split_gain=9.09346 2.327 3.28511 1.52648 2.1775 1.8 1.4509 1.24228 1.15987 1.03445 0.905495 1.04815 1.15937 0.875237
threshold=0 53.500000000000007 14.500000000000002 1 2.5000000000000004 36.583333333333336 24.875000000000004 2.5000000000000004 122.50000000000001 36.500000000000007 7.5000000000000009 21.416666666666668 9.5000000000000018 15.833333333333334
decision_type=9 2 2 9 2 2 2 2 2 2 2 2 2 2
left_child=1 2 -1 8 -5 -6 -4 9 10 -2 11 -3 -13 -9
right_child=7 3 6 4 5 -7 -8 13 -10 -11 -12 12 -14 -15
leaf_value=0.0037063925684117194 0.00040905664791053955 0.0057998944526932612 0.0056443548155431112 -0.0025349901481231275 -0.00079101391340309635 0.0015135112481400278 0.010001702269915541 0.0037236435885711679 -0.001302538003511138 -0.0086034437517467002 -0.00011475872385194304 0.0021758409958775116 0.0052227478225694256 -0.0021207163357441629
leaf_weight=414 149 24 14.000000000000002 675 10.000000000000002 9.9999999999999982 14.999999999999998 11.999999999999998 81 1874 188 392 153 1622
leaf_count=414 149 24 14 675 10 10 15 12 81 1874 188 392 153 1622
internal_value=-0.0013341 0.00139828 0.00459368 0.000479451 -0.00125 0.015 0.0208621 -0.00280858 0.00190984 -0.00364063 0.00252972 0.00352372 0.00307339 -0.00178703
internal_weight=5633 1976 443 1533 695 20 29 3657 838 2023 757 569 545 1634
internal_count=5633 1976 443 1533 695 20 29 3657 838 2023 757 569 545 1634
cat_boundaries=0 1 2
cat_threshold=66 64
is_linear=0
shrinkage=0.05


Tree=33
num_leaves=15
num_cat=4
split_feature=21 0 0 6 23 21 0 6 4 6 23 6 0 6
split_gain=9.12634 2.04135 1.84283 1.4713 1.36582 1.39244 1.33459 2.0086 1.15442 1.07207 1.01674 0.965491 0.933182 1.4359
threshold=0 40.500000000000007 53.500000000000007 0.91287878787878796 1 2 39.500000000000007 0.78759398496240618 11.500000000000002 0.88562091503267981 3 0.89181286549707617 123.50000000000001 0.78019323671497598
decision_type=9 2 2 2 1 9 2 2 2 2 1 2 2 2
left_child=2 6 8 10 -3 -6 -2 -8 -1 12 -4 -12 -7 -14
right_child=1 4 3 -5 5 9 7 -9 -10 -11 11 -13 13 -15
leaf_value=0.0042690015540645856 -0.00021204861444938311 -0.010350957247896583 -0.0030211469509997899 -0.0038927634222636412 -0.0051922360475453056 -0.00030586719982732551 -0.00051189157115154001 0.0030390294307065333 0.0098925577644726793 -0.0058074303312051802 0.0024061305569215898 0.0052619585780257971 0.004112165526088579 -0.0095720639532031922
leaf_weight=436 325 1027 256 353 1451 560 19 12.999999999999998 22 210 924 19 25 13.999999999999998
leaf_count=436 325 1027 256 353 1451 560 19 13 22 210 924 19 25 14
internal_value=-0.00121507 -0.00270485 0.00148883 0.000670102 -0.00309857 -0.00241151 0.000882352 0.010625 0.00427947 -0.000730959 0.00150542 0.00226405 0.000342236 0.00782051
internal_weight=5654 3644 2010 1552 3287 2260 357 32 458 809 1199 943 599 39
internal_count=5654 3644 2010 1552 3287 2260 357 32 458 809 1199 943 599 39
cat_boundaries=0 1 2 3 4
cat_threshold=66 4 2452 4
is_linear=0
shrinkage=0.05


Tree=34
num_leaves=15
num_cat=8
split_feature=21 22 22 5 23 9 21 9 9 23 23 9 9 23
split_gain=9.37815 3.40765 3.35987 2.35147 1.47157 1.42662 1.5342 1.37579 3.5404 1.80369 1.1981 1.15672 0.995054 0.969719
threshold=0 1 2 14.500000000000002 3 35.708333333333336 4 20.125000000000004 19.775000000000002 5 6 41.100000000000009 15.833333333333334 7
decision_type=9 1 1 2 1 2 9 2 2 1 1 2 2 1
left_child=1 3 7 13 -3 6 10 8 -2 -10 -5 -7 -4 -1
right_child=2 4 12 5 -6 11 -8 -9 9 -11 -12 -13 -14 -15
leaf_value=0.0036939846558936454 -0.0062480632873077504 -0.0044054945180183689 0.0028318183501401988 0.0094548857541733988 0.001413586910716905 0.0075363529908350387 -0.0023041478646546442 0.00016204191913940454 0.00020306074982316959 0.0022505376294107088 -0.0022083366974920606 0.0039146615651744886 -0.0051883452287364131 -0.0009228316830105801
leaf_weight=241 28 409 19 34 1145 26 26 545 12 11 10.999999999999998 14.999999999999998 3007 65
leaf_count=241 28 409 19 34 1145 26 26 545 12 11 11 15 3007 65
internal_value=-0.00105828 0.00171472 -0.00256686 0.0056974 0.000628607 0.0119643 0.00767606 0.000865223 0.00872549 0.0232609 0.0125 0.0193902 -0.00324316 0.00349673
internal_weight=5594 1972 3622 418 1554 112 71 596 51 23 45 41 3026 306
internal_count=5594 1972 3622 418 1554 112 71 596 51 23 45 41 3026 306
cat_boundaries=0 1 2 3 4 5 6 7 8
cat_threshold=66 32 36 4 64 1 8 8
is_linear=0
shrinkage=0.05


Tree=35
num_leaves=15
num_cat=5
split_feature=21 22 5 1 13 22 5 4 23 13 6 22 5 5
split_gain=9.10069 5.08178 2.00949 2.79301 1.88929 1.79482 1.58625 1.73965 1.03164 0.96975 0.950128 0.793748 0.720919 4.64371
threshold=0 1 14.500000000000002 2.5000000000000004 2.5000000000000004 2 16.500000000000004 12.500000000000002 3 2.5000000000000004 0.77350427350427364 4 6.5000000000000009 5.5000000000000009
decision_type=9 1 2 2 2 1 2 2 1 2 2 1 2 2
left_child=2 6 9 4 -4 10 8 -8 -2 -1 -3 -11 13 -10
right_child=1 5 3 -5 -6 -7 7 -9 12 11 -12 -13 -14 -15
leaf_value=0.00093432108239458508 -0.01039850732849449 -0.00049253054056078432 0.0066586089070889021 0.00065940352038008432 0.011048106188506011 -0.006637509268374967 0.0086653020463069112 0.0060895920516369391 0.00042047284434837271 0.0050304204860995008 -0.0044958800897972537 0.00105761387279522 0.00075223240226806177 0.0032832141638266124
leaf_weight=468 105 997 20 64 36 2039 22 18 148 347 679 176 503 38
leaf_count=468 105 997 20 64 36 2039 22 18 148 347 679 176 503 38
internal_value=-0.00100707 -0.00199715 0.00304211 0.00916667 0.0173214 -0.00278898 0.00152562 0.01125 0.00104534 0.00231584 -0.00156455 0.00379541 0.00174891 0.0044086
internal_weight=5660 4549 1111 120 56 3715 834 40 794 991 1676 523 689 186
internal_count=5660 4549 1111 120 56 3715 834 40 794 991 1676 523 689 186
cat_boundaries=0 1 2 3 4 5
cat_threshold=64 36 1 4 33
is_linear=0
shrinkage=0.05


Tree=36
num_leaves=15
num_cat=6
split_feature=21 0 0 23 0 23 2 21 6 0 23 21 9 0
split_gain=9.04718 3.30069 2.49964 1.88882 1.77449 1.7578 1.44533 1.10962 1.77562 1.60208 2.95518 0.986526 1.85162 0.856719
threshold=0 54.500000000000007 40.500000000000007 1 123.50000000000001 2 2.5000000000000004 3 0.21825396825396828 39.500000000000007 4 5 39.583333333333336 30.500000000000004
decision_type=9 2 2 1 2 1 2 9 2 2 1 9 2 2
left_child=1 -1 7 4 6 -4 11 -2 13 -10 -11 -3 -13 -9
right_child=2 3 5 -5 -6 -7 -8 8 9 10 -12 12 -14 -15
leaf_value=0.0050699044990920369 -0.0040379513594487474 0.0035520316550196047 -0.002318763288921691 -0.0013573846245043123 -0.0026440502733472062 -0.0074599218432040539 0.0017192022780636099 0.0067548682148776381 0.00069856857087160292 0.00089219176161684237 -0.0062984018804009669 1.0816274195329197e-05 0.0049885968993621955 0.0067667060184823449
leaf_weight=480 108 387 1467 681 103 1815 14.999999999999998 11.000000000000002 188 10 13 339 11.999999999999998 11.999999999999998
leaf_count=480 108 387 1467 681 103 1815 15 11 188 10 13 339 12 12
internal_value=-0.000993619 0.00168892 -0.00248553 0.000562783 0.00212617 -0.00291286 0.00296813 0.00157895 0.0034728 0.002109 0.0145652 0.00265583 0.000688201 0.0167391
internal_weight=5641 2017 3624 1537 856 3282 753 342 234 211 23 738 351 23
internal_count=5641 2017 3624 1537 856 3282 753 342 234 211 23 738 351 23
cat_boundaries=0 1 2 3 4 5 6
cat_threshold=66 8 8 292 1 64
is_linear=0
shrinkage=0.05


Tree=37
num_leaves=15
num_cat=2
split_feature=22 5 0 0 4 13 9 4 5 5 23 13 9 7
split_gain=7.95575 3.83892 6.50305 2.22736 1.11765 1.275 1.09082 1.06164 1.02959 0.996377 0.905341 0.873813 0.835457 0.682828
threshold=0 14.500000000000002 52.500000000000007 46.500000000000007 5.5000000000000009 2.5000000000000004 24.875000000000004 7.5000000000000009 15.500000000000002 16.500000000000004 1 2.5000000000000004 15.833333333333334 1.5000000000000002
decision_type=1 2 2 2 2 2 2 2 2 2 1 2 2 2
left_child=1 11 6 12 -4 -6 -3 10 -7 -8 -5 -1 -2 -10
right_child=3 2 4 7 5 8 9 -9 13 -11 -12 -13 -14 -15
leaf_value=-1.5862583940151609e-05 0.0020637103377750712 0.006940316787035633 -0.00055859685339156202 -0.0066320932236103277 0.00023483032329473441 0.0053113242073299614 0.01000975412646535 -0.007517860260163732 0.0053193863742954789 0.0081642143577348343 -0.0023727038337646562 0.0017079912091799957 2.36355286882357e-05 -0.0088079930870305859
leaf_weight=328 19 13.999999999999998 62 965 51 30 12.000000000000002 718 45 10.999999999999998 2054 607 669 9.9999999999999982
leaf_count=328 19 14 62 965 51 30 12 718 45 11 2054 607 669 10
internal_value=-0.00119303 0.00246808 0.00819149 -0.0021614 0.00459596 0.00713235 0.0274324 -0.00264517 0.0108824 0.0341304 -0.00223418 0.00104278 0.00045058 0.00681818
internal_weight=5595 1170 235 4425 198 136 37 3737 85 23 3019 935 688 55
internal_count=5595 1170 235 4425 198 136 37 3737 85 23 3019 935 688 55
cat_boundaries=0 1 2
cat_threshold=36 4
is_linear=0
shrinkage=0.05


Tree=38
num_leaves=15
num_cat=4
split_feature=21 22 22 0 21 0 6 0 5 5 5 6 9 5
split_gain=7.85034 2.58679 2.2133 2.08164 1.64072 1.43757 1.97679 1.24951 1.41453 1.23429 1.15889 1.83154 1.12267 1.01657
threshold=0 1 2 102.50000000000001 3 31.500000000000004 0.24264705882352944 72.500000000000014 9.5000000000000018 11.500000000000002 14.500000000000002 0.32291666666666669 19.775000000000002 14.500000000000002
decision_type=9 1 1 2 9 2 2 2 2 2 2 2 2 2
left_child=1 7 -2 4 10 6 -4 8 -1 -10 12 -12 -3 -5
right_child=2 3 5 13 -6 -7 -8 -9 9 -11 11 -13 -14 -15
leaf_value=-0.0023874680238122163 0.00030228858674059784 0.0083574750518649234 0.0064159430276993978 -0.0015318424890335179 0.0011080142016018887 -0.0050151297443692434 0.00019320272633095543 -0.0053280113302618844 0.0029038681758213301 -0.0025801388236985964 0.0024132728982395866 0.0101254785697423 0.0041929631558640162 0.00073688876545989891
leaf_weight=125 619 25 10.999999999999998 266 515 2897 134 282 70 50 25 41 519 46
leaf_count=125 619 25 11 266 515 2897 134 282 70 50 25 41 519 46
internal_value=-0.00103556 0.00151346 -0.0024018 0.00261096 0.00362222 -0.00295701 0.00189655 -0.00147557 0.00112245 0.005 0.00536585 0.0116667 0.00465073 -0.000993591
internal_weight=5625 1964 3661 1437 1125 3042 145 527 245 120 610 66 544 312
internal_count=5625 1964 3661 1437 1125 3042 145 527 245 120 610 66 544 312
cat_boundaries=0 1 2 3 4
cat_threshold=66 2 36 64
is_linear=0
shrinkage=0.05


Tree=39
num_leaves=15
num_cat=3
split_feature=21 22 22 5 0 13 5 0 6 0 6 0 0 13
split_gain=7.0906 2.6041 1.77143 1.43904 2.44464 1.14507 1.09365 1.487 1.17072 1.3984 1.01888 0.998439 1.03691 0.987805
threshold=0 1 2 14.500000000000002 54.500000000000007 2.5000000000000004 7.5000000000000009 102.50000000000001 0.70294117647058829 71.500000000000014 0.48529411764705888 43.500000000000007 108.50000000000001 2.5000000000000004
decision_type=9 1 1 2 2 2 2 2 2 2 2 2 2 2
left_child=1 3 -2 5 -5 -1 7 8 9 -3 13 -7 -13 -11
right_child=2 6 -4 4 -6 11 -8 -9 -10 10 -12 12 -14 -15
leaf_value=-0.00058555693877491847 -0.0062190592381535428 0.0015715044540431185 -0.0011260514964549764 0.008408808442131677 0.0045134915793244076 -0.0064272345920026747 -0.00241223048799565 -0.0022874485831235374 0.00018600556734584678 -0.0039532110057562816 0.010468032380100689 0.0041993130521297576 -0.0010067312755999145 0.0091167800126467271
leaf_weight=138 1811 199 1815 28 112 25 558 159 347 41 69 208 50 41
leaf_count=138 1811 199 1815 28 112 25 558 159 347 41 69 208 50 41
internal_value=-0.00113462 0.00127525 -0.00244561 0.00414311 0.00857143 0.00271971 0.000126849 0.00125 0.00224534 0.00428571 0.00791391 0.00454063 0.00546512 0.00414634
internal_weight=5601 1975 3626 561 140 421 1414 856 697 350 151 283 258 82
internal_count=5601 1975 3626 561 140 421 1414 856 697 350 151 283 258 82
cat_boundaries=0 1 2 3
cat_threshold=66 36 2
is_linear=0
shrinkage=0.05


Tree=40
num_leaves=15
num_cat=3
split_feature=22 5 0 23 5 6 4 6 22 4 13 4 6 0
split_gain=5.7858 3.23249 4.8185 2.26033 1.54822 1.45417 1.44906 1.43448 2.14937 2.74887 1.38846 1.37619 1.94534 1.28724
threshold=0 14.500000000000002 52.500000000000007 1 15.500000000000002 0.91287878787878796 7.5000000000000009 0.82843137254901966 2 7.5000000000000009 2.5000000000000004 4.5000000000000009 0.62019230769230782 140.50000000000003
decision_type=1 2 2 1 2 2 2 2 1 2 2 2 2 2
left_child=-1 3 11 -2 6 7 -4 -5 9 -9 -8 -3 -13 -6
right_child=1 2 4 5 13 -7 10 8 -10 -11 -12 12 -14 -15
leaf_value=-0.0045199671324654689 -0.0041246674792668721 0.0035627377104412387 -0.0034101450970379049 0.00098038577663404555 -0.00015607052788739752 -0.0013483019367439991 -0.005870371426547014 0.012156240204368274 0.0015492605308313405 0.011635370489251701 0.0075091536540159431 0.0085574870655613557 0.0073580230460795308 0.0043233538494176693
leaf_weight=2368 760 9.9999999999999982 22 1560 145 585 9.9999999999999982 13.000000000000002 90 17 26 12.999999999999998 19 11.999999999999998
leaf_count=2368 760 10 22 1560 145 585 10 13 90 17 26 13 19 12
internal_value=-0.00104425 0.000316397 0.00570039 -0.000140497 0.00267442 0.000651213 0.00965517 0.00139881 0.00666667 0.0171429 0.0158333 0.0211905 0.02625 9.55402e-05
internal_weight=5650 3282 257 3025 215 2265 58 1680 120 30 36 42 32 157
internal_count=5650 3282 257 3025 215 2265 58 1680 120 30 36 42 32 157
cat_boundaries=0 1 2 3
cat_threshold=2 4 4
is_linear=0
shrinkage=0.05


Tree=41
num_leaves=15
num_cat=2
split_feature=22 5 0 13 0 9 0 5 4 9 22 5 5 9
split_gain=5.2457 2.74691 3.93 1.76674 1.15889 1.09426 0.966004 0.819603 0.865523 0.769668 0.641027 1.14991 1.28764 1.24199
threshold=0 14.500000000000002 52.500000000000007 2.5000000000000004 117.50000000000001 24.875000000000004 40.500000000000007 15.500000000000002 7.5000000000000009 15.833333333333334 1 11.500000000000002 5.5000000000000009 20.125000000000004
decision_type=1 2 2 2 2 2 2 2 2 2 1 2 2 2
left_child=-1 3 5 6 9 -3 -2 8 -4 -5 11 12 -11 -14
right_child=1 2 7 4 -6 -7 -8 -9 -10 10 -12 -13 13 -15
leaf_value=-0.004441468277391834 0.0011302686721214456 0.0064362311507842607 -0.0028651504628337573 0.0057507369620148022 -0.0030376363312289247 0.007201260711369676 -0.0027114901619175193 0.0029132377845148684 0.0041694036057248621 -0.0015462890773274233 0.00046423220942781837 -0.00069810073023969478 0.0019956489796073471 0.0032561962656316151
leaf_weight=2355 201 12.999999999999998 20 18 159 19 1257 165 33 86 926 150 12.999999999999998 183
leaf_count=2355 201 13 20 18 159 19 1257 165 33 86 926 150 13 183
internal_value=-0.00114148 0.000164716 0.0052 -0.000255598 0.000928338 0.0215625 -0.00150206 0.00279816 0.00820755 0.00139535 0.0012592 0.00283753 0.00475177 0.00698979
internal_weight=5598 3243 250 2993 1535 32 1458 218 53 1376 1358 432 282 196
internal_count=5598 3243 250 2993 1535 32 1458 218 53 1376 1358 432 282 196
cat_boundaries=0 1 2
cat_threshold=2 32
is_linear=0
shrinkage=0.05


Tree=42
num_leaves=15
num_cat=5
split_feature=21 22 0 21 0 13 5 21 22 4 9 0 5 6
split_gain=5.98264 1.76296 1.35207 1.46267 0.970511 0.970109 0.897196 1.0659 0.792155 1.13901 1.03331 1.10671 2.1188 0.765119
threshold=0 1 102.50000000000001 2 40.500000000000007 2.5000000000000004 14.500000000000002 3 4 5.5000000000000009 24.875000000000004 80.500000000000014 15.500000000000002 0.9772727272727274
decision_type=9 1 2 9 2 2 2 9 1 2 2 2 2 2
left_child=2 -2 3 8 -3 -6 -7 -8 9 -1 -11 12 -12 -10
right_child=1 4 -4 -5 5 6 7 -9 13 10 11 -13 -14 -15
leaf_value=0.0039046845370900342 -0.0058110429154510264 0.00083273672657831134 -0.00082303815166645099 2.7571975826078285e-05 -0.0050931355214587221 -0.0011307683979100802 0.0054780093845524444 -0.020255754963125629 0.00041261372974357925 -0.0022527341733298957 0.011342491472269615 0.00089203731197967846 0.0093276922422999269 0.0073277032566364314
leaf_weight=406 1633 220 391 1040 698 638 22 14.999999999999998 323 23 38 33 14.999999999999998 45
leaf_count=406 1633 220 391 1040 698 638 22 15 323 23 38 33 15 45
internal_value=-0.00106498 -0.00245435 0.000875376 0.00142226 -0.00126095 -0.00175892 -0.000407409 0.00716216 0.00291103 0.00418269 0.00876147 0.0112791 0.0157547 0.00109919
internal_weight=5540 3226 2314 1923 1593 1373 675 37 883 515 109 86 53 368
internal_count=5540 3226 2314 1923 1593 1373 675 37 883 515 109 86 53 368
cat_boundaries=0 1 2 3 4 5
cat_threshold=98 2 64 264 33
is_linear=0
shrinkage=0.05


Tree=43
num_leaves=15
num_cat=2
split_feature=22 5 0 5 23 9 0 9 4 4 1 0 4 0
split_gain=4.80747 2.53255 5.10417 1.61778 1.24913 1.24074 0.956483 1.13636 0.885443 1.70455 0.851451 0.850192 0.761594 0.713976
threshold=0 14.500000000000002 44.500000000000007 15.500000000000002 1 15.833333333333334 53.500000000000007 24.875000000000004 7.5000000000000009 8.5000000000000018 3.5000000000000004 140.50000000000003 3.5000000000000004 79.500000000000014
decision_type=1 2 2 2 1 2 2 2 2 2 2 2 2 2
left_child=-1 4 -3 8 12 -6 7 -5 -4 -10 13 -8 -2 -7
right_child=1 2 3 6 5 10 11 -9 9 -11 -12 -13 -14 -15
leaf_value=-0.0041670298083592129 -0.0015455425736609543 0.0068119757758483062 -0.00054197912477323563 -0.0015708090355868642 0.0047848078661647678 3.1273826994228398e-05 -0.00025277698313539435 0.0065508196711699107 0.0066381256746576058 0.0039050502446424129 -0.0017098927328778259 0.005136666491600086 -0.0051130794080828344 0.0032176974351645622
leaf_weight=2363 445 9.9999999999999982 17 11.000000000000002 24 1312 146 10.999999999999998 10.999999999999998 33 398 10.999999999999998 330 524
leaf_count=2363 445 10 17 11 24 1312 146 11 11 33 398 11 330 524
internal_value=-0.00107687 0.000162712 0.005 0.00354167 -0.000235741 0.000358723 0.00114525 0.0109091 0.0105738 0.0143182 0.000237241 -0.000222931 -0.00196774 0.00069172
internal_weight=5646 3283 250 240 3033 2258 179 22 61 44 2234 157 775 1836
internal_count=5646 3283 250 240 3033 2258 179 22 61 44 2234 157 775 1836
cat_boundaries=0 1 2
cat_threshold=2 4
is_linear=0
shrinkage=0.05


Tree=44
num_leaves=15
num_cat=2
split_feature=21 13 0 21 0 5 9 6 0 0 6 0 9 6
split_gain=7.42613 2.29874 1.64389 1.55109 1.01078 1.04875 2.05454 0.923808 1.13769 0.905497 1.26461 1.23374 0.861953 0.795278
threshold=0 2.5000000000000004 102.50000000000001 1 57.500000000000007 14.500000000000002 39.583333333333336 0.77350427350427364 50.500000000000007 42.500000000000007 0.21825396825396828 30.500000000000004 34.833333333333336 0.43303571428571436
decision_type=9 2 2 9 2 2 2 2 2 2 2 2 2 2
left_child=2 9 -1 -3 7 -6 13 8 -5 10 11 -2 -13 -7
right_child=1 3 -4 4 5 6 -8 -9 -10 -11 -12 12 -14 -15
leaf_value=0.0037915757427080424 0.0065998270473952292 -0.0015894827897115606 -0.00078165042380279315 0.0019913854391816325 -0.00034646526263930615 -0.0045685693520778883 0.0039926116682949533 4.2358906062708785e-05 0.0068506792308899184 -0.0053797602234988088 -0.00068140728076047105 -0.0066293946694089279 0.0096838708737873175 0.0053755596061391998
leaf_weight=911 10.999999999999998 1210 198 101 616 27 11.999999999999998 99 30 2118 252 16.000000000000004 10.999999999999998 52
leaf_count=911 11 1210 198 101 616 27 12 99 30 2118 252 16 11 52
internal_value=-0.00100989 -0.00190241 0.0026526 -0.000714952 0.000812101 -0.000120228 0.00489011 0.00369565 0.00645038 -0.00296512 -0.000344829 0.00815789 0.00240741 0.00196202
internal_weight=5664 4555 1109 2147 937 707 91 230 131 2408 290 38 27 79
internal_count=5664 4555 1109 2147 937 707 91 230 131 2408 290 38 27 79
cat_boundaries=0 1 2
cat_threshold=64 2437
is_linear=0
shrinkage=0.05


Tree=45
num_leaves=15
num_cat=4
split_feature=21 22 22 6 5 9 13 5 21 9 9 5 13 5
split_gain=6.51031 1.83505 1.73872 1.06162 1.04764 1.49688 0.852509 0.968313 0.908972 1.8 0.838456 0.784903 1.05954 1.02397
threshold=0 1 2 0.68990384615384626 7.5000000000000009 37.166666666666679 2.5000000000000004 14.500000000000002 3 32.875000000000007 21.416666666666668 9.5000000000000018 1.0000000180025095e-35 11.500000000000002
decision_type=9 1 1 2 2 2 2 2 9 2 2 2 2 2
left_child=2 -2 -1 4 5 10 -3 -8 -9 -10 -4 -6 -13 -14
right_child=1 6 3 -5 11 -7 7 8 9 -11 -12 12 13 -15
leaf_value=0.0026748702791901647 -0.0049856813672034383 -0.0029822366609739423 -0.0010369633976791289 -0.00058809060500858077 -0.0022555339087196023 -0.0041130350416152808 -0.00017391915060134268 -0.0027675303298086763 0.00061420082773023903 0.0057430966359548336 0.0039980798898147174 0.0060079251570475754 0.0033408829416890586 -0.0023180237536926242
leaf_weight=406 1832 967 51 729 187 64 815 27 18.000000000000004 11.999999999999998 309 64 59 104
leaf_count=406 1832 967 51 729 187 64 815 27 18 12 309 64 59 104
internal_value=-0.000907159 -0.00215044 0.00140799 0.000645673 0.00186157 0.00360849 -0.00102766 0.00010321 0.00640351 0.0114286 0.00486111 7.24626e-05 0.00204846 -9.20257e-05
internal_weight=5644 3671 1973 1567 838 424 1839 872 57 30 360 414 227 163
internal_count=5644 3671 1973 1567 838 424 1839 872 57 30 360 414 227 163
cat_boundaries=0 1 2 3 4
cat_threshold=66 2 32 33
is_linear=0
shrinkage=0.05


Tree=46
num_leaves=15
num_cat=4
split_feature=21 22 0 22 17 0 6 6 23 0 6 13 6 0
split_gain=6.25962 2.15134 1.63447 1.32633 1.2236 1.15536 1.33712 1.15629 1.02202 0.952914 0.863284 0.81923 0.76797 1.01055
threshold=0 1 102.50000000000001 2 1.0000000180025095e-35 40.500000000000007 0.9772727272727274 0.21825396825396828 3 30.500000000000004 0.9772727272727274 2.5000000000000004 0.2817460317460318 117.50000000000001
decision_type=9 1 2 1 2 2 2 2 1 2 2 2 2 2
left_child=2 9 3 4 -1 7 8 -3 -7 -2 -9 -6 -10 -14
right_child=1 5 -4 -5 11 6 -8 10 12 -11 -12 -13 13 -15
leaf_value=-0.0042853585077264177 0.004506884800960116 0.0077764904862827437 -0.0009864905754534655 0.0028845746487935558 0.0037198257493192494 -0.0038902587448342574 -0.0048570243437939696 -7.6578708899674203e-05 -0.001501312692695933 -0.0042810132576540294 0.001725717274241927 0.0057099877724341476 0.00054134979902819885 0.0017375677697708031
leaf_weight=18 19 18 197 729 31 429 540 215 293 2018 60 129 794 103
leaf_count=18 19 18 197 729 31 429 540 215 293 2018 60 129 794 103
internal_value=-0.000950296 -0.00177904 0.00241659 0.00332414 0.00715847 -0.000777372 -0.00117879 0.00216723 -0.000460162 -0.00297992 0.00136364 0.00875 0.000294116 0.00102007
internal_weight=5593 4489 1104 907 178 2452 2159 293 1619 2037 275 160 1190 897
internal_count=5593 4489 1104 907 178 2452 2159 293 1619 2037 275 160 1190 897
cat_boundaries=0 1 2 3 4
cat_threshold=64 2 32 4
is_linear=0
shrinkage=0.05


Tree=47
num_leaves=15
num_cat=1
split_feature=23 6 9 0 0 5 6 4 0 0 6 9 9 0
split_gain=3.24012 1.56878 1.001 0.908906 1.58287 1.72908 1.21806 0.906385 0.813861 0.982393 1.38416 0.741171 0.727073 0.681267
threshold=0 0.87867647058823539 15.833333333333334 60.500000000000007 59.500000000000007 16.500000000000004 0.24264705882352944 1.5000000000000002 53.500000000000007 51.500000000000007 0.35504201680672276 35.875000000000007 34.833333333333336 40.500000000000007
decision_type=1 2 2 2 2 2 2 2 2 2 2 2 2 2
left_child=8 2 -2 4 5 11 -5 -6 9 -1 -11 12 -4 -3
right_child=1 13 3 6 7 -7 -8 -9 -10 10 -12 -13 -14 -15
leaf_value=-0.0025121606073771926 0.0047467661440601999 0.00053461810831929391 0.00095192872582673237 -0.0039905912368102701 0.0016042469799502079 0.0055479654338132312 0.0005709807260623962 0.0023233851997563611 -0.0056048633116142291 0.0037843572106838019 -0.0030821862813634748 -0.0026400141403361511 0.0095604212435376548 -0.0028615962721160394
leaf_weight=311 17 76 624 482 13.999999999999998 19 1609 68 1217 11.000000000000002 13.999999999999998 194 9.9999999999999982 1005
leaf_count=311 17 76 624 482 14 19 1609 68 1217 11 14 194 10 1005
internal_value=-0.000767943 -3.39983e-05 0.000548237 0.000480131 0.00178148 0.00113931 -9.80404e-05 0.00841463 -0.0027141 -0.000535715 0.009 0.0007971 0.0016246 -0.00166975
internal_weight=5671 4118 3037 3020 929 847 2091 82 1553 336 25 828 634 1081
internal_count=5671 4118 3037 3020 929 847 2091 82 1553 336 25 828 634 1081
cat_boundaries=0 1
cat_threshold=4
is_linear=0
shrinkage=0.05


Tree=48
num_leaves=15
num_cat=4
split_feature=21 22 0 13 22 22 0 9 5 5 9 5 0 0
split_gain=5.58832 2.48067 1.60676 1.15998 1.14568 1.10469 1.03207 0.987574 0.971645 1.50337 1.78285 1.38719 1.81856 1.22958
threshold=0 1 122.50000000000001 2.5000000000000004 2 3 107.50000000000001 15.833333333333334 9.5000000000000018 11.500000000000002 25.291666666666668 14.500000000000002 53.500000000000007 96.500000000000014
decision_type=9 1 2 2 1 1 2 2 2 2 2 2 2 2
left_child=2 -2 5 -3 6 8 -5 -6 13 10 -10 -11 -13 -1
right_child=1 3 -4 4 7 -7 -8 -9 9 11 -12 12 -14 -15
leaf_value=-0.0044073502975876281 -0.0038830430393901106 -0.0017477153819768229 -0.0018828320401145682 0.0011996023473618332 0.0035266492252288592 0.0027067719028531891 0.0044415583369959736 -0.00035535399551145375 0.01380154083876013 -0.00045380342585619169 0.0096659895297502643 0.0066281089878089637 0.0024729961618415977 0.0029113580434583447
leaf_weight=49 2032 1231 82 355 9.9999999999999982 801 89 823 9.9999999999999982 59 29 22 34 17
leaf_count=49 2032 1231 82 355 10 801 89 823 10 59 29 22 34 17
internal_value=-0.000853271 -0.00162816 0.00233303 -0.000573021 0.000481596 0.00288443 0.0025167 -0.00061456 0.006 0.00831169 0.0167949 0.00543478 0.0110714 0.0010606
internal_weight=5643 4540 1103 2508 1277 1021 444 833 220 154 39 115 56 66
internal_count=5643 4540 1103 2508 1277 1021 444 833 220 154 39 115 56 66
cat_boundaries=0 1 2 3 4
cat_threshold=64 2 32 32
is_linear=0
shrinkage=0.05


Tree=49
num_leaves=15
num_cat=4
split_feature=21 22 0 5 0 9 6 13 21 0 5 0 21 6
split_gain=5.45763 1.88861 1.48517 1.88461 1.05306 0.984616 0.940272 1.17232 1.12628 1.01145 1.15433 0.88967 0.982562 1.69597
threshold=0 1 56.500000000000007 14.500000000000002 43.500000000000007 36.875000000000007 0.78019323671497598 2.5000000000000004 2 76.500000000000014 8.5000000000000018 38.500000000000007 3 0.24264705882352944
decision_type=9 1 2 2 2 2 2 2 9 2 2 2 9 2
left_child=2 6 3 4 5 -1 7 -2 9 10 -9 12 -3 -14
right_child=1 11 -4 -5 -6 -7 -8 8 -10 -11 -12 -13 13 -15
leaf_value=0.0059634504812790525 -0.0047070669686304564 -0.00050213928612539147 0.0012133553914618637 0.0058864150031857207 0.0061970396905946974 -0.002596031008698397 -0.0056568747932761454 -0.00264841241072218 -0.0020804475914242265 -0.0014108268757457411 0.0066530254385653229 -0.00078535596183835316 0.0086313791966591506 0.0016458417446024534
leaf_weight=73 802 120 779 26 152 58 654 20 486 32 32 2243 9.9999999999999982 117
leaf_count=73 802 120 779 26 152 58 654 20 486 32 32 2243 10 117
internal_value=-0.000922557 -0.00168768 0.00225068 0.00519417 0.0040106 0.00072519 -0.00282127 -0.00208455 -0.000350878 0.00483146 0.00942308 -0.000761524 0.00208502 0.00503788
internal_weight=5604 4516 1088 309 283 131 2026 1372 570 84 52 2490 247 127
internal_count=5604 4516 1088 309 283 131 2026 1372 570 84 52 2490 247 127
cat_boundaries=0 1 2 3 4
cat_threshold=64 2 40 305
is_linear=0
shrinkage=0.05


Tree=50
num_leaves=15
num_cat=4
split_feature=21 22 0 9 0 0 13 22 0 21 4 13 0 4
split_gain=4.96541 2.30122 1.50573 1.05214 1.34046 1.04161 1.22998 0.896801 1.10493 0.882886 0.828133 1.12503 1.12025 0.715551
threshold=0 1 56.500000000000007 24.550000000000004 53.500000000000007 40.500000000000007 2.5000000000000004 2 107.50000000000001 3 4.5000000000000009 2.5000000000000004 40.500000000000007 3.5000000000000004
decision_type=9 1 2 2 2 2 2 1 2 9 2 2 2 2
left_child=2 3 10 4 -2 9 -7 8 -8 -3 -1 -12 -13 -9
right_child=1 5 -4 -5 -6 6 7 13 -10 -11 11 12 -14 -15
leaf_value=0.002662629483285891 0.0022135766804073334 0.0026088612224055008 0.00068172833536018259 -0.005018316340509376 -0.0028438445437195974 -0.0036256040885735601 0.00077468103117617638 4.2966804605182321e-05 0.0049145047136719237 -1.3551641612715012e-06 0.0012888882994178234 1.2008246209086783e-05 0.0062947171052918256 -0.0029315468463545769
leaf_weight=245 116 105 1112 1341 398 962 320 378 71 181 66 25 77 285
leaf_count=245 116 105 1112 1341 398 962 320 378 71 181 66 25 77 285
internal_value=-0.000820135 -0.00171432 0.00161765 -0.00302419 -0.00110895 -0.000654531 -0.00105655 0.000123338 0.00200757 0.00216783 0.00420097 0.00690476 0.0101961 -0.00099551
internal_weight=5682 4157 1525 1855 514 2302 2016 1054 391 286 413 168 102 663
internal_count=5682 4157 1525 1855 514 2302 2016 1054 391 286 413 168 102 663
cat_boundaries=0 1 2 3 4
cat_threshold=96 2 32 2176
is_linear=0
shrinkage=0.05


Tree=51
num_leaves=15
num_cat=7
split_feature=21 23 1 22 22 6 0 9 22 1 6 21 21 7
split_gain=4.41281 1.6411 1.60903 1.49376 1.41773 1.07531 1.01583 0.963646 1.00042 0.912837 0.865218 0.78674 0.720587 0.978194
threshold=0 1 3.5000000000000004 2 3 0.78019323671497598 31.500000000000004 24.550000000000004 4 2.5000000000000004 0.36931818181818188 5 6 1.0000000180025095e-35
decision_type=9 1 2 1 1 2 2 2 1 2 2 9 9 2
left_child=2 -2 4 -3 9 11 -7 12 -9 10 -1 -5 13 -6
right_child=1 3 -4 5 7 6 -8 8 -10 -11 -12 -13 -14 -15
leaf_value=0.0010995977093215352 -0.0053429417536657413 0.0007535778439177322 -0.0010355537940489497 0.0010097397611242866 0.007111746028914504 0.0026981487659185855 -0.0038537190582398195 0.00222154015825483 -0.002007108916352484 0.0011456078845859198 0.0048836200012306857 -0.0015166844545863867 0.00073676693790928965 0.0027204942992454535
leaf_weight=57 1115 528 312 204 82 12.999999999999998 668 654 373 179 117 1126 132 63
leaf_count=57 1115 528 312 204 82 13 668 654 373 179 117 1126 132 63
internal_value=-0.000891874 -0.00191856 0.0010157 -0.00121899 0.0016385 -0.0018378 -0.00345815 0.000863253 0.000160661 0.00442737 0.00706896 -0.00101504 0.00348375 0.00583333
internal_weight=5623 3654 1969 2539 1657 2011 681 1304 1027 353 174 1330 277 145
internal_count=5623 3654 1969 2539 1657 2011 681 1304 1027 353 174 1330 277 145
cat_boundaries=0 1 2 3 4 5 6 7
cat_threshold=66 4 36 32 5 40 64
is_linear=0
shrinkage=0.05


Tree=52
num_leaves=15
num_cat=3
split_feature=21 1 13 22 7 6 5 9 22 4 13 5 6 4
split_gain=5.093 1.49427 1.369 1.29003 1.15348 1.12274 1.63636 1.1035 1.04089 0.986403 1.21944 1.7982 1.01701 1.5
threshold=0 3.5000000000000004 2.5000000000000004 1 1.0000000180025095e-35 0.18465909090909094 11.500000000000002 25.583333333333339 2 5.5000000000000009 2.5000000000000004 7.5000000000000009 0.54195804195804198 7.5000000000000009
decision_type=9 2 2 1 2 2 2 2 1 2 2 2 2 2
left_child=1 7 -2 5 -5 6 -4 -1 -9 -10 -11 -12 13 -13
right_child=2 -3 3 4 -6 -7 -8 8 9 10 11 12 -14 -15
leaf_value=0.0030002521907475117 -0.0039376090655450424 -0.0011777523629671828 0.0058247087872281842 0.00011665268710423505 -0.0027526222237757012 0.0009042729204223808 -0.0023154080001699592 -0.0012453649539727011 0.0017358866136872838 -0.00021646758226391067 0.0069166059466010087 0.0059437646806566021 0.003725358861906454 0.0062531604553922706
leaf_weight=546 1801 392 11.000000000000002 419 750 250 10.999999999999998 462 734 83 10.999999999999998 15.000000000000002 118 9.9999999999999982
leaf_count=546 1801 392 11 419 750 250 11 462 734 83 11 15 118 10
internal_value=-0.000626226 0.00113426 -0.00191254 -0.00076683 -0.00148637 0.00231047 0.0131818 0.0016953 0.000966503 0.00189037 0.00470464 0.00733766 0.00583916 0.015
internal_weight=5613 2371 3242 1441 1169 272 22 1979 1433 971 237 154 143 25
internal_count=5613 2371 3242 1441 1169 272 22 1979 1433 971 237 154 143 25
cat_boundaries=0 1 2 3
cat_threshold=98 32 2
is_linear=0
shrinkage=0.05


Tree=53
num_leaves=15
num_cat=4
split_feature=21 22 0 0 0 20 9 9 0 22 4 20 21 5
split_gain=3.70153 2.03528 1.24514 1.18312 0.961329 1.13094 1.3236 0.929286 1.04442 0.894261 0.876623 0.842413 0.865334 0.724844
threshold=0 1 123.50000000000001 30.500000000000004 40.500000000000007 1.0000000180025095e-35 49.250000000000007 25.583333333333339 63.500000000000007 2 2.5000000000000004 1.0000000180025095e-35 3 9.5000000000000018
decision_type=9 1 2 2 2 2 2 2 2 1 2 2 9 2
left_child=2 3 -1 10 -3 6 -6 8 11 -8 -2 12 -5 -14
right_child=1 4 -4 7 5 -7 9 -9 -10 -11 -12 -13 13 -15
leaf_value=0.0027118908621475862 0.0085097276048611333 0.00089966305165129531 -0.0016939410483226087 -0.0004315949993439728 -0.00024359653559762954 -0.0042029863978438895 -0.0011104496705142291 -0.0044952648265601282 -0.002795874585387353 0.0067868480809208697 -0.0047097328611425742 -0.002281258690863324 0.0017698319016870756 0.0067958606718859912
leaf_weight=1016 10.000000000000002 286 87 43 1614 574 18 1252 578 11.000000000000002 10.999999999999998 35 91 17
leaf_count=1016 10 286 87 43 1614 574 18 1252 578 11 11 35 91 17
internal_value=-0.000711502 -0.00134214 0.00188177 -0.00251469 -0.00038477 -0.000737484 -6.99951e-05 -0.00264385 -0.00126963 0.0105172 0.00928571 0.00198925 0.00360927 0.00584071
internal_weight=5643 4540 1103 2037 2503 2217 1643 2016 764 29 21 186 151 108
internal_count=5643 4540 1103 2037 2503 2217 1643 2016 764 29 21 186 151 108
cat_boundaries=0 1 2 3 4
cat_threshold=64 2 1 2057
is_linear=0
shrinkage=0.05


Tree=54
num_leaves=15
num_cat=5
split_feature=21 0 22 22 9 4 9 23 7 7 6 6 6 22
split_gain=4.25806 1.81919 1.53163 1.33305 1.04165 0.888803 1.23538 1.01463 1.14847 1.55648 1.0043 1.0372 0.83717 0.692411
threshold=0 95.500000000000014 1 2 21.100000000000005 5.5000000000000009 22.775000000000002 3 1.0000000180025095e-35 1.5000000000000002 0.62019230769230782 0.77350427350427364 0.68990384615384626 4
decision_type=9 2 1 1 2 2 2 1 2 2 2 2 2 1
left_child=1 2 12 -2 -5 -4 -7 -8 13 10 -10 -12 -1 -9
right_child=3 -3 5 4 -6 6 7 8 9 -11 11 -13 -14 -15
leaf_value=0.00054592010949438999 -0.00069474113522201644 -0.0012960844712402058 0.0020129733720829915 0.00030023538274041883 -0.0044079434649568509 -0.0063744670517808513 -0.0038215452908000381 0.011070824260115478 0.010418449086165765 -0.0052403956068546448 0.0011293834880974655 0.0073680540806985969 -0.0027667976638556802 -0.00039105478862846293
leaf_weight=404 1405 600 963 172 1486 45 26 33 25 14.999999999999998 33 62 304 46
leaf_count=404 1405 600 963 172 1486 45 26 33 25 15 33 62 304 46
internal_value=-0.000933441 0.000573993 0.0013139 -0.00218872 -0.00315093 0.00236233 0.00482456 0.00625 0.00738318 0.0101852 0.0120833 0.00973684 -0.000546986 0.00259494
internal_weight=5619 2556 1956 3063 1658 1248 285 240 214 135 120 95 708 79
internal_count=5619 2556 1956 3063 1658 1248 285 240 214 135 120 95 708 79
cat_boundaries=0 1 2 3 4 5
cat_threshold=106 2 33 4 4
is_linear=0
shrinkage=0.05


Tree=55
num_leaves=15
num_cat=4
split_feature=21 0 0 5 23 0 21 13 5 21 9 9 0 4
split_gain=3.9769 1.3872 1.27652 1.35552 1.0308 1.05211 0.774436 0.752893 0.8142 0.743646 0.960297 0.734376 0.688756 0.670637
threshold=0 41.500000000000007 53.500000000000007 16.500000000000004 1 127.50000000000001 2 2.5000000000000004 4.5000000000000009 3 27.366666666666671 24.875000000000004 81.500000000000014 6.5000000000000009
decision_type=9 2 2 2 1 2 9 2 2 9 2 2 2 2
left_child=2 6 3 -1 -4 12 -2 8 9 -3 11 -11 -6 -9
right_child=1 7 4 -5 5 -7 -8 13 -10 10 -12 -13 -14 -15
leaf_value=0.0016833208993520137 -0.0034520242826354755 -0.0041023341770605373 -0.0030704367750509784 0.0042089576740586953 6.5336491660019364e-05 -0.0013539426896461908 0.0015119778436200168 -0.0012412015630981301 -0.0046464247746019404 0.0030116695518724867 -0.0038993102237047475 0.013495941252904459 0.0017165991026373074 -0.0035188399322228902
leaf_weight=497 80 124 422 19 694 132 234 938 1377 37 52 20 621 382
leaf_count=497 80 124 422 19 694 132 234 938 1377 37 52 20 621 382
internal_value=-0.000807427 -0.00194522 0.000742677 0.00294574 0.000136435 0.000770559 0.00121019 -0.00228669 -0.00301242 -0.000278971 0.00267544 0.0072807 0.00119772 -0.00140152
internal_weight=5629 3244 2385 516 1869 1447 314 2930 1610 233 109 57 1315 1320
internal_count=5629 3244 2385 516 1869 1447 314 2930 1610 233 109 57 1315 1320
cat_boundaries=0 1 2 3 4
cat_threshold=98 4 260 2192
is_linear=0
shrinkage=0.05


Tree=56
num_leaves=15
num_cat=2
split_feature=21 0 1 6 23 6 6 9 6 0 6 9 9 0
split_gain=3.36916 1.80716 1.60501 1.27441 1.57317 1.17639 1.12436 1.05632 1.04708 0.896402 1.29196 1.16148 1.77778 0.888889
threshold=0 35.500000000000007 3.5000000000000004 0.87083333333333346 1 0.85164835164835173 0.91287878787878796 20.125000000000004 0.24264705882352944 108.50000000000001 0.2817460317460318 36.583333333333336 32.366666666666674 122.50000000000001
decision_type=9 2 2 2 1 2 2 2 2 2 2 2 2 2
left_child=2 8 6 4 -3 7 -1 -6 -2 -9 -11 12 13 -12
right_child=1 3 -4 -5 5 -7 -8 9 -10 10 11 -13 -14 -15
leaf_value=0.0017131984984915874 0.0050506755640310737 -0.0045823651512291357 -0.0013068466916079952 -0.0044171921526641586 0.0030873395347300213 0.011383135168464504 -0.00035181507208283943 -0.0015757782654050702 0.00057578219213560761 -0.0083327071100758564 0.0075877993198013435 -0.0033480448182132794 0.0044527607453024873 -0.0058281849149232597
leaf_weight=1548 22 687 386 845 117 17 445 1236 181 32 24 27 11.999999999999998 11.999999999999998
leaf_count=1548 22 687 386 845 117 17 445 1236 181 32 24 27 12 12
internal_value=-0.000626902 -0.00168169 0.000799076 -0.00199236 -0.00134935 -0.000429927 0.0013723 -0.000582193 0.00288177 -0.000979152 0.00341121 0.007 0.0116667 0.00611111
internal_weight=5591 3212 2379 3009 2164 1477 1993 1460 203 1343 107 75 48 36
internal_count=5591 3212 2379 3009 2164 1477 1993 1460 203 1343 107 75 48 36
cat_boundaries=0 1 2
cat_threshold=98 4
is_linear=0
shrinkage=0.05


Tree=57
num_leaves=15
num_cat=5
split_feature=22 21 6 4 23 4 23 1 21 9 9 6 9 7
split_gain=2.90795 1.83417 1.38616 1.23216 0.964867 1.1984 0.922229 0.69236 0.66732 0.729167 0.914725 0.896296 0.749659 0.727052
threshold=0 1 0.91287878787878796 1.5000000000000002 2 6.5000000000000009 3 4.5000000000000009 4 23.416666666666668 25.583333333333339 0.39444444444444454 26.775000000000002 1.0000000180025095e-35
decision_type=1 9 2 2 1 2 1 2 9 2 2 2 2 2
left_child=4 2 3 -2 5 8 -3 -5 9 -1 11 -11 -12 -10
right_child=1 6 -4 7 -6 -7 -8 -9 13 10 12 -13 -14 -15
leaf_value=-0.00093556337157166085 -0.0028816180794899544 -0.0032323718887930439 -0.00055988156634957079 0.0024196415952931487 -0.0039413767317244318 -0.0027999476607193153 -7.2254944160299322e-06 -0.00080782714976317224 0.0011439550293130265 0.0002159292922776949 -0.0074550027188187602 0.0081515397616433762 0.0035083123878672977 -0.0024078625770773158
leaf_weight=48 186 511 395 931 1328 421 1248 25 139 12.000000000000002 22 14.999999999999998 71 299
leaf_count=48 186 511 395 931 1328 421 1248 25 139 12 22 15 71 299
internal_value=-0.000620245 0.00033929 0.00159857 0.00248686 -0.00195975 -0.000813049 -0.000762473 0.0032113 0.00061056 0.00323699 0.00541667 0.0135185 0.00306451 -0.000428895
internal_weight=5651 3296 1537 1142 2355 1027 1759 956 606 168 120 27 93 438
internal_count=5651 3296 1537 1142 2355 1027 1759 956 606 168 120 27 93 438
cat_boundaries=0 1 2 3 4 5
cat_threshold=2 70 8 4 112
is_linear=0
shrinkage=0.05


Tree=58
num_leaves=15
num_cat=3
split_feature=21 0 6 0 21 22 4 9 6 9 0 6 0 1
split_gain=2.62042 1.47775 1.16637 1.04428 0.98253 0.961439 1.03977 1.92719 1.07114 0.709065 1.13344 1.64542 1.1068 1.10126
threshold=0 98.500000000000014 0.78019323671497598 46.500000000000007 1 2 10.500000000000002 27.366666666666671 0.9772727272727274 42.833333333333336 60.500000000000007 0.24264705882352944 31.500000000000004 2.5000000000000004
decision_type=9 2 2 2 9 1 2 2 2 2 2 2 2 2
left_child=1 5 4 -4 -2 -1 8 -8 -7 10 11 12 -6 -14
right_child=2 -3 3 -5 9 6 7 -9 -10 -11 -12 -13 13 -15
leaf_value=9.0464881460610509e-05 -0.0024519054847831536 -0.00049375334639038674 0.00043553520918733214 -0.0032570009641151331 0.0066306754946114351 0.0045558251008959933 -0.0024068487564746967 0.011273966580777846 -0.000666209696832199 -0.0026129872677600474 -0.00080398990841571913 0.00026596206590155566 0.0029829869739233647 0.0038506756499460714
leaf_weight=281 806 239 228 1368 10.999999999999998 423 19 20 107 133 1373 480 102 14.999999999999998
leaf_count=281 806 239 228 1368 11 423 19 20 107 133 1373 480 102 15
internal_value=-0.000593222 0.0016042 -0.00112365 -0.00221178 -0.000530823 0.00258823 0.00375435 0.0116667 0.00320755 3.77525e-05 0.000275112 0.00207237 0.00710937 0.00568376
internal_weight=5605 1089 4516 1596 2920 850 569 39 530 2114 1981 608 128 117
internal_count=5605 1089 4516 1596 2920 850 569 39 530 2114 1981 608 128 117
cat_boundaries=0 1 2 3
cat_threshold=64 1408 2
is_linear=0
shrinkage=0.05


Tree=59
num_leaves=15
num_cat=2
split_feature=13 22 22 0 0 0 9 4 7 4 4 0 4 7
split_gain=2.5729 1.69174 1.60588 1.52265 1.03014 0.8853 0.838149 1.04892 0.833116 0.683399 0.644554 0.569024 0.493906 0.467408
threshold=2.5000000000000004 0 1 50.500000000000007 98.500000000000014 30.500000000000004 35.875000000000007 8.5000000000000018 1.0000000180025095e-35 4.5000000000000009 7.5000000000000009 42.500000000000007 6.5000000000000009 1.0000000180025095e-35
decision_type=2 1 1 2 2 2 2 2 2 2 2 2 2 2
left_child=2 -2 4 6 13 -4 7 8 12 -10 -5 -11 -3 -1
right_child=1 3 5 10 -6 -7 -8 -9 9 11 -12 -13 -14 -15
leaf_value=0.0010563427166512911 0.0010635419455184399 9.0697148166890292e-06 0.0046524949416051203 -0.00031977861696871391 -0.0030547911730569991 -0.0033948845886203221 -0.0008181176614934834 0.009879849867911095 0.0015262908262377833 0.014286628548802641 -0.0028756086371573382 0.003735058852743136 0.0054176539403587411 -0.0018718305227605093
leaf_weight=604 641 144 19 1303 229 1502 129 9.9999999999999982 109 11.000000000000002 325 15.999999999999998 12.999999999999998 530
leaf_count=604 641 144 19 1303 229 1502 129 10 109 11 325 16 13 530
internal_value=-0.000407342 0.000701591 -0.00144591 -1.18921e-09 -0.000193715 -0.00255898 0.00263889 0.00407591 0.00353242 0.00639706 -0.000700247 0.0135185 0.00105095 0.000423279
internal_weight=5585 2701 2884 2060 1363 1521 432 303 293 136 1628 27 157 1134
internal_count=5585 2701 2884 2060 1363 1521 432 303 293 136 1628 27 157 1134
cat_boundaries=0 1 2
cat_threshold=32 5
is_linear=0
shrinkage=0.05


Tree=60
num_leaves=15
num_cat=6
split_feature=21 23 22 6 22 6 6 21 2 6 4 5 23 5
split_gain=3.10496 1.30356 1.22806 1.26271 0.932066 0.92164 1.14661 0.784463 0.709865 0.849178 0.75402 0.688209 0.767327 0.670796
threshold=0 1 2 0.82843137254901966 3 0.92582417582417598 0.89181286549707617 4 1.5000000000000002 0.36931818181818188 10.500000000000002 12.500000000000002 5 14.500000000000002
decision_type=9 1 1 2 1 2 2 9 2 2 2 2 1 2
left_child=4 -2 -3 7 11 6 8 -4 9 -6 -10 12 -1 -11
right_child=1 2 3 -5 5 -7 -8 -9 10 13 -12 -13 -14 -15
leaf_value=-0.0035418270214860287 -0.0037223021808876775 0.00049780356833402102 0.00010779374556042171 -0.0028063820201248177 0.00039615124505570497 -0.00047769962513553963 0.010670387105316304 -0.0016043867282305455 -0.00019149342678445778 0.0049086455151389242 0.000488651047486369 -0.0056953510948951624 0.00094030733567685364 0.004487626091247976
leaf_weight=90 1319 634 951 706 152 208 12.999999999999998 709 154 299 15.999999999999998 85 248 47
leaf_count=90 1319 634 951 706 152 208 13 709 154 299 16 85 248 47
internal_value=-0.000578051 -0.00122456 -0.000650001 -0.0011725 0.00154897 0.00246644 0.00337004 -0.000421688 0.00308383 0.00403614 0.000294116 -0.000385515 0.000621301 0.00540462
internal_weight=5631 4319 3000 2366 1312 889 681 1660 668 498 170 423 338 346
internal_count=5631 4319 3000 2366 1312 889 681 1660 668 498 170 423 338 346
cat_boundaries=0 1 2 3 4 5 6
cat_threshold=72 4 36 2 2102 4
is_linear=0
shrinkage=0.05


Tree=61
num_leaves=15
num_cat=5
split_feature=21 0 23 0 9 21 23 5 21 5 5 5 0 9
split_gain=2.99245 1.45688 0.810874 0.910026 0.715057 0.659737 0.564065 0.555894 0.583373 0.8317 0.775492 2.32105 0.736545 0.795626
threshold=0 42.500000000000007 1 82.500000000000014 31.875000000000004 2 3 2.5000000000000004 4 9.5000000000000018 14.500000000000002 15.500000000000002 59.500000000000007 27.366666666666671
decision_type=9 2 1 2 2 9 1 2 9 2 2 2 2 2
left_child=1 5 3 -2 7 -1 -3 -4 9 12 -10 -12 -9 -14
right_child=2 6 4 -5 -6 -7 -8 8 10 -11 11 -13 13 -15
leaf_value=0.0045851376776330872 0.00025575556214455755 -0.0057906220597573662 -0.011819068720708382 -0.0053503636632168073 -0.00021028063270063337 0.00057260268532511292 -0.0021401911484473326 -0.00029393594474461939 0.001982575520150286 -0.0017114466874739423 0.0067992588206657323 0.00092580927096380455 0.001004521152567262 0.006975733893432666
leaf_weight=22 546 673 33 287 813 257 1472 197 702 289 14.999999999999998 57 256 101
leaf_count=22 546 673 33 287 813 257 1472 197 702 289 15 57 256 101
internal_value=-0.000611889 -0.00194319 0.000369584 -0.000978393 0.000826227 0.00145161 -0.00238928 0.00142424 0.00155535 0.000630895 0.00254172 0.0075 0.00176895 0.00312325
internal_weight=5720 2424 3296 833 2463 279 2145 1650 1617 843 774 72 554 357
internal_count=5720 2424 3296 833 2463 279 2145 1650 1617 843 774 72 554 357
cat_boundaries=0 1 2 3 4 5
cat_threshold=3476 4 128 4 11
is_linear=0
shrinkage=0.05


Tree=62
num_leaves=15
num_cat=4
split_feature=23 22 9 0 5 7 6 6 21 0 5 0 6 21
split_gain=2.10837 1.44253 2.01058 1.39893 1.22077 1.25929 1.34127 1.45628 1.17792 1.01965 0.860285 0.834717 1.03939 0.816296
threshold=0 1 24.416666666666668 77.500000000000014 14.500000000000002 1.0000000180025095e-35 0.73030303030303034 0.82085561497326209 2 77.500000000000014 17.500000000000004 53.500000000000007 0.60555555555555574 3
decision_type=1 1 2 2 2 2 2 2 9 2 2 2 2 9
left_child=9 4 3 -3 -2 6 10 -8 -4 13 -6 12 -7 -1
right_child=1 2 8 -5 5 11 7 -9 -10 -11 -12 -13 -14 -15
leaf_value=4.1985702838660825e-05 0.00033999938202892527 0.0013786430549046411 0.00014456295021768922 -0.0034726271572199903 7.954492549386359e-05 0.003770778372291961 0.0088202771744325774 0.007279622957880677 -0.0019679435624856182 -0.0068820663763825745 0.010735435867333455 0.00048342742155229603 0.00031672903595415455 -0.0034824163904042978
leaf_weight=540 834 691 671 202 31 11.000000000000002 10.000000000000002 10.999999999999998 1440 620 10.999999999999998 127 9.9999999999999982 372
leaf_count=540 834 691 671 202 31 11 10 11 1440 620 11 127 10 372
internal_value=-0.000645943 -4.81612e-05 -0.000604853 0.00138298 0.00154762 0.00495261 0.010873 0.0211905 -0.00144718 -0.00222585 0.00571428 0.00243243 0.0116667 -0.00116228
internal_weight=5581 4049 3004 893 1045 211 63 21 2111 1532 42 148 21 912
internal_count=5581 4049 3004 893 1045 211 63 21 2111 1532 42 148 21 912
cat_boundaries=0 1 2 3 4
cat_threshold=4 36 104 2147
is_linear=0
shrinkage=0.05


Tree=63
num_leaves=15
num_cat=5
split_feature=21 22 0 0 5 0 21 5 6 4 13 22 5 21
split_gain=2.23962 1.18166 1.04774 1.04674 0.985674 0.922661 0.709263 1.2513 1.21598 0.9735 0.799167 1.06524 1.12713 0.683396
threshold=0 1 30.500000000000004 42.500000000000007 13.500000000000002 95.500000000000014 2 14.500000000000002 0.32291666666666669 7.5000000000000009 1.0000000180025095e-35 3 6.5000000000000009 4
decision_type=9 1 2 2 2 2 9 2 2 2 2 1 2 9
left_child=3 2 -2 13 -4 6 7 -3 -9 -10 11 -8 -13 -1
right_child=1 5 4 -5 -6 -7 10 8 9 -11 -12 12 -14 -15
leaf_value=0.0014297178330687143 0.0077050663315302512 0.0028026391028885861 -0.00058593227297592892 -0.0029649771333940694 -0.0056310938557105356 -0.00038336086412619976 0.009022096014525971 -0.00040038186330955362 0.0066458090666245738 0.0040435063203147744 -2.747394392119249e-05 0.0035469548207250449 -0.0097041584521296211 -0.0031291073298602883
leaf_weight=148 9.9999999999999982 493 1055 1553 329 609 39 22 10.999999999999998 34 1026 128 48 85
leaf_count=148 10 493 1055 1553 329 609 39 22 11 34 1026 128 48 85
internal_value=-0.000652953 3.41285e-05 -0.00112223 -0.00211055 -0.00124278 0.000703933 0.00127429 0.00274336 0.0091791 0.0138889 0.000597912 0.00337209 0.00149171 0.00100858
internal_weight=5590 3804 1394 1786 1384 2410 1801 560 67 45 1241 215 176 233
internal_count=5590 3804 1394 1786 1384 2410 1801 560 67 45 1241 215 176 233
cat_boundaries=0 1 2 3 4 5
cat_threshold=3456 2 64 4 2176
is_linear=0
shrinkage=0.05


Tree=64
num_leaves=15
num_cat=3
split_feature=21 23 0 0 0 4 21 1 5 9 6 2 7 6
split_gain=1.95814 1.58633 0.985959 0.888082 0.997885 0.765826 0.757742 0.835094 0.676062 0.654805 0.638127 0.637332 0.947143 0.714953
threshold=0 1 31.500000000000004 53.500000000000007 44.500000000000007 1.5000000000000002 2 2.5000000000000004 17.500000000000004 53.750000000000007 0.36931818181818188 1.5000000000000002 1.0000000180025095e-35 0.41421568627450983
decision_type=9 1 2 2 2 2 9 2 2 2 2 2 2 2
left_child=3 6 5 4 -1 -3 11 9 -4 -8 -9 13 -13 -2
right_child=1 2 8 -5 -6 -7 7 10 -10 -11 -12 12 -14 -15
leaf_value=0.0021095854159165761 0.00018499003987007624 0.0056240591390669037 -0.002481885485542369 0.00030672034179277991 0.0037884459483247257 -8.9567832159999795e-05 0.00099822604414429657 -0.0032982093923998815 0.0069987917145931501 0.0046402429106772256 0.00023496214199605317 0.0076940304892560516 -0.00096043520937126386 -0.0023105444851770273
leaf_weight=148 294 26 2310 843 109 59 446 189 14.999999999999998 9.9999999999999982 527 36 110 561
leaf_count=148 294 26 2310 843 109 59 446 189 15 10 527 36 110 561
internal_value=-0.000715292 -0.00116936 -0.00205394 0.00117647 0.00375486 0.00323529 -0.000190981 0.000671197 -0.00224731 0.00234649 -0.000391063 -0.00119781 0.00184931 -0.00172515
internal_weight=5683 4583 2410 1100 257 85 2173 1172 2325 456 716 1001 146 855
internal_count=5683 4583 2410 1100 257 85 2173 1172 2325 456 716 1001 146 855
cat_boundaries=0 1 2 3
cat_threshold=64 8 1413
is_linear=0
shrinkage=0.05


Tree=65
num_leaves=15
num_cat=2
split_feature=23 22 0 9 5 9 0 5 5 9 5 0 0 9
split_gain=1.5075 0.904698 1.01775 1.35958 1.18282 1.26332 0.857073 0.769462 0.590298 0.575407 0.510811 0.629022 0.528079 0.525
threshold=0 1 61.500000000000007 30.416666666666668 8.5000000000000018 29.416666666666668 77.500000000000014 2.5000000000000004 14.500000000000002 46.833333333333336 15.500000000000002 69.500000000000014 87.500000000000014 25.291666666666668
decision_type=1 1 2 2 2 2 2 2 2 2 2 2 2 2
left_child=6 2 3 4 -2 -6 -1 -3 -9 10 12 -12 13 -10
right_child=1 7 -4 -5 5 -7 -8 8 9 -11 11 -13 -14 -15
leaf_value=-0.00096074162659509448 -0.00033207537215001136 -0.012556765726200875 -0.0023205725100448583 -0.0015721461204721177 0.0023369894393953142 0.0041666686536460792 -0.0055923495026871349 0.00026369823874253045 0.0011615054032311049 0.0023078848358195425 0.0043031180088798793 -0.0016299529393529078 0.0031717946447323998 -0.00449900247180868
leaf_weight=898 120 76 1154 166 168 17 644 2199 10.000000000000002 9.9999999999999982 52 94 31 13.999999999999998
leaf_count=898 120 76 1154 166 168 17 644 2199 10 10 52 94 31 14
internal_value=-0.000489122 1.0945e-05 -0.000904909 0.00105095 0.00303279 0.00554054 -0.00182231 0.000610196 0.000767634 0.00329384 0.00271144 0.00116438 0.00681818 0.00125
internal_weight=5653 4111 1625 471 305 185 1542 2486 2410 211 201 146 55 24
internal_count=5653 4111 1625 471 305 185 1542 2486 2410 211 201 146 55 24
cat_boundaries=0 1 2
cat_threshold=4 2
is_linear=0
shrinkage=0.05


Tree=66
num_leaves=15
num_cat=3
split_feature=21 6 0 13 21 9 22 6 6 0 0 6 6 13
split_gain=2.30755 1.05455 0.702991 0.869038 0.523605 0.747441 1.31523 0.641408 0.559232 0.51917 0.910855 1.23161 1.16686 1.21225
threshold=0 0.87867647058823539 63.500000000000007 2.5000000000000004 1 23.416666666666668 2 0.88562091503267981 0.55050505050505061 93.500000000000014 89.500000000000014 0.39444444444444454 0.63961038961038974 2.5000000000000004
decision_type=9 2 2 2 9 2 1 2 2 2 2 2 2 2
left_child=2 9 3 -1 7 6 8 -5 -6 10 -2 -12 13 -13
right_child=1 -3 -4 4 5 -7 -8 -9 -10 -11 11 12 -14 -15
leaf_value=-0.0016811304317049692 0.00063539078841686803 -0.0018551109224145411 -0.0042735680891378145 0.0019520011546865061 0.0011552154050424803 -0.0012641874817230017 -0.0009301557281455302 -0.00054018102966365482 0.0033854088062563134 -0.00018826669805136476 -0.0019776626813136282 0.0036398359596561455 0.00055848768029627838 0.010088226850647773
leaf_weight=459 1818 903 1280 97 15.999999999999998 130 27 43 18 620 45 25 52 11.999999999999998
leaf_count=459 1818 903 1280 97 16 130 27 43 18 620 45 25 52 12
internal_value=-0.000608658 0.000179597 -0.00192771 -0.000759495 0.00119335 -0.000535715 0.00401639 0.00344827 0.00974359 0.000695955 0.00109631 0.00507463 0.00848314 0.0152703
internal_weight=5545 3475 2070 790 331 191 61 140 34 2572 1952 134 89 37
internal_count=5545 3475 2070 790 331 191 61 140 34 2572 1952 134 89 37
cat_boundaries=0 1 2 3
cat_threshold=3472 2064 34
is_linear=0
shrinkage=0.05


Tree=67
num_leaves=15
num_cat=5
split_feature=21 23 22 4 6 7 7 13 21 6 2 21 4 6
split_gain=2.20667 1.03214 0.849707 0.62948 1.26974 1.09597 0.635565 0.745197 0.979686 3.79376 0.809395 0.564725 0.658069 1.0656
threshold=0 1 2 5.5000000000000009 0.60555555555555574 1.0000000180025095e-35 1.0000000180025095e-35 2.5000000000000004 3 0.48529411764705888 1.5000000000000002 4 2.5000000000000004 0.24264705882352944
decision_type=9 1 1 2 2 2 2 2 9 2 2 9 2 2
left_child=2 11 -1 -3 6 -6 -5 -8 9 -9 -10 12 13 -2
right_child=1 3 -4 4 5 -7 7 8 10 -11 -12 -13 -14 -15
leaf_value=-0.0029564227587200861 -0.0043969125416499109 0.0003094767985029306 -0.00032234383591717896 0.0036772304118948304 0.0020454301257644063 -0.00025253666429831225 -0.0022581476889814694 0.0031706470783871617 0.0066193501706833984 0.0067158831994724574 -0.0047798890590668719 -0.0030380283935855907 -0.0023266549751560475 0.0041679391285986273
leaf_weight=1305 66 1405 1451 50 278 378 19 14.000000000000002 27 14.999999999999998 13.999999999999998 243 295 77
leaf_count=1305 66 1405 1451 50 278 378 19 14 27 15 14 243 295 77
internal_value=-0.000449708 0.000518017 -0.00145962 0.00104545 0.00216981 0.00125 0.00651079 0.00904494 0.0114286 0.0177941 0.00423913 -0.00118209 -9.02946e-05 0.00269231
internal_weight=5637 2881 2756 2200 795 656 139 89 70 29 41 681 438 143
internal_count=5637 2881 2756 2200 795 656 139 89 70 29 41 681 438 143
cat_boundaries=0 1 2 3 4 5
cat_threshold=3473 4 2 38 66
is_linear=0
shrinkage=0.05


Tree=68
num_leaves=15
num_cat=4
split_feature=23 9 0 9 0 4 22 6 1 22 9 22 9 9
split_gain=2.21339 1.07244 0.862296 0.821261 1.09831 1.02796 0.736599 0.70504 0.672334 0.56945 0.652333 0.55388 0.949306 1.11539
threshold=0 15.16666666666667 77.500000000000014 37.166666666666679 61.500000000000007 5.5000000000000009 1 0.22649572649572652 2.5000000000000004 2 21.775000000000002 3 24.875000000000004 26.775000000000002
decision_type=1 2 2 2 2 2 1 2 2 1 2 1 2 2
left_child=2 -2 11 4 5 7 -7 8 -3 -6 -11 12 -1 -14
right_child=1 3 -4 -5 9 6 -8 -9 -10 10 -12 -13 13 -15
leaf_value=-0.0038420710969479829 0.0041718967859195686 0.002048974072902538 -0.0054969791075636723 -0.0014608154579847843 -0.0016070392257126549 -0.0074429796633690322 0.0023051287622356249 0.00012137236773306117 0.0031672796520108579 -0.0029655632788921061 0.00071102290296157515 -0.0028169683705858207 0.0043543204038885485 0.00070196005895580926
leaf_weight=147 17 127 640 504 1090 20 195 697 15.999999999999998 138 1233 492 46 216
leaf_count=147 17 127 640 504 1090 20 195 697 16 138 1233 492 46 216
internal_value=-0.00050018 0.000115183 -0.00211227 6.21879e-05 0.000332763 0.00168246 0.00476744 0.000892856 0.00409091 -0.000245836 0.000432412 -0.00111543 0.000253622 0.00206107
internal_weight=5578 4037 1541 4020 3516 1055 215 840 143 2461 1371 901 409 262
internal_count=5578 4037 1541 4020 3516 1055 215 840 143 2461 1371 901 409 262
cat_boundaries=0 1 2 3 4
cat_threshold=4 1 2 1
is_linear=0
shrinkage=0.05


Tree=69
num_leaves=15
num_cat=2
split_feature=23 0 22 9 9 5 5 0 0 4 5 0 9 0
split_gain=1.21696 0.803062 0.639465 0.823084 0.81449 0.850702 0.888503 0.71409 0.87437 1.38205 0.590379 0.962256 0.915103 0.58974
threshold=0 82.500000000000014 1 47.833333333333336 42.833333333333336 13.500000000000002 9.5000000000000018 68.500000000000014 99.500000000000014 7.5000000000000009 14.500000000000002 52.500000000000007 23.875000000000004 122.50000000000001
decision_type=1 2 1 2 2 2 2 2 2 2 2 2 2 2
left_child=1 -1 3 10 5 6 -4 -8 -9 -10 13 12 -12 -2
right_child=2 -3 4 -5 -6 -7 7 8 9 -11 11 -13 -14 -15
leaf_value=-0.0015767630568830843 0.0003517378797805039 -0.0057566373983087768 -0.00018778932523029338 0.005879526213156897 -0.0042389728381212553 -0.0044708896179688337 0.0029597883461390932 -0.0016387140887927296 0.012362613071018711 -0.015201254197132294 -0.0005386463997693662 0.0006717232507127413 0.0044420533443208015 -0.0012707692036360181
leaf_weight=1111 755 478 2332 33 176 318 105 96 15.000000000000002 10.999999999999998 11.000000000000002 175 20 72
leaf_count=1111 755 478 2332 33 176 318 105 96 15 11 11 175 20 72
internal_value=-0.000646462 -0.0018219 -0.000193009 0.000859009 -0.000560825 -0.000359751 -5.6664e-05 0.00292951 0.000327868 0.00846154 0.000614713 0.00300971 0.011129 1.81367e-05
internal_weight=5708 1589 4119 1066 3053 2877 2559 227 122 26 1033 206 31 827
internal_count=5708 1589 4119 1066 3053 2877 2559 227 122 26 1033 206 31 827
cat_boundaries=0 1 2
cat_threshold=4 36
is_linear=0
shrinkage=0.05


Tree=70
num_leaves=15
num_cat=5
split_feature=21 13 9 6 21 22 9 1 22 9 5 7 1 21
split_gain=2.08598 0.696515 0.827728 1.02797 0.806616 1.14201 0.744148 0.785275 0.692513 1.20383 0.688994 0.87688 0.63976 0.734783
threshold=0 2.5000000000000004 20.366666666666671 0.19375000000000003 1 2 25.708333333333339 3.5000000000000004 3 24.875000000000004 15.500000000000002 1.5000000000000002 3.5000000000000004 4
decision_type=9 2 2 2 9 1 2 2 1 2 2 2 2 9
left_child=12 6 3 -3 5 -5 7 -2 9 -4 11 -11 -1 -14
right_child=1 2 8 4 -6 -7 -8 -9 -10 10 -12 -13 13 -15
leaf_value=0.00057117915788307933 0.00018897099842924103 0.00054015416237183087 -0.0035756240160559464 0.0063820987266198538 -0.00054221689248726973 -0.0035017281269002715 -0.0034442895485779241 -0.0078901550080362429 -0.0010233957201348756 0.0006982810360973027 0.0076610632842223055 0.013759099334420214 0.00035649055082282447 -0.0034690006285363669
leaf_weight=2215 499 10.999999999999998 64 23 76 33 983 182 974 121 15.999999999999998 20 198 239
leaf_count=2215 499 11 64 23 76 33 983 182 974 121 16 20 198 239
internal_value=-0.000498763 -0.00140007 -0.000553065 0.00304196 0.00181818 0.00606557 -0.00208534 -0.000814979 -0.000983265 0.00152655 0.0039172 0.00280142 0.000523145 -0.00122426
internal_weight=5654 3002 1338 143 132 56 1664 681 1195 221 157 141 2652 437
internal_count=5654 3002 1338 143 132 56 1664 681 1195 221 157 141 2652 437
cat_boundaries=0 1 2 3 4 5
cat_threshold=102 272 2 32 68
is_linear=0
shrinkage=0.05


Tree=71
num_leaves=15
num_cat=4
split_feature=21 5 9 22 5 1 23 9 9 9 9 9 20 21
split_gain=1.47221 0.912653 0.886243 1.92225 1.13077 0.828467 1.16697 0.933048 0.674326 0.452838 0.583681 0.816667 0.581818 0.44621
threshold=0 4.5000000000000009 20.366666666666671 1 6.5000000000000009 2.5000000000000004 2 35.875000000000007 18.416666666666668 36.583333333333336 24.875000000000004 27.366666666666671 1.0000000180025095e-35 3
decision_type=9 2 2 1 2 2 1 2 2 2 2 2 2 9
left_child=1 9 3 4 -3 -2 13 -8 -6 10 -1 12 -12 -7
right_child=5 2 -4 -5 8 6 7 -9 -10 -11 11 -13 -14 -15
leaf_value=-0.0011757374248988818 0.00057933157442327065 0.0029507570927282956 -0.0025414616498312687 -0.0010364083088375332 0.0067220061701314228 0.00058386272422541357 0.00013767517027143728 -0.0016241113898456839 -0.00019176704725767533 -0.0039372037548272227 0.013606324332906006 0.00083921078752776626 0.0021700036890924673 -0.0040230333293265527
leaf_weight=72 1555 26 1518 71 10.999999999999998 104 1471 188 28 26 22 80 18 449
leaf_count=72 1555 26 1518 71 11 104 1471 188 28 26 22 80 18 449
internal_value=-0.000699593 -0.00184337 -0.00224909 0.00161765 0.0075 -0.00012858 -0.000750453 -8.74032e-05 0.00269231 0.00119266 0.00203125 0.00416667 0.01 -0.0027396
internal_weight=5639 1872 1654 136 65 3767 2212 1659 39 218 192 120 40 553
internal_count=5639 1872 1654 136 65 3767 2212 1659 39 218 192 120 40 553
cat_boundaries=0 1 2 3 4
cat_threshold=1409 34 4 64
is_linear=0
shrinkage=0.05


Tree=72
num_leaves=15
num_cat=3
split_feature=21 0 6 6 21 22 0 9 17 0 7 9 9 4
split_gain=1.8379 1.11896 0.972562 0.927187 0.962916 0.809555 1.48289 1.01973 1.6388 1.00931 0.818233 0.644225 0.605834 0.731184
threshold=0 76.500000000000014 0.91287878787878796 0.37980769230769235 1 2 139.50000000000003 20.125000000000004 1.0000000180025095e-35 74.500000000000014 1.0000000180025095e-35 29.550000000000004 32.583333333333336 8.5000000000000018
decision_type=9 2 2 2 9 1 2 2 2 2 2 2 2 2
left_child=5 -2 3 -3 -5 6 7 8 -1 -9 12 -11 13 -7
right_child=1 2 -4 4 -6 10 -8 9 -10 11 -12 -13 -14 -15
leaf_value=-0.018484599926095635 0.00070497135453636585 -0.0013899370161716668 -0.0045056850701371285 0.0010430683864360211 -0.0033028646315781569 0.00062870760828660538 0.0060464590612540649 -0.0017198619678374884 0.0039092698566228785 0.0035579820505645108 -0.003285852699440003 -0.0043222555245582273 -0.0033567746597328433 -0.0027748033558609338
leaf_weight=10 2044 405 400 659 230 484 9.9999999999999982 118 13 44 959 23 130 83
leaf_count=10 2044 405 400 659 230 484 10 118 13 44 959 23 130 83
internal_value=-0.000411619 0.000229761 -0.00072019 -5.4097e-05 0.000849268 -0.00168707 0.00116592 0.00028846 0.0102174 -0.000945947 -0.00206502 0.00395522 -0.000767577 -6.17296e-05
internal_weight=5612 3738 1694 1294 889 1874 218 208 23 185 1656 67 697 567
internal_count=5612 3738 1694 1294 889 1874 218 208 23 185 1656 67 697 567
cat_boundaries=0 1 2 3
cat_threshold=1409 102 32
is_linear=0
shrinkage=0.05


Tree=73
num_leaves=15
num_cat=4
split_feature=22 6 21 5 7 5 23 6 21 6 6 6 4 2
split_gain=1.97764 1.47715 1.43172 0.97204 0.963292 1.1574 0.943739 0.747343 0.71048 1.43094 0.639406 0.597517 0.641885 0.569078
threshold=0 0.91287878787878796 1 13.500000000000002 1.0000000180025095e-35 12.500000000000002 2 0.16025641025641027 3 0.9772727272727274 0.17156862745098042 0.25657894736842107 3.5000000000000004 1.5000000000000002
decision_type=1 2 9 2 2 2 1 2 9 2 2 2 2 2
left_child=3 2 7 4 8 -6 -4 -2 9 -1 -9 -12 -13 -14
right_child=1 -3 6 -5 5 -7 -8 10 -10 -11 11 12 13 -15
leaf_value=0.0010567149937312653 -0.0042490651634615869 -0.0010280742686039881 -0.0017694958609563887 -0.004951489319589452 -0.0022222854099561927 0.0034532267130609529 0.00058748338659359608 0.0012198706843934053 -0.00071425937538671777 0.0021276938397016736 -0.0001095785867561352 0.0023896203753824251 0.0024649721136921219 -0.00010607602836909535
leaf_weight=207 49 832 279 469 1082 9.9999999999999982 776 18 570 27 251 519 421 153
leaf_count=207 49 832 279 469 1082 10 776 18 570 27 251 519 421 153
internal_value=-0.000364649 0.000426883 0.00104217 -0.00146625 -0.000965191 -0.00193224 -0.000353775 0.0020798 0.000348258 0.00263598 0.00230543 0.00218006 0.00268527 0.0015331
internal_weight=5663 3298 2466 2365 1896 1092 1055 1411 804 234 1362 1344 1093 574
internal_count=5663 3298 2466 2365 1896 1092 1055 1411 804 234 1362 1344 1093 574
cat_boundaries=0 1 2 3 4
cat_threshold=2 67 4 76
is_linear=0
shrinkage=0.05


Tree=74
num_leaves=15
num_cat=3
split_feature=21 0 9 22 0 13 9 0 22 9 5 9 0 9
split_gain=1.83845 1.35611 0.794283 0.875341 1.38075 1.13679 1.20714 0.857014 0.718002 1.13237 1.80019 0.674074 0.578413 0.53771
threshold=0 94.500000000000014 23.100000000000005 1 73.500000000000014 2.5000000000000004 33.875000000000007 61.500000000000007 2 19.775000000000002 6.5000000000000009 15.16666666666667 54.500000000000007 19.416666666666668
decision_type=9 2 2 1 2 2 2 2 1 2 2 2 2 2
left_child=1 11 7 4 -4 -6 -7 8 9 -2 -11 -1 13 -13
right_child=2 -3 3 -5 5 6 -8 -9 -10 10 -12 12 -14 -15
leaf_value=0.003490663189287169 -0.0017082750282709177 -0.001178702091310735 -0.0016283899401078551 -0.0023532202665078445 -0.0040621447673971078 0.0030818473381010883 0.01580407450174352 -0.0021437212529910855 -0.0002748339291493177 0.0075320907691051753 0.0020593588666253499 -0.0016552086257692043 0.0001553845629456139 0.001381235893793944
leaf_weight=10.999999999999998 38 792 89 1510 34 48 14.999999999999998 289 99 14.999999999999998 49 82 1826 731
leaf_count=11 38 792 89 1510 34 48 15 289 99 15 49 82 1826 731
internal_value=-0.000433548 0.000287205 -0.0015655 -0.00208137 0.00115183 0.00530928 0.00928571 0.00020408 0.00271144 0.00551402 0.00984375 0.000830187 0.000778703 0.00188807
internal_weight=5628 3442 2186 1696 186 97 63 490 201 102 64 2650 2639 813
internal_count=5628 3442 2186 1696 186 97 63 490 201 102 64 2650 2639 813
cat_boundaries=0 1 2 3
cat_threshold=2158 32 34
is_linear=0
shrinkage=0.05


Tree=75
num_leaves=15
num_cat=5
split_feature=0 21 5 21 0 22 9 0 21 23 5 5 0 0
split_gain=2.22105 1.74566 2.47108 1.48195 0.845113 1.00517 0.882988 0.777109 0.617221 0.76644 0.692046 0.509479 0.59543 0.656896
threshold=31.500000000000004 0 4.5000000000000009 1 75.500000000000014 2 26.775000000000002 95.500000000000014 3 4 6.5000000000000009 11.500000000000002 92.500000000000014 69.500000000000014
decision_type=2 9 2 9 2 1 2 2 9 1 2 2 2 2
left_child=1 2 -1 4 6 8 -2 11 -6 -10 -11 -5 13 -13
right_child=3 -3 -4 7 5 -7 -8 -9 9 10 -12 12 -14 -15
leaf_value=0.00104302285441111 4.5663825037678407e-05 0.00098522317528224978 0.0016758532547503761 0.0007200653058955426 -0.0031331282709385817 -0.0053132178225724792 -0.0015469704431025023 -0.0010864805000984656 -0.0077741905956617606 0.016207374665876666 0.0033548436267594045 0.00052398334486315518 0.0066943638288679891 -0.0033588993094059911
leaf_weight=17 821 151 14.999999999999998 1678 34 972 693 665 14 9.9999999999999982 39 208 20 253
leaf_count=17 821 151 15 1678 34 972 693 665 14 10 39 208 20 253
internal_value=-0.000581397 0.00483606 0.0145946 -0.000764751 -0.00162867 -0.00270814 -0.000871864 2.82774e-05 0.00210784 0.00492647 0.0082653 0.000488651 -0.000945947 -0.00131237
internal_weight=5590 183 32 5407 2583 1069 1514 2824 97 63 49 2159 481 461
internal_count=5590 183 32 5407 2583 1069 1514 2824 97 63 49 2159 481 461
cat_boundaries=0 1 2 3 4 5
cat_threshold=1 3473 32 2192 1
is_linear=0
shrinkage=0.05


Tree=76
num_leaves=15
num_cat=3
split_feature=21 0 21 6 6 0 6 5 7 4 21 0 13 0
split_gain=1.7802 0.830015 0.815019 0.799127 0.496117 0.470182 0.921192 0.51672 1.55844 0.454762 0.65219 1.33202 2.56764 0.710227
threshold=0 75.500000000000014 1 0.91287878787878796 0.89181286549707617 76.500000000000014 0.39444444444444454 17.500000000000004 1.0000000180025095e-35 8.5000000000000018 2 103.50000000000001 2.5000000000000004 91.500000000000014
decision_type=9 2 9 2 2 2 2 2 2 2 9 2 2 2
left_child=1 2 -1 4 5 7 -7 -2 -9 10 11 -8 -13 -12
right_child=3 -3 -4 -5 -6 6 9 8 -10 -11 13 12 -14 -15
leaf_value=-0.0014984024534767841 0.0011893898414244404 -0.0038445161016100733 1.5943144880559145e-05 -0.00075849270462597924 0.0068703679521905439 -0.0012886387212065031 0.001847877515183951 0.008878347066084747 -0.0050846705441618184 -0.001476496308686226 0.003325086877754381 -0.0037656745682505184 0.0021542668367227433 -0.0010306824710473498
leaf_weight=466 1107 1071 1175 654 28 376 145 11 10 159 141 26 32 199
leaf_count=466 1107 1071 1175 654 28 376 145 11 10 159 141 26 32 199
internal_value=-0.000428573 -0.00134708 -0.000642902 0.000435533 0.000886301 0.000802356 5.56574e-05 0.00151596 0.00928571 0.00112535 0.001814 0.00401442 0.0105172 0.000434781
internal_weight=5600 2712 1641 2888 2234 2206 1078 1128 21 702 543 203 58 340
internal_count=5600 2712 1641 2888 2234 2206 1078 1128 21 702 543 203 58 340
cat_boundaries=0 1 2 3
cat_threshold=3473 1280 6
is_linear=0
shrinkage=0.05


Tree=77
num_leaves=15
num_cat=1
split_feature=6 23 5 6 9 0 9 4 9 0 9 0 0 5
split_gain=1.1261 0.667271 0.71289 0.579937 0.539401 0.528578 0.517842 0.554646 0.524661 0.509768 0.738948 0.584702 1.68567 0.507188
threshold=0.87867647058823539 0 7.5000000000000009 0.095454545454545472 15.16666666666667 104.50000000000001 23.100000000000005 1.5000000000000002 22.708333333333339 60.500000000000007 35.875000000000007 115.50000000000001 119.50000000000001 5.5000000000000009
decision_type=2 1 2 2 2 2 2 2 2 2 2 2 2 2
left_child=1 2 -1 -4 -3 -2 7 -5 -9 10 -6 -11 -13 -14
right_child=5 4 3 6 9 -7 -8 8 -10 11 -12 12 13 -15
leaf_value=0.00010445796422854145 -0.0016102230388395781 0.0032206572724567729 0.0057081677549252995 0.005784399476427839 0.0011303430486360895 -0.0067527356383502053 -0.0036535705456762733 -0.0029520960398648072 0.0070596232131923085 -0.00034195457108690883 -0.0011646810319347444 0.0031756252209683578 -0.00092388086459439507 0.0012427668672286458
leaf_weight=523 1309 12.999999999999998 17 12.999999999999998 733 192 509 72 9.9999999999999982 1815 212 14.999999999999998 84 125
leaf_count=523 1309 13 17 13 733 192 509 72 10 1815 212 15 84 125
internal_value=-0.000595535 -0.00017025 -0.00119755 -0.002343 0.000221887 -0.00176882 -0.00259934 0.000789472 -0.000731709 0.000177613 0.00113756 -0.000267289 0.00214286 0.00098086
internal_weight=5642 4141 1144 621 2997 1501 604 95 82 2984 945 2039 224 209
internal_count=5642 4141 1144 621 2997 1501 604 95 82 2984 945 2039 224 209
cat_boundaries=0 1
cat_threshold=4
is_linear=0
shrinkage=0.05


Tree=78
num_leaves=15
num_cat=1
split_feature=0 9 6 22 6 9 6 5 5 9 4 5 5 7
split_gain=1.30361 1.01349 0.929033 0.927395 0.603297 0.681495 0.581486 0.538238 0.502778 0.484684 0.49073 0.619761 0.592441 0.420364
threshold=53.500000000000007 16.583333333333339 0.10555555555555557 0 0.41421568627450983 38.708333333333336 0.82843137254901966 2.5000000000000004 14.500000000000002 17.81666666666667 4.5000000000000009 12.500000000000002 11.500000000000002 1.0000000180025095e-35
decision_type=2 2 2 1 2 2 2 2 2 2 2 2 2 2
left_child=2 -2 -1 6 9 -6 8 -5 13 -4 11 12 -11 -3
right_child=1 3 4 7 5 -7 -8 -9 -10 10 -12 -13 -14 -15
leaf_value=0.0061176036970744868 0.0030596244088338942 0.00019678475203441345 -0.004047059706007332 -0.010251733966394873 0.00037757507488835919 -0.0015690579304709345 -0.0035975668309329977 -7.8128710661840025e-05 -0.0055842079549865368 0.0014389995822776868 0.0036124194936961156 -0.0039865370992118732 0.0097386673237380792 -0.0015632168713870264
leaf_weight=12.999999999999998 9.9999999999999982 472 21 96 599 236 559 2345 146 327 14.999999999999998 26 9.9999999999999982 725
leaf_count=13 10 472 21 96 599 236 559 2345 146 327 15 26 10 725
internal_value=-0.000491073 -0.000899381 0.000934241 -0.00093599 0.000794164 2.99389e-05 -0.00176193 -0.000288227 -0.00120253 0.00239348 0.00280423 0.00243802 0.00301187 -0.000864663
internal_weight=5600 4353 1247 4343 1234 835 1902 2441 1343 399 378 363 337 1197
internal_count=5600 4353 1247 4343 1234 835 1902 2441 1343 399 378 363 337 1197
cat_boundaries=0 1
cat_threshold=2
is_linear=0
shrinkage=0.05


Tree=79
num_leaves=15
num_cat=6
split_feature=21 0 22 9 21 0 21 22 6 21 5 5 0 0
split_gain=2.06868 1.17824 0.991316 0.906015 0.821121 0.916987 0.845926 0.775986 0.747863 0.697745 0.664452 0.701629 0.693642 0.984138
threshold=0 76.500000000000014 1 31.416666666666668 2 42.500000000000007 3 4 0.5590277777777779 5 9.5000000000000018 13.500000000000002 68.500000000000014 43.500000000000007
decision_type=9 2 1 2 9 2 9 1 2 9 2 2 2 2
left_child=10 3 9 -2 5 6 -5 8 -7 -3 -1 12 13 -12
right_child=1 2 -4 4 -6 7 -8 -9 -10 -11 11 -13 -14 -15
leaf_value=0.00042861804946969784 0.00022321850764537768 0.016367909250099795 -0.0022992890848630826 -7.3419661503156515e-05 -0.0028534569203824134 0.0062499365661120732 0.0031559658634580812 -0.0033452779745239583 -0.003911483946348048 1.5720667271247061e-05 -0.0015496396931524176 9.2170952739053198e-05 0.00054712127341077115 0.0051900804812143823
leaf_weight=946 1705 18 1422 50 392 21 33 201 18 249 32 241 173 87
leaf_count=946 1705 18 1422 50 392 21 33 201 18 249 32 241 173 87
internal_value=-0.000418756 -0.000995383 -0.00201007 -0.000289257 -0.00178322 0.000106706 0.00463855 -0.00145833 0.00465909 0.00079044 0.00118261 0.0025985 0.00424657 0.00718487
internal_weight=5588 4109 1689 2420 715 323 83 240 39 267 1479 533 292 119
internal_count=5588 4109 1689 2420 715 323 83 240 39 267 1479 533 292 119
cat_boundaries=0 1 2 3 4 5 6
cat_threshold=96 32 2074 2064 36 256
is_linear=0
shrinkage=0.05


Tree=80
num_leaves=15
num_cat=4
split_feature=21 7 22 20 0 9 22 0 21 4 9 13 20 0
split_gain=1.39823 1.20219 0.97114 0.876209 0.866053 0.769608 1.29702 1.20988 1.2341 0.804587 1.45625 0.616652 0.811629 0.564972
threshold=0 1.0000000180025095e-35 1 1.0000000180025095e-35 31.500000000000004 30.100000000000005 2 81.500000000000014 3 7.5000000000000009 27.366666666666671 2.5000000000000004 1.0000000180025095e-35 76.500000000000014
decision_type=9 2 1 2 2 2 1 2 9 2 2 2 2 2
left_child=3 5 -3 13 -5 6 7 8 9 10 -2 -10 -13 -1
right_child=1 2 -4 4 -6 -7 -8 -9 11 -11 -12 12 -14 -15
leaf_value=0.0012010967992719334 0.0038155262586172935 0.0013560862890047033 -0.0026581344666365058 0.0024182423064359297 -0.001387837308863908 -0.001434858991316796 -0.00041746325642357993 -0.00059970480630969637 -0.00085363587851894568 0.0010604635431024235 0.0035132123573213443 0.001014553178470138 0.0015610574612007642 3.2575794500506521e-05
leaf_weight=1313 93 171 1222 22 675 294 350 128 119 48 12.999999999999998 46 10.999999999999998 1117
leaf_count=1313 93 171 1222 22 675 294 350 128 119 48 13 46 11 1117
internal_value=-0.000268589 -0.00115 -0.0021285 0.000435823 -0.00112626 8.16685e-05 0.000878712 0.00261339 0.00424242 0.00742138 0.0100943 0.00121547 0.00552631 0.000884772
internal_weight=5622 2495 1393 3127 697 1102 808 458 330 154 106 176 57 2430
internal_count=5622 2495 1393 3127 697 1102 808 458 330 154 106 176 57 2430
cat_boundaries=0 1 2 3 4
cat_threshold=2154 32 6 133
is_linear=0
shrinkage=0.05


Tree=81
num_leaves=15
num_cat=4
split_feature=21 7 22 21 0 6 6 0 5 0 22 0 9 0
split_gain=1.61881 0.733143 0.808238 0.652328 0.711574 0.580547 0.961037 1.69644 0.573179 0.545098 0.552002 1.46355 0.726643 0.642632
threshold=0 1.0000000180025095e-35 1 2 83.500000000000014 0.78019323671497598 0.73030303030303034 99.500000000000014 2.5000000000000004 102.50000000000001 3 99.500000000000014 48.416666666666679 72.500000000000014
decision_type=9 2 1 9 2 2 2 2 2 2 1 2 2 2
left_child=8 3 5 4 -2 6 -3 -8 -1 10 11 13 -12 -10
right_child=1 2 -4 -5 -6 -7 7 -9 9 -11 12 -13 -14 -15
leaf_value=-0.0093277126070178667 0.0018936261365603533 -5.8059257451326121e-05 -0.0032175164934343269 -0.00039021630993629574 -0.0032816371213510971 -0.0026730830592684987 0.001960044302541486 0.0017933495869907005 0.00042384061316188794 -0.001035802879343004 0.001456657042618276 0.0046875460391801668 0.0055604363680035905 -0.0019630531291184457
leaf_weight=47 78 423 995 1320 29 310 53 9.9999999999999982 332 388 1265 19 13.999999999999998 313
leaf_count=47 78 423 995 1320 29 310 53 10 332 388 1265 19 14 313
internal_value=-0.000523589 -0.00125349 -0.00192909 -0.000409952 0.00325893 -0.000724096 0.000349793 0.00611111 0.000465798 0.000577004 0.000918681 -0.000254112 0.00152258 -0.000658916
internal_weight=5596 3218 1791 1427 107 796 486 63 2378 2331 1943 664 1279 645
internal_count=5596 3218 1791 1427 107 796 486 63 2378 2331 1943 664 1279 645
cat_boundaries=0 1 2 3 4
cat_threshold=98 33 4 2
is_linear=0
shrinkage=0.05


Tree=82
num_leaves=15
num_cat=4
split_feature=21 5 7 22 13 7 6 9 6 22 5 6 21 4
split_gain=1.49966 0.86852 0.645359 1.21242 0.931257 0.940257 0.651076 0.439516 0.660444 0.4168 0.540232 0.64263 0.583582 0.614646
threshold=0 2.5000000000000004 1.0000000180025095e-35 1 2.5000000000000004 1.5000000000000002 0.48529411764705888 24.100000000000005 0.89181286549707617 2 13.500000000000002 0.22649572649572652 3 4.5000000000000009
decision_type=9 2 2 1 2 2 2 2 2 1 2 2 9 2
left_child=2 -2 -1 4 -4 6 -6 8 -5 10 11 -3 13 -13
right_child=1 9 3 7 5 -7 -8 -9 -10 -11 -12 12 -14 -15
leaf_value=-9.6090764304983896e-05 -0.0082815314206160315 0.0013896323679516197 -0.0058647389202196865 0.00077575856516377915 0.0053653349479933811 0.014969344234424496 0.0001514481976221497 -0.00303361718815998 -0.0064367739485765175 0.00058150179069027606 -0.0028342569056839296 -0.0012186544215307519 -0.00078957072194283165 0.0015334639057117015
leaf_weight=959 73 182 49 193 18 12.999999999999998 53 837 69 2140 231 158 384 270
leaf_count=959 73 182 49 193 18 13 53 837 69 2140 231 158 384 270
internal_value=-0.000256708 0.000395003 -0.00127732 -0.00203734 0.00242754 0.00571428 0.0034507 -0.00257699 -0.000801528 0.000512629 -0.000223578 0.000281689 -0.000320198 0.000946881
internal_weight=5629 3438 2191 1232 133 84 71 1099 262 3365 1225 994 812 428
internal_count=5629 3438 2191 1232 133 84 71 1099 262 3365 1225 994 812 428
cat_boundaries=0 1 2 3 4
cat_threshold=1425 32 2 104
is_linear=0
shrinkage=0.05


Tree=83
num_leaves=15
num_cat=3
split_feature=6 21 9 9 23 13 6 21 6 13 9 9 5 5
split_gain=1.43913 1.1102 1.10576 1.54619 1.52096 0.958399 0.835895 0.771388 0.615001 0.597933 0.813763 0.58597 0.493971 0.472656
threshold=0.82843137254901966 0 30.291666666666668 29.875000000000004 1 2.5000000000000004 0.24264705882352944 2 0.16025641025641027 2.5000000000000004 22.366666666666671 26.100000000000005 4.5000000000000009 15.500000000000002
decision_type=2 9 2 2 1 2 2 9 2 2 2 2 2 2
left_child=1 2 3 8 -5 -3 -6 -2 -1 -9 -11 -10 -8 -13
right_child=7 5 -4 4 6 -7 12 9 11 10 -12 13 -14 -15
leaf_value=-0.0042951169179939351 -0.0022960755021672941 -0.0011482148225772195 -0.00015534344726216459 -0.0050031970015881506 0.0001803675352120289 0.00030601053549704976 0.0019187193241350148 -0.0028571101590667346 0.0010575656413165551 -0.0026467620134960905 0.0010777452329425797 0.0030021426509455208 0.0040667223143732029 -0.0027266503273120288
leaf_weight=70 747 1184 672 24 15.999999999999998 1070 17 451 567 82 396 256 46 32
leaf_count=70 747 1184 672 24 16 1070 17 451 567 82 396 256 46 32
internal_value=-0.000222026 0.000298431 0.001261 0.00229572 0.00810679 -0.000429395 0.0114557 -0.00144988 0.00164865 -0.000476447 0.000753137 0.00201754 0.0140476 0.00385417
internal_weight=5630 3954 1700 1028 103 2254 79 1676 925 929 478 855 63 288
internal_count=5630 3954 1700 1028 103 2254 79 1676 925 929 478 855 63 288
cat_boundaries=0 1 2 3
cat_threshold=101 4 1445
is_linear=0
shrinkage=0.05


Tree=84
num_leaves=15
num_cat=4
split_feature=21 0 0 23 9 0 0 5 0 5 5 21 0 23
split_gain=1.70214 0.679463 1.05892 0.801318 0.632492 0.804762 0.606327 0.57736 0.532772 0.505241 0.425512 0.415538 1.0904 0.394076
threshold=0 31.500000000000004 27.500000000000004 1 20.366666666666671 35.500000000000007 78.500000000000014 2.5000000000000004 82.500000000000014 6.5000000000000009 4.5000000000000009 2 72.500000000000014 3
decision_type=9 2 2 1 2 2 2 2 2 2 2 9 2 1
left_child=1 2 9 8 5 -2 13 -5 -3 -1 11 12 -6 -7
right_child=4 3 -4 7 10 6 -8 -9 -10 -11 -12 -13 -14 -15
leaf_value=-0.011291287097719989 -0.005914738662637452 -0.00013354592787226949 0.0037963460896601807 -0.007543014271912063 -0.0020716250087218207 -0.0046070699043931811 -0.0075719978358490441 0.00043159792362290421 -0.0028002049838160253 0.0017767999724591201 -0.0015447649646635458 -0.00092553272917912275 0.021224741797871038 0.0031845675204937307
leaf_weight=37 42 519 47 44 25 28 22 2501 283 17 1734 209 13.999999999999998 118
leaf_count=37 42 519 47 44 25 28 22 2501 283 17 1734 209 14 118
internal_value=-0.000328015 0.000364899 0.00440594 0.0002435 -0.00141557 0.00119047 0.00273809 0.000677798 -0.00113466 -0.000370372 -0.00169526 0.000241934 0.00465909 0.00390411
internal_weight=5640 3448 101 3347 2192 210 168 2545 802 54 1982 248 39 146
internal_count=5640 3448 101 3347 2192 210 168 2545 802 54 1982 248 39 146
cat_boundaries=0 1 2 3 4
cat_threshold=2158 4 256 4
is_linear=0
shrinkage=0.05


Tree=85
num_leaves=15
num_cat=5
split_feature=0 22 21 4 21 23 21 0 0 7 5 5 4 7
split_gain=0.998794 1.16471 0.847382 0.794406 0.730883 0.68372 0.666994 0.651461 0.724277 0.645245 0.624381 0.994536 0.716887 0.576923
threshold=75.500000000000014 0 1 1.5000000000000002 2 3 4 80.500000000000014 78.500000000000014 1.0000000180025095e-35 10.500000000000002 11.500000000000002 2.5000000000000004 1.0000000180025095e-35
decision_type=2 1 9 2 9 1 9 2 2 2 2 2 2 2
left_child=2 3 -1 -2 7 -6 -3 8 -5 -10 -4 -12 -13 -14
right_child=1 6 10 4 5 -7 -8 -9 9 -11 11 12 13 -15
leaf_value=-0.00025504463022791587 -0.005136698334162363 -0.0010319678229806872 0.00026916024100761502 0.0012513922139639633 -0.0052021812622433774 2.4948020866055742e-05 -0.0022623062439930115 0.00048307586322603234 -0.0015708990395889772 0.0071573632316159477 0.0049209830734851185 -0.0061588559169150564 0.0032954105315780116 0.00014473691369786934
leaf_weight=864 226 665 1872 45 126 407 586 415 13.999999999999998 27 58 48 104 156
leaf_count=864 226 665 1872 45 126 407 586 415 14 27 58 48 104 156
internal_value=-0.000216463 -0.000957787 0.000383622 0.000118576 0.000705995 -0.000585503 -0.00203424 0.00206522 0.00604651 0.0108537 0.00089612 0.00278688 0.00165584 0.00269231
internal_weight=5613 2511 3102 1260 1034 533 1251 501 86 41 2238 366 308 260
internal_count=5613 2511 3102 1260 1034 533 1251 501 86 41 2238 366 308 260
cat_boundaries=0 1 2 3 4 5
cat_threshold=33 1281 2117 4 236
is_linear=0
shrinkage=0.05


Tree=86
num_leaves=15
num_cat=5
split_feature=21 0 9 9 22 21 5 6 21 9 4 9 21 5
split_gain=1.03073 0.814857 1.03124 0.925186 0.910936 0.965084 0.669225 0.716695 0.918306 0.607573 1.14056 0.870932 0.599253 0.580231
threshold=0 76.500000000000014 31.416666666666668 27.291666666666668 1 2 2.5000000000000004 0.48529411764705888 3 29.875000000000004 3.5000000000000004 30.291666666666668 4 4.5000000000000009
decision_type=9 2 2 2 1 9 2 2 9 2 2 2 9 2
left_child=-1 2 -2 12 6 9 -5 8 -8 10 -6 -11 13 -3
right_child=1 3 -4 4 5 -7 7 -9 -10 11 -12 -13 -14 -15
leaf_value=0.001290131324445609 0.00040154171128504128 0.012300957974841492 -0.0020394991127814905 -0.010292943823224862 0.0021159132882917499 -0.0037214484733144476 -0.0046120406883301546 0.0019081014467944057 0.003781073313432165 0.0052259722769584698 -0.0045238899053562358 0.00029300884652433293 -0.0036864913904785797 -0.00066500608673414363
leaf_weight=1095 1870 19 782 43 11.999999999999998 278 139 312 73 20 71 99 676 188
leaf_count=1095 1870 19 782 43 12 278 139 312 73 20 71 99 676 188
internal_value=-0.000261583 -0.000590801 -2.26256e-05 -0.00137306 -0.000367718 -0.00195876 0.000987761 0.00148855 -0.000754718 0.000676327 -0.00259036 0.00298319 -0.00256512 -0.000165096
internal_weight=5677 4582 2652 1930 1047 480 567 524 212 202 83 119 883 207
internal_count=5677 4582 2652 1930 1047 480 567 524 212 202 83 119 883 207
cat_boundaries=0 1 2 3 4 5
cat_threshold=64 33 178 155 13
is_linear=0
shrinkage=0.05


Tree=87
num_leaves=15
num_cat=3
split_feature=6 0 23 6 0 9 9 0 9 22 9 23 6 0
split_gain=0.948561 0.94189 0.568034 0.563368 0.97775 0.439744 0.428067 0.56685 0.535472 1.48721 0.666667 0.421363 0.401608 1.04512
threshold=0.87867647058823539 31.500000000000004 0 0.25657894736842107 30.500000000000004 21.775000000000002 27.775000000000002 53.500000000000007 30.291666666666668 1 29.291666666666668 2 0.29285714285714287 85.500000000000014
decision_type=2 2 1 2 2 2 2 2 2 1 2 1 2 2
left_child=2 5 -1 4 -4 -2 7 -6 9 -8 -11 -3 13 -5
right_child=1 11 3 12 6 -7 8 -9 -10 10 -12 -13 -14 -15
leaf_value=-0.00098177147912565819 0.0030612400735460159 -0.0038599401654742967 0.0025333115512386748 -0.0043276685776860724 0.00060808110894943715 0.0010033894234850623 -0.0013434849256310976 -0.0028122542194151299 -0.00085145037331770435 0.011784931194639274 0.0023782285109944668 -0.00077931492313041426 0.00040773474798783859 0.0065846270933677484
leaf_weight=1110 13.000000000000002 420 20 19 88 14.999999999999998 56 320 274 15.000000000000002 9.9999999999999982 1045 2204 18
leaf_count=1110 13 420 20 19 88 15 56 320 274 15 10 1045 2204 18
internal_value=-0.000503822 -0.00158406 -0.000113693 0.000241401 -0.000913156 0.0075 -0.00119921 -0.00230392 7.04213e-05 0.00364197 0.0125 -0.00175768 0.0006448 0.00581081
internal_weight=5627 1493 4134 3024 783 28 763 408 355 81 25 1465 2241 37
internal_count=5627 1493 4134 3024 783 28 763 408 355 81 25 1465 2241 37
cat_boundaries=0 1 2 3
cat_threshold=4 34 4
is_linear=0
shrinkage=0.05


Tree=88
num_leaves=15
num_cat=1
split_feature=0 23 6 6 9 9 9 9 5 2 9 9 9 6
split_gain=1.43963 0.612854 0.494894 0.798289 0.606342 0.792044 0.442469 1.18141 0.706531 0.604058 0.714286 0.8 0.559788 0.482377
threshold=76.500000000000014 0 0.20714285714285716 0.60555555555555574 35.875000000000007 34.550000000000004 30.708333333333339 28.416666666666668 6.5000000000000009 1.5000000000000002 23.875000000000004 21.775000000000002 27.291666666666668 0.55050505050505061
decision_type=2 1 2 2 2 2 2 2 2 2 2 2 2 2
left_child=-1 -2 -3 4 5 6 7 8 9 10 11 -4 -12 -9
right_child=1 2 3 -5 -6 -7 -8 13 -10 -11 12 -13 -14 -15
leaf_value=8.6026660335477222e-05 -0.0028211462536861564 -0.0028896806193274842 -0.0012249635803680257 -0.0012520903967458109 -0.0031214069291767834 0.0027279679179761009 -0.00094244560221133753 0.0040181055975346269 -0.00097671328363533108 0.0059766015271329222 -0.0035970641045925825 0.01010694809334424 0.0076194810866809437 0.0097543718746326349
leaf_weight=3180 648 220 10.000000000000002 899 97 18 120 72 199 22 54 9.9999999999999982 15.999999999999998 22
leaf_count=3180 648 220 10 899 97 18 120 72 199 22 54 10 16 22
internal_value=-0.000525328 -0.00144786 -0.000963617 -0.000646525 0.000703124 0.00135359 0.000999999 0.00179012 0.000305465 0.00348214 0.00166667 0.01 -0.000714287 0.00670213
internal_weight=5587 2407 1759 1539 640 543 525 405 311 112 90 20 70 94
internal_count=5587 2407 1759 1539 640 543 525 405 311 112 90 20 70 94
cat_boundaries=0 1
cat_threshold=4
is_linear=0
shrinkage=0.05


Tree=89
num_leaves=15
num_cat=5
split_feature=23 0 21 9 6 0 21 0 0 6 23 6 4 21
split_gain=1.41053 0.885566 0.817239 0.656561 0.60726 0.669905 1.0515 0.800246 1.44329 0.72 0.52255 0.491133 0.498634 1.05723
threshold=0 77.500000000000014 1 16.583333333333339 0.75735294117647067 63.500000000000007 2 58.500000000000007 60.500000000000007 0.59411764705882364 3 0.24264705882352944 4.5000000000000009 4
decision_type=1 2 9 2 2 2 9 2 2 2 1 2 2 9
left_child=1 -1 3 -2 5 6 -4 10 -9 -10 -8 -7 13 -13
right_child=2 -3 4 -5 -6 11 7 8 9 -11 -12 12 -14 -15
leaf_value=-0.00062514472685060727 0.0027071378378540189 -0.0035866263915189977 -6.1586227125332013e-05 0.00067325374348837239 -0.00085216597499253354 -0.0029447465723350117 0.0017474282527913207 0.0032722128049311829 -0.00017226896404946604 0.00082441196979397705 -0.00085269329858494189 0.0087571245454004295 -0.00028928411420999487 2.448695019467706e-05
leaf_weight=926 10.999999999999998 647 234 1394 1035 301 165 24 40 9.9999999999999982 114 59 310 352
leaf_count=926 11 647 234 1394 1035 301 165 24 40 10 114 59 310 352
internal_value=-0.000455355 -0.001726 3.82799e-05 0.00101064 -0.000479427 0.000127407 0.00147359 0.00317039 0.00783784 0.003 0.00198925 -0.000645794 6.24121e-05 0.00120438
internal_weight=5622 1573 4049 1405 2644 1609 587 353 74 50 279 1022 721 411
internal_count=5622 1573 4049 1405 2644 1609 587 353 74 50 279 1022 721 411
cat_boundaries=0 1 2 3 4 5
cat_threshold=4 100 3 8 1
is_linear=0
shrinkage=0.05


Tree=90
num_leaves=15
num_cat=2
split_feature=21 1 7 21 13 6 13 7 5 6 6 6 6 7
split_gain=1.03091 0.820914 0.799624 0.739582 0.784298 0.461504 0.448238 0.487616 1.51992 0.590587 0.355363 0.740421 0.449475 0.72979
threshold=0 3.5000000000000004 1.0000000180025095e-35 1 1.0000000180025095e-35 0.78019323671497598 2.5000000000000004 1.0000000180025095e-35 17.500000000000004 0.12916666666666668 0.36931818181818188 0.38675213675213682 0.67543859649122817 1.0000000180025095e-35
decision_type=9 2 2 9 2 2 2 2 2 2 2 2 2 2
left_child=1 6 -2 4 -3 -4 7 8 9 -1 -8 -12 13 -13
right_child=2 3 5 -5 -6 -7 10 -9 -10 -11 11 12 -14 -15
leaf_value=0.0063240873274593868 -0.00011601613160972527 -0.0019330114922475094 -0.00070980713898229552 -0.0049604953784828203 0.0017550715008413404 -0.0043930471510710131 -0.00057364540369237349 -0.001060002331159722 0.0068158801279301967 1.9395343785386216e-05 0.0033217994005266499 -0.00032872089942789415 0.00037320351036740471 0.002354397006305309
leaf_weight=28 921 56 817 362 132 450 384 697 9.9999999999999982 716 9.9999999999999982 141 638 295
leaf_count=28 921 56 817 362 132 450 384 697 10 716 10 141 638 295
internal_value=-0.000492312 4.4616e-05 -0.00134063 -0.00172727 0.000829014 -0.00215864 0.000378553 -0.00024466 0.000636604 0.000376343 0.000994549 0.00145756 0.00133147 0.00256881
internal_weight=5657 3469 2188 550 188 1267 2919 1451 754 744 1468 1084 1074 436
internal_count=5657 3469 2188 550 188 1267 2919 1451 754 744 1468 1084 1074 436
cat_boundaries=0 1 2
cat_threshold=2170 72
is_linear=0
shrinkage=0.05


Tree=91
num_leaves=15
num_cat=4
split_feature=21 0 9 9 7 2 22 0 21 6 1 9 5 21
split_gain=1.33462 1.0197 0.890681 0.651221 0.682411 0.669273 0.7223 0.800563 0.585494 0.580034 0.695796 0.488122 0.803365 1.55011
threshold=0 77.500000000000014 27.100000000000005 31.708333333333339 1.0000000180025095e-35 1.5000000000000002 1 81.500000000000014 2 0.44097222222222227 1.5000000000000002 34.125000000000007 6.5000000000000009 3
decision_type=9 2 2 2 2 2 1 2 9 2 2 2 2 9
left_child=3 9 8 4 5 6 -1 -8 -3 10 -2 12 -4 -14
right_child=1 2 11 -5 -6 -7 7 -9 -10 -11 -12 -13 13 -15
leaf_value=-0.0013563541553178737 0.0037005944522012293 8.8751482172534787e-05 0.002826417938128262 -0.0022756082878379004 -0.00088406767081024512 0.0094228411509381781 0.00092886860170923204 -0.0017821492697643042 -0.0030969904185883979 0.0004973359443568423 0.00084113881597382514 -0.0011099406799389214 0.0031899954330949967 -0.00093805125013536193
leaf_weight=80 136 169 272 511 926 43 417 149 356 1335 498 338 48 352
leaf_count=80 136 169 272 511 926 43 417 149 356 1335 498 338 48 352
internal_value=-0.000106573 0.000493017 -0.000472314 -0.00109338 -0.000603716 0.000587807 0.000185757 0.000823116 -0.00214286 0.00124682 0.00249211 0.000396038 0.00117559 -0.000250001
internal_weight=5630 3504 1535 2126 1615 689 646 566 525 1969 634 1010 672 400
internal_count=5630 3504 1535 2126 1615 689 646 566 525 1969 634 1010 672 400
cat_boundaries=0 1 2 3 4
cat_threshold=1413 32 72 32
is_linear=0
shrinkage=0.05


Tree=92
num_leaves=15
num_cat=3
split_feature=0 0 6 6 21 0 4 0 0 21 21 0 4 4
split_gain=1.10913 1.69988 1.16628 2.80152 1.1136 1.05991 0.515428 0.509922 0.829166 0.454866 0.45436 0.47281 0.608189 0.430149
threshold=31.500000000000004 28.500000000000004 0.48529411764705888 0.32291666666666669 0 75.500000000000014 2.5000000000000004 143.50000000000003 139.50000000000003 1 2 43.500000000000007 8.5000000000000018 13.500000000000002
decision_type=2 2 2 2 9 2 2 2 2 9 9 2 2 2
left_child=1 -1 3 -3 7 10 -4 8 13 -7 -6 12 -12 -2
right_child=4 2 6 -5 5 9 -8 -9 -10 -11 11 -13 -14 -15
leaf_value=-0.001139591523208968 0.00048322399751977844 0.0019294373950798863 -0.0010808458362862833 0.0027123416426901793 -0.00068039517287852831 -0.00049370021420067631 0.0021734024620357205 -0.0068102507867067999 0.00077762162299780096 -0.003152320813392315 0.0021518738931592145 3.3056594274532602e-05 0.0026509183075321238 -0.0029754530966682406
leaf_weight=93 1838 33 14.999999999999998 14.999999999999998 829 685 31 56 13.999999999999998 840 171 946 13.999999999999998 49
leaf_count=93 1838 33 15 15 829 685 31 56 14 840 171 946 14 49
internal_value=-0.00023006 0.00355615 0.00829787 0.01375 -0.000360163 -0.000895417 0.00260869 0.000593781 0.000733823 -0.00188525 -0.000127552 0.000523766 0.00283784 0.000643878
internal_weight=5629 187 94 48 5442 3485 46 1957 1901 1525 1960 1131 185 1887
internal_count=5629 187 94 48 5442 3485 46 1957 1901 1525 1960 1131 185 1887
cat_boundaries=0 1 2 3
cat_threshold=108 3 1281
is_linear=0
shrinkage=0.05


Tree=93
num_leaves=15
num_cat=2
split_feature=13 1 22 9 9 9 5 9 1 6 21 5 13 9
split_gain=0.930242 0.96569 0.886016 0.8021 0.76525 0.767338 0.654316 0.863354 1.01659 0.941327 0.708018 0.703524 0.601858 0.6
threshold=2.5000000000000004 3.5000000000000004 0 27.583333333333339 15.16666666666667 27.291666666666668 4.5000000000000009 26.775000000000002 1.5000000000000002 0.65686274509803932 1 14.500000000000002 1.0000000180025095e-35 21.291666666666668
decision_type=2 2 1 2 2 2 2 2 2 2 9 2 2 2
left_child=1 2 6 -4 -2 -6 7 9 -9 -1 11 -8 13 -11
right_child=4 -3 3 -5 5 -7 10 8 -10 12 -12 -13 -14 -15
leaf_value=0.0010767580223087516 0.0034150619341604682 -0.0041347684193755842 -1.2366439384637173e-05 -0.0024853004302713318 -0.00025900379321062744 0.00061939443713807725 0.0012167515634511055 0.0035354380650790269 -0.001392312323024094 0.0015811126809968025 -0.0013998522414260114 0.0046471801177393598 0.0024137065541177702 0.0080679733521952009
leaf_weight=52 14.999999999999998 467 581 705 1327 1378 407 48 122 10.000000000000002 417 24 38 20
leaf_count=52 15 467 581 705 1327 1378 407 48 122 10 417 24 38 20
internal_value=-0.000259313 -0.000883778 -0.000482674 -0.00137878 0.000404411 0.000341958 0.000533682 0.00258621 0.000294116 0.00583333 -0.000165096 0.00125 0.00970588 0.015
internal_weight=5611 2891 2424 1286 2720 2705 1138 290 170 120 848 431 68 30
internal_count=5611 2891 2424 1286 2720 2705 1138 290 170 120 848 431 68 30
cat_boundaries=0 1 2
cat_threshold=5 110
is_linear=0
shrinkage=0.05


Tree=94
num_leaves=15
num_cat=2
split_feature=21 1 0 9 9 0 0 4 0 6 6 6 9 22
split_gain=0.759646 0.768582 0.533215 0.690928 0.403423 0.852358 0.663813 0.453061 0.419645 0.681733 0.822033 0.414135 0.625108 0.397059
threshold=0 3.5000000000000004 109.50000000000001 35.875000000000007 41.100000000000009 127.50000000000001 75.500000000000014 4.5000000000000009 92.500000000000014 0.24264705882352944 0.39444444444444454 0.32291666666666669 26.550000000000004 1
decision_type=9 2 2 2 2 2 2 2 2 2 2 2 2 1
left_child=4 -2 -3 13 5 6 -1 8 9 -8 11 -11 -13 -4
right_child=1 2 3 -5 -6 -7 7 -9 -10 10 -12 12 -14 -15
leaf_value=-0.00011722102945220285 0.00028229179783571481 -0.003556791053631111 -0.0096192304647620078 -0.0079820202539498883 -0.0034169990639911774 0.0019057639121034149 -0.0037729664925221333 -0.0041585744040943517 -0.004030889306920072 0.0014068013480749979 -1.8106548775362645e-05 0.00019324180132752119 0.013725265151869054 0.00023210184822446413
leaf_weight=969 3110 362 33 64 143 33 99 369 114 12.999999999999998 75 10.000000000000002 10.999999999999998 167
leaf_count=969 3110 362 33 64 143 33 99 369 114 13 75 10 11 167
internal_value=-0.000217158 0.000192461 -0.00140575 0.000303029 -0.00104834 -0.000835796 -0.000993977 -0.002178 -0.000807455 0.000528845 0.00325688 0.00970588 0.0140476 0.00175
internal_weight=5572 3736 626 264 1836 1693 1660 691 322 208 109 34 21 200
internal_count=5572 3736 626 264 1836 1693 1660 691 322 208 109 34 21 200
cat_boundaries=0 1 2
cat_threshold=1409 2
is_linear=0
shrinkage=0.05


Tree=95
num_leaves=15
num_cat=5
split_feature=23 0 0 6 4 6 9 21 22 21 22 9 6 5
split_gain=1.04705 1.12583 0.825817 1.0055 0.827079 0.702177 0.591213 0.54533 0.681449 0.507799 0.492797 1.84325 1.25 0.499899
threshold=0 80.500000000000014 31.500000000000004 0.9772727272727274 1.5000000000000002 0.87867647058823539 15.16666666666667 1 2 3 4 46.833333333333336 0.56696428571428581 13.500000000000002
decision_type=1 2 2 2 2 2 2 9 1 9 1 2 2 2
left_child=1 2 3 4 -1 6 -2 -7 -9 -4 13 -12 -13 -8
right_child=5 -3 9 -5 -6 7 10 8 -10 -11 11 12 -14 -15
leaf_value=0.011518720665224984 0.0024248959740879707 -0.003638011546033498 -0.0011862650435715766 0.0039054769433469016 -0.0036350622777454825 -0.0015609617953613155 0.00071083428670443778 0.0040468374950818377 -0.00024848418659308076 -9.6222166303508414e-06 -0.00016807897203099389 0.0021595708509840341 0.0022378658645360277 -0.0016794500011265536
leaf_weight=14.999999999999998 11.999999999999998 481 325 9.9999999999999982 26 439 1913 44 590 695 792 18.000000000000004 11.999999999999998 258
leaf_count=15 12 481 325 10 26 439 1913 44 590 695 792 18 12 258
internal_value=-0.000222026 -0.00132732 -0.000424838 0.00578431 0.00231707 0.000198626 0.000590681 -0.000899349 4.69472e-05 -0.000735295 0.000546273 -0.000495769 0.0116667 0.000939797
internal_weight=5630 1552 1071 51 41 4078 3005 1073 634 1020 2993 822 30 2171
internal_count=5630 1552 1071 51 41 4078 3005 1073 634 1020 2993 822 30 2171
cat_boundaries=0 1 2 3 4 5
cat_threshold=4 1418 4 2312 3
is_linear=0
shrinkage=0.05


Tree=96
num_leaves=15
num_cat=1
split_feature=6 0 21 5 9 6 13 0 9 0 0 0 0 6
split_gain=0.982952 0.917515 0.560501 0.730629 0.997729 0.808824 0.61907 0.65321 0.626601 0.594294 0.576477 0.659927 0.654681 0.659341
threshold=0.82843137254901966 31.500000000000004 0 5.5000000000000009 47.833333333333336 0.70294117647058829 2.5000000000000004 139.50000000000003 30.291666666666668 91.500000000000014 78.500000000000014 74.500000000000014 76.500000000000014 0.24264705882352944
decision_type=2 2 9 2 2 2 2 2 2 2 2 2 2 2
left_child=2 -2 6 -4 10 -6 8 -8 9 -1 11 -5 13 -13
right_child=1 -3 3 4 5 -7 7 -9 -10 -11 -12 12 -14 -15
leaf_value=0.00050584296348338482 0.0024580059984523508 -0.00094002771566494307 0.0011661931504410349 0.00018789609587217189 0.0011953778917568594 0.0026647881096200105 0.00014244539642269539 0.0026378663411506416 -0.0032310428020394934 -0.0060142079575606754 -0.00031239144093255628 0.0038194242058856584 0.0001754757031979 0.0043153020195032489
leaf_weight=490 33 1635 953 652 34 9.9999999999999982 757 15.999999999999998 300 79 640 9.9999999999999982 47 42
leaf_count=490 33 1635 953 652 34 10 757 16 300 79 640 10 47 42
internal_value=-0.000112321 -0.00113309 0.000310173 0.00079816 8.71068e-05 0.0075 -0.00040073 0.000627424 -0.00131761 -0.000342708 -0.000147377 0.000792276 0.00459596 0.00846154
internal_weight=5698 1668 4030 2388 1435 44 1642 773 869 569 1391 751 99 52
internal_count=5698 1668 4030 2388 1435 44 1642 773 869 569 1391 751 99 52
cat_boundaries=0 1
cat_threshold=1441
is_linear=0
shrinkage=0.05


Tree=97
num_leaves=15
num_cat=2
split_feature=23 4 9 4 7 6 22 9 6 6 4 7 4 9
split_gain=0.88892 0.576672 0.609634 0.571125 0.524174 0.507925 0.466342 0.768016 0.397156 0.812698 0.412088 0.368249 0.343207 0.333014
threshold=0 7.5000000000000009 22.583333333333339 4.5000000000000009 1.0000000180025095e-35 0.24264705882352944 1 25.416666666666668 0.72474747474747481 0.91287878787878796 8.5000000000000018 1.5000000000000002 12.500000000000002 43.166666666666679
decision_type=1 2 2 2 2 2 1 2 2 2 2 2 2 2
left_child=3 2 5 11 6 -2 8 12 10 -10 -3 -1 -8 -4
right_child=1 4 13 -5 -6 -7 7 -9 9 -11 -12 -13 -14 -15
leaf_value=-9.0911524937443175e-05 -0.0030604034752587037 0.0066351350636817191 0.00026602406192167982 -0.0025614021874198478 -0.0012141306071589083 -0.00012962218641780044 0.0026278369607132769 -0.0036765480746791829 0.0046384693788806084 -0.0011473658055638524 -0.0054342143907619165 -0.00242281042779296 -0.0053422750086220298 -0.0014800894346042705
leaf_weight=768 111 13.999999999999998 2412 666 504 507 77 166 45 35 25 111 11.999999999999998 179
leaf_count=768 111 14 2412 666 504 507 77 166 45 35 25 111 12 179
internal_value=-0.000321379 6.48385e-05 0.000375505 -0.00134304 -0.00107062 -0.0010356 0.000347592 -0.000865386 0.0028629 0.005 -0.00115385 -0.000506258 0.00286517 0.000712079
internal_weight=5632 4087 3209 1545 878 618 374 255 119 80 39 879 89 2591
internal_count=5632 4087 3209 1545 878 618 374 255 119 80 39 879 89 2591
cat_boundaries=0 1 2
cat_threshold=4 36
is_linear=0
shrinkage=0.05


Tree=98
num_leaves=15
num_cat=2
split_feature=21 0 0 0 6 6 6 9 0 9 21 9 13 5
split_gain=1.19795 0.650446 0.485637 0.42383 0.647093 0.403616 0.452278 0.799637 0.721695 0.61718 0.7314 1.5092 0.847016 1.73558
threshold=0 75.500000000000014 166.00000000000003 114.50000000000001 0.32291666666666669 0.82843137254901966 0.25657894736842107 18.416666666666668 29.500000000000004 23.100000000000005 1 19.775000000000002 2.5000000000000004 7.5000000000000009
decision_type=9 2 2 2 2 2 2 2 2 2 9 2 2 2
left_child=1 -1 5 -3 -5 6 8 -8 -2 10 -9 -12 13 -13
right_child=2 3 -4 4 -6 -7 7 9 -10 -11 11 12 -14 -15
leaf_value=-0.00040055527551682786 0.013752367638373692 -0.0030529929632632622 -0.0073486101968068306 0.0028931305260194353 -0.002190720322487781 -0.00024095433203996997 -0.0026550525924773222 0.00089070195352888284 -0.00040793661511382231 0.00027135950436711517 0.019967870201092201 0.0058919078337800676 0.0016957527487327581 0.0018872232169479164
leaf_weight=1107 11.999999999999998 647 44 23 51 1125 54 145 675 1661 9.9999999999999982 15.999999999999998 61 36
leaf_count=1107 12 647 44 23 51 1125 54 145 675 1661 10 16 61 36
internal_value=-0.000279691 -0.00133115 0.000222423 -0.00250347 0.00108108 0.000283266 0.000617976 0.00100101 -0.000487629 0.001169 0.00339552 0.00613281 0.00473451 0.00942308
internal_weight=5667 1828 3839 721 74 3795 2670 1983 687 1929 268 123 113 52
internal_count=5667 1828 3839 721 74 3795 2670 1983 687 1929 268 123 113 52
cat_boundaries=0 1 2
cat_threshold=3456 43
is_linear=0
shrinkage=0.05


Tree=99
num_leaves=15
num_cat=6
split_feature=1 21 21 5 23 9 21 6 21 5 9 6 9 22
split_gain=0.901236 0.843235 0.651774 0.577326 0.451944 0.436151 0.501822 0.507612 0.495929 0.481358 0.558647 0.461538 0.40611 1.17479
threshold=3.5000000000000004 0 1 2.5000000000000004 2 32.583333333333336 3 0.35504201680672276 4 9.5000000000000018 23.291666666666668 0.74166666666666681 47.500000000000007 5
decision_type=2 9 9 2 1 2 9 2 9 2 2 2 2 1
left_child=2 -2 4 -4 5 6 9 8 -8 10 -1 -12 -5 -14
right_child=1 -3 3 12 -6 -7 7 -9 -10 -11 11 -13 13 -15
leaf_value=-0.0047659809466070102 0.00062568159677527286 -0.0038416283956727651 -0.0071058136292677628 0.00028150440371575123 -6.8009065543517275e-05 -0.003094265991116796 0.0034058086868750774 -0.0026973513914966118 -0.0064529027840287551 -0.0040371585855027738 0.0033198039072665068 0.00045635192859920379 0.0080730203447888348 0.00062051853182288794
leaf_weight=15.999999999999998 240 644 64 2787 1224 162 56 207 26 45 39 39 10 87
leaf_count=16 240 644 64 2787 1224 162 56 207 26 45 39 39 10 87
internal_value=-0.000253278 -0.00171946 1.88984e-05 0.000477479 -0.000725675 -0.00186441 -0.00102804 -0.00219388 0.00109756 0.00142361 0.00351064 0.00525641 0.000582523 0.00376289
internal_weight=5646 884 4762 2948 1814 590 428 289 82 139 94 78 2884 97
internal_count=5646 884 4762 2948 1814 590 428 289 82 139 94 78 2884 97
cat_boundaries=0 1 2 3 4 5 6
cat_threshold=76 1413 4 1 260 4
is_linear=0
shrinkage=0.05


end of trees

feature_importances:
total_area=271
area_per_room=194
district_slug=182
total_floors=166
floor_ratio=145
building_type=134
floor=78
condition=68
condition_rank=65
balcony_count=38
rooms=29
bathrooms=16
has_elevator=6
is_top_floor=6
is_ground_floor=2

parameters:
[boosting: gbdt]
[objective: quantile]
[metric: quantile]
[tree_learner: serial]
[device_type: cpu]
[data_sample_strategy: bagging]
[data: ]
[valid: ]
[num_iterations: 100]
[learning_rate: 0.05]
[num_leaves: 15]
[num_threads: 0]
[seed: 20260914]
[deterministic: 1]
[force_col_wise: 0]
[force_row_wise: 1]
[histogram_pool_size: -1]
[max_depth: -1]
[min_data_in_leaf: 10]
[min_sum_hessian_in_leaf: 0.001]
[bagging_fraction: 0.8]
[pos_bagging_fraction: 1]
[neg_bagging_fraction: 1]
[bagging_freq: 1]
[bagging_seed: 21650]
[bagging_by_query: 0]
[feature_fraction: 0.8]
[feature_fraction_bynode: 1]
[feature_fraction_seed: 15284]
[extra_trees: 0]
[extra_seed: 16932]
[early_stopping_round: 0]
[early_stopping_min_delta: 0]
[first_metric_only: 0]
[max_delta_step: 0]
[lambda_l1: 0]
[lambda_l2: 0]
[linear_lambda: 0]
[min_gain_to_split: 0]
[drop_rate: 0.1]
[max_drop: 50]
[skip_drop: 0.5]
[xgboost_dart_mode: 0]
[uniform_drop: 0]
[drop_seed: 13907]
[top_rate: 0.2]
[other_rate: 0.1]
[min_data_per_group: 5]
[max_cat_threshold: 32]
[cat_l2: 5]
[cat_smooth: 5]
[max_cat_to_onehot: 4]
[top_k: 20]
[monotone_constraints: ]
[monotone_constraints_method: basic]
[monotone_penalty: 0]
[feature_contri: ]
[forcedsplits_filename: ]
[refit_decay_rate: 0.9]
[cegb_tradeoff: 1]
[cegb_penalty_split: 0]
[cegb_penalty_feature_lazy: ]
[cegb_penalty_feature_coupled: ]
[path_smooth: 0]
[interaction_constraints: ]
[verbosity: -1]
[saved_feature_importance_type: 0]
[use_quantized_grad: 0]
[num_grad_quant_bins: 4]
[quant_train_renew_leaf: 0]
[stochastic_rounding: 1]
[linear_tree: 0]
[max_bin: 255]
[max_bin_by_feature: ]
[min_data_in_bin: 3]
[bin_construct_sample_cnt: 200000]
[data_random_seed: 5066]
[is_enable_sparse: 1]
[enable_bundle: 1]
[use_missing: 1]
[zero_as_missing: 0]
[feature_pre_filter: 1]
[pre_partition: 0]
[two_round: 0]
[header: 0]
[label_column: ]
[weight_column: ]
[group_column: ]
[ignore_column: ]
[categorical_feature: 21,22,23,24,25]
[forcedbins_filename: ]
[precise_float_parser: 0]
[parser_config_file: ]
[objective_seed: 9939]
[num_class: 1]
[is_unbalance: 0]
[scale_pos_weight: 1]
[sigmoid: 1]
[boost_from_average: 1]
[reg_sqrt: 0]
[alpha: 0.9]
[fair_c: 1]
[poisson_max_delta_step: 0.7]
[tweedie_variance_power: 1.5]
[lambdarank_truncation_level: 30]
[lambdarank_norm: 1]
[label_gain: ]
[lambdarank_position_bias_regularization: 0]
[eval_at: ]
[multi_error_top_k: 1]
[auc_mu_weights: ]
[num_machines: 1]
[local_listen_port: 12400]
[time_out: 120]
[machine_list_filename: ]
[machines: ]
[gpu_platform_id: -1]
[gpu_device_id: -1]
[gpu_device_id_list: ]
[gpu_use_dp: 0]
[num_gpu: 1]

end of parameters

pandas_categorical:[["ajapnyak", "arabkir", "avan", "davtashen", "erebuni", "kanaker-zeytun", "kentron", "malatia-sebastia", "nor-nork", "nork-marash", "nubarashen", "shengavit"], ["STONE", "PANEL", "MONOLITH", "KHRUSHCHYOVKA", "STALINKA", "NEW_BUILD"], ["NEEDS_REPAIR", "OLD_RENOVATION", "GOOD", "EURO_RENOVATION", "DESIGNER"], ["CENTRAL_GAS", "INDIVIDUAL_GAS_BOILER", "ELECTRIC", "NONE"], ["VERIFIED", "UNVERIFIED"]]
