tree
version=v4
num_class=1
num_tree_per_iteration=1
label_index=0
max_feature_idx=25
objective=quantile
feature_names=total_area rooms bathrooms ceiling_height floor total_floors floor_ratio balcony_count building_age area_per_room living_ratio kitchen_ratio distance_to_centre_m condition_rank has_loggia has_parking has_storage has_elevator seismic_retrofit is_ground_floor is_top_floor district_slug building_type condition heating ownership_docs
feature_infos=[11:292] [1:6] [1:3] none [1:32] [1:32] [0.0625:1] [0:3] none [11:97] none none none [0:3] none none none [0:1] none [0:1] [0:1] -1:6:1:8:0:11:7:5:4:2:3:10 -1:1:0:5:2 -1:3:2:0 none none
tree_sizes=1382 1508 1461 1451 1458 1461 1462 1525 1488 1455 1501 1473 1541 1486 1468 1502 1519 1529 1509 1512 1517 1450 1492 1454 1427 1489 1466 1502 1476 1484 1450 1501 1488 1536 1486 1493 1471 1554 1504 1474 1494 1491 1489 1513 1506 1493 1532 1548 1520 1446 1472 1458 1480 1470 1480 1487 1509 1484 1508 1508 1470 1495 1519 1518 1468 1561 1465 1479 1527 1532 1496 1477 1527 1492 1498 1478 1494 1537 1588 1486 1517 1505 1450 1486 1485 1506 1564 1555 1534 1544 1520 1525 1502 1555 1511 1500 1542 1571 1545 1505

Tree=0
num_leaves=15
num_cat=2
split_feature=21 0 13 6 21 13 5 0 5 9 5 19 5 0
split_gain=24.3259 39.6499 13.2175 7.73721 6.89856 6.86781 4.93277 4.31571 3.88812 3.76157 3.94894 3.55087 2.9127 2.73458
threshold=0 85.500000000000014 2.5000000000000004 0.93541666666666679 1 2.5000000000000004 2.5000000000000004 66.500000000000014 3.5000000000000004 41.291666666666679 15.500000000000002 1.0000000180025095e-35 15.500000000000002 101.50000000000001
decision_type=9 2 2 2 9 2 2 2 2 2 2 2 2 2
left_child=6 4 3 11 -2 7 -1 8 -6 10 -4 -3 -9 -5
right_child=1 2 9 13 5 -7 -8 12 -10 -11 -12 -13 -14 -15
leaf_value=12.715429411753821 12.725650849464007 12.732321677315969 12.736974334914967 12.726562957788245 12.717608766800456 12.744838571548462 12.749438524246216 12.737380409240723 12.741085815429688 12.712956571611759 12.729108762829664 12.714781141683011 12.73252224923878 12.702502637062919
leaf_weight=45 20 254 263 63 37 1082 2428 525 676 11.999999999999998 28 71 41 52
leaf_count=45 20 254 263 63 37 1082 2428 525 676 12 28 71 41 52
internal_value=12.7399 12.737 12.7269 12.7213 12.7401 12.7404 12.7436 12.7379 12.7405 12.7349 12.736 12.7253 12.7346 12.7102
internal_weight=5597 3124 743 440 2381 2361 2473 1279 713 303 291 325 566 115
internal_count=5597 3124 743 440 2381 2361 2473 1279 713 303 291 325 566 115
cat_boundaries=0 1 2
cat_threshold=78 1024
is_linear=0
shrinkage=1


Tree=1
num_leaves=15
num_cat=1
split_feature=5 21 1 5 13 5 13 1 9 4 9 9 5 20
split_gain=22.6809 18.6905 18.5373 7.31856 6.46849 4.91593 4.53171 3.27082 4.28663 3.06308 3.02518 2.98836 2.50349 2.0756
threshold=2.5000000000000004 0 3.5000000000000004 15.500000000000002 2.5000000000000004 1.5000000000000002 2.5000000000000004 2.5000000000000004 32.291666666666679 14.500000000000002 23.708333333333339 38.583333333333336 14.500000000000002 1.0000000180025095e-35
decision_type=2 9 2 2 2 2 2 2 2 2 2 2 2 2
left_child=5 -2 3 6 10 -1 7 -3 -9 -5 -4 -7 13 -12
right_child=1 2 4 9 -6 11 -8 8 -10 -11 12 -13 -14 -15
leaf_value=-0.028448825382528933 0.012362973923778497 0.0010061068224895724 -0.0058810011994689052 -0.0026335780498117248 -0.0043353414230153046 -0.025198236954524767 0.0044101300718745887 -0.0021548438464039444 -0.013408856370417055 -0.013791619898339403 -0.0098426508949056146 -0.03194747937576059 -0.015763925166774755 -0.015629558786508024
leaf_weight=46 2133 743 139 143 234 62 1198 632 67 33 96 13.999999999999998 9.9999999999999982 33
leaf_count=46 2133 743 139 143 234 62 1198 632 67 33 96 14 10 33
internal_value=9.22445e-05 0.000568577 -0.00177318 -0.000184659 -0.0105273 -0.0212295 0.000473485 -0.0014147 -0.00386981 -0.0100568 -0.0156835 -0.0134211 -0.0208993 -0.019031
internal_weight=5583 5461 3328 2816 512 122 2640 1442 699 176 278 76 139 129
internal_count=5583 5461 3328 2816 512 122 2640 1442 699 176 278 76 139 129
cat_boundaries=0 1
cat_threshold=74
is_linear=0
shrinkage=0.05


Tree=2
num_leaves=15
num_cat=3
split_feature=21 1 23 23 4 9 1 9 6 4 17 6 6 9
split_gain=23.0206 26.2983 8.13642 7.4232 7.53407 5.98332 3.88769 3.61161 2.52087 2.30065 2.08035 2.04057 1.9813 1.86214
threshold=0 3.5000000000000004 1 2 12.500000000000002 26.550000000000004 2.5000000000000004 32.291666666666679 0.19375000000000003 8.5000000000000018 1.0000000180025095e-35 0.93541666666666679 0.78759398496240618 33.291666666666679
decision_type=9 2 1 1 2 2 2 2 2 2 2 2 2 2
left_child=-1 3 8 -2 6 11 -5 -8 -3 -10 -7 -4 -9 -6
right_child=1 2 5 4 13 10 7 12 9 -11 -12 -13 -14 -15
leaf_value=0.0085261455657434492 0.0033472583295620418 -0.015964196346210269 -0.0075195435714499942 0.00024252989447122176 -0.0095710344199315678 -0.036644219247440157 -0.0031982937468720608 -0.011589238008798634 -0.0022114074152995811 -0.0080634934334257845 -0.01298777513420586 -0.01482945125080698 -0.015358559994603064 -0.01593957838302016
leaf_weight=2498 1190 20 155 718 29 54 618 56 153 34 29 57 23 11.999999999999998
leaf_count=2498 1190 20 155 718 29 54 618 56 153 34 29 57 23 12
internal_value=0.000111584 -0.00273073 -0.0132271 -0.00074452 -0.00313874 -0.0185593 -0.0025265 -0.00518651 -0.00562802 -0.00382353 -0.0299398 -0.0141038 -0.0152532 -0.0242683
internal_weight=5646 3148 502 2646 1456 295 1415 697 207 187 83 212 79 41
internal_count=5646 3148 502 2646 1456 295 1415 697 207 187 83 212 79 41
cat_boundaries=0 1 2 3
cat_threshold=78 8 8
is_linear=0
shrinkage=0.05


Tree=3
num_leaves=15
num_cat=3
split_feature=21 0 13 21 9 4 4 6 13 0 21 4 0 13
split_gain=19.5939 28.9586 8.40016 7.41429 7.14206 5.41258 4.59448 3.96733 3.89379 2.96586 2.5119 2.48219 2.00904 1.9509
threshold=0 88.500000000000014 2.5000000000000004 1 41.291666666666679 14.500000000000002 1.5000000000000002 0.93541666666666679 2.5000000000000004 68.500000000000014 2 8.5000000000000018 101.50000000000001 2.5000000000000004
decision_type=9 2 2 9 2 2 2 2 2 2 9 2 2 2
left_child=-1 3 6 -2 10 8 -3 -8 9 -5 11 -4 -9 -7
right_child=1 2 4 5 -6 13 7 12 -10 -11 -12 -13 -14 -15
leaf_value=0.011303802520854679 -0.01314351067495049 -0.022288389536177022 -0.012632507057316465 0.00079938400865812119 -0.023244811917595639 -0.014246479379104749 -0.0065048282844327012 -0.011054026774452167 0.0040421240389270814 -0.0030816351272839517 0.00020081287426835823 -0.011325236271790804 -0.029608614945107248 -0.0044639273921731615
leaf_weight=2188 19 74 72 868 17 14 246 60 1205 617 210 17 38 15
leaf_count=2188 19 74 72 868 17 14 246 60 1205 617 210 17 38 15
internal_value=0.000353357 -0.00198159 -0.0108038 0.000379839 -0.0046519 0.000622247 -0.0154545 -0.0130233 0.000855019 -0.000858586 -0.00285953 -0.00962766 -0.0215306 -0.0208621
internal_weight=5660 3472 734 2738 316 2719 418 344 2690 1485 299 89 98 29
internal_count=5660 3472 734 2738 316 2719 418 344 2690 1485 299 89 98 29
cat_boundaries=0 1 2 3
cat_threshold=74 1024 1281
is_linear=0
shrinkage=0.05


Tree=4
num_leaves=15
num_cat=3
split_feature=21 0 6 23 0 4 21 4 9 9 2 9 6 0
split_gain=18.1548 28.8107 8.37019 5.64228 4.34077 3.704 3.10731 2.63567 2.53519 2.36799 2.261 1.92005 1.63995 1.46849
threshold=0 95.500000000000014 0.93095238095238109 1 75.500000000000014 1.5000000000000002 2 12.500000000000002 39.833333333333336 31.291666666666668 1.5000000000000002 20.791666666666668 0.92582417582417598 176.00000000000003
decision_type=9 2 2 1 2 2 9 2 2 2 2 2 2 2
left_child=13 3 5 -2 7 -3 -4 11 -8 12 -7 -5 -6 -1
right_child=1 2 6 4 9 10 8 -9 -10 -11 -12 -13 -14 -15
leaf_value=0.011407949100828497 0.0034688754892976434 -0.018049929248353257 0.0022485038454552408 -0.0039541081772961851 -0.0020926844579723289 -0.0067540640317881387 -0.013571289789379937 -0.011293855198238579 -0.044734936387146824 -0.0063005908340746583 0.00050058828170824847 0.0008553787525596671 -0.0069642830742352559 -0.0095383440879968986
leaf_weight=2201 1326 88 15 140 380 207 90 19 18 31 90 932 103 28
leaf_count=2201 1326 88 15 140 380 207 90 19 18 31 90 932 103 28
internal_value=0.000359915 -0.00191783 -0.0129134 -1.53529e-05 -0.00200935 -0.00928571 -0.0242683 -0.000224564 -0.0266372 -0.00579767 -0.00661616 0.000102612 -0.00493789 0.00386974
internal_weight=5668 3439 508 2931 1605 385 123 1091 108 514 297 1072 483 2229
internal_count=5668 3439 508 2931 1605 385 123 1091 108 514 297 1072 483 2229
cat_boundaries=0 1 2 3
cat_threshold=74 8 32
is_linear=0
shrinkage=0.05


Tree=5
num_leaves=15
num_cat=2
split_feature=5 21 0 0 21 4 13 0 4 13 4 6 6 9
split_gain=18.5163 14.9885 19.8422 7.7876 6.6322 6.56238 4.25264 3.65599 3.1906 2.60842 2.55894 2.37576 1.69173 2.23429
threshold=2.5000000000000004 0 93.500000000000014 109.50000000000001 1 14.500000000000002 2.5000000000000004 65.500000000000014 7.5000000000000009 2.5000000000000004 1.5000000000000002 0.88562091503267981 0.9772727272727274 36.708333333333336
decision_type=2 9 2 2 9 2 2 2 2 2 2 2 2 2
left_child=3 -2 4 -1 -3 7 8 -6 10 -9 -4 -10 13 -8
right_child=1 2 6 -5 5 -7 12 9 11 -11 -12 -13 -14 -15
leaf_value=-0.018163766228574362 0.0073866493186706614 -0.013084261572667684 -0.013117849394114693 -0.040221073069622547 0.0034566923002393511 -0.0098330424048555451 -0.0020955844729056475 -0.0024220999150607655 -0.0078075476505692467 0.0024624766498444958 -0.0090419652791219381 -0.015643198551180588 -0.01009604183355515 -0.023244834304187025
leaf_weight=84 2453 18 47 41 1314 31 147 689 22 558 163 33 21 24
leaf_count=84 2453 18 47 41 1314 31 147 689 22 558 163 33 21 24
internal_value=0.000429584 0.000860507 -0.00146973 -0.0186 0.000210728 0.000446669 -0.0110832 0.000724327 -0.0151887 -0.00121492 -0.012381 -0.0259091 -0.00541667 -0.00377193
internal_weight=5645 5520 3067 125 2610 2592 457 2561 265 1247 210 55 192 171
internal_count=5645 5520 3067 125 2610 2592 457 2561 265 1247 210 55 192 171
cat_boundaries=0 1 2
cat_threshold=78 1024
is_linear=0
shrinkage=0.05


Tree=6
num_leaves=15
num_cat=3
split_feature=21 0 5 13 21 4 5 0 6 4 4 21 6 5
split_gain=16.5455 25.9929 8.97237 6.01334 4.85628 4.45859 4.32598 3.38311 2.26092 2.609 1.90171 1.63408 2.86401 1.61451
threshold=0 93.500000000000014 2.5000000000000004 2.5000000000000004 1 14.500000000000002 3.5000000000000004 71.500000000000014 0.93541666666666679 8.5000000000000018 1.5000000000000002 2 0.62019230769230782 3.5000000000000004
decision_type=9 2 2 2 9 2 2 2 2 2 2 9 2 2
left_child=13 3 -3 5 -4 6 -2 -8 10 -10 -6 12 -9 -1
right_child=1 2 4 -5 8 -7 7 11 9 -11 -12 -13 -14 -15
leaf_value=-0.0037508412477720771 -0.016964094851205976 -0.038329619815082483 -0.0025218303213931283 0.0035950752608137865 -0.012886181090977632 -0.011133630402848295 0.00079459026009498501 -0.0037723197322793488 -0.013727162710325626 -0.013589670130417642 -0.0071634458586566545 -0.0015430367292327341 -0.0071734452330924252 0.010793960629043031
leaf_weight=102 65 41 135 1295 72 17 874 108 49 28 245 395 102 2134
leaf_count=102 65 41 135 1295 72 17 874 108 49 28 245 395 102 2134
internal_value=0.000443306 -0.00174002 -0.0114912 0.000203081 -0.0097448 -0.00188661 -0.00160622 -0.00105139 -0.0124812 -0.0203247 -0.0107729 -0.00392562 -0.00744186 0.00378403
internal_weight=5662 3426 570 2856 529 1561 1544 1479 394 77 317 605 210 2236
internal_count=5662 3426 570 2856 529 1561 1544 1479 394 77 317 605 210 2236
cat_boundaries=0 1 2 3
cat_threshold=74 36 3328
is_linear=0
shrinkage=0.05


Tree=7
num_leaves=15
num_cat=0
split_feature=1 13 6 13 2 4 0 4 9 4 6 6 0 17
split_gain=11.3457 7.49722 6.93848 4.99791 4.51662 2.54215 3.85091 2.29315 2.05704 2.00866 1.98514 1.68517 1.61208 1.46834
threshold=3.5000000000000004 2.5000000000000004 0.93541666666666679 2.5000000000000004 1.5000000000000002 1.5000000000000002 60.500000000000007 8.5000000000000018 21.708333333333339 13.500000000000002 0.48529411764705888 0.9772727272727274 53.500000000000007 1.0000000180025095e-35
decision_type=2 2 2 2 2 2 2 2 2 2 2 2 2 2
left_child=3 2 13 5 8 6 10 -7 -4 -3 -1 -8 -9 -2
right_child=1 9 4 -5 -6 7 11 12 -10 -11 -12 -13 -14 -15
leaf_value=0.0027017199411744743 -0.0066165442519242213 0.00088871598296602356 0.00079071102555252661 0.0057740306347169208 -0.0313168099109793 0.0015955023344378563 -0.0093326546374264303 0.0078667293296974094 -0.01052208157292478 -0.00768080542238107 -0.023147529316711869 -0.020451003327360398 -0.0024516258119425746 -0.0027893148129748192
leaf_weight=165 130 423 15.999999999999998 2319 24 1675 197 54 79 11.999999999999998 13.999999999999998 12.999999999999998 304 221
leaf_count=165 130 423 16 2319 24 1675 197 54 79 12 14 13 304 221
internal_value=0.000572087 -0.00455801 -0.00893617 0.00155136 -0.0193697 -3.71592e-05 -0.00374036 0.000671422 -0.0144737 0.000172414 0.00164804 -0.00833333 -0.00296089 -0.00539886
internal_weight=5646 905 470 4741 119 2422 389 2033 95 435 179 210 358 351
internal_count=5646 905 470 4741 119 2422 389 2033 95 435 179 210 358 351
is_linear=0
shrinkage=0.05


Tree=8
num_leaves=15
num_cat=3
split_feature=21 0 5 5 21 13 5 21 4 6 4 0 7 5
split_gain=14.9512 18.6591 9.00146 5.36452 5.39969 4.49692 4.66058 4.24071 2.43828 2.30089 3.28325 1.80357 1.78349 1.68048
threshold=0 95.500000000000014 2.5000000000000004 15.500000000000002 1 2.5000000000000004 3.5000000000000004 2 15.500000000000002 0.89181286549707617 1.5000000000000002 66.500000000000014 1.5000000000000002 3.5000000000000004
decision_type=9 2 2 2 9 2 2 9 2 2 2 2 2 2
left_child=13 3 -3 4 -2 6 -6 -4 -5 10 -9 -8 -11 -1
right_child=1 2 7 8 5 -7 11 9 -10 12 -12 -13 -14 -15
leaf_value=-0.0087325905786324303 -0.012268935071900517 -0.034740833329326613 0.00011670450576298927 -0.0030603166590850738 -0.015745073112592177 0.0039857565614878077 0.0018229265991358873 -0.014337805186347002 -0.020714923441700284 -0.01269325602635425 -0.0051959679671941027 -0.0014876388578509234 -0.011838284849674372 0.0096533377772011
leaf_weight=97 19 39 114 162 65 1235 708 70 10.999999999999998 63 216 735 11.999999999999998 2099
leaf_count=97 19 39 114 162 65 1235 708 70 11 63 216 735 12 2099
internal_value=0.000473871 -0.00157933 -0.0103696 -4.25893e-05 0.000492397 0.000696871 -0.00113395 -0.00847368 -0.00858381 -0.0110519 -0.00916084 -0.000544005 -0.019 0.00369378
internal_weight=5645 3449 514 2935 2762 2743 1508 475 173 361 286 1443 75 2196
internal_count=5645 3449 514 2935 2762 2743 1508 475 173 361 286 1443 75 2196
cat_boundaries=0 1 2 3
cat_threshold=74 1024 36
is_linear=0
shrinkage=0.05


Tree=9
num_leaves=15
num_cat=5
split_feature=21 0 6 23 21 13 4 9 21 0 9 0 6 21
split_gain=14.7473 19.499 7.61333 4.31669 4.27479 3.89193 3.52801 2.81011 2.81104 2.51433 2.48374 2.42424 2.34659 1.78868
threshold=0 93.500000000000014 0.89181286549707617 1 2 2.5000000000000004 12.500000000000002 46.500000000000007 3 71.500000000000014 34.550000000000004 135.50000000000003 0.9772727272727274 4
decision_type=9 2 2 1 9 2 2 2 9 2 2 2 2 9
left_child=-1 4 3 10 -2 6 9 8 -5 -6 -3 -4 -11 -14
right_child=1 2 11 7 5 -7 -8 -9 -10 12 -12 -13 13 -15
leaf_value=0.0089061929443963635 -0.010348894404035774 -0.0053384974127281236 -0.0097072254635332117 -0.013320722358026527 0.00053054296149763396 0.0030936910003162236 -0.0053076893431081981 -0.02792187862398118 -0.00017272760907753706 -0.0013221637983244032 -0.014321051324190077 -0.032045753402533315 0.0012941076610777555 -0.0081800409944888779
leaf_weight=2217 19 94 110 74 916 1261 44 9.9999999999999982 224 498 19 22 27 109
leaf_count=2217 19 94 110 74 916 1261 44 10 224 498 19 22 27 109
internal_value=0.00037562 -0.00167978 -0.0102803 -0.00699525 -2.78356e-05 0.000148602 -0.0014931 -0.00392857 -0.00305369 -0.00109677 -0.015354 -0.0207576 -0.00351735 -0.00933823
internal_weight=5644 3427 553 421 2874 2855 1594 308 298 1550 113 132 634 136
internal_count=5644 3427 553 421 2874 2855 1594 308 298 1550 113 132 634 136
cat_boundaries=0 1 2 3 4 5
cat_threshold=74 4 1024 1041 36
is_linear=0
shrinkage=0.05


Tree=10
num_leaves=15
num_cat=2
split_feature=21 0 5 13 5 9 4 5 0 2 6 4 6 21
split_gain=13.7035 17.7278 7.54845 3.44107 3.79704 2.64521 2.49764 2.02447 2.57004 1.99098 1.86761 2.39228 2.07922 1.56798
threshold=0 93.500000000000014 2.5000000000000004 2.5000000000000004 3.5000000000000004 47.833333333333336 14.500000000000002 3.5000000000000004 128.50000000000003 1.5000000000000002 0.32291666666666669 8.5000000000000018 0.93541666666666679 1
decision_type=9 2 2 2 2 2 2 2 2 2 2 2 2 9
left_child=7 3 -3 4 -2 10 9 8 -1 -6 -4 -12 -13 -9
right_child=1 2 5 -5 6 -7 -8 13 -10 -11 11 12 -14 -15
leaf_value=-0.0010060849369179499 -0.014853846487954354 -0.03257419387502053 -0.0074099339873125282 0.0020118045810394915 -0.00041431931346479206 -0.024570348104913986 -0.0050955146347475304 0.010469897187920595 -0.021906400823197607 -0.006676334877588729 -0.0049979726828113177 -0.0064203332565326253 -0.01096331076917564 0.0015117057619415349
leaf_weight=108 63 35 90 1029 1154 11.999999999999998 11.999999999999998 1872 17 79 238 32 35 874
leaf_count=108 63 35 90 1029 1154 12 12 1872 17 79 238 32 35 874
internal_value=0.00039823 -0.00210309 -0.0112896 -0.000370132 -0.00207187 -0.00937346 -0.00146586 0.00281815 -0.0034 -0.00124493 -0.00867089 -0.00680328 -0.0151493 0.00310634
internal_weight=5650 2779 442 2337 1308 407 1245 2871 125 1233 395 305 67 2746
internal_count=5650 2779 442 2337 1308 407 1245 2871 125 1233 395 305 67 2746
cat_boundaries=0 1 2
cat_threshold=110 66
is_linear=0
shrinkage=0.05


Tree=11
num_leaves=15
num_cat=3
split_feature=21 0 9 5 23 0 21 5 5 6 2 19 0 7
split_gain=10.7912 11.2709 9.41795 6.0481 3.28096 2.83592 2.15433 2.12149 2.00747 1.99552 1.93939 1.76708 2.30826 1.7863
threshold=0 85.500000000000014 40.833333333333336 15.500000000000002 1 71.500000000000014 2 6.5000000000000009 2.5000000000000004 0.80625000000000013 1.5000000000000002 1.0000000180025095e-35 104.50000000000001 1.0000000180025095e-35
decision_type=9 2 2 2 1 2 9 2 2 2 2 2 2 2
left_child=11 5 3 4 -3 -2 -6 -4 -8 -7 -5 -1 -13 -14
right_child=1 2 7 10 6 9 8 -9 -10 -11 -12 12 13 -15
leaf_value=0.0091364672118032786 0.0021124310312759841 0.00041474899998545359 -0.029908192329004997 -0.0053894581535807876 -0.0032933389044594048 -8.2516989536834547e-05 -0.018826638091026367 -0.014743898915110904 -0.0064131850894299626 -0.0032385346818040619 -0.0081275737027604929 0.0034721668972940243 0.0013764796832008497 -0.0026280355076504711
leaf_weight=1948 1736 315 33 44 221 621 10.999999999999998 19 171 258 22 191 18 31
leaf_count=1948 1736 315 33 44 221 621 11 19 171 258 22 191 18 31
internal_value=0.000672992 -0.00106915 -0.0061244 -0.00475765 -0.00342618 0.000544933 -0.00641439 -0.0267308 -0.0103743 -0.00176906 -0.0192424 0.00341541 -0.000625 -0.0103061
internal_weight=5639 3451 836 784 718 2615 403 52 182 879 66 2188 240 49
internal_count=5639 3451 836 784 718 2615 403 52 182 879 66 2188 240 49
cat_boundaries=0 1 2 3
cat_threshold=74 8 165
is_linear=0
shrinkage=0.05


Tree=12
num_leaves=15
num_cat=3
split_feature=21 1 9 4 13 4 1 4 21 9 6 23 9 17
split_gain=10.4481 6.62481 6.17914 4.14225 3.4355 2.03151 2.24749 2.0281 1.98393 1.84251 1.78502 1.39293 1.36881 1.20714
threshold=0 3.5000000000000004 36.708333333333336 15.500000000000002 2.5000000000000004 1.5000000000000002 1.5000000000000002 13.500000000000002 1 36.583333333333336 0.12916666666666668 2 58.20000000000001 1.0000000180025095e-35
decision_type=9 2 2 2 2 2 2 2 9 2 2 1 2 2
left_child=12 3 7 4 5 6 -2 8 -3 -8 -10 -12 -1 -4
right_child=1 2 13 -5 -6 -7 9 -9 10 -11 11 -13 -14 -15
leaf_value=0.0074864717033921628 0.0070864831385189404 -0.019046071547663673 -0.030532183678606974 -0.017092088208375805 0.0024152933279259579 -0.00034725297984994721 -0.0093695400325927419 -0.0094229529566633267 -0.0096578237286561279 -0.019064225845318052 -0.0033461206651544564 -0.00045444643485374639 -0.032900659921267915 -0.022278481508112357
leaf_weight=2193 52 67 18 13.999999999999998 1262 1311 211 13.999999999999998 27 12.999999999999998 115 287 9.9999999999999982 10.000000000000002
leaf_count=2193 52 67 18 14 1262 1311 211 14 27 13 115 287 10 10
internal_value=0.000770878 -0.00096741 -0.00605948 -1.22248e-05 0.000121095 -0.00142722 -0.00532609 -0.00480392 -0.00427419 -0.0075 -0.0028917 -0.00208955 0.00344882 -0.0289286
internal_weight=5604 3401 538 2863 2849 1587 276 510 496 224 429 402 2203 28
internal_count=5604 3401 538 2863 2849 1587 276 510 496 224 429 402 2203 28
cat_boundaries=0 1 2 3
cat_threshold=74 3072 4
is_linear=0
shrinkage=0.05


Tree=13
num_leaves=15
num_cat=3
split_feature=21 0 9 4 21 13 13 4 0 5 0 6 21 6
split_gain=10.3391 11.2687 4.95582 3.96061 3.64426 3.23262 2.8299 2.77333 2.92874 2.67188 2.16237 4.87171 1.39374 1.29855
threshold=0 91.500000000000014 39.833333333333336 15.500000000000002 1 2.5000000000000004 2.5000000000000004 1.5000000000000002 199.00000000000003 3.5000000000000004 136.50000000000003 0.24264705882352944 2 0.48529411764705888
decision_type=9 2 2 2 9 2 2 2 2 2 2 2 9 2
left_child=10 3 5 4 -2 13 9 -4 -9 -6 -1 -12 -7 -3
right_child=1 2 7 -5 6 12 -8 8 -10 -11 11 -13 -14 -15
leaf_value=0.0097014518052970025 -0.011391183872787142 -0.0036060942263492451 -0.026942644127525228 -0.01723779063469752 -0.015249303901380379 0.0016208513241663032 0.0029445080893639539 -0.0090733830013644597 -0.027162047273320646 -0.00028027795098539769 -0.0021555332316143413 0.0017286641909199656 -0.0062381739552259492 -0.0072470748995638436
leaf_weight=1858 19 142 25 11.999999999999998 63 142 1301 29 9.9999999999999982 1573 19 68 134 212
leaf_count=1858 19 142 25 12 63 142 1301 29 10 1573 19 68 134 212
internal_value=0.000559123 -0.00100627 -0.00674352 0.000333558 0.000449933 -0.00539683 0.00060673 -0.02 -0.0116667 -0.000776283 0.0035 -0.0041954 -0.00134058 -0.00855932
internal_weight=5607 3662 694 2968 2956 630 2937 64 39 1636 1945 87 276 354
internal_count=5607 3662 694 2968 2956 630 2937 64 39 1636 1945 87 276 354
cat_boundaries=0 1 2 3
cat_threshold=66 1024 2092
is_linear=0
shrinkage=0.05


Tree=14
num_leaves=15
num_cat=3
split_feature=5 9 4 4 0 23 1 6 0 23 0 23 5 4
split_gain=8.48562 5.44306 4.64575 4.06408 6.95844 3.37755 3.03133 2.24976 1.95643 1.89252 1.71059 1.26962 1.13138 1.12948
threshold=2.5000000000000004 33.291666666666679 15.500000000000002 1.5000000000000002 134.50000000000003 0 3.5000000000000004 0.89181286549707617 139.50000000000003 1 67.500000000000014 2 4.5000000000000009 7.5000000000000009
decision_type=2 2 2 2 2 1 2 2 2 1 2 1 2 2
left_child=1 9 3 4 10 -5 13 12 -6 -1 -2 -12 -8 -7
right_child=2 -3 -4 5 8 6 7 -9 -10 -11 11 -13 -14 -15
leaf_value=-0.018250206396178293 0.0011145209649078348 -0.029896468391588278 -0.010956800865675825 0.0044162917095737792 -0.0002021836666027177 0.0020101351572824554 -0.0080386775587694224 -0.0080268054853730678 -0.009427189425035426 0.00099253889825371214 -0.0007073792068990522 -0.0068283753187047954 -0.00020985179783322111 -0.00062644188319574282
leaf_weight=35 342 31 26 2344 10.999999999999998 1555 24 103 29 51 179 203 237 478
leaf_count=35 342 31 26 2344 11 1555 24 103 29 51 179 203 237 478
internal_value=0.000803825 -0.0125214 0.0010857 0.00118529 -0.00219895 0.00173065 0.000410931 -0.00379121 -0.0225 -0.00604651 -0.00107735 -0.00337696 -0.00132184 0.00116331
internal_weight=5648 117 5531 5505 764 4741 2397 364 40 86 724 382 261 2033
internal_count=5648 117 5531 5505 764 4741 2397 364 40 86 724 382 261 2033
cat_boundaries=0 1 2 3
cat_threshold=8 4 8
is_linear=0
shrinkage=0.05


Tree=15
num_leaves=15
num_cat=3
split_feature=21 0 0 21 4 5 13 21 0 6 0 6 0 5
split_gain=9.68796 8.06473 6.1758 5.7586 5.14768 2.78321 2.72963 2.50334 2.01571 2.05746 2.57234 1.66316 1.75403 2.00933
threshold=0 147.50000000000003 73.500000000000014 1 14.500000000000002 2.5000000000000004 2.5000000000000004 2 102.50000000000001 0.20714285714285716 136.50000000000003 0.90454545454545465 96.500000000000014 15.500000000000002
decision_type=9 2 2 9 2 2 2 9 2 2 2 2 2 2
left_child=8 2 7 -4 6 -3 11 -2 -1 10 -10 12 13 -5
right_child=1 5 3 4 -6 -7 -8 -9 9 -11 -12 -13 -14 -15
leaf_value=0.0089620263234131102 -0.0015982618958415584 -0.028566109240660588 -0.017006234231224857 -0.00043407383432075603 -0.0064511084665771594 -0.019038055568736938 0.00026981012497323927 0.0027125193272751619 -0.0012107653058742993 0.0025567427753052209 -0.0017360377565865726 -0.0070935091741516675 -0.0055271082347339677 -0.0046586500286581282
leaf_weight=1804 510 9.9999999999999982 14 445 33 37 632 1315 26 346 15.999999999999998 197 150 41
leaf_count=1804 510 10 14 445 33 37 632 1315 26 346 16 197 150 41
internal_value=0.000651004 -0.00102685 -0.000738687 -0.00310185 -0.00273453 -0.0215957 -0.00230375 0.00121918 0.00323623 -2.5773e-05 -0.0104762 -0.00418367 -0.00294025 -0.00148148
internal_weight=5576 3384 3337 1512 1498 47 1465 1825 2192 388 42 833 636 486
internal_count=5576 3384 3337 1512 1498 47 1465 1825 2192 388 42 833 636 486
cat_boundaries=0 1 2 3
cat_threshold=74 1024 3088
is_linear=0
shrinkage=0.05


Tree=16
num_leaves=15
num_cat=3
split_feature=21 0 5 0 0 6 21 4 5 4 9 9 22 0
split_gain=8.22362 8.29917 4.95901 3.92079 2.57072 4.83636 2.22659 2.15466 2.07318 1.99263 1.92334 1.91598 1.53562 1.47245
threshold=0 93.500000000000014 15.500000000000002 182.50000000000003 136.50000000000003 0.20714285714285716 1 7.5000000000000009 9.5000000000000018 14.500000000000002 52.20000000000001 48.166666666666679 2 139.50000000000003
decision_type=9 2 2 2 2 2 9 2 2 2 2 2 1 2
left_child=4 2 6 9 -1 -6 7 -2 -9 11 -7 12 -3 -14
right_child=1 3 -4 -5 5 10 -8 8 -10 -11 -12 -13 13 -15
leaf_value=0.0071289699240094434 4.3836951590323444e-05 0.0015630180637564836 -0.0031463478062146244 -0.021732781664794105 -0.0016492358687572484 0.0032930811348125923 0.0025775916787409894 -0.0046780384253305805 0.0034342545999300617 -0.0061637979272136439 -0.073304943827336488 -0.015471122704568449 -0.0049571601534763986 -0.016779593573952426
leaf_weight=2105 1217 85 156 14.999999999999998 18 67 1339 115 53 10.999999999999998 9.9999999999999982 13.999999999999998 401 33
leaf_count=2105 1217 85 156 15 18 67 1339 115 53 11 10 14 401 33
internal_value=0.000655258 -0.000872532 0.000208334 -0.00644902 0.00303855 -0.005 0.000704846 -0.000701439 -0.0060119 -0.00575368 0.000454546 -0.00531895 -0.00482659 -0.00599089
internal_weight=5639 3439 2880 559 2200 95 2724 1385 168 544 77 533 519 434
internal_count=5639 3439 2880 559 2200 95 2724 1385 168 544 77 533 519 434
cat_boundaries=0 1 2 3
cat_threshold=74 3344 32
is_linear=0
shrinkage=0.05


Tree=17
num_leaves=15
num_cat=2
split_feature=21 0 9 6 19 13 19 0 1 2 0 9 22 1
split_gain=8.22216 9.1531 5.49976 2.59599 3.14405 2.2347 2.12218 2.12867 1.87662 1.71151 1.5 1.38611 1.41595 1.25179
threshold=0 95.500000000000014 47.833333333333336 0.89181286549707617 1.0000000180025095e-35 2.5000000000000004 1.0000000180025095e-35 136.50000000000003 3.5000000000000004 2.5000000000000004 123.50000000000001 39.833333333333336 1 1.5000000000000002
decision_type=9 2 2 2 2 2 2 2 2 2 2 2 1 2
left_child=6 5 3 4 -3 13 -1 -8 -9 -7 -6 12 -5 -2
right_child=1 2 -4 11 10 9 7 8 -10 -11 -12 -13 -14 -15
leaf_value=0.0067121881330940991 0.0024926062551895575 -0.00086511817473725473 -0.023422147924967589 0.0018830130046417538 -0.0055387388670532335 0.0023878268409888086 0.00055183261966475607 -0.00096389949638603801 2.12291785775141e-05 -0.001936158459905002 -0.013555633811428758 -0.019941562699008316 -0.0066459506594721725 -0.0011270798853131451
leaf_weight=2089 268 270 26 21 54 1214 264 14.000000000000002 10.999999999999998 14.999999999999998 18 13.999999999999998 83 1244
leaf_count=2089 268 270 26 21 54 1214 264 14 11 15 18 14 83 1244
internal_value=0.00072703 -0.000917388 -0.0072428 -0.00597826 -0.00377193 0.000202481 0.00295426 -0.00105536 -0.015 0.00178601 -0.0130556 -0.0123729 -0.0103846 -0.00108466
internal_weight=5605 3227 486 460 342 2741 2378 289 25 1229 72 118 104 1512
internal_count=5605 3227 486 460 342 2741 2378 289 25 1229 72 118 104 1512
cat_boundaries=0 1 2
cat_threshold=98 32
is_linear=0
shrinkage=0.05


Tree=18
num_leaves=15
num_cat=3
split_feature=21 4 21 13 1 4 5 5 5 5 5 5 21 4
split_gain=8.7204 5.77787 5.28513 4.2509 2.79428 1.53935 1.53799 1.50229 1.41366 1.39212 1.4443 1.35932 1.29805 1.88071
threshold=0 15.500000000000002 1 2.5000000000000004 3.5000000000000004 1.5000000000000002 15.500000000000002 2.5000000000000004 4.5000000000000009 15.500000000000002 3.5000000000000004 3.5000000000000004 2 12.500000000000002
decision_type=9 2 9 2 2 2 2 2 2 2 2 2 9 2
left_child=11 2 -2 4 9 7 -7 -5 -6 10 -4 -1 13 -12
right_child=1 -3 3 5 8 6 -8 -9 -10 -11 12 -13 -14 -15
leaf_value=-0.0052586384727113938 -0.016821367002772925 -0.013207888975600957 -0.012219178872612107 -0.0095991616400589244 -0.016272616092261539 0.0028205141744089171 -0.0014335380928342685 -0.0010667509353187831 -0.0037493414443047278 -0.0030616791563141173 -0.00083864323067886753 0.0079316207843027082 0.0012016593575993222 -0.0043114073005066983
leaf_weight=94 27 20 60 15.999999999999998 76 1250 87 232 252 91 828 1903 664 10.999999999999998
leaf_count=94 27 20 60 16 76 1250 87 232 252 91 828 1903 664 11
internal_value=0.000767243 -0.000699088 -0.000550918 -0.000368141 -0.00191221 0.00156151 0.00223261 -0.00205645 -0.00612805 -0.00107618 -0.000726167 0.00341409 -0.000422488 -0.00172393
internal_weight=5611 3614 3594 3567 1982 1585 1337 248 328 1654 1563 1997 1503 839
internal_count=5611 3614 3594 3567 1982 1585 1337 248 328 1654 1563 1997 1503 839
cat_boundaries=0 1 2 3
cat_threshold=66 1024 2324
is_linear=0
shrinkage=0.05


Tree=19
num_leaves=15
num_cat=4
split_feature=21 0 0 21 5 4 9 4 0 23 0 0 9 21
split_gain=7.89987 7.7026 6.49356 5.46251 3.95592 4.02846 3.54155 3.33882 3.55491 2.04469 2.47286 1.88462 1.68091 1.37469
threshold=0 195.50000000000003 64.500000000000014 1 15.500000000000002 1.5000000000000002 36.708333333333336 1.5000000000000002 125.50000000000001 2 103.50000000000001 143.50000000000003 26.775000000000002 3
decision_type=9 2 2 9 2 2 2 2 2 1 2 2 2 9
left_child=7 2 -2 -4 5 6 13 8 -1 10 -7 -10 -12 -5
right_child=1 -3 3 4 -6 9 -8 -9 11 -11 12 -13 -14 -15
leaf_value=-0.00017813975248470726 0.002482050312236517 -0.018358422899752671 -0.016455099942497834 -0.0008672515569791788 -0.0044787594596271598 -0.0012415418469706402 -0.021880829296334402 0.005000534683351621 -0.0015221247663736546 0.00091009341966722225 0.0021065453917508076 -0.0019644165734633567 -0.0096225213081718667 -0.0080973203442600838
leaf_weight=251 1254 15.999999999999998 20 165 152 431 25 2191 13.000000000000002 900 10.999999999999998 12.999999999999998 25 106
leaf_count=251 1254 16 20 165 152 431 25 2191 13 900 11 13 25 106
internal_value=0.000657635 -0.0010209 -0.000843315 -0.00273842 -0.00240385 -0.00170475 -0.00699324 0.00276587 -0.00240072 -0.000559619 -0.00324411 -0.02 -0.0158333 -0.0053321
internal_weight=5573 3105 3089 1835 1815 1663 296 2468 277 1367 467 26 36 271
internal_count=5573 3105 3089 1835 1815 1663 296 2468 277 1367 467 26 36 271
cat_boundaries=0 1 2 3 4
cat_threshold=78 1024 4 385
is_linear=0
shrinkage=0.05


Tree=20
num_leaves=15
num_cat=3
split_feature=21 4 4 13 2 6 9 4 9 9 21 6 21 9
split_gain=5.99209 3.54889 3.54647 2.89444 2.77088 2.42651 2.80385 1.60341 1.72518 4.81996 1.35139 1.31591 1.40464 1.56393
threshold=0 14.500000000000002 1.5000000000000002 2.5000000000000004 1.5000000000000002 0.48529411764705888 37.416666666666679 1.5000000000000002 43.875000000000007 47.833333333333336 1 0.92582417582417598 2 18.416666666666668
decision_type=9 2 2 2 2 2 2 2 2 2 9 2 9 2
left_child=7 2 5 11 -3 -2 10 8 -1 -10 -7 -4 -13 -14
right_child=1 4 3 -5 -6 6 -8 -9 9 -11 -12 12 13 -15
leaf_value=0.0034178308941134636 -0.0021922159935257399 -0.0028034057003267854 1.4876364136995336e-06 0.002174637820172558 -0.01435559834323985 -0.016433886062162947 -0.028652555285462001 0.0082009756224337756 -0.001882597468842856 0.0060089111359569684 -0.0031841825964001517 -0.0048267484286285064 -0.020549493752041958 -0.0013799604998633473
leaf_weight=190 536 35 1222 1357 12.999999999999998 13 12.999999999999998 1754 11.999999999999998 22 39 34 11.999999999999998 368
leaf_count=190 536 35 1222 1357 13 13 13 1754 12 22 39 34 12 368
internal_value=0.000960854 -0.000244036 -6.39954e-05 0.000639826 -0.01375 -0.00356905 -0.0126923 0.00317196 -0.000803571 -0.0111765 -0.0075 -0.000776283 -0.00321256 -0.00220779
internal_weight=5620 3642 3594 2993 48 601 65 1978 224 34 52 1636 414 380
internal_count=5620 3642 3594 2993 48 601 65 1978 224 34 52 1636 414 380
cat_boundaries=0 1 2 3
cat_threshold=66 2048 1028
is_linear=0
shrinkage=0.05


Tree=21
num_leaves=15
num_cat=6
split_feature=21 0 9 5 22 0 6 21 23 22 6 21 5 9
split_gain=5.58553 6.0191 5.12817 3.18976 2.69113 2.12769 4.549 2.11032 2.13524 1.92409 2.23839 2.27334 1.85521 1.92921
threshold=0 85.500000000000014 39.833333333333336 2.5000000000000004 1 136.50000000000003 0.24264705882352944 2 3 4 0.89181286549707617 5 5.5000000000000009 21.291666666666668
decision_type=9 2 2 2 1 2 2 9 1 1 2 9 2 2
left_child=5 7 9 -4 -5 -1 -7 8 12 -3 -11 -12 13 -2
right_child=1 2 3 4 -6 6 -8 -9 -10 10 11 -13 -14 -15
leaf_value=0.007589615670912056 -0.01589507010376421 0.0028050648666916979 -0.026004749754494974 0.01475548310108242 -0.01462319566758661 -0.0018895730568385793 0.00035185589145374528 0.0019144561219173566 0.00066089982526977965 -0.0019531348319192796 -0.0014617479872383382 -0.0053563146350124775 -0.0038055374781708778 0.0015151229154146866
leaf_weight=1918 28 118 13.999999999999998 21 40 13.999999999999998 75 1423 901 557 69 89 177 196
leaf_count=1918 28 118 14 21 40 14 75 1423 901 557 69 89 177 196
internal_value=0.000886525 -0.000284497 -0.00381057 -0.0163333 -0.0113934 0.0029995 -0.00455056 0.000889908 -0.000566182 -0.00268307 -0.00364583 -0.00892405 -0.00360349 -0.000580357
internal_weight=5640 3633 908 75 61 2007 89 2725 1302 833 715 158 401 224
internal_count=5640 3633 908 75 61 2007 89 2725 1302 833 715 158 401 224
cat_boundaries=0 1 2 3 4 5 6
cat_threshold=66 36 3344 4 32 2208
is_linear=0
shrinkage=0.05


Tree=22
num_leaves=15
num_cat=3
split_feature=21 0 9 4 0 6 0 13 23 6 6 5 21 5
split_gain=5.55798 5.48925 3.75794 3.32068 2.17518 2.68935 3.39135 1.82603 1.56385 1.35275 1.31152 1.24939 1.2448 1.21208
threshold=0 91.500000000000014 47.833333333333336 14.500000000000002 102.50000000000001 0.20714285714285716 136.50000000000003 2.5000000000000004 1 0.13809523809523813 0.11437908496732027 2.5000000000000004 2 15.500000000000002
decision_type=9 2 2 2 2 2 2 2 1 2 2 2 9 2
left_child=4 8 3 7 -1 6 -6 -3 9 12 -9 -11 -2 -10
right_child=1 2 -4 -5 5 -7 -8 10 13 11 -12 -13 -14 -15
leaf_value=0.007842992950237191 0.0053437116749889303 -0.004722236802706864 -0.020620347973528654 -0.0053209424123164158 0.0036860172284773856 0.00030071039563486226 -0.0019426086366539864 -0.0084161143511542243 0.0014297164448908201 -0.015100316598575959 0.00035657383152070402 -9.4309551502913536e-05 -0.0088636184547094474 -0.0023387808536843948
leaf_weight=1630 15.999999999999998 366 27 15.999999999999998 23 316 20 20 1919 19 261 861 43 114
leaf_count=1630 16 366 27 16 23 316 20 20 1919 19 261 861 43 114
internal_value=0.00068218 -0.000474502 -0.00449275 -0.00374811 0.00280592 -0.000710306 -0.0124419 -0.00319165 0.000457604 -0.00123003 -0.000160142 -0.000738636 -0.00855932 0.00123709
internal_weight=5651 3662 690 663 1989 359 43 647 2972 939 281 880 59 2033
internal_count=5651 3662 690 663 1989 359 43 647 2972 939 281 880 59 2033
cat_boundaries=0 1 2 3
cat_threshold=66 4 12
is_linear=0
shrinkage=0.05


Tree=23
num_leaves=15
num_cat=4
split_feature=21 5 4 21 21 4 5 9 9 13 6 4 21 9
split_gain=5.42662 6.39249 2.70596 2.6978 2.60624 2.37918 2.81348 2.08537 1.51189 1.4151 1.4141 1.38976 1.24688 1.24415
threshold=0 2.5000000000000004 14.500000000000002 1 2 1.5000000000000002 3.5000000000000004 37.416666666666679 37.416666666666679 2.5000000000000004 0.88562091503267981 1.5000000000000002 3 23.550000000000004
decision_type=9 2 2 9 9 2 2 2 2 2 2 2 9 2
left_child=2 7 5 -3 -4 -1 8 -2 -7 -8 11 12 -5 -14
right_child=1 3 4 10 -6 6 9 -9 -10 -11 -12 -13 13 -15
leaf_value=-0.0010433258547103564 -0.0099796151256769279 -0.010416296889428002 0.0055568981985422723 0.0008135701398773198 -0.0065272420030893915 -0.0030919966554114747 0.0016337287578889353 -0.024497398017988656 -0.014974866589963673 0.0067600457877832199 -0.0022397212229829143 0.00085993228105139114 -0.013100428279530988 -0.0024107818817745296
leaf_weight=392 44 26 24 182 30 60 1213 18 19 1506 610 1317 39 168
leaf_count=392 44 26 24 182 30 60 1213 18 19 1506 610 1317 39 168
internal_value=0.000874646 -0.000925695 0.00220683 -0.000508113 -0.00888889 0.00239812 0.00290922 -0.0167742 -0.0063924 0.00317948 -0.000310211 0.000427902 -0.00219794 -0.00478774
internal_weight=5648 2404 3244 2342 54 3190 2798 62 79 2719 2316 1706 389 207
internal_count=5648 2404 3244 2342 54 3190 2798 62 79 2719 2316 1706 389 207
cat_boundaries=0 1 2 3 4
cat_threshold=107 1024 66 272
is_linear=0
shrinkage=0.05


Tree=24
num_leaves=15
num_cat=6
split_feature=21 0 22 9 5 21 5 21 5 2 0 21 6 22
split_gain=5.40659 5.23388 4.75635 3.83915 3.46171 2.25058 2.25659 2.22604 2.25646 1.82754 1.68072 1.6063 1.57796 1.3665
threshold=0 101.50000000000001 1 46.500000000000007 15.500000000000002 2 10.500000000000002 3 2.5000000000000004 1.5000000000000002 102.50000000000001 4 0.67543859649122817 5
decision_type=9 2 1 2 2 9 2 9 2 2 2 9 2 1
left_child=10 4 -3 5 7 6 -4 -2 -9 -6 -1 -10 -11 -12
right_child=1 2 3 -5 9 -7 -8 8 11 12 13 -13 -14 -15
leaf_value=0.0074410394587749451 -0.0074293098688041868 0.0029530897562279005 -0.016026733114535462 -0.018994336219207632 -0.0019930140697116652 -0.0053958714333668086 -0.0079044866880258035 -0.012997684936082943 0.0031165144935546797 -0.0022785302493144202 0.014189563071860032 0.00027850185483390023 -0.0097089799433507096 -0.0013015977747515145
leaf_weight=1623 24 128 39 23 169 151 21 57 633 18 140 2409 17 201
leaf_count=1623 24 128 39 23 169 151 21 57 633 18 140 2409 17 201
internal_value=0.000789846 -0.00033974 -0.00604972 -0.0101674 0.000281034 -0.00827014 -0.0161538 0.000693244 0.00081991 -0.00602941 0.00290503 0.00100592 -0.0164286 -0.000278592
internal_weight=5653 3689 362 234 3327 211 60 3123 3099 204 1964 3042 35 341
internal_count=5653 3689 362 234 3327 211 60 3123 3099 204 1964 3042 35 341
cat_boundaries=0 1 2 3 4 5 6
cat_threshold=66 36 1033 1024 9 36
is_linear=0
shrinkage=0.05


Tree=25
num_leaves=15
num_cat=6
split_feature=21 0 0 21 9 6 6 21 5 21 5 22 5 23
split_gain=6.06694 5.81828 3.465 3.30827 2.69327 2.12424 2.08604 1.74727 1.66667 1.48328 1.4421 1.40253 1.23123 1.1994
threshold=0 147.50000000000003 73.500000000000014 1 41.291666666666679 0.89181286549707617 0.88562091503267981 2 7.5000000000000009 3 8.5000000000000018 4 2.5000000000000004 5
decision_type=9 2 2 9 2 2 2 9 2 9 2 1 2 1
left_child=13 2 9 -4 6 11 -5 10 -6 12 -8 -3 -2 -1
right_child=1 5 3 4 8 -7 7 -9 -10 -11 -12 -13 -14 -15
leaf_value=0.0078576905598451915 -0.013196435765559223 -0.018690786086368403 -0.01371925679821312 -7.6281352018251269e-05 -0.011155743231735023 -0.017978430005541082 -0.0035571037140379987 -0.0011150686275261943 -0.003326139725725397 0.0021900866616761934 -0.0050688838361896693 0.010498159945552841 -0.00034998947118562409 0.0016807868068946859
leaf_weight=1224 14.999999999999998 17 17 1087 15.000000000000002 18 53 295 11.999999999999998 1328 52 14.000000000000002 521 1010
leaf_count=1224 15 17 17 1087 15 18 53 295 12 1328 52 14 521 1010
internal_value=0.000975696 -0.000342128 -9.57288e-05 -0.00185826 -0.00156682 -0.017449 -0.00128783 -0.004375 -0.0172222 0.00135193 -0.00977273 -0.00951613 -0.000868761 0.00300134
internal_weight=5678 3444 3395 1531 1514 49 1487 400 27 1864 105 31 536 2234
internal_count=5678 3444 3395 1531 1514 49 1487 400 27 1864 105 31 536 2234
cat_boundaries=0 1 2 3 4 5 6
cat_threshold=74 1024 272 3088 1 8
is_linear=0
shrinkage=0.05


Tree=26
num_leaves=15
num_cat=3
split_feature=0 22 21 21 9 0 6 9 9 6 6 6 4 7
split_gain=5.51955 6.44288 4.69348 4.13239 4.14342 2.73572 1.84199 1.99172 1.65682 1.52816 1.45819 1.60392 1.41971 1.30156
threshold=96.500000000000014 0 1 2 39.833333333333336 71.500000000000014 0.89181286549707617 32.875000000000007 25.775000000000002 0.93541666666666679 0.21825396825396828 0.90454545454545465 1.5000000000000002 1.5000000000000002
decision_type=2 1 9 9 2 2 2 2 2 2 2 2 2 2
left_child=2 -2 -1 -3 6 -4 -5 8 -8 12 -6 -12 -7 -10
right_child=1 3 5 4 10 9 7 -9 13 -11 11 -13 -14 -15
leaf_value=0.0065050914593338229 0.0066043542199530963 0.00068267466844670931 0.0014749630048219279 -0.0039293237158844006 -0.0042519456520977326 -0.0055793184663517114 -0.0042816076740013155 -0.0023641482049026746 -0.0098656987454954614 -0.0029926981235177444 -0.0067150309365702088 -0.013181294311701928 0.00014419294504085771 -0.005636779015114334
leaf_weight=1684 321 200 1711 294 21 183 25 37 44 251 18 23 801 12.999999999999998
leaf_count=1684 321 200 1711 294 21 183 25 37 44 251 18 23 801 13
internal_value=0.000796303 -0.00258032 0.00152268 -0.00533088 -0.00786458 0.000315148 -0.00613801 -0.0113866 -0.0157317 -0.00147773 -0.02 -0.0145122 -0.000589431 -0.0204386
internal_weight=5626 996 4630 675 475 2946 413 119 82 1235 62 41 984 57
internal_count=5626 996 4630 675 475 2946 413 119 82 1235 62 41 984 57
cat_boundaries=0 1 2 3
cat_threshold=36 74 96
is_linear=0
shrinkage=0.05


Tree=27
num_leaves=15
num_cat=5
split_feature=21 21 0 0 0 13 2 9 22 0 21 9 0 21
split_gain=4.9463 3.39956 3.03114 2.4417 4.34286 2.01961 1.96674 1.5003 1.54031 1.4625 1.43609 1.84346 1.06816 1.05981
threshold=0 1 78.500000000000014 136.50000000000003 137.50000000000003 2.5000000000000004 2.5000000000000004 36.583333333333336 2 78.500000000000014 3 24.875000000000004 195.50000000000003 4
decision_type=9 9 2 2 2 2 2 2 1 2 9 2 2 9
left_child=3 9 6 -1 -5 12 10 13 -9 -2 11 -3 -4 -7
right_child=1 2 5 4 -6 7 -8 8 -10 -11 -12 -13 -14 -15
leaf_value=0.0060638645526628343 -0.0067779102779303635 -0.0034406862006432165 -0.0034425820618729204 -7.5721618658768056e-05 -0.00029641885421136436 -0.00063412013948988899 -0.0027794675803501038 0.0042278013458263109 -0.0087052140201170081 -0.012751769886326564 0.0016023649333358316 0.0012504350093195116 -0.018900198857799456 0.0017614098914988715
leaf_weight=1878 16.000000000000004 262 737 13.999999999999998 81 237 25 26 35 9.9999999999999982 1707 326 9.9999999999999982 298
leaf_count=1878 16 262 737 14 81 237 25 26 35 10 1707 326 10 298
internal_value=0.000796538 -0.000285598 -0.000145856 0.00281345 -0.005 -0.00203649 0.000948276 0.000134228 -0.00729508 -0.0167742 0.00110022 -0.00102867 -0.00376841 0.000981309
internal_weight=5662 3689 3663 1973 95 1343 2320 596 61 26 2295 588 747 535
internal_count=5662 3689 3663 1973 95 1343 2320 596 61 26 2295 588 747 535
cat_boundaries=0 1 2 3 4 5
cat_threshold=66 1024 36 2064 2305
is_linear=0
shrinkage=0.05


Tree=28
num_leaves=15
num_cat=4
split_feature=5 21 5 4 21 13 21 9 1 2 6 21 4 1
split_gain=4.92309 3.3854 2.96306 2.64487 2.42248 1.92963 1.91544 1.60754 2.23509 1.2959 1.26871 1.12148 1.33537 1.07077
threshold=2.5000000000000004 0 15.500000000000002 1.5000000000000002 1 2.5000000000000004 2 38.708333333333336 1.5000000000000002 1.5000000000000002 0.85164835164835173 3 3.5000000000000004 3.5000000000000004
decision_type=2 9 2 2 9 2 9 2 2 2 2 9 2 2
left_child=6 3 4 7 -3 13 -1 -2 -9 -4 -5 -12 -13 -6
right_child=1 2 9 10 5 -7 -8 8 -10 -11 11 12 -14 -15
leaf_value=-0.018188871813424559 -0.00070871264711366529 -0.010624857579020664 -0.0024625326963892071 0.0057462844339411859 -2.4844345775099055e-05 0.001855487553197371 -0.010923813376011044 0.0042333404535494909 -0.0018936983260251063 -0.0039441215439851608 0.007575945062224961 -0.019620802946746688 1.8130205773298683e-05 -0.0035688393626441316
leaf_weight=51 221 26 150 1524 1282 1276 69 20 19 39 269 10.999999999999998 376 247
leaf_count=51 221 26 150 1524 1282 1276 69 20 19 39 269 11 376 247
internal_value=0.000851255 0.00107143 -4.95866e-05 0.00245399 0.000354998 0.000507118 -0.00916667 -0.00230769 -0.0116667 -0.00611111 0.00302752 0.00118902 -0.000548469 -0.000689993
internal_weight=5580 5460 3020 2440 2831 2805 120 260 39 189 2180 656 387 1529
internal_count=5580 5460 3020 2440 2831 2805 120 260 39 189 2180 656 387 1529
cat_boundaries=0 1 2 3 4
cat_threshold=78 1024 2192 64
is_linear=0
shrinkage=0.05


Tree=29
num_leaves=15
num_cat=5
split_feature=23 0 0 21 4 0 21 0 21 2 22 0 0 7
split_gain=4.37834 2.49685 2.35819 1.86079 2.49917 2.54452 1.81638 1.48224 1.92705 1.9163 1.41363 1.60939 1.39026 1.21674
threshold=0 95.500000000000014 146.50000000000003 1 8.5000000000000018 113.50000000000001 2 75.500000000000014 3 2.5000000000000004 4 112.50000000000001 151.50000000000003 1.5000000000000002
decision_type=1 2 2 9 2 2 9 2 9 2 1 2 2 2
left_child=2 6 7 -3 10 13 -2 9 -9 -1 11 -5 -4 -6
right_child=1 3 12 4 5 -7 -8 8 -10 -11 -12 -13 -14 -15
leaf_value=0.0050518547336853292 -0.0014318199005014481 -0.00081392399954943826 -0.016437479993294511 -0.0045063334111973665 -0.0045475024540172423 -0.0034898915168531698 0.00077089961103535515 0.0035914913333996976 -0.00060990130537040619 -0.0044198586835817091 2.2975687725955197e-05 -0.012343321336882616 -0.0017990134097238377 -0.008472357411779716
leaf_weight=1513 828 252 9.9999999999999982 65 21 23 1544 633 517 15.999999999999998 103 43 43 10.000000000000002
leaf_count=1513 828 252 10 65 21 23 1544 633 517 16 103 43 43 10
internal_value=0.000801459 -0.000555555 0.00223646 -0.00370406 -0.00657407 -0.0162963 0.000130692 0.00244308 0.00108696 0.00346305 -0.00424171 -0.0080531 -0.00820755 -0.0256452
internal_weight=5621 2889 2732 517 265 54 2372 2679 1150 1529 211 108 53 31
internal_count=5621 2889 2732 517 265 54 2372 2679 1150 1529 211 108 53 31
cat_boundaries=0 1 2 3 4 5
cat_threshold=8 480 3344 78 1
is_linear=0
shrinkage=0.05


Tree=30
num_leaves=15
num_cat=4
split_feature=0 22 21 21 4 0 4 20 4 0 4 4 13 21
split_gain=5.04036 5.75194 3.92135 2.825 3.28176 2.23009 2.12402 1.53861 1.47006 1.40295 1.57098 1.35605 1.28627 1.22703
threshold=95.500000000000014 0 1 2 8.5000000000000018 113.50000000000001 4.5000000000000009 1.0000000180025095e-35 8.5000000000000018 139.50000000000003 2.5000000000000004 1.5000000000000002 2.5000000000000004 3
decision_type=2 1 9 9 2 2 2 2 2 2 2 2 2 9
left_child=2 13 12 9 5 7 -7 -5 11 -3 -11 -4 -1 -2
right_child=1 3 8 4 -6 6 -8 -9 -10 10 -12 -13 -14 -15
leaf_value=0.0017203324085026306 -0.017323882056007121 -0.001356577069653705 -0.0025564396215294743 -0.00025819083295899973 -0.0066403720535469501 -0.01122094602356824 0.0006961590910643541 -0.0025968469756452632 -0.0012244691820345282 -0.019724724187194471 -0.002317136369447928 0.00087932193073815557 0.0058393763832131889 0.0082489364774677096
leaf_weight=982 14 379 428 122 46 71 23 27 289 25 29 1661 1197 311
leaf_count=982 14 379 428 122 46 71 23 27 289 25 29 1661 1197 311
internal_value=0.000726267 -0.0024021 0.00144503 -0.00486933 -0.00869048 -0.00652263 -0.0125532 -0.00271812 3.77677e-05 -0.00224886 -0.00981481 0.00050024 0.0029739 0.00310606
internal_weight=5604 1047 4557 722 289 243 94 149 2378 433 54 2089 2179 325
internal_count=5604 1047 4557 722 289 243 94 149 2378 433 54 2089 2179 325
cat_boundaries=0 1 2 3 4
cat_threshold=36 75 2544 2176
is_linear=0
shrinkage=0.05


Tree=31
num_leaves=15
num_cat=4
split_feature=0 21 0 6 19 0 5 9 9 5 9 21 21 22
split_gain=5.14766 5.16155 3.61545 2.36059 1.79758 1.51189 1.50427 1.11812 1.88571 1.0289 1.3011 1.19977 1.07278 1.06264
threshold=238.00000000000003 0 71.500000000000014 0.89181286549707617 1.0000000180025095e-35 124.50000000000001 3.5000000000000004 22.291666666666668 18.416666666666668 15.500000000000002 43.875000000000007 1 2 3
decision_type=2 9 2 2 2 2 2 2 2 2 2 9 9 1
left_child=1 -1 6 4 9 -5 7 8 -3 10 11 -4 -11 -13
right_child=-2 2 3 5 -6 -7 -8 -9 -10 12 -12 13 -14 -15
leaf_value=0.0044459941436816091 -0.0686523516363719 0.0070095649680207463 -0.01160810661176368 -0.003454969543101899 -0.0058040879209061607 -0.009741276744115979 0.0013327820964803149 0.0034242630115027465 -0.011329471250717482 -0.0033065794978111678 -0.0098186469369329239 -0.0001867225760814302 0.00085974643500784246 0.0031734999077519341
leaf_weight=2016 9.9999999999999982 10.999999999999998 10 388 269 35 1750 34 24 53 11.999999999999998 622 57 409
leaf_count=2016 10 11 10 388 269 35 1750 34 24 53 12 622 57 409
internal_value=0.000842105 0.000905097 -0.000212014 -0.0017655 -0.000796089 -0.00504728 0.00137163 -0.00586956 -0.0121429 5.58901e-05 0.000536562 0.000725264 -0.00454545 0.000921815
internal_weight=5700 5690 3674 1855 1432 423 1819 69 35 1163 1053 1041 110 1031
internal_count=5700 5690 3674 1855 1432 423 1819 69 35 1163 1053 1041 110 1031
cat_boundaries=0 1 2 3 4
cat_threshold=66 1024 33 2
is_linear=0
shrinkage=0.05


Tree=32
num_leaves=15
num_cat=5
split_feature=0 21 21 5 21 20 23 4 0 0 13 9 5 21
split_gain=4.1773 2.84681 2.40103 1.83685 2.58168 1.81999 2.49732 1.75767 1.50764 1.45011 2.12281 1.37586 1.30869 1.25888
threshold=95.500000000000014 0 1 14.500000000000002 2 1.0000000180025095e-35 3 8.5000000000000018 117.50000000000001 85.500000000000014 1.0000000180025095e-35 48.166666666666679 1.5000000000000002 4
decision_type=2 9 9 2 9 2 1 2 2 2 2 2 2 9
left_child=1 7 11 -3 9 13 8 12 -7 10 -5 -2 -1 -4
right_child=2 3 5 4 -6 6 -8 -9 -10 -11 -12 -13 -14 -15
leaf_value=-0.0057412267877774426 0.0012995681523479232 0.0036009735633243597 -0.0053395945445491892 -0.0049607189206081924 0.0052224994327646664 -0.0054625123981143905 -0.0011807086943192058 -0.0013805616297522913 -0.01856456621148032 -0.004804688378581997 -0.00015300669710942806 -0.0073138888961897797 0.0004017642980665707 -0.00066637241879288214
leaf_weight=11.999999999999998 435 2356 98 11.999999999999998 153 28 98 191 12.999999999999998 20 64 21 1770 362
leaf_count=12 435 2356 98 12 153 28 98 191 13 20 64 21 1770 362
internal_value=0.000916918 0.00157055 -0.00191943 0.00265326 -0.0014257 -0.00398179 -0.00902878 0.000133974 -0.0193902 -0.00762376 -0.00486842 0.000824295 0.000622896 -0.0025
internal_weight=5633 4578 1055 2605 249 599 139 1973 41 96 76 456 1782 460
internal_count=5633 4578 1055 2605 249 599 139 1973 41 96 76 456 1782 460
cat_boundaries=0 1 2 3 4 5
cat_threshold=3380 356 1 4 1025
is_linear=0
shrinkage=0.05


Tree=33
num_leaves=15
num_cat=2
split_feature=21 0 9 13 21 6 0 9 9 0 9 9 6 0
split_gain=4.21455 3.69685 2.39191 2.0188 1.71651 1.38964 1.32551 1.41688 1.95111 1.28665 1.26172 1.24539 1.17314 1.4816
threshold=0 96.500000000000014 47.833333333333336 2.5000000000000004 1 0.89181286549707617 102.50000000000001 27.366666666666671 26.708333333333339 59.500000000000007 50.266666666666673 39.833333333333336 0.12916666666666668 112.50000000000001
decision_type=9 2 2 2 9 2 2 2 2 2 2 2 2 2
left_child=6 3 4 9 -3 12 -1 8 -8 -2 -4 -7 13 -6
right_child=1 2 10 -5 5 11 7 -9 -10 -11 -12 -13 -14 -15
leaf_value=0.0054606358413173519 0.0014034911992023781 -0.010760721553948005 -0.014145696967112618 0.0013160505016508368 -0.0038973421164804735 -0.0035694636222239427 -0.00039316660964106021 0.0004306329373066022 -0.0033534585829335232 -0.0012820811174515832 -0.012865352306400702 -0.0094109469173782861 -0.00017695333246023912 -0.0065692248003359176
leaf_weight=1654 610 10 13.000000000000002 1375 21 109 40 299 17 1125 14.999999999999998 12.999999999999998 341 11.999999999999998
leaf_count=1654 610 10 13 1375 21 109 40 299 17 1125 15 13 341 12
internal_value=0.000870181 -0.000145245 -0.00398876 0.00051447 -0.00320158 -0.00263473 0.00270471 -5.61796e-05 -0.0072807 -0.000619596 -0.0182143 -0.00729508 -0.00114973 -0.0101515
internal_weight=5654 3644 534 3110 506 496 2010 356 57 1735 28 122 374 33
internal_count=5654 3644 534 3110 506 496 2010 356 57 1735 28 122 374 33
cat_boundaries=0 1 2
cat_threshold=66 1024
is_linear=0
shrinkage=0.05


Tree=34
num_leaves=15
num_cat=5
split_feature=22 1 21 4 21 2 4 4 21 21 4 1 9 9
split_gain=4.15343 2.41981 2.68179 2.20621 2.23002 2.51859 1.98979 1.8 1.56632 1.18431 2.46838 1.13314 1.131 1.10006
threshold=0 2.5000000000000004 1 8.5000000000000018 2 1.5000000000000002 1.5000000000000002 11.500000000000002 3 4 1.5000000000000002 3.5000000000000004 23.875000000000004 25.291666666666668
decision_type=1 2 9 2 9 2 2 2 9 9 2 2 2 2
left_child=9 -2 -3 6 -5 11 8 -7 -4 10 -1 13 -10 -6
right_child=1 2 3 4 5 7 -8 -9 12 -11 -12 -13 -14 -15
leaf_value=-0.022545479107655985 0.0014972443959642406 -0.0095298623983713394 -0.0055572129608834463 -3.2022028480918622e-06 0.0015287353557411894 -0.0016510719424858795 0.00043373343551213786 -0.0088471729654595269 0.0036091167343360545 0.0073524412709240986 0.00073554091699687667 -0.0045549609524769274 -0.0040844885101711647 -0.0034947469625099177
leaf_weight=15.999999999999998 1813 18 117 182 35 10.000000000000002 1797 9.9999999999999982 94 1072 65 37 235 93
leaf_count=16 1813 18 117 182 35 10 1797 10 94 1072 65 37 235 93
internal_value=0.000843761 0.000147324 -0.000821918 -0.000669216 -0.0042643 -0.00802632 -8.24786e-05 -0.025 -0.00307175 0.00351036 -0.00226744 -0.00621212 -0.00121257 -0.00398437
internal_weight=5594 4441 2628 2610 367 185 2243 20 446 1153 81 165 329 128
internal_count=5594 4441 2628 2610 367 185 2243 20 446 1153 81 165 329 128
cat_boundaries=0 1 2 3 4 5
cat_threshold=36 1024 212 2076 2176
is_linear=0
shrinkage=0.05


Tree=35
num_leaves=15
num_cat=4
split_feature=13 5 21 22 4 21 6 1 4 1 7 21 4 5
split_gain=3.79186 2.79521 1.80654 1.73274 1.77613 2.72242 1.08604 0.989834 1.83575 0.98522 0.915061 1.28665 0.846918 0.833222
threshold=2.5000000000000004 2.5000000000000004 0 1 8.5000000000000018 2 0.88562091503267981 3.5000000000000004 12.500000000000002 3.5000000000000004 1.5000000000000002 3 1.5000000000000002 3.5000000000000004
decision_type=2 2 9 1 2 9 2 2 2 2 2 9 2 2
left_child=1 -1 7 -3 9 -6 -4 -2 -9 12 -11 -12 -5 -14
right_child=2 3 6 4 5 -7 -8 8 -10 10 11 -13 13 -15
leaf_value=-0.015665627146371732 0.0049781585823491349 0.0032947851661438939 0.0012786571836606608 -0.0032040550042846169 0.001257221771824274 -0.0036251883280136177 -0.0012897927897906317 0.00074898260424944858 -0.0037097837913536956 -0.00078719998861550915 0.00075402354638251512 -0.0057881202424726504 -0.0074057739325693265 0.00071503199145520253
leaf_weight=87 1388 392 811 316 111 215 295 238 12.999999999999998 274 21 34 33 1432
leaf_count=87 1388 392 811 316 111 215 295 238 13 274 21 34 33 1432
internal_value=0.000715548 -0.000540309 0.00204918 -0.000268741 -0.000766079 -0.00420245 0.000477048 0.00309915 0.000219124 -0.000236967 -0.00275076 -0.00863636 0.000227401 0.000733789
internal_weight=5660 2915 2745 2828 2436 326 1106 1639 251 2110 329 55 1781 1465
internal_count=5660 2915 2745 2828 2436 326 1106 1639 251 2110 329 55 1781 1465
cat_boundaries=0 1 2 3 4
cat_threshold=99 36 192 320
is_linear=0
shrinkage=0.05


Tree=36
num_leaves=15
num_cat=4
split_feature=21 0 9 21 21 21 4 9 9 0 6 9 0 1
split_gain=3.61303 2.3834 3.33764 1.74915 1.38135 1.25401 1.16936 1.06056 1.25432 0.995987 1.16249 1.30841 1.45455 1.10313
threshold=0 64.500000000000014 47.833333333333336 1 2 3 14.500000000000002 21.291666666666668 19.100000000000005 87.500000000000014 0.92582417582417598 31.100000000000005 104.50000000000001 4.5000000000000009
decision_type=9 2 2 9 9 9 2 2 2 2 2 2 2 2
left_child=9 4 3 -3 -2 -5 -7 8 -6 -1 -11 12 -12 -14
right_child=1 2 -4 5 7 6 -8 -9 -10 10 11 -13 13 -15
leaf_value=0.006093647390748462 0.0037896217804149813 -0.0077571904531369383 -0.01051047239086067 0.00092793569304404344 0.00041374677695809508 -0.0010987464488757283 -0.003090898976187265 0.00069830655360765472 -0.0067159184775097613 0.0019799878095470512 -0.0032774535820274775 0.00071153347403694065 -0.010869968287166867 -0.0010909612242321614
leaf_weight=1317 702 20 28 708 83 1449 31 522 81 526 49 97 17 11.000000000000002
leaf_count=1317 702 20 28 708 83 1449 31 522 81 526 49 97 17 11
internal_value=0.000896118 -4.96003e-05 -0.00105993 -0.000842391 0.00157781 -0.000688554 -0.00151515 -2.89434e-05 -0.00353659 0.00258902 0.00107143 -0.00247126 -0.00733766 -0.0164286
internal_weight=5641 3624 2236 2208 1388 2188 1480 686 164 2017 700 174 77 28
internal_count=5641 3624 2236 2208 1388 2188 1480 686 164 2017 700 174 77 28
cat_boundaries=0 1 2 3 4
cat_threshold=66 1024 289 140
is_linear=0
shrinkage=0.05


Tree=37
num_leaves=15
num_cat=1
split_feature=22 0 13 4 5 5 9 1 0 9 9 5 7 7
split_gain=4.49773 4.08768 2.40151 1.8727 1.76527 1.62412 1.43199 1.48386 2.51282 1.38462 1.17977 0.995033 1.22549 0.914517
threshold=0 95.500000000000014 2.5000000000000004 8.5000000000000018 2.5000000000000004 14.500000000000002 36.583333333333336 3.5000000000000004 163.00000000000003 47.833333333333336 34.125000000000007 2.5000000000000004 1.0000000180025095e-35 1.5000000000000002
decision_type=1 2 2 2 2 2 2 2 2 2 2 2 2 2
left_child=11 2 4 6 -2 -6 -3 -8 -9 -10 13 12 -1 -5
right_child=1 3 -4 10 5 -7 7 8 9 -11 -12 -13 -14 -15
leaf_value=-0.019984959005763359 -0.016132430381104835 -0.00096873720143439857 0.0018500796877260054 -0.0024112857566110086 -5.0178628692526864e-05 -0.0023570391585707308 -0.0038727022820757872 -0.022815971149138817 0.0073845264557479114 -0.016466261795120174 -0.0090319161798318188 0.0066385605185697947 0.0001538541992150515 -0.005590572923190696
leaf_weight=10.000000000000002 41 513 1640 58 1914 105 81 12.999999999999998 13.000000000000002 12.999999999999998 19 1143 17 14.999999999999998
leaf_count=10 41 513 1640 58 1914 105 81 13 13 13 19 1143 17 15
internal_value=0.000612154 -0.00011851 0.000554054 -0.00355172 -0.000582524 -0.000373947 -0.00258294 -0.0075 -0.0155128 -0.00653846 -0.0102174 0.0033617 -0.00611111 -0.00732877
internal_weight=5595 4425 3700 725 2060 2019 633 120 39 26 92 1170 27 73
internal_count=5595 4425 3700 725 2060 2019 633 120 39 26 92 1170 27 73
cat_boundaries=0 1
cat_threshold=36
is_linear=0
shrinkage=0.05


Tree=38
num_leaves=15
num_cat=4
split_feature=13 21 0 5 21 0 21 9 9 0 5 21 6 0
split_gain=3.43282 2.36101 2.53389 1.96882 2.29567 2.2568 1.76892 1.17416 1.43453 1.15739 1.08825 0.839816 1.23205 1.12179
threshold=2.5000000000000004 0 173.50000000000003 13.500000000000002 1 93.500000000000014 2 20.550000000000004 19.775000000000002 62.500000000000007 9.5000000000000018 3 0.92582417582417598 82.500000000000014
decision_type=2 9 2 2 9 2 9 2 2 2 2 9 2 2
left_child=1 10 3 4 7 -5 -2 8 -3 -8 -1 -12 -13 -14
right_child=6 2 -4 5 -6 -7 9 -9 -10 -11 11 12 13 -15
leaf_value=-6.8293303229973349e-05 0.004895141257947995 -0.0034255867728913633 -0.013499931594953657 -0.0020512672817907646 0.0020172661422650103 -0.0034375052193594069 0.0042595393333274599 -0.0023002479201210215 -0.0090024238825938251 -6.2551713451391517e-05 0.0030232188745809639 0.00045193078105153911 -0.0037009791648299501 0.00049482475753225236
leaf_weight=1451 1199 43 13.999999999999998 87 315 46 567 432 22 963 330 130 14.000000000000002 11.999999999999998
leaf_count=1451 1199 43 14 87 315 46 567 432 22 963 330 130 14 12
internal_value=0.000777778 -0.000421271 -0.00244295 -0.00214286 -0.00121921 -0.00778195 0.0020502 -0.00331673 -0.00961538 0.000912052 0.000584449 0.00263374 -0.000434782 -0.0103846
internal_weight=5625 2896 959 945 812 133 2729 497 65 1530 1937 486 156 26
internal_count=5625 2896 959 945 812 133 2729 497 65 1530 1937 486 156 26
cat_boundaries=0 1 2 3 4
cat_threshold=486 3088 74 448
is_linear=0
shrinkage=0.05


Tree=39
num_leaves=15
num_cat=5
split_feature=21 0 21 6 0 5 19 21 5 6 5 22 21 5
split_gain=4.63977 2.53953 1.37732 1.58143 1.25845 1.15814 1.32438 1.29271 1.88693 1.19931 1.27552 1.27953 2.29595 1.4625
threshold=0 90.500000000000014 1 0.89181286549707617 112.50000000000001 15.500000000000002 1.0000000180025095e-35 2 8.5000000000000018 0.85164835164835173 7.5000000000000009 3 4 11.500000000000002
decision_type=9 2 9 2 2 2 2 9 2 2 2 1 9 2
left_child=-1 5 4 -4 -3 6 9 -8 -9 -2 -11 -12 13 -13
right_child=1 2 3 -5 -6 -7 7 8 -10 10 11 12 -14 -15
leaf_value=0.0031760194854505278 0.0013513154675998981 -0.0030146953698441861 0.00021870965270387222 -0.0037369673869522787 -0.0098120174983326747 -0.0020774303787541274 0.00048078700972756916 -0.0067464591202748767 0.00023910409680480603 0.0016519586348499359 0.0030527478858270564 -0.0035718459521598789 -0.00054351031734325267 0.0023389877674578233
leaf_weight=1975 1514 164 356 116 63 163 287 111 94 375 60 65 242 15.999999999999998
leaf_count=1975 1514 164 356 116 63 163 287 111 94 375 60 65 242 16
internal_value=0.000616854 -0.000446158 -0.00315451 -0.00155136 -0.00631465 0.000199864 0.000441389 -0.00191057 -0.00488095 0.000950704 -0.000672823 -0.00270235 -0.00391768 -0.0109884
internal_weight=5601 3626 699 472 227 2927 2764 492 205 2272 758 383 323 81
internal_count=5601 3626 699 472 227 2927 2764 492 205 2272 758 383 323 81
cat_boundaries=0 1 2 3 4 5
cat_threshold=66 3073 305 36 257
is_linear=0
shrinkage=0.05


Tree=40
num_leaves=15
num_cat=2
split_feature=0 22 5 22 5 0 0 4 5 4 4 0 5 1
split_gain=3.99253 4.60859 2.22772 2.05582 1.71724 1.66776 3.21845 1.86891 1.37908 1.80575 1.21626 1.12857 1.02894 0.984316
threshold=96.500000000000014 0 2.5000000000000004 1 14.500000000000002 136.50000000000003 137.50000000000003 9.5000000000000018 9.5000000000000018 7.5000000000000009 1.5000000000000002 64.500000000000014 4.5000000000000009 1.5000000000000002
decision_type=2 1 2 1 2 2 2 2 2 2 2 2 2 2
left_child=2 -2 -1 4 8 7 -7 -3 9 11 -5 -4 -13 -11
right_child=1 5 3 10 -6 6 -8 -9 -10 13 -12 12 -14 -15
leaf_value=-0.0081349247500127585 0.0058695305529804526 -0.0012190167748416672 0.0030071985370234118 -0.0003855046537036922 -0.0018459980481655017 -0.0001565675523996113 -0.0081154554098162423 -0.0051501044717261026 0.001224089721464354 -9.3511109827727431e-05 0.0037690973473055419 -0.0037435157218247196 1.0889268786515523e-06 -0.0010815582348513585
leaf_weight=72 315 521 458 366 194 10.999999999999998 97 55 474 37 2129 42 619 260
leaf_count=72 315 521 458 366 194 11 97 55 474 37 2129 42 619 260
internal_value=0.00061062 -0.00225726 0.00122662 0.00136384 0.000201053 -0.00454282 -0.0102778 -0.00350694 0.000661376 -0.000120056 0.00233 0.000799821 -0.000521936 -0.00358586
internal_weight=5650 999 4651 4579 2084 684 108 576 1890 1416 2495 1119 661 297
internal_count=5650 999 4651 4579 2084 684 108 576 1890 1416 2495 1119 661 297
cat_boundaries=0 1 2
cat_threshold=36 2
is_linear=0
shrinkage=0.05


Tree=41
num_leaves=15
num_cat=1
split_feature=22 0 13 9 13 0 5 5 5 0 4 9 4 5
split_gain=3.24722 5.72478 2.35918 1.4891 2.31625 1.57098 1.44148 1.20048 1.16805 1.11776 2.07416 1.7316 0.864787 1.02691
threshold=0 101.50000000000001 2.5000000000000004 36.583333333333336 1.0000000180025095e-35 124.50000000000001 2.5000000000000004 14.500000000000002 15.500000000000002 123.50000000000001 2.5000000000000004 46.166666666666679 3.5000000000000004 5.5000000000000009
decision_type=1 2 2 2 2 2 2 2 2 2 2 2 2 2
left_child=-1 2 6 5 -5 12 -2 -8 -4 -6 11 -11 -3 -14
right_child=1 3 8 4 9 -7 7 -9 -10 10 -12 -13 13 -15
leaf_value=0.005030204980565247 -0.015242987705021457 -0.0013265995890027618 0.0023245293924651911 0.00032794964807792966 -0.0059354445727638969 0.00072660839372762354 -3.1695411863022657e-05 -0.001982429757440353 -0.0020991669678955488 -0.013797716881715322 -0.0048223154497246627 -0.011514007663436942 -0.0048675853121098785 -0.0045372843098686957
leaf_weight=1151 40 84 1671 35 33 92 2109 122 76 21 24 11.999999999999998 56 72
leaf_count=1151 40 84 1671 35 33 92 2109 122 76 21 24 12 56 72
internal_value=0.000498392 -0.000115678 0.000470383 -0.00560606 -0.0102 -0.0037171 -0.00059225 -0.000423577 0.00185175 -0.0144444 -0.0186842 -0.0268182 -0.00608491 -0.00867187
internal_weight=5598 4447 4018 429 125 304 2271 2231 1747 90 57 33 212 128
internal_count=5598 4447 4018 429 125 304 2271 2231 1747 90 57 33 212 128
cat_boundaries=0 1
cat_threshold=36
is_linear=0
shrinkage=0.05


Tree=42
num_leaves=15
num_cat=4
split_feature=21 21 6 0 22 5 0 4 21 0 5 0 9 0
split_gain=3.64169 2.51525 1.7018 1.80314 1.55615 1.51574 1.46296 2.03109 1.3446 1.16267 1.13556 1.09157 1.08826 0.97117
threshold=0 1 0.88562091503267981 139.50000000000003 2 14.500000000000002 94.500000000000014 8.5000000000000018 3 84.500000000000014 3.5000000000000004 65.500000000000014 23.708333333333339 67.500000000000014
decision_type=9 9 2 2 1 2 2 2 9 2 2 2 2 2
left_child=4 9 10 12 -1 6 -6 -8 -7 -2 -3 -12 -4 -13
right_child=1 2 3 -5 5 8 7 -9 -10 -11 11 13 -14 -15
leaf_value=0.0094167265436206488 -0.0048349495472439306 -0.0071886535937770975 0.00031478073459244223 -0.010126875209696714 0.0029843421481081413 0.0038746615663442343 -0.00014621189302381374 -0.0081120016825164728 -0.0044034575189839604 -0.0088993546944307021 0.0014859629823145174 -0.0013418436469815121 -0.0014708939297958131 -6.4999073162405461e-05
leaf_weight=698 21.000000000000004 74 212 17 1372 31 361 25 50 9.9999999999999982 906 78 573 1112
leaf_count=698 21 74 212 17 1372 31 361 25 50 10 906 78 573 1112
internal_value=0.000568592 -0.00061004 -0.000450117 -0.00241895 0.00196105 0.00119035 0.00150171 -0.00121762 -0.00549383 -0.01375 0.000276498 0.000491412 -0.00207006 -0.000504201
internal_weight=5540 3003 2972 802 2537 1839 1758 386 81 31 2170 2096 785 1190
internal_count=5540 3003 2972 802 2537 1839 1758 386 81 31 2170 2096 785 1190
cat_boundaries=0 1 2 3 4
cat_threshold=106 1024 36 64
is_linear=0
shrinkage=0.05


Tree=43
num_leaves=15
num_cat=2
split_feature=13 0 13 22 22 4 0 4 5 0 6 2 1 4
split_gain=3.0091 1.86795 1.72571 1.46394 1.26223 1.48849 1.22366 1.47249 1.16773 1.13933 1.2803 1.00717 0.826292 0.637443
threshold=2.5000000000000004 173.50000000000003 1.0000000180025095e-35 0 1 12.500000000000002 96.500000000000014 9.5000000000000018 2.5000000000000004 109.50000000000001 0.12916666666666668 2.5000000000000004 2.5000000000000004 1.5000000000000002
decision_type=2 2 2 1 1 2 2 2 2 2 2 2 2 2
left_child=1 4 -3 9 -1 6 8 -8 12 -2 -11 -10 -6 -5
right_child=3 2 -4 13 5 -7 7 -9 11 10 -12 -13 -14 -15
leaf_value=0.0029018653717335749 0.00033780372199656975 -0.0035728579500529886 -0.01386044775101275 0.00028868194443311873 -0.018550370737432247 -0.0031572730965743604 -0.0014838368081743121 -0.0060843674350614559 0.00015995894052886689 -0.0059614664075251789 -0.0020404645067723299 -0.00087928316842469034 -0.0003793265122808108 0.0056477215360007972
leaf_weight=406 971 17 10.000000000000002 238 19 75 319 18 2016 10.999999999999998 33 18 22 1473
leaf_count=406 971 17 10 238 19 75 319 18 2016 11 33 18 22 1473
internal_value=0.000687212 -0.000428082 -0.0135185 0.00188188 -0.000305911 -0.00072833 -0.000514096 -0.00330861 -6.02408e-05 0.000367647 -0.0075 0.000108161 -0.00841463 0.00277098
internal_weight=5646 2920 27 2726 2893 2487 2412 337 2075 1015 44 2034 41 1711
internal_count=5646 2920 27 2726 2893 2487 2412 337 2075 1015 44 2034 41 1711
cat_boundaries=0 1 2
cat_threshold=2 36
is_linear=0
shrinkage=0.05


Tree=44
num_leaves=15
num_cat=2
split_feature=21 21 6 13 5 2 4 9 4 4 5 0 0 0
split_gain=3.85852 1.80799 1.78034 1.56905 1.41255 1.20403 2.0981 1.49916 1.28098 1.14921 2.10834 1.52492 1.39684 1.08062
threshold=0 1 0.88562091503267981 2.5000000000000004 15.500000000000002 1.5000000000000002 13.500000000000002 31.291666666666668 1.5000000000000002 5.5000000000000009 9.5000000000000018 66.500000000000014 103.50000000000001 61.500000000000007
decision_type=9 9 2 2 2 2 2 2 2 2 2 2 2 2
left_child=1 -1 4 -2 -3 8 7 -7 -4 12 11 -11 -10 -6
right_child=3 2 5 -5 13 6 -8 -9 9 10 -12 -13 -14 -15
leaf_value=-0.00682974236173132 0.00047721473911025759 0.00034365694222588137 -0.014972876417765775 0.0042934242737135029 0.0032226270758299192 -5.4049801795875337e-05 -0.015372838962964992 -0.0036585156627179493 0.00070852332244419815 -0.0018955163504170234 0.0019118605536219161 -0.0033030806441299216 -0.010325813500969092 -0.002401855470930902
leaf_weight=28 1375 1836 17 1541 23 53 9.9999999999999982 13.999999999999998 322 75 95 146 20 109
leaf_count=28 1375 1836 17 1541 23 53 10 14 322 75 95 146 20 109
internal_value=0.000559675 -0.000784598 -0.000642202 0.00182472 0.000147358 -0.00271277 -0.00863636 -0.00544776 -0.00203704 -0.00168693 -0.00386076 -0.00653846 0.000321638 -0.00484848
internal_weight=5664 2748 2720 2916 1968 752 77 67 675 658 316 221 342 132
internal_count=5664 2748 2720 2916 1968 752 77 67 675 658 316 221 342 132
cat_boundaries=0 1 2
cat_threshold=3473 1024
is_linear=0
shrinkage=0.05


Tree=45
num_leaves=15
num_cat=3
split_feature=21 5 5 22 4 2 13 9 21 9 2 6 9 9
split_gain=3.28422 1.88039 1.91872 1.60849 1.44286 1.50141 1.42813 1.3517 1.34114 0.915801 0.984615 0.88497 0.843406 0.771803
threshold=0 2.5000000000000004 15.500000000000002 1 7.5000000000000009 1.5000000000000002 2.5000000000000004 20.550000000000004 2 27.366666666666671 1.5000000000000002 0.11437908496732027 29.416666666666668 29.125000000000004
decision_type=9 2 2 1 2 2 2 2 9 2 2 2 2 2
left_child=1 -1 3 -3 5 8 -2 -7 -5 10 -4 -8 -11 -9
right_child=6 2 9 4 -6 7 11 13 -10 12 -12 -13 -14 -15
leaf_value=-0.010294274723610889 0.00026461799438474764 0.0029967797873689229 0.00054415339625842366 -0.0064914265312578882 -0.0020370756318073935 -0.01278849485591829 -0.0011387340882309828 -0.00013702177452873813 0.00031761058974929537 -0.0030941158737956948 -0.0035033907138931307 0.0035401671902631753 -0.0029775955412876796 -0.0068451676348810168
leaf_weight=68 1492 387 60 17 240 17 81 79 1508 13.999999999999998 18 1540 89 34
leaf_count=68 1492 387 60 17 240 17 81 79 1508 14 18 1540 89 34
internal_value=0.000570518 -0.000766956 -0.000542022 -0.000148992 -0.00075 -0.000226586 0.00165651 -0.00538462 0.000213115 -0.00549724 -0.00141026 0.00268661 -0.00859223 -0.00340708
internal_weight=5644 2531 2463 2282 1895 1655 3113 130 1525 181 78 1621 103 113
internal_count=5644 2531 2463 2282 1895 1655 3113 130 1525 181 78 1621 103 113
cat_boundaries=0 1 2 3
cat_threshold=3353 36 1024
is_linear=0
shrinkage=0.05


Tree=46
num_leaves=15
num_cat=4
split_feature=21 0 6 19 22 2 21 0 0 23 6 0 6 0
split_gain=2.38649 2.26857 2.19243 1.63589 1.68473 3.04304 1.56779 1.53469 3.08056 2.18638 1.05486 1.00657 0.96304 0.926167
threshold=0 59.500000000000007 0.93541666666666679 1.0000000180025095e-35 1 2.5000000000000004 2 103.50000000000001 107.50000000000001 3 0.12916666666666668 176.00000000000003 0.55050505050505061 100.50000000000001
decision_type=9 2 2 2 1 2 9 2 2 1 2 2 2 2
left_child=11 -2 3 4 5 6 12 -4 -9 -10 -6 -1 -3 -14
right_child=1 2 7 -5 10 -7 -8 8 9 -11 -12 -13 13 -15
leaf_value=0.006799724578373992 0.0018425643025657046 -4.1233179006659052e-06 -0.0010985288850173039 -0.002649737023739912 -0.0012993556085826045 -0.0029720964354376031 0.00043198198017522854 -0.0036073528239908533 -0.011998329836932865 -7.7982567887027387e-05 0.0028961217409151398 -0.049573740253602519 -0.0028291884139313834 -0.015043765638506202
leaf_weight=1092 1291 190 540 452 10.999999999999998 10.999999999999998 688 24 21 86 958 11.999999999999998 207 9.9999999999999982
leaf_count=1092 1291 190 540 452 11 11 688 24 21 86 958 12 207 10
internal_value=0.000646344 0.000132399 -0.000581613 9.29958e-05 0.000686747 -0.000648065 -0.000388128 -0.00312221 -0.0079771 -0.00434579 0.00220226 0.00272317 -0.00282767 -0.00513825
internal_weight=5593 4489 3198 2527 2075 1106 1095 671 131 107 969 1104 407 217
internal_count=5593 4489 3198 2527 2075 1106 1095 671 131 107 969 1104 407 217
cat_boundaries=0 1 2 3 4
cat_threshold=64 2 289 4
is_linear=0
shrinkage=0.05


Tree=47
num_leaves=15
num_cat=1
split_feature=5 13 9 0 6 0 6 9 0 5 0 23 0 9
split_gain=2.29598 1.6138 1.61378 1.49597 1.2823 2.3124 1.11167 0.855629 1.13077 0.963822 0.845199 0.795115 0.727273 0.687032
threshold=2.5000000000000004 2.5000000000000004 57.416666666666679 125.50000000000001 0.12916666666666668 104.50000000000001 0.88562091503267981 20.708333333333339 71.500000000000014 4.5000000000000009 24.500000000000004 0 119.50000000000001 19.775000000000002
decision_type=2 2 2 2 2 2 2 2 2 2 2 1 2 2
left_child=3 2 7 11 5 -3 -6 9 10 -2 -9 -1 -7 -11
right_child=1 4 -4 -5 6 12 -8 8 -10 13 -12 -13 -14 -15
leaf_value=-0.01284465404179046 -0.0075136718641523707 1.1315453465689848e-05 -0.0078976253173001741 -0.01160734320987096 0.0032091969435734218 -0.005206364077494776 2.7422108499231056e-05 -0.0019962425553182745 -0.00053704710768984979 0.0013484436957744705 0.0012800833377254685 7.9746635126643327e-05 -0.004600957238555671 -0.003919557767518957
leaf_weight=39 45 126 9.9999999999999982 22 1905 11.000000000000002 691 11.999999999999998 1427 91 1142 68 10.999999999999998 71
leaf_count=39 45 126 10 22 1905 11 691 12 1427 91 1142 68 11 71
internal_value=0.000741492 0.000894984 5.00359e-05 -0.00585271 0.00175656 -0.00277027 0.00201464 0.000121951 0.000370012 -0.00297101 0.0015338 -0.00341121 -0.0177273 -0.00117284
internal_weight=5671 5542 2798 129 2744 148 2596 2788 2581 207 1154 107 22 162
internal_count=5671 5542 2798 129 2744 148 2596 2788 2581 207 1154 107 22 162
cat_boundaries=0 1
cat_threshold=4
is_linear=0
shrinkage=0.05


Tree=48
num_leaves=15
num_cat=2
split_feature=21 22 2 9 13 2 0 4 0 13 0 9 4 9
split_gain=3.52323 2.29936 1.82847 1.63855 1.23302 1.17709 1.09543 1.25961 0.954789 0.998442 0.952362 1.02954 0.853498 0.832968
threshold=0 1 1.5000000000000002 49.750000000000007 2.5000000000000004 2.5000000000000004 91.500000000000014 1.5000000000000002 112.50000000000001 1.0000000180025095e-35 101.50000000000001 33.875000000000007 14.500000000000002 20.550000000000004
decision_type=9 1 2 2 2 2 2 2 2 2 2 2 2 2
left_child=2 5 3 8 6 10 7 -3 -1 -10 -2 -12 -6 -4
right_child=1 4 13 -5 12 -7 -8 -9 9 -11 11 -13 -14 -15
leaf_value=-0.0011608153022990167 9.9294450109824861e-05 -0.004644740499409169 -0.015557291463151485 -0.010258727453145784 0.0044208302403844395 -0.0011224476092751513 -0.00072408597665303684 0.0027097739599580384 -0.0038275828142989342 -0.013701862648963345 -0.00048600323260446085 -0.0075958377725596216 -0.002796804780100979 -0.0035402284999963827
leaf_weight=766 1910 148 10.999999999999998 11.999999999999998 1436 25 354 754 14 11 75 41 13.999999999999998 72
leaf_count=766 1910 148 11 12 1436 25 354 754 14 11 75 41 14 72
internal_value=0.000507709 0.00104683 -0.00237935 -0.00166252 0.00200295 -0.000216439 0.000859873 0.00178492 -0.00138432 -0.011 -8.3909e-05 -0.00448276 0.003 -0.00945783
internal_weight=5643 4757 886 803 2706 2051 1256 902 791 25 2026 116 1450 83
internal_count=5643 4757 886 803 2706 2051 1256 902 791 25 2026 116 1450 83
cat_boundaries=0 1 2
cat_threshold=3088 2
is_linear=0
shrinkage=0.05


Tree=49
num_leaves=15
num_cat=4
split_feature=22 0 9 2 21 5 21 0 21 5 6 0 5 13
split_gain=3.24607 5.04142 2.70627 2.45618 1.91974 1.92462 2.60961 1.77895 1.26126 1.5445 1.25761 1.34954 1.42274 1.25149
threshold=0 136.50000000000003 36.125000000000007 1.5000000000000002 1 5.5000000000000009 2 145.50000000000003 3 15.500000000000002 0.88562091503267981 66.500000000000014 9.5000000000000018 2.5000000000000004
decision_type=1 2 2 2 9 2 9 2 9 2 2 2 2 2
left_child=8 4 -3 -4 5 6 -2 -5 -1 -10 -7 12 13 -12
right_child=1 2 3 7 -6 10 -8 -9 9 -11 11 -13 -14 -15
leaf_value=0.0061792564193208577 0.0013433080089508623 5.8765705067820308e-05 -0.010863808933312102 -0.0001949905703561683 0.00076806737723300166 -0.001244034240202992 -0.0030306859061867042 -0.0061318828631257045 0.0013827327696029818 -0.001658699094555588 -0.0027754784493799881 -0.0028882378570635374 0.0034287154798240643 -0.00098006068975053299
leaf_weight=805 869 34 34 18 2335 726 182 20 326 28 32 151 20 24
leaf_count=805 869 34 34 18 2335 726 182 20 326 28 32 151 20 24
internal_value=0.000351535 -0.000264045 -0.0110377 -0.0165278 -1.15215e-06 -0.00113489 0.000337774 -0.0252632 0.00270189 0.000194986 -0.00276495 -0.00601322 -0.0114474 -0.0155357
internal_weight=5604 4445 106 72 4339 2004 1051 38 1159 354 953 227 76 56
internal_count=5604 4445 106 72 4339 2004 1051 38 1159 354 953 227 76 56
cat_boundaries=0 1 2 3 4
cat_threshold=36 3353 2305 362
is_linear=0
shrinkage=0.05


Tree=50
num_leaves=15
num_cat=6
split_feature=21 0 22 9 21 23 4 13 9 21 21 9 20 2
split_gain=2.45295 2.39423 2.34948 1.8098 1.38875 1.2793 1.27435 1.50631 1.46746 1.33725 1.11709 1.26169 1.19265 0.930044
threshold=0 96.500000000000014 1 33.875000000000007 2 3 12.500000000000002 1.0000000180025095e-35 26.775000000000002 4 5 28.125000000000004 1.0000000180025095e-35 2.5000000000000004
decision_type=9 2 1 2 9 1 2 2 2 9 9 2 2 2
left_child=-1 6 5 10 -5 -3 9 8 -8 -2 11 12 -4 -11
right_child=1 2 3 4 -6 -7 7 -9 -10 13 -12 -13 -14 -15
leaf_value=0.0063236341809472145 0.0013170826699029107 -0.0091725767810353839 -0.0039639954519245183 -0.0012285445552793588 -0.0071425809746198752 0.0039664540539574135 -0.0019208238787577739 -0.0003202534812347034 -0.0039544016610432902 -0.0001302700405176293 -0.0011142126918890864 -0.00089054263498196992 -0.0067000524803090614 -0.0018602824168195476
leaf_weight=1117 1650 14 44 41 89 202 18.000000000000004 106 9.9999999999999982 2027 269 54 18 23
leaf_count=1117 1650 14 44 41 89 202 18 106 10 2027 269 54 18 23
internal_value=0.000476945 -3.8293e-05 -0.00266074 -0.00447115 -0.00961538 0.00171946 0.000461659 -0.00432836 -0.0146429 0.000635135 -0.00279221 -0.00677686 -0.0119355 -0.000218978
internal_weight=5682 4565 731 515 130 216 3834 134 28 3700 385 116 62 2050
internal_count=5682 4565 731 515 130 216 3834 134 28 3700 385 116 62 2050
cat_boundaries=0 1 2 3 4 5 6
cat_threshold=64 36 2340 4 43 1034
is_linear=0
shrinkage=0.05


Tree=51
num_leaves=15
num_cat=6
split_feature=21 6 0 23 21 0 0 21 21 0 9 9 21 6
split_gain=2.8093 1.3386 1.24017 1.21283 0.996859 0.941914 0.918305 0.662771 0.639347 0.85389 2.25792 0.586805 0.663486 0.855806
threshold=0 0.93541666666666679 53.500000000000007 1 2 62.500000000000007 146.50000000000003 3 4 95.500000000000014 32.875000000000007 25.416666666666668 5 0.88562091503267981
decision_type=9 2 2 1 9 2 2 9 9 2 2 2 9 2
left_child=1 3 11 -1 -4 -3 -6 -8 -7 -10 -11 -2 -13 -14
right_child=2 5 4 -5 6 8 7 -9 9 10 -12 12 13 -15
leaf_value=-2.73943329063415e-05 -9.5526727093359228e-05 0.0048089598351388181 -0.0056000028719786991 0.0059266195994776899 -0.0005419002267892226 0.00032052564648986939 0.0090047766430419399 -0.010643942067316446 -0.00026223954618566256 -0.0056154677090773583 9.3659542058670335e-05 0.0049376989218400218 0.0014373395969357718 -4.1301392986348165e-05
leaf_weight=337 374 127 18 1210 2746 162 10.999999999999998 36 78 29 26 272 143 54
leaf_count=337 374 127 18 1210 2746 162 11 36 78 29 26 272 143 54
internal_value=0.00040281 0.00192249 -0.000418147 0.00260827 -0.000923159 -0.00056872 -0.000834524 -0.00776596 -0.00211864 -0.00460145 -0.00954545 0.00126335 0.00244136 0.000173268
internal_weight=5623 1969 3654 1547 2811 422 2793 47 295 133 55 843 469 197
internal_count=5623 1969 3654 1547 2811 422 2793 47 295 133 55 843 469 197
cat_boundaries=0 1 2 3 4 5 6
cat_threshold=66 4 1024 288 64 2352
is_linear=0
shrinkage=0.05


Tree=52
num_leaves=15
num_cat=5
split_feature=23 21 5 21 9 5 9 4 1 4 9 21 5 21
split_gain=2.2957 1.98176 2.04506 1.37218 1.67799 1.17998 1.0196 1.70781 2.50819 0.859649 1.01654 0.810079 0.745274 1.4664
threshold=0 1 15.500000000000002 2 28.125000000000004 9.5000000000000018 32.366666666666674 7.5000000000000009 1.5000000000000002 4.5000000000000009 35.583333333333336 3 14.500000000000002 4
decision_type=1 9 2 9 2 2 2 2 2 2 2 9 2 9
left_child=12 -2 5 4 -4 6 11 -8 -9 -6 -11 -3 -1 -14
right_child=1 2 3 -5 9 -7 7 8 -10 10 -12 -13 13 -15
leaf_value=-0.00056756437357670419 0.0033888346066480567 0.003416307003052932 -0.0016516136415100553 0.0045280932873499697 -0.00060399182848705848 0.0020846593241456842 -0.00061968198674547132 -0.00035032198730364759 -0.00037702837872091846 -0.0074141006856877347 -0.00096321965467438238 4.3470935397729369e-05 -0.0038733811879565804 0.0017694615248957019
leaf_weight=1432 1748 206 69 28 11.999999999999998 386 314 14.999999999999998 22 28 9.9999999999999982 1247 62 34
leaf_count=1432 1748 206 69 28 12 386 314 15 22 28 10 1247 62 34
internal_value=0.000501515 0.00111995 0.00016439 -0.00554422 -0.00770161 0.000547945 1.10867e-05 -0.00240741 -0.0125676 -0.015 -0.0186842 0.00059532 -0.00115183 -0.00541667
internal_weight=5613 4085 2337 147 119 2190 1804 351 37 50 38 1453 1528 96
internal_count=5613 4085 2337 147 119 2190 1804 351 37 50 38 1453 1528 96
cat_boundaries=0 1 2 3 4 5
cat_threshold=4 70 289 1 43
is_linear=0
shrinkage=0.05


Tree=53
num_leaves=15
num_cat=3
split_feature=22 0 0 21 5 4 21 0 0 4 13 0 20 9
split_gain=2.99796 3.88096 3.99413 1.70032 2.63043 1.53981 2.02616 1.44922 2.0519 3.47889 2.00173 1.39255 1.34914 1.30169
threshold=0 136.50000000000003 137.50000000000003 1 4.5000000000000009 7.5000000000000009 2 60.500000000000007 53.500000000000007 8.5000000000000018 2.5000000000000004 97.500000000000014 1.0000000180025095e-35 36.125000000000007
decision_type=1 2 2 9 2 2 9 2 2 2 2 2 2 2
left_child=3 5 -3 4 -1 11 -7 8 9 10 -8 -2 -10 -4
right_child=1 2 13 -5 -6 6 7 -9 12 -11 -12 -13 -14 -15
leaf_value=-0.005013597010951186 0.00068465114465306935 -0.0010115849111613877 0.00034199206890971577 0.0040963128939564128 0.0030865943785979917 0.0002628509840619436 -0.00066041658176365823 -0.0020980306826385744 -0.0047840359003728967 0.0035649016862850935 -2.1720223971843922e-05 -0.0017228018869025177 -0.010906075493950784 -0.0084016966672371303
leaf_weight=23 3151 11.999999999999998 33 1137 23 414 10 281 12 32 11 431 11 62
leaf_count=23 3151 12 33 1137 23 414 10 281 12 32 11 431 11 62
internal_value=0.000516569 -7.83873e-05 -0.00948598 0.00274832 -0.00627451 0.000152768 -0.00187419 -0.00459945 -0.0107895 -0.00537736 -0.0211905 0.000589057 -0.0232609 -0.00605263
internal_weight=5643 4460 107 1183 46 4353 771 357 76 53 21 3582 23 95
internal_count=5643 4460 107 1183 46 4353 771 357 76 53 21 3582 23 95
cat_boundaries=0 1 2 3
cat_threshold=36 2048 198
is_linear=0
shrinkage=0.05


Tree=54
num_leaves=15
num_cat=5
split_feature=22 0 21 21 4 4 21 13 21 9 6 6 13 13
split_gain=3.01423 2.87106 1.65806 1.47272 2.30633 1.44562 1.60786 1.77118 1.2488 0.950625 1.13026 3.81984 1.05864 0.934444
threshold=0 101.50000000000001 1 2 1.5000000000000002 12.500000000000002 3 1.0000000180025095e-35 4 41.833333333333336 0.88562091503267981 0.89181286549707617 2.5000000000000004 1.0000000180025095e-35
decision_type=1 2 9 9 2 2 9 2 9 2 2 2 2 2
left_child=3 5 -3 4 -1 8 -7 -8 -2 12 -11 -12 -10 -4
right_child=1 2 13 -5 -6 6 7 -9 9 10 11 -13 -14 -15
leaf_value=-0.016845516614037073 -0.00038151572755759584 -0.00047513043165723175 -0.00015401643219083421 0.0043989245348758036 0.00038291457402937448 0.0012827013414670972 -0.0035177606565150125 -0.00097137350350819357 0.00048877809701251742 0.0020160470125735485 -2.0634212773273931e-05 0.00074238315354902245 0.0031182651131162397 -0.0050086114668414332
leaf_weight=19 1840 212 45 1079 89 39 23 57 962 118 13.999999999999998 33 909 180
leaf_count=19 1840 212 45 1079 89 39 23 57 962 118 14 33 909 180
internal_value=0.000524115 -7.66282e-05 -0.00392448 0.00275587 -0.00274336 0.00034418 -0.00508403 -0.00882353 0.000510836 0.00136208 -0.00227273 -0.00882979 0.00168626 -0.00684783
internal_weight=5619 4432 437 1187 108 3995 119 80 3876 2036 165 47 1871 225
internal_count=5619 4432 437 1187 108 3995 119 80 3876 2036 165 47 1871 225
cat_boundaries=0 1 2 3 4 5
cat_threshold=36 484 2192 448 3380
is_linear=0
shrinkage=0.05


Tree=55
num_leaves=15
num_cat=4
split_feature=0 21 23 5 21 0 9 21 0 9 9 4 5 0
split_gain=2.61946 2.50734 2.05399 1.38379 1.45657 1.78798 1.81429 1.27334 1.83368 1 1.5 0.93477 1.37525 2.75679
threshold=220.50000000000003 0 1 15.500000000000002 2 121.50000000000001 24.875000000000004 3 82.500000000000014 30.875000000000004 32.875000000000007 7.5000000000000009 9.5000000000000018 42.500000000000007
decision_type=2 9 1 2 9 2 2 9 2 2 2 2 2 2
left_child=1 2 -1 4 5 6 -3 8 9 -5 -11 -6 13 -13
right_child=-2 3 -4 7 11 -7 -8 -9 -10 10 -12 12 -14 -15
leaf_value=-0.0006023633974758649 -0.06014882479796721 -0.0026870738276855229 0.0035089049011100271 0.00091623485695195832 0.00077473387081662866 -0.009145550496596223 0.00016841039507200476 0.000299524739019062 -0.0022662442571254734 -0.001773455889826238 0.0026192629990497928 -0.00023842188539902463 0.00055378794660522512 -0.0011177311033375781
leaf_weight=536 9.9999999999999982 316 1843 48 1682 29 528 87 39 12.000000000000002 11.999999999999998 18 247 222
leaf_count=536 10 316 1843 48 1682 29 528 87 39 12 12 18 247 222
internal_value=0.000567597 0.000613099 0.00184354 -0.000292758 -2.95856e-05 -0.00174829 -0.00133886 -0.00434343 -0.00771552 -0.00333333 -0.0116667 0.000664674 -0.00126283 -0.00395833
internal_weight=5629 5619 2379 3240 3042 873 844 198 111 72 24 2169 487 240
internal_count=5629 5619 2379 3240 3042 873 844 198 111 72 24 2169 487 240
cat_boundaries=0 1 2 3 4
cat_threshold=98 4 3088 1
is_linear=0
shrinkage=0.05


Tree=56
num_leaves=15
num_cat=4
split_feature=21 5 21 21 0 0 9 9 23 0 0 0 0 5
split_gain=2.16803 2.58955 1.67757 1.22436 1.13689 1.1066 1.09134 1.61738 1.01701 0.912638 0.888889 0.881151 2.63368 0.700527
threshold=0 15.500000000000002 1 2 121.50000000000001 53.500000000000007 20.550000000000004 19.583333333333339 3 75.500000000000014 79.500000000000014 136.50000000000003 137.50000000000003 3.5000000000000004
decision_type=9 2 9 9 2 2 2 2 1 2 2 2 2 2
left_child=8 3 5 4 6 -3 7 -2 -1 13 -9 -10 -13 -5
right_child=1 2 -4 9 -6 -7 -8 10 11 -11 -12 12 -14 -15
leaf_value=-0.00010302841037693112 -0.00054444357241137116 0.0031204485501602711 0.00060615329575058917 -0.0071854238559700108 -0.0084460847370411846 -0.0026382330896914186 -0.00050481702488474787 -0.0082889593865919358 0.0049947677457766338 -0.00013890488355532105 -0.00072424443549475243 -8.0000473686858706e-05 0.00030965469104901459 0.0011903123549278796
leaf_weight=445 76 13.999999999999998 69 33 23 139 721 24 1450 1100 11.999999999999998 11.999999999999998 67 1406
leaf_count=445 76 14 69 33 23 139 721 24 1450 1100 12 12 67 1406
internal_value=0.000600072 -0.000128382 -0.00536036 0.00021355 -0.00141696 -0.00813291 -0.00112245 -0.00571429 0.00193027 0.000764544 -0.0144444 0.00254742 -0.00259494 0.00159486
internal_weight=5591 3617 222 3395 856 153 833 112 1974 2539 36 1529 79 1439
internal_count=5591 3617 222 3395 856 153 833 112 1974 2539 36 1529 79 1439
cat_boundaries=0 1 2 3 4
cat_threshold=66 41 3088 4
is_linear=0
shrinkage=0.05


Tree=57
num_leaves=15
num_cat=5
split_feature=22 21 4 2 21 23 6 21 2 4 1 9 4 9
split_gain=2.85461 1.63693 1.4289 1.48523 1.62439 1.17633 0.956007 0.948062 1.43329 0.989857 1.11877 1.52419 0.944056 1.68534
threshold=0 1 11.500000000000002 1.5000000000000002 2 3 0.9772727272727274 4 2.5000000000000004 6.5000000000000009 3.5000000000000004 28.125000000000004 8.5000000000000018 33.416666666666679
decision_type=1 9 2 2 9 1 2 9 2 2 2 2 2 2
left_child=1 -1 5 4 6 7 -4 8 9 10 -2 -12 13 -11
right_child=2 -3 3 -5 -6 -7 -8 -9 -10 12 11 -13 -14 -15
leaf_value=-0.0018435080385085319 0.00093194221993647859 0.0040807259968448587 -0.0033626167437601027 -0.0025699490268210026 0.00017765742993790373 -0.00046933779467239273 -0.0049099445667885174 0.0016942990281869068 -0.0017075256246659621 -0.0019227067165548514 -0.0022046316429102293 -0.0094137367379230411 0.00061296875279666103 -0.00038638672435457617
leaf_weight=42 425 827 31 24 138 2548 14.999999999999998 1393 13.999999999999998 63 48 13.999999999999998 52 17
leaf_count=42 425 827 31 24 138 2548 15 1393 14 63 48 14 52 17
internal_value=0.000399045 0.00302632 -8.14705e-05 -0.00413462 -0.0026087 0.000102755 -0.0101961 0.00100197 -0.000603448 -0.000250404 0.000790555 -0.00548387 -0.00409091 -0.0075
internal_weight=5651 869 4782 208 184 4574 46 2026 633 619 487 62 132 80
internal_count=5651 869 4782 208 184 4574 46 2026 633 619 487 62 132 80
cat_boundaries=0 1 2 3 4 5
cat_threshold=32 3072 38 8 1305
is_linear=0
shrinkage=0.05


Tree=58
num_leaves=15
num_cat=5
split_feature=22 0 4 21 21 21 9 9 6 21 6 0 9 6
split_gain=2.72051 1.69369 1.92741 1.33508 1.19554 1.16568 3.02737 0.951551 1.55152 0.818709 1.12594 0.795792 1.60997 1.79402
threshold=0 101.50000000000001 6.5000000000000009 1 2 3 22.366666666666671 45.166666666666679 0.48529411764705888 4 0.13809523809523813 64.500000000000014 36.416666666666679 0.59411764705882364
decision_type=1 2 2 9 9 9 2 2 2 9 2 2 2 2
left_child=9 2 5 -4 7 6 -2 -3 -9 10 -1 -7 -13 -14
right_child=1 4 3 -5 -6 11 -8 8 -10 -11 -12 12 13 -15
leaf_value=-0.0021130911122774734 -0.0039167747304235702 -0.0027623800138287403 -0.0015960519303148256 -0.00010733545658510305 -0.00032869315145737867 0.0032241435583077989 0.00038748378572064441 -0.00097224390804917255 -0.0065199679178791423 0.0053961394013988979 0.00059764309424914551 0.00052771899897046716 -0.0071764879109631257 0.003460827686290531
leaf_weight=18 122 205 368 518 211 1088 526 10.000000000000002 11.999999999999998 859 303 1322 28 14.999999999999998
leaf_count=18 122 205 368 518 211 1088 526 10 12 859 303 1322 28 15
internal_value=0.000530776 -3.95032e-05 0.000284675 -0.00177201 -0.00299087 0.000872299 -0.00101072 -0.00545259 -0.0154545 0.00265823 0.00047546 0.001369 0.000567766 -0.00895349
internal_weight=5605 4425 3987 886 438 3101 648 227 22 1180 321 2453 1365 43
internal_count=5605 4425 3987 886 438 3101 648 227 22 1180 321 2453 1365 43
cat_boundaries=0 1 2 3 4 5
cat_threshold=36 275 3226 3084 3205
is_linear=0
shrinkage=0.05


Tree=59
num_leaves=15
num_cat=1
split_feature=22 0 0 4 0 4 9 9 13 0 6 9 9 6
split_gain=2.41193 2.37945 1.29895 1.05161 1.73624 1.34254 1.55469 0.833583 0.843175 0.631297 2.01247 1.3426 2.14501 1.19056
threshold=0 101.50000000000001 53.500000000000007 8.5000000000000018 63.500000000000007 1.5000000000000002 36.416666666666679 21.416666666666668 2.5000000000000004 107.50000000000001 0.59411764705882364 34.550000000000004 26.708333333333339 0.24264705882352944
decision_type=1 2 2 2 2 2 2 2 2 2 2 2 2 2
left_child=-1 2 7 5 -5 6 -4 8 -2 10 -3 12 -12 -11
right_child=1 9 3 4 -6 -7 -8 -9 -10 13 11 -13 -14 -15
leaf_value=0.0031140573367577358 -0.0038260509241621957 0.00070615533279301871 -0.0017253815327868225 -0.0042168614644999139 -0.00058689999548955591 0.00053545855372036497 -0.0069022504869055562 0.0033114865880926382 0.0034152784861546884 -0.0040661512277565112 -0.0039874624343428705 0.00041008767392577229 -0.0093977275444541084 -0.0013020397136029246
leaf_weight=1169 115 39 408 54 374 2112 11.999999999999998 814 102 58 34 19 19 256
leaf_count=1169 115 39 408 54 374 2112 12 814 102 58 34 19 19 256
internal_value=0.000622203 8.59536e-05 0.000464796 -6.75674e-05 -0.00235981 0.000319905 -0.0022619 0.00199321 -0.000760368 -0.00347059 -0.00671171 -0.0116667 -0.0157547 -0.00232484
internal_weight=5585 4416 3991 2960 428 2532 420 1031 217 425 111 72 53 314
internal_count=5585 4416 3991 2960 428 2532 420 1031 217 425 111 72 53 314
cat_boundaries=0 1
cat_threshold=36
is_linear=0
shrinkage=0.05


Tree=60
num_leaves=15
num_cat=5
split_feature=22 21 21 4 13 5 21 6 5 21 5 1 5 4
split_gain=2.21017 2.26485 1.46473 2.21427 1.46112 1.26082 2.32006 1.13823 1.02785 1.56922 0.929892 0.793758 0.791833 0.627319
threshold=0 1 2 6.5000000000000009 2.5000000000000004 15.500000000000002 3 0.93541666666666679 9.5000000000000018 4 2.5000000000000004 3.5000000000000004 8.5000000000000018 4.5000000000000009
decision_type=1 9 9 2 2 2 9 2 2 9 2 2 2 2
left_child=2 8 12 11 7 -6 -7 -3 9 -2 -11 -4 13 -1
right_child=1 4 3 -5 5 6 -8 -9 -10 10 -12 -13 -14 -15
leaf_value=-0.0030782365236387724 -0.0036267896435110379 0.0016889196960632677 4.4026832642437591e-05 -0.002032972864915274 0.0038802184853904487 -0.0017046172846946562 0.0075870455050386226 -0.0011583679759606961 0.002880613239600649 -0.0072318827113169977 -0.00081456505928622052 -0.0036657133918638605 0.0005594730552906694 -0.0053170292223334407
leaf_weight=75 56 792 663 422 1218 13 81 302 133 47 665 92 1059 12.999999999999998
leaf_count=75 56 792 663 422 1218 13 81 302 133 47 665 92 1059 13
internal_value=0.000373824 0.0012032 -0.000807213 -0.00204315 0.00200332 0.00313262 -0.00244681 0.000658135 -0.000932671 -0.00164062 -0.000962343 -0.000430463 0.00046441 -0.00409091
internal_weight=5631 3307 2324 1177 2406 1312 94 1094 901 768 712 755 1147 88
internal_count=5631 3307 2324 1177 2406 1312 94 1094 901 768 712 755 1147 88
cat_boundaries=0 1 2 3 4 5
cat_threshold=2 3228 2252 1 1032
is_linear=0
shrinkage=0.05


Tree=61
num_leaves=15
num_cat=5
split_feature=21 22 5 21 22 0 9 9 21 0 9 5 4 13
split_gain=1.68734 1.55773 1.42337 1.47566 1.75998 1.20267 2.05093 3.51965 1.12133 0.964286 0.812028 1.24382 1.50163 3.83849
threshold=0 1 15.500000000000002 2 3 69.500000000000014 44.375000000000007 45.833333333333336 4 86.500000000000014 32.366666666666674 9.5000000000000018 7.5000000000000009 2.5000000000000004
decision_type=9 1 2 9 1 2 2 2 9 2 2 2 2 2
left_child=1 -1 8 4 -4 -3 -7 -8 -2 -6 -10 12 -12 -14
right_child=2 5 3 -5 9 6 7 -9 10 -11 11 -13 13 -15
leaf_value=0.0060645705207647248 -0.0047607100932925556 0.0028346486866109191 -0.0011711035886987889 0.00047798196607435153 -0.0027553236616183387 -0.00011625465497923048 -0.0047604357542833748 -0.00064486077637966426 0.00017433653254204449 -0.0056562181673689114 -0.0016710000277672301 0.0014072776321978507 9.1096053287484515e-05 -0.00099621990855605874
leaf_weight=693 28 795 82 81 16.000000000000004 1110 10.999999999999998 23 2270 11.999999999999998 428 117 32 22
leaf_count=693 28 795 82 81 16 1110 11 23 2270 12 428 117 32 22
internal_value=0.000288462 0.00121729 -0.000504364 -0.00468586 -0.00826087 0.000486111 -0.000550699 -0.0126471 -0.000229548 -0.0184848 -0.000123521 -0.00176127 -0.00288382 -0.0107407
internal_weight=5720 2632 3088 191 110 1939 1144 34 2897 28 2869 599 482 54
internal_count=5720 2632 3088 191 110 1939 1144 34 2897 28 2869 599 482 54
cat_boundaries=0 1 2 3 4 5
cat_threshold=106 36 1 2 1024
is_linear=0
shrinkage=0.05


Tree=62
num_leaves=15
num_cat=4
split_feature=13 21 6 21 6 5 21 0 0 22 0 2 5 0
split_gain=1.78638 1.64912 1.10559 1.10108 1.08989 1.2896 0.829262 0.862863 0.808321 0.876517 0.73172 1.24962 0.805926 0.659615
threshold=2.5000000000000004 0 0.080128205128205135 1 0.9772727272727274 15.500000000000002 2 134.50000000000003 77.500000000000014 3 94.500000000000014 1.5000000000000002 15.500000000000002 101.50000000000001
decision_type=2 9 2 9 2 2 9 2 2 1 2 2 2 2
left_child=4 2 -2 -3 -1 6 7 -6 -4 -10 12 13 -11 -12
right_child=1 3 8 -5 5 -7 -8 -9 9 10 11 -13 -14 -15
leaf_value=7.6126370935444479e-05 -0.0027546488435104791 -0.0066506356595488203 0.0042308916215120385 0.00013381252556054384 -0.0014295620940703076 -0.010040863174014741 0.00030580953946800969 -0.0070440270990395756 0.00050723696418361684 0.00083653521698838777 -0.0019270304116810887 0.0028097148683174284 -0.00093620549406537201 -0.011263310699868341
leaf_weight=2227 10.999999999999998 10 812 1275 392 9.9999999999999982 209 14.999999999999998 426 98 26 25 31 13.999999999999998
leaf_count=2227 11 10 812 1275 392 10 209 15 426 98 26 25 31 14
internal_value=0.000529475 0.00144428 0.00260014 0.000135659 -0.00034525 -0.0021885 -0.00189935 -0.00319175 0.00273045 0.00137097 -0.00140703 -0.00576923 0.000736434 -0.01125
internal_weight=5581 2728 1443 1285 2853 626 616 407 1432 620 194 65 129 40
internal_count=5581 2728 1443 1285 2853 626 616 407 1432 620 194 65 129 40
cat_boundaries=0 1 2 3 4
cat_threshold=67 1024 2135 33
is_linear=0
shrinkage=0.05


Tree=63
num_leaves=15
num_cat=4
split_feature=21 5 22 21 4 0 21 2 5 6 0 9 5 5
split_gain=1.92145 1.65364 1.21241 1.11157 1.01392 1.03939 0.979326 1.04649 0.937081 0.914066 0.910206 1.83919 0.913741 0.907346
threshold=0 15.500000000000002 1 2 12.500000000000002 89.500000000000014 3 1.5000000000000002 2.5000000000000004 0.24264705882352944 56.500000000000007 43.875000000000007 13.500000000000002 9.5000000000000018
decision_type=9 2 1 9 2 2 9 2 2 2 2 2 2 2
left_child=2 3 -1 4 10 -6 7 -3 -4 -5 12 13 -2 -12
right_child=1 6 8 9 5 -7 -8 -9 -10 -11 11 -13 -14 -15
leaf_value=-0.00025049508183503999 0.00084051759900535458 -0.0013056933729966328 -0.013242617887731428 -0.00081154593127207161 -0.0033163279600640586 0.0020840291400770947 5.6602261386016724e-05 -0.0076220308847176803 0.0036094939092266454 0.0011919426791947496 -0.0011231692827887603 -0.0082154677750052967 -0.003406010989140792 0.0014979634505340471
leaf_weight=529 538 110 32 265 11.000000000000002 9.9999999999999982 89 26 1401 1301 1082 18 10.999999999999998 167
leaf_count=529 538 110 32 265 11 10 89 26 1401 1301 1082 18 11 167
internal_value=0.000500895 -0.000181668 0.00175902 9.25656e-05 -0.000741042 -0.0116667 -0.00433333 -0.00687943 0.00251391 0.00106938 -0.00061674 -0.00135359 0.00108379 -0.0011249
internal_weight=5590 3628 1962 3403 1837 21 225 136 1433 1566 1816 1267 549 1249
internal_count=5590 3628 1962 3403 1837 21 225 136 1433 1566 1816 1267 549 1249
cat_boundaries=0 1 2 3 4
cat_threshold=66 2 3348 33
is_linear=0
shrinkage=0.05


Tree=64
num_leaves=15
num_cat=4
split_feature=0 21 9 9 6 5 21 5 9 9 6 21 23 4
split_gain=1.70141 1.55678 2.6201 3.26839 1.72018 0.962888 1.28752 0.984297 0.869732 2.55121 0.73927 0.778762 0.714151 0.695603
threshold=57.500000000000007 0 43.875000000000007 46.833333333333336 0.88562091503267981 15.500000000000002 1 10.500000000000002 36.125000000000007 36.875000000000007 0.57738095238095244 2 3 12.500000000000002
decision_type=2 9 2 2 2 2 9 2 2 2 2 9 1 2
left_child=-1 2 4 -4 10 7 -7 8 -3 -10 -2 -12 -8 -6
right_child=1 5 3 -5 13 6 12 -9 9 -11 11 -13 -14 -15
leaf_value=0.0020656851745515722 -0.00047524861211535607 0.00062901915677507478 -0.0059501585587845808 -0.0048256791852531039 -0.0011532720740625262 0.0048736005701225452 -0.00058793816686288189 0.0011400849448777073 -0.0023320549233613488 -0.0013689696579172713 0.002537374218421852 -0.000253540166950777 -0.0027201229798938915 -0.003150511544943026
leaf_weight=1540 898 1333 17 35 484 84 67 451 17 121 324 199 72 41
leaf_count=1540 898 1333 17 35 484 84 67 451 17 121 324 199 72 41
internal_value=0.000301777 -0.000225682 -0.00122816 -0.0123077 -0.000935252 0.000709302 -0.0023991 0.0010718 0.000445275 -0.00333333 -3.16677e-05 0.00146272 -0.00524306 -0.00338095
internal_weight=5683 4143 1998 52 1946 2145 223 1922 1471 138 1421 523 139 525
internal_count=5683 4143 1998 52 1946 2145 223 1922 1471 138 1421 523 139 525
cat_boundaries=0 1 2 3 4
cat_threshold=3350 192 2054 8
is_linear=0
shrinkage=0.05


Tree=65
num_leaves=15
num_cat=1
split_feature=22 0 5 6 9 9 1 9 5 0 6 5 9 4
split_gain=2.20812 1.60632 0.788279 0.821295 1.29141 2.23214 0.714286 1.55018 0.571429 1.24102 0.727273 0.567446 0.541713 0.535805
threshold=0 65.500000000000014 15.500000000000002 0.9772727272727274 36.416666666666679 36.875000000000007 3.5000000000000004 40.833333333333336 5.5000000000000009 106.50000000000001 0.48529411764705888 4.5000000000000009 23.550000000000004 3.5000000000000004
decision_type=1 2 2 2 2 2 2 2 2 2 2 2 2 2
left_child=11 -2 3 4 -3 -6 8 -8 9 10 -7 13 -4 -1
right_child=1 2 12 -5 5 6 7 -9 -10 -11 -12 -13 -14 -15
leaf_value=0.00024462482868317382 0.00067128136999063646 0.00018739784760840453 0.00117110309438155 -0.0012061223890944199 -0.0024273865415970768 -0.0068386643293259835 -0.018480712436456978 0.0041468070706356568 0.0028262592986396584 0.00022688660309171384 -0.00331576656957654 0.0039696851382561207 -0.0012329306614675202 -0.0012272296935039347
leaf_weight=79 1857 1946 26 617 20 11.000000000000002 13.000000000000002 14.999999999999998 56 34 10.999999999999998 768 187 12.999999999999998
leaf_count=79 1857 1946 26 617 20 11 13 15 56 34 11 768 187 13
internal_value=0.000391828 -2.81365e-05 -0.000756131 -0.000526992 -5.69799e-05 -0.004375 -0.00214286 -0.00928571 -0.000357143 -0.00392857 -0.0131818 0.00271676 -0.00368545 -0.000978261
internal_weight=5653 4793 2936 2723 2106 160 140 28 112 56 22 860 213 92
internal_count=5653 4793 2936 2723 2106 160 140 28 112 56 22 860 213 92
cat_boundaries=0 1
cat_threshold=32
is_linear=0
shrinkage=0.05


Tree=66
num_leaves=15
num_cat=5
split_feature=22 21 5 21 21 0 21 6 7 13 6 9 9 6
split_gain=1.57754 0.954791 0.881512 1.93659 1.69782 1.30101 1.21887 1.04569 0.737437 1.08721 0.764738 0.721313 0.829274 0.702485
threshold=0 1 5.5000000000000009 2 3 58.500000000000007 4 0.9772727272727274 1.0000000180025095e-35 2.5000000000000004 0.82843137254901966 20.550000000000004 34.833333333333336 0.71825396825396837
decision_type=1 9 2 9 9 2 9 2 2 2 2 2 2 2
left_child=-1 -2 4 7 -3 -6 11 8 -4 10 13 -7 -13 -10
right_child=1 2 3 -5 5 6 -8 -9 9 -11 -12 12 -14 -15
leaf_value=0.0024543309279015106 -0.0040880713110816079 -0.016991381737392505 9.2228508540571888e-05 0.00021230058062698698 0.0037262641549707879 -0.013970434031113336 0.00030008403299066873 -0.004313190926753919 -0.0030056292862425892 -0.00035905004308982064 0.00093258257165019587 -0.0014659524404709154 -0.0035058086800554785 -0.00532661608397736
leaf_weight=1150 21 11 293 1468 761 26 939 119 152 215 30 300 41 19
leaf_count=1150 21 11 293 1468 761 26 939 119 152 215 30 300 41 19
internal_value=0.000563571 0.000130682 0.000187258 -0.000487805 0.00093359 0.00105454 9.95408e-05 -0.00241296 -0.00169958 -0.00305288 -0.00569652 -0.00232527 -0.00174487 -0.0069883
internal_weight=5545 4395 4374 2296 2078 2067 1306 828 709 416 201 367 341 171
internal_count=5545 4395 4374 2296 2078 2067 1306 828 709 416 201 367 341 171
cat_boundaries=0 1 2 3 4 5
cat_threshold=36 1024 306 8 2196
is_linear=0
shrinkage=0.05


Tree=67
num_leaves=15
num_cat=6
split_feature=21 13 6 6 4 4 21 21 21 13 21 4 1 22
split_gain=1.69509 1.05895 1.02088 1.00158 0.961765 0.797428 1.16819 0.81628 0.70599 0.632312 1.06567 1.18007 0.944202 0.56801
threshold=0 2.5000000000000004 0.14642857142857144 0.9772727272727274 2.5000000000000004 7.5000000000000009 1 2 3 2.5000000000000004 4 1.5000000000000002 1.5000000000000002 5
decision_type=9 2 2 2 2 2 9 9 9 2 9 2 2 1
left_child=1 3 8 13 -5 7 -7 -4 -2 10 11 12 -9 -1
right_child=2 -3 5 4 -6 6 -8 9 -10 -11 -12 -13 -14 -15
leaf_value=-0.00087622581544185359 0.000501137867886003 0.0035763344769232965 -0.0046842569968382469 -0.039195821792969598 -0.0007354923912133379 -0.0010704627878173668 0.00011985053327741459 0.01485489919387324 -0.0030208165660724081 0.001074346398976877 0.00052170017820012409 -0.00092755294249271451 -0.0062626885266759778 0.0030145576360360395
leaf_weight=221 94 1098 24 14.999999999999998 183 373 408 11.999999999999998 152 1160 926 456 62 453
leaf_count=221 94 1098 24 15 183 373 408 12 152 1160 926 456 62 453
internal_value=0.000414228 0.00159494 -0.00022195 0.000298165 -0.00282828 1.46175e-06 -0.00140205 0.000416667 -0.00333333 0.00050744 -0.000185439 -0.00196262 -0.00783784 0.00121662
internal_weight=5637 1970 3667 872 198 3421 781 2640 246 2616 1456 530 74 674
internal_count=5637 1970 3667 872 198 3421 781 2640 246 2616 1456 530 74 674
cat_boundaries=0 1 2 3 4 5 6
cat_threshold=66 2321 1024 296 2180 2
is_linear=0
shrinkage=0.05


Tree=68
num_leaves=15
num_cat=2
split_feature=22 0 6 6 6 0 0 1 4 4 6 23 4 7
split_gain=1.86556 1.19924 1.058 0.790331 1.41829 0.619115 1.85369 1.66667 0.605301 0.605114 0.589486 0.553501 0.731378 0.740288
threshold=0 64.500000000000014 0.9772727272727274 0.32291666666666669 0.31009615384615391 103.50000000000001 107.50000000000001 3.5000000000000004 7.5000000000000009 2.5000000000000004 0.07417582417582419 1 7.5000000000000009 1.0000000180025095e-35
decision_type=1 2 2 2 2 2 2 2 2 2 2 1 2 2
left_child=-1 10 3 4 9 8 7 -7 -4 -3 -2 -12 -13 -14
right_child=1 2 5 -5 -6 6 -8 -9 -10 -11 11 12 13 -15
leaf_value=0.0027357416094878047 -0.0017482736295276508 -0.0014775975611883757 -0.00010014206427568114 0.00019641174818607341 -0.0062084484992322702 -0.0016590333172225526 -0.0010487554569214544 -0.0083260126791409577 -0.0024763037237594877 0.00055478680991466239 -0.00027944050993121053 0.0024991707619706253 0.00085646165564943848 -0.00079787902027425345
leaf_weight=834 13.999999999999998 531 304 1690 12.999999999999998 12 106 15 218 72 512 1087 97 73
leaf_count=834 14 531 304 1690 13 12 106 15 218 72 512 1087 97 73
internal_value=0.000294012 -9.05452e-05 -0.000707531 -0.000203816 -0.00173701 -0.00248092 -0.00552632 -0.0172222 -0.00170498 -0.00138474 0.00093382 0.0010147 0.00157916 -0.00147059
internal_weight=5578 4744 2961 2306 616 655 133 27 522 603 1783 1769 1257 170
internal_count=5578 4744 2961 2306 616 655 133 27 522 603 1783 1769 1257 170
cat_boundaries=0 1 2
cat_threshold=32 4
is_linear=0
shrinkage=0.05


Tree=69
num_leaves=15
num_cat=2
split_feature=22 23 0 9 9 4 9 5 0 5 0 13 4 20
split_gain=1.14308 1.04305 1.09431 2.50298 0.744126 0.675796 0.667685 0.958849 1.72392 1.05388 1.00137 2.63377 0.632417 0.792373
threshold=0 1 93.500000000000014 31.583333333333339 55.750000000000007 6.5000000000000009 32.366666666666674 9.5000000000000018 97.500000000000014 14.500000000000002 42.500000000000007 2.5000000000000004 2.5000000000000004 1.0000000180025095e-35
decision_type=1 1 2 2 2 2 2 2 2 2 2 2 2 2
left_child=1 2 -1 -4 5 12 -7 10 -9 -10 11 -8 13 -2
right_child=4 -3 3 -5 -6 6 7 8 9 -11 -12 -13 -14 -15
leaf_value=0.00013073861397718337 -4.8890564470832504e-05 0.0026740790479503397 -0.0054207525789088558 0.0062180306237672621 -0.0062152247103450901 -0.00026943252091378081 0.0006288282571253926 0.0028520090394345667 -0.0063919994667626231 0.0029983756459442661 -0.0009364275022322922 -0.00030737776449782931 0.00045874465403657259 -0.0079685900578964023
leaf_weight=110 1344 1066 12.000000000000002 15.999999999999998 21 735 11 101 24 13.999999999999998 96 10 2089 59
leaf_count=110 1344 1066 12 16 21 735 11 101 24 14 96 10 2089 59
internal_value=0.000471269 0.00183623 -0.00224638 -0.0110714 0.000104236 0.000148338 -0.00100404 -0.00320312 -0.000395683 -0.00947368 -0.00653846 -0.0164286 0.000475372 -0.000345688
internal_weight=5708 1204 138 28 4504 4483 991 256 139 38 117 21 3492 1403
internal_count=5708 1204 138 28 4504 4483 991 256 139 38 117 21 3492 1403
cat_boundaries=0 1 2
cat_threshold=36 4
is_linear=0
shrinkage=0.05


Tree=70
num_leaves=15
num_cat=4
split_feature=21 21 4 6 22 9 13 9 9 5 21 9 9 6
split_gain=1.6105 1.09322 1.17984 1.45067 0.882181 0.924975 0.860541 0.853361 0.822907 0.807616 0.780712 1.36285 1.11346 0.736622
threshold=0 1 7.5000000000000009 0.9772727272727274 2 23.550000000000004 2.5000000000000004 25.775000000000002 36.875000000000007 9.5000000000000018 3 49.750000000000007 24.875000000000004 0.91287878787878796
decision_type=9 9 2 2 1 2 2 2 2 2 9 2 2 2
left_child=6 7 10 4 -4 -6 9 -2 -5 -1 11 12 -3 -7
right_child=1 2 3 8 5 13 -8 -9 -10 -11 -12 -13 -14 -15
leaf_value=-0.0008955313218224853 0.0010764089597745084 -0.0018798076374916197 0.0059373859678288551 -0.0024868525205240105 0.001502863456324662 -0.0012545730061104628 0.0073570390705485619 -0.0052839799678211724 0.0027818862521445165 0.0036234381639162552 0.00035192800564638749 -0.002664777986048604 0.00071229591583019353 0.00071263319081904552
leaf_weight=321 11.000000000000002 297 158 271 77 313 592 18 39 176 2836 13.999999999999998 468 63
leaf_count=321 11 297 158 271 77 313 592 18 39 176 2836 14 468 63
internal_value=0.000374956 -3.8293e-05 2.86282e-05 -0.00156895 -0.000155483 -0.00127729 0.00209781 -0.00897059 -0.00435484 0.000573441 0.000435685 -0.00096301 -0.000686274 -0.00231383
internal_weight=5654 4565 4536 921 611 453 1089 29 310 497 3615 779 765 376
internal_count=5654 4565 4536 921 611 453 1089 29 310 497 3615 779 765 376
cat_boundaries=0 1 2 3 4
cat_threshold=64 1024 33 2064
is_linear=0
shrinkage=0.05


Tree=71
num_leaves=15
num_cat=5
split_feature=21 13 22 5 21 21 5 5 9 7 21 9 9 9
split_gain=1.93143 1.26708 0.970948 0.631219 0.964706 0.817669 1.29979 1.85899 1.25921 1.99605 1.16605 0.730423 0.828837 1.45068
threshold=0 2.5000000000000004 1 15.500000000000002 2 3 7.5000000000000009 9.5000000000000018 33.416666666666679 1.0000000180025095e-35 4 47.833333333333336 22.366666666666671 22.125000000000004
decision_type=9 2 1 2 9 9 2 2 2 2 9 2 2 2
left_child=1 2 -1 5 -5 6 -2 8 10 -10 -8 12 13 -7
right_child=3 -3 -4 4 -6 11 7 -9 9 -11 -12 -13 -14 -15
leaf_value=0.0032068541291203263 0.0017062758201872976 0.0023549780756962368 -0.00032502613463756983 -0.0016537770380907826 0.0029608378441260291 -0.0012181122885809082 0.003832210691979965 0.0012205216709221909 0.0010709456927121186 -0.0029815721884195599 -0.002146219749507221 -0.0015150608424947679 -0.00017385100901887756 -0.0023271719880301575
leaf_weight=215 868 1214 791 183 34 291 70 252 31 55 312 73 1235 14.999999999999998
leaf_count=215 868 1214 791 183 34 291 70 252 31 55 312 73 1235 15
internal_value=0.000291719 0.0014382 0.000129225 -0.000454147 -0.00306452 -0.000277951 0.000527307 -0.00104167 -0.00290598 -0.00837209 -0.00167539 -0.00106856 -0.000840363 -0.00316993
internal_weight=5639 2220 1006 3419 217 3202 1588 720 468 86 382 1614 1541 306
internal_count=5639 2220 1006 3419 217 3202 1588 720 468 86 382 1614 1541 306
cat_boundaries=0 1 2 3 4 5
cat_threshold=74 36 289 289 1
is_linear=0
shrinkage=0.05


Tree=72
num_leaves=15
num_cat=4
split_feature=21 0 0 21 21 6 9 6 0 6 23 4 0 4
split_gain=1.5473 1.1345 5.38587 1.48087 1.166 1.20714 1.05686 1.5 0.915901 0.82906 0.997176 1.29167 1.76471 0.935261
threshold=0 136.50000000000003 137.50000000000003 1 2 0.59411764705882364 50.100000000000009 0.78759398496240618 143.50000000000003 0.88562091503267981 3 11.500000000000002 77.500000000000014 5.5000000000000009
decision_type=9 2 2 9 9 2 2 2 2 2 1 2 2 2
left_child=8 4 -3 -4 5 -2 7 -5 -1 10 11 -6 -13 -11
right_child=1 2 3 6 9 -7 -8 -9 -10 13 -12 12 -14 -15
leaf_value=0.0038476429335186331 -0.0052628329716077268 -0.00018212518367098578 2.0126060063674347e-05 -0.0047918445120911915 -0.00037937334537229903 -0.0032060572713876268 0.0059309099424509088 -0.0070269151446980677 -0.0075550257749214429 8.9061659126322146e-05 0.00071672342016753168 0.0019250347230735537 -0.0025077916775592792 -0.00072752266589088288
leaf_weight=1068 10.000000000000002 9.9999999999999982 73 25 933 18 10.999999999999998 14.999999999999998 37 587 2212 10.000000000000002 17 586
leaf_count=1068 10 10 73 25 933 18 11 15 37 587 2212 10 17 586
internal_value=0.000242338 -0.000169548 -0.00470149 -0.00185484 -3.08711e-05 -0.00939394 -0.00794643 -0.0125 0.00191441 4.02301e-05 0.000460278 -0.000885416 -0.0116667 -0.00109548
internal_weight=5612 4507 134 124 4373 28 51 40 1105 4345 3172 960 27 1173
internal_count=5612 4507 134 124 4373 28 51 40 1105 4345 3172 960 27 1173
cat_boundaries=0 1 2 3 4
cat_threshold=64 298 1024 4
is_linear=0
shrinkage=0.05


Tree=73
num_leaves=15
num_cat=5
split_feature=21 22 5 7 13 4 21 6 6 6 21 21 6 5
split_gain=1.2669 1.15991 0.90616 0.918355 1.34101 0.853428 0.709252 0.684213 0.931894 0.548948 0.503588 0.459808 0.445288 0.509204
threshold=0 1 6.5000000000000009 1.0000000180025095e-35 1.0000000180025095e-35 1.5000000000000002 2 0.20714285714285716 0.48529411764705888 0.39444444444444454 3 4 0.36931818181818188 14.500000000000002
decision_type=9 1 2 2 2 2 9 2 2 2 9 9 2 2
left_child=7 -2 5 6 9 10 12 -1 -9 -5 -3 -6 -4 -14
right_child=1 2 3 4 11 -7 -8 8 -10 -11 -12 -13 13 -15
leaf_value=-0.00191540692326105 0.0053487038749647792 0.0012499158915066741 0.00083081254238382524 -0.005863774598590157 3.8887369586235946e-05 0.0018067543226416673 0.0029973825123087582 0.00041128467017379134 -0.00033928778317012751 -0.0041350892248621027 -0.0012878687809906315 -0.0015884430963044732 -0.001630947120219923 -0.00092091001280832953
leaf_weight=266 574 79 95 12.999999999999998 455 1114 416 497 1486 40 197 248 153 30
leaf_count=266 574 79 95 13 455 1114 416 497 1486 40 197 248 153 30
internal_value=0.000408794 0.00101492 0.00059754 -0.000275862 -0.00148148 0.00151079 0.00103746 -0.000512422 -0.00019415 -0.00915094 -0.000978261 -0.000903271 -0.000918728 -0.00237705
internal_weight=5663 3414 2840 1450 756 1390 694 2249 1983 53 276 703 278 183
internal_count=5663 3414 2840 1450 756 1390 694 2249 1983 53 276 703 278 183
cat_boundaries=0 1 2 3 4 5
cat_threshold=3225 32 258 256 70
is_linear=0
shrinkage=0.05


Tree=74
num_leaves=15
num_cat=4
split_feature=21 0 0 22 0 21 5 0 9 0 21 20 0 5
split_gain=1.32645 1.38492 1.66353 1.30525 0.943211 1.13062 1.38046 1.06267 1.00739 1.21809 0.929202 1.26237 0.864379 0.762353
threshold=0 143.50000000000003 145.50000000000003 1 57.500000000000007 2 3.5000000000000004 21.500000000000004 22.366666666666671 34.500000000000007 3 1.0000000180025095e-35 69.500000000000014 15.500000000000002
decision_type=9 2 2 1 2 9 2 2 2 2 9 2 2 2
left_child=-1 3 -3 10 5 8 -7 -8 9 -5 11 -2 -13 -6
right_child=1 2 -4 4 13 6 7 -9 -10 -11 -12 12 -14 -15
leaf_value=-0.0045363064275883601 0.001219510031330437 -0.00027782442398159763 -0.0052147554420098425 0.0021835327195643219 -3.8339052721534719e-05 -0.0068786337867083273 -0.0058242341904495322 0.0028961823135422605 0.0018063353684786027 -0.0037154278621248345 0.0035375763021579711 -0.0015802653339758691 -6.1018496325793626e-05 -0.0016747900514927088
leaf_weight=27 119 12.999999999999998 101 52 3083 24 23 881 291 72 656 18 15.999999999999998 252
leaf_count=27 119 13 101 52 3083 24 23 881 291 72 656 18 16 252
internal_value=0.000309169 0.000366572 -0.00508772 0.000480226 0.000158019 0.00127699 0.00224009 0.00256637 -0.000892857 -0.00467742 0.00232801 -0.00117089 -0.00970588 -0.000292354
internal_weight=5628 5601 114 5487 4678 1343 928 904 415 124 809 153 34 3335
internal_count=5628 5601 114 5487 4678 1343 928 904 415 124 809 153 34 3335
cat_boundaries=0 1 2 3 4
cat_threshold=1024 32 2200 2312
is_linear=0
shrinkage=0.05


Tree=75
num_leaves=15
num_cat=4
split_feature=22 0 0 5 21 5 0 0 21 21 5 4 5 9
split_gain=1.80711 2.1131 2.76798 1.18966 1.51295 1.30909 1.44 1.1768 1.26977 0.990673 1.47328 0.896081 1.02479 1.62885
threshold=0 143.50000000000003 145.50000000000003 5.5000000000000009 1 2.5000000000000004 66.500000000000014 64.500000000000014 2 3 14.500000000000002 5.5000000000000009 9.5000000000000018 27.775000000000002
decision_type=1 2 2 2 9 2 2 2 9 9 2 2 2 2
left_child=3 7 -3 4 5 -1 -7 8 -2 10 -9 -10 13 -13
right_child=1 2 -4 -5 -6 6 -8 9 11 -11 -12 12 -14 -15
leaf_value=-0.014239430227907702 0.0025219483814665961 -0.00026393320278249495 -0.0066199173288993387 0.0049855748289109776 0.0010833185658356106 -0.0090112284013482598 0.003943125709356273 -0.0008156170057840548 0.00028394265197500336 0.00014029232807442229 -0.0012617862344202879 -0.00017297111128671463 0.00043483262379296212 -0.0012512270898792888
leaf_weight=9.9999999999999982 697 12.999999999999998 60 685 114 20 25 1427 843 1303 168 65 97 63
leaf_count=10 697 13 60 685 114 20 25 1427 843 1303 168 65 97 63
internal_value=0.000125224 -0.000257329 -0.00869863 0.00223516 -0.00150888 -0.00791667 -0.005 -0.000125456 0.000892351 -0.000745341 -0.00157812 -0.000195713 -0.003 -0.0059375
internal_weight=5590 4736 73 854 169 55 45 4663 1765 2898 1595 1068 225 128
internal_count=5590 4736 73 854 169 55 45 4663 1765 2898 1595 1068 225 128
cat_boundaries=0 1 2 3 4
cat_threshold=32 2308 352 3363
is_linear=0
shrinkage=0.05


Tree=76
num_leaves=15
num_cat=4
split_feature=6 21 21 0 0 5 21 0 21 4 0 1 13 6
split_gain=1.29788 1.96342 1.31078 1.18484 2.62868 0.876807 0.873381 0.737851 0.671487 0.838773 0.683504 0.896565 0.615001 0.606699
threshold=0.88562091503267981 0 1 139.50000000000003 147.50000000000003 15.500000000000002 2 64.500000000000014 3 5.5000000000000009 62.500000000000007 2.5000000000000004 2.5000000000000004 0.14642857142857144
decision_type=2 9 9 2 2 2 9 2 9 2 2 2 2 2
left_child=1 -1 -3 8 -5 13 7 -7 9 10 -2 -12 -9 -4
right_child=3 2 5 4 -6 6 -8 12 -10 -11 11 -13 -14 -15
leaf_value=-0.0043524248543958238 0.00079618342639214783 0.0028433836185643839 -0.0010787976022226648 -0.00083914241403662483 4.5614057335969035e-05 0.00060089358968768694 0.0012689686591762697 -0.0024456839411492078 6.7148628999369464e-05 -0.0018762179826047694 -0.0075568426324514777 -0.00033936949063436729 -0.00076089541304411197 0.00041230390349201047
leaf_weight=22 146 1458 205 17 36 31 85 38 886 253 15.999999999999998 129 33 2245
leaf_count=22 146 1458 205 17 36 31 85 38 886 253 16 129 33 2245
internal_value=0.000401786 0.000858635 0.000945122 -0.000866487 -0.00820755 0.000278199 -0.00302139 -0.00598131 -0.000594405 -0.00196721 -0.000154639 -0.00258621 -0.00908451 0.000530612
internal_weight=5600 4117 4095 1483 53 2637 187 102 1430 544 291 145 71 2450
internal_count=5600 4117 4095 1483 53 2637 187 102 1430 544 291 145 71 2450
cat_boundaries=0 1 2 3 4
cat_threshold=1024 66 33 2332
is_linear=0
shrinkage=0.05


Tree=77
num_leaves=15
num_cat=1
split_feature=0 6 4 22 0 0 9 0 7 9 0 6 5 9
split_gain=1.34175 1.06714 1.30949 1.59946 1.17225 2.23362 1.13811 2.69537 1.03481 1.00301 0.80397 0.721941 0.683466 0.667818
threshold=61.500000000000007 0.9772727272727274 1.5000000000000002 0 139.50000000000003 147.50000000000003 44.375000000000007 138.50000000000003 1.5000000000000002 31.583333333333339 63.500000000000007 0.080128205128205135 3.5000000000000004 31.875000000000004
decision_type=2 2 2 1 2 2 2 2 2 2 2 2 2 2
left_child=11 2 6 -4 10 -6 -2 -8 13 -10 -3 -1 -13 -5
right_child=1 4 3 8 5 -7 7 -9 9 -11 -12 12 -14 -15
leaf_value=-0.0020894342292822688 -0.001704437517889286 -0.0027740764817850358 0.0028835513208654551 0.00024208955937017598 -0.00020310832999363305 -0.0042440393627708175 -0.0042289207241834586 0.0012564720640599496 -0.0025119412259935222 0.002394005282415053 -0.00089688981225125454 -0.0052604381017808 0.0014144788890781152 -0.0006490468692263179
leaf_weight=12.999999999999998 461 22 1096 984 11.999999999999998 27 11.000000000000002 19 103 38 725 72 1740 319
leaf_count=13 461 22 1096 984 12 27 11 19 103 38 725 72 1740 319
internal_value=0.000241049 -0.000292114 0.000133619 0.000590551 -0.00193384 -0.0103846 -0.00223014 -0.0116667 -0.000503796 -0.00457447 -0.00149264 0.00135616 0.0014404 -6.52339e-05
internal_weight=5642 3817 3031 2540 786 39 491 30 1444 141 747 1825 1812 1303
internal_count=5642 3817 3031 2540 786 39 491 30 1444 141 747 1825 1812 1303
cat_boundaries=0 1
cat_threshold=33
is_linear=0
shrinkage=0.05


Tree=78
num_leaves=15
num_cat=1
split_feature=13 22 9 6 6 0 5 0 9 0 6 6 0 6
split_gain=1.1178 1.4751 1.33419 1.03723 0.912832 0.799902 0.751421 0.737158 0.718448 0.773005 0.774362 0.616128 0.72003 0.806914
threshold=2.5000000000000004 0 58.20000000000001 0.65686274509803932 0.095454545454545472 18.500000000000004 2.5000000000000004 59.500000000000007 29.125000000000004 64.500000000000014 0.54195804195804198 0.31009615384615391 71.500000000000014 0.44097222222222227
decision_type=2 1 2 2 2 2 2 2 2 2 2 2 2 2
left_child=2 3 6 4 -2 -3 -1 -8 -6 -10 11 -11 -13 -14
right_child=1 5 -4 -5 8 -7 7 -9 9 10 -12 12 13 -15
leaf_value=-0.0063145226611287693 -0.0030227315015859272 -0.0030588127426899579 -0.0080069688601838978 -0.00044293003622245821 0.0021136112588975228 0.0019378021982947797 0.0011362823719737924 -0.00041601693181834206 0.0034262894205410611 -0.00030399413745545157 0.0012409221154819283 0.0027420922214436922 -0.006747377820863854 -0.00073087589386597188
leaf_weight=86 15.999999999999998 12.999999999999998 10.999999999999998 503 317 1687 803 1980 74 50 21 10.999999999999998 17.000000000000004 10.999999999999998
leaf_count=86 16 13 11 503 317 1687 803 1980 74 50 21 11 17 11
internal_value=0.000339286 0.00106618 -0.000347222 -0.000439024 0.00113153 0.00196481 -0.000280585 -0.00013834 0.00150699 -0.000978261 -0.00363636 -0.00567416 -0.0103846 -0.0146429
internal_weight=5600 2720 2880 1020 517 1700 2869 2783 501 184 110 89 39 28
internal_count=5600 2720 2880 1020 517 1700 2869 2783 501 184 110 89 39 28
cat_boundaries=0 1
cat_threshold=2
is_linear=0
shrinkage=0.05


Tree=79
num_leaves=15
num_cat=5
split_feature=22 0 4 21 6 21 5 23 21 4 0 6 0 9
split_gain=1.24042 1.85421 1.14625 0.966837 0.899944 0.85359 0.876217 0.842497 0.837598 0.877097 1.46957 0.792921 0.762759 0.884237
threshold=0 101.50000000000001 7.5000000000000009 1 0.93541666666666679 2 9.5000000000000018 3 4 3.5000000000000004 84.500000000000014 0.35504201680672276 61.500000000000007 22.775000000000002
decision_type=1 2 2 9 2 9 2 1 9 2 2 2 2 2
left_child=4 2 7 -3 -1 6 -4 8 9 10 -2 -10 -6 -14
right_child=1 3 5 -5 12 -7 -8 -9 11 -11 -12 -13 13 -15
leaf_value=0.0025291370430988972 -0.002260525270232665 -0.00031170513213569611 -0.0038141898601741437 -0.0026122635443578917 0.0033641822098474622 -0.00016104372936922575 -4.9520394348373502e-05 -9.5008800416089198e-05 -1.1868233072608755e-05 0.0012239651313858829 -0.0029528451603103929 0.0029324376260967981 -0.0013563063777406903 -0.0020931807710328014
leaf_weight=979 36 186 81 259 46 579 68 1853 397 37 9.9999999999999982 929 14.999999999999998 113
leaf_count=979 36 186 81 259 46 579 68 1853 397 37 10 929 15 113
internal_value=0.0002398 -0.000140766 0.000200501 -0.00320225 0.00169689 -0.00159341 -0.0049026 0.000600859 0.00152236 -0.00323864 -0.00804348 0.0018257 -0.0016092 -0.00359375
internal_weight=5588 4435 3990 445 1153 728 149 3262 1409 83 46 1326 174 128
internal_count=5588 4435 3990 445 1153 728 149 3262 1409 83 46 1326 174 128
cat_boundaries=0 1 2 3 4 5
cat_threshold=36 356 258 8 1040
is_linear=0
shrinkage=0.05


Tree=80
num_leaves=15
num_cat=5
split_feature=23 0 22 5 21 9 4 0 0 4 21 5 0 21
split_gain=1.2637 1.13928 0.887092 0.821348 0.808527 0.942584 0.9 1.62146 0.79724 0.724358 1.38463 1.6129 0.639919 0.59734
threshold=0 55.500000000000007 1 10.500000000000002 2 21.550000000000004 3.5000000000000004 69.500000000000014 176.00000000000003 10.500000000000002 3 14.500000000000002 81.500000000000014 4
decision_type=1 2 1 2 9 2 2 2 2 2 9 2 2 9
left_child=8 -2 3 4 5 -3 -7 -8 -1 -4 -11 12 -12 -5
right_child=1 2 9 13 -6 6 7 -9 -10 10 11 -13 -14 -15
leaf_value=-0.00052986588146963006 0.0025085583431732699 -0.0040912529886020926 -2.8964077453749658e-05 -0.00063688616335788595 0.0016629583489998934 0.00078924354758649364 -0.002246287408167263 -6.1269738842164532e-05 -0.0054293460966498008 0.0017082874469370971 -0.0036141336230958486 -0.00032285195541999787 -0.0047044526936359035 0.0058930998623744416
leaf_weight=1559 1042 10.999999999999998 2097 49 279 45 15.999999999999998 29 9.9999999999999982 53 15.000000000000002 31 15.999999999999998 370
leaf_count=1559 1042 11 2097 49 279 45 16 29 10 53 15 31 16 370
internal_value=0.000277482 0.000743894 0.000250747 0.00167289 1.86265e-10 -0.00372641 -0.00222222 -0.00722222 -0.000927342 -0.000266125 -0.00413043 -0.00880597 -0.0175806 0.00321002
internal_weight=5622 4053 3011 799 380 101 90 45 1569 2212 115 62 31 419
internal_count=5622 4053 3011 799 380 101 90 45 1569 2212 115 62 31 419
cat_boundaries=0 1 2 3 4 5
cat_threshold=4 36 2440 393 1
is_linear=0
shrinkage=0.05


Tree=81
num_leaves=15
num_cat=3
split_feature=21 22 0 9 9 21 5 6 6 6 7 9 19 13
split_gain=1.33491 1.25893 2.12035 1.34646 2.81667 0.919012 0.84825 1.17098 1.32474 0.798623 0.972759 0.724597 0.67766 0.597955
threshold=0 1 71.500000000000014 36.416666666666679 37.416666666666679 2 13.500000000000002 0.36931818181818188 0.80625000000000013 0.44097222222222227 1.0000000180025095e-35 55.750000000000007 1.0000000180025095e-35 2.5000000000000004
decision_type=9 1 2 2 2 9 2 2 2 2 2 2 2 2
left_child=1 2 -1 6 -5 -2 9 -8 -9 10 -4 -7 13 -3
right_child=5 12 3 4 -6 11 7 8 -10 -11 -12 -13 -14 -15
leaf_value=0.0019543022154322027 -0.0032219253187312268 0.00068704822068955409 0.0017949954452538123 -0.0049839022740737829 -0.0013348474647681078 -0.00012448390830014765 0.0025975499808492449 -0.0024023112800867184 -0.00018994306867617817 0.0007502474273951695 -0.0046160885194969454 -0.0072045399551467076 -0.0009432053146364726 0.0055796216038899067
leaf_weight=320 25 622 34 10.000000000000002 20 3182 29 34 23 177 59 10.999999999999998 206 844
leaf_count=320 25 622 34 10 20 3182 29 34 23 177 59 11 206 844
internal_value=0.000210865 0.00110785 -0.000661041 -0.00316062 -0.0133333 -0.000452994 -0.00230337 -0.00662791 -0.0107895 -0.000925926 -0.00467742 -0.000370544 0.0018545 0.00223738
internal_weight=5596 2378 706 386 30 3218 356 86 57 270 93 3193 1672 1466
internal_count=5596 2378 706 386 30 3218 356 86 57 270 93 3193 1672 1466
cat_boundaries=0 1 2 3
cat_threshold=98 2 1024
is_linear=0
shrinkage=0.05


Tree=82
num_leaves=15
num_cat=7
split_feature=21 6 21 21 4 13 13 21 9 21 5 21 9 21
split_gain=1.18676 0.860146 1.49498 0.911035 0.882429 0.838411 0.821865 0.705265 0.600807 0.577399 0.547629 1.19161 0.504867 1.37866
threshold=0 0.88562091503267981 1 2 2.5000000000000004 2.5000000000000004 2.5000000000000004 3 36.416666666666679 4 15.500000000000002 5 20.708333333333339 6
decision_type=9 2 9 9 2 2 2 9 2 9 2 9 2 9
left_child=5 2 -2 -3 7 -1 8 -4 10 -8 -6 -12 13 -9
right_child=1 3 4 -5 6 -7 9 12 -10 -11 11 -13 -14 -15
leaf_value=0.0001681084094534352 -0.003516272969934486 0.00082809490344277299 0.0010244530969464171 -0.00036591358270175267 -4.0437912307636451e-05 0.0051620169316640985 0.0033552179249117286 0.00023551141308308628 0.0026415829085823261 0.0008766117609897427 -0.0022790964210074815 0.0012128700428609941 -0.00065881032897701112 -0.0075981054200500199
leaf_weight=497 20 248 233 1002 787 603 380 75 132 558 40 53 952 49
leaf_count=497 20 248 233 1002 787 603 380 75 132 558 40 53 952 49
internal_value=0.000114585 -0.000243714 0.000181458 -0.00136 0.000274204 0.00158371 0.000948718 -0.000729564 -3.95255e-05 0.00201493 -0.000511363 -0.00413978 -0.00126734 -0.00427419
internal_weight=5629 4529 3279 1250 3259 1100 1950 1309 1012 938 880 93 1076 124
internal_count=5629 4529 3279 1250 3259 1100 1950 1309 1012 938 880 93 1076 124
cat_boundaries=0 1 2 3 4 5 6 7
cat_threshold=64 1024 1184 256 134 33 51
is_linear=0
shrinkage=0.05


Tree=83
num_leaves=15
num_cat=5
split_feature=6 21 23 6 6 21 21 4 6 9 2 9 4 22
split_gain=1.00826 1.25548 0.984527 0.801142 0.722865 0.708145 0.652267 0.836766 0.641658 1.82697 0.796728 3.08305 0.622688 0.829974
threshold=0.88562091503267981 0 1 0.07417582417582419 0.78019323671497598 2 3 10.500000000000002 0.89181286549707617 41.833333333333336 1.5000000000000002 34.550000000000004 1.5000000000000002 4
decision_type=2 9 1 2 2 9 9 2 2 2 2 2 2 1
left_child=1 -1 4 -4 -3 8 12 -8 9 -2 -10 -12 -5 -14
right_child=5 2 3 6 -6 -7 7 -9 10 -11 11 -13 13 -15
leaf_value=-0.002284520541437672 -0.0015801747768954138 -0.00080216237245858473 -0.0021831405063137874 -0.00081146127910446087 0.0014631773724716856 0.0003779292071901453 0.00042249127715167665 -0.0017136467572105242 -0.00017613330782531025 -0.00025389958550938731 -4.4322658330500777e-05 -0.00248647796099437 0.00048000024609252387 0.0064053522522989313
leaf_weight=23 79 966 28 167 141 578 1630 70 721 11.999999999999998 87 22 331 775
leaf_count=23 79 966 28 167 141 578 1630 70 721 12 87 22 331 775
internal_value=-2.66428e-05 0.000376422 0.000447362 0.000918027 -0.000826558 -0.00113742 0.000997309 0.000351906 -0.00199244 -0.00598901 -0.00156626 -0.00555046 0.00185055 0.00228752
internal_weight=5630 4131 4108 3001 1107 1499 2973 1700 921 91 830 109 1273 1106
internal_count=5630 4131 4108 3001 1107 1499 2973 1700 921 91 830 109 1273 1106
cat_boundaries=0 1 2 3 4 5
cat_threshold=1024 4 2327 70 2
is_linear=0
shrinkage=0.05


Tree=84
num_leaves=15
num_cat=7
split_feature=0 22 0 21 19 5 21 21 0 7 21 5 21 23
split_gain=1.40909 1.29663 1.05909 0.888196 1.92534 0.794026 1.60721 1.44915 0.803769 0.935566 0.838813 0.722065 0.707613 0.918933
threshold=238.00000000000003 0 94.500000000000014 1 1.0000000180025095e-35 7.5000000000000009 2 3 36.500000000000007 1.0000000180025095e-35 4 3.5000000000000004 5 6
decision_type=2 1 2 9 2 2 9 9 2 2 9 2 9 1
left_child=1 3 5 4 -1 6 8 -7 -3 -10 -11 -8 13 -4
right_child=-2 2 12 -5 -6 7 11 -9 9 10 -12 -13 -14 -15
leaf_value=-7.153445155373029e-05 -0.042799347100589205 0.0036179473564033949 -0.00018771561915524858 0.0017336406272018122 -0.0038686502002918469 -0.0012754209691728283 -0.006765352593962078 0.00011915328519913616 -0.0039178322378524135 -0.0020052227322603141 0.00073715983737590043 0.0021138157754846858 -0.00098475404976975235 -0.0014908951477837183
leaf_weight=120 10.999999999999998 105 85 1040 10.999999999999998 437 67 1376 239 58 174 1233 550 134
leaf_count=120 11 105 85 1040 11 437 67 1376 239 58 174 1233 550 134
internal_value=0.000150709 0.000185646 -0.000203899 0.00166242 -0.00216912 0.000147737 0.00086887 -0.000598455 -0.0013253 -0.00221868 4.31036e-05 0.00183908 -0.00189207 -0.00426339
internal_weight=5640 5629 4458 1171 131 3689 1876 1813 576 471 232 1300 769 219
internal_count=5640 5629 4458 1171 131 3689 1876 1813 576 471 232 1300 769 219
cat_boundaries=0 1 2 3 4 5 6 7
cat_threshold=36 136 3228 257 20 3 4
is_linear=0
shrinkage=0.05


Tree=85
num_leaves=15
num_cat=4
split_feature=20 0 0 21 0 21 21 4 0 0 0 0 21 4
split_gain=1.44836 1.6512 3.80064 1.16261 1.07972 0.806498 0.782944 0.789834 1.23743 4.74103 1.18239 0.753807 0.69458 0.516473
threshold=1.0000000180025095e-35 139.50000000000003 147.50000000000003 0 59.500000000000007 1 2 8.5000000000000018 104.50000000000001 107.50000000000001 62.500000000000007 92.500000000000014 3 4.5000000000000009
decision_type=2 2 2 9 2 9 9 2 2 2 2 2 9 2
left_child=3 4 -3 11 5 13 7 8 -6 -10 -9 -1 -5 -2
right_child=1 2 -4 12 6 -7 -8 10 9 -11 -12 -13 -14 -15
leaf_value=0.0060560284763936101 0.001698415674565286 -0.00064768732623181411 -0.0005938435220654289 -0.0017276023981858625 -0.0002730174312082667 0.0024061912849841129 -4.3323534310078744e-05 -0.0045735619503364132 -0.0024697530229343956 -0.00042846129183683989 -0.0020777022149014645 0.0004019883479121715 0.00023521371715785064 -0.001700805557727336
leaf_weight=632 50 12.999999999999998 27 20 266 247 308 10.999999999999998 9.9999999999999982 39 123 238 3550 79
leaf_count=632 50 13 27 20 266 247 308 11 10 39 123 238 3550 79
internal_value=0.000296633 -0.00126598 -0.01125 0.00070946 -0.000913504 0.0012766 -0.00200132 -0.00331498 -0.00198413 -0.00928571 -0.00656716 0.00234286 0.000307692 -0.00190298
internal_weight=5613 1173 40 4440 1133 376 757 449 315 49 134 870 3570 129
internal_count=5613 1173 40 4440 1133 376 757 449 315 49 134 870 3570 129
cat_boundaries=0 1 2 3 4
cat_threshold=64 2204 2331 1024
is_linear=0
shrinkage=0.05


Tree=86
num_leaves=15
num_cat=3
split_feature=13 21 9 0 6 1 22 5 9 4 1 21 6 1
split_gain=1.00559 1.24081 0.892727 1.61033 3.52564 0.699233 0.857222 1.0142 0.684687 0.61008 0.60843 0.603888 0.633034 0.54214
threshold=2.5000000000000004 0 41.833333333333336 42.500000000000007 0.91287878787878796 2.5000000000000004 1 3.5000000000000004 55.750000000000007 8.5000000000000018 3.5000000000000004 2 0.10555555555555557 4.5000000000000009
decision_type=2 9 2 2 2 2 1 2 2 2 2 9 2 2
left_child=8 5 9 4 -4 -2 7 10 -1 11 -7 -3 -13 -9
right_child=1 2 3 -5 -6 6 -8 13 -10 -11 -12 12 -14 -15
leaf_value=-0.00010586941992661239 0.004202208517042799 -0.0014936063787511829 -0.0014565938282186904 -0.00035611114919088409 0.0024155669177211795 -0.024366919311505083 -0.00025737735993602411 0.0028105727067513778 -0.0064355475623346457 -0.00061863149900752098 0.00111080548537536 -0.0022857426418503488 0.0010233092221143259 -0.0012630115124680817
leaf_weight=2884 490 191 13.000000000000002 69 10.999999999999998 17.000000000000004 252 442 15.999999999999998 211 13.999999999999998 13.999999999999998 1033 20
leaf_count=2884 490 191 13 69 11 17 252 442 16 211 14 14 1033 20
internal_value=0.000340849 0.00102089 7.11055e-05 -0.00467742 -0.0158333 0.00219758 0.00124161 0.00243976 -0.000310345 0.000376122 -0.00629032 0.000799677 0.00126901 0.00305195
internal_weight=5677 2777 1542 93 24 1235 745 493 2900 1449 31 1238 1047 462
internal_count=5677 2777 1542 93 24 1235 745 493 2900 1449 31 1238 1047 462
cat_boundaries=0 1 2 3
cat_threshold=70 33 1048
is_linear=0
shrinkage=0.05


Tree=87
num_leaves=15
num_cat=1
split_feature=0 6 0 0 0 0 0 6 22 5 0 9 4 5
split_gain=0.934932 1.26633 1.18916 1.25362 0.856719 0.710568 3.40393 0.683306 0.74395 0.678048 0.933333 0.658217 0.686487 0.627101
threshold=64.500000000000014 0.9772727272727274 104.50000000000001 107.50000000000001 105.50000000000001 139.50000000000003 147.50000000000003 0.25657894736842107 0 8.5000000000000018 78.500000000000014 32.366666666666674 12.500000000000002 3.5000000000000004
decision_type=2 2 2 2 2 2 2 2 1 2 2 2 2 2
left_child=13 7 11 4 -4 -5 -7 -2 9 10 -9 -3 -13 -1
right_child=1 2 3 5 -6 6 -8 8 -10 -11 -12 12 -14 -15
leaf_value=-0.0046524923853916494 -0.0010832430876058922 -0.00022434609545083858 -0.0034648492852330879 -0.0019661124915284051 -0.0020667761266934728 -0.0013004992179772071 -0.0021417333450823106 0.00027007434812245217 0.001898784516622805 -4.3089010372693082e-05 -0.0066452412102101345 -0.00069597546470081542 -0.0022494288132260767 0.0010296990848882293
leaf_weight=78 670 467 12.000000000000002 96 10.999999999999998 9.9999999999999982 31 35 1169 950 21 98 11.999999999999998 1967
leaf_count=78 670 467 12 96 11 10 31 35 1169 950 21 98 12 1967
internal_value=0.000210592 -0.000276382 -0.00212347 -0.0059375 -0.0167391 -0.00412409 -0.00963415 0.000202109 0.000632184 -0.000365974 -0.00571429 -0.00106586 -0.00454545 0.00106357
internal_weight=5627 3582 737 160 23 137 41 2845 2175 1006 56 577 110 2045
internal_count=5627 3582 737 160 23 137 41 2845 2175 1006 56 577 110 2045
cat_boundaries=0 1
cat_threshold=2
is_linear=0
shrinkage=0.05


Tree=88
num_leaves=15
num_cat=2
split_feature=0 0 5 5 23 6 9 0 9 0 0 9 22 7
split_gain=0.816488 0.730368 0.556746 1.10773 0.864858 1.04799 0.914576 0.87602 0.822545 0.548018 1.34965 3.58415 0.75842 0.776792
threshold=62.500000000000007 220.50000000000003 9.5000000000000018 15.500000000000002 0 0.31009615384615391 32.583333333333336 93.500000000000014 33.416666666666679 163.00000000000003 143.50000000000003 37.708333333333336 1 1.0000000180025095e-35
decision_type=2 2 2 2 1 2 2 2 2 2 2 2 1 2
left_child=-1 2 8 -4 5 -5 7 -7 -2 10 12 -12 -10 -14
right_child=1 -3 3 4 -6 6 -8 -9 9 -11 11 -13 13 -15
leaf_value=0.00090330081163399244 -0.00020469067343545437 -0.040200823528801638 0.0010724902611210488 -0.0026671975981374316 -6.0778830031229668e-05 -0.00094786410425424118 0.0027010324740936037 -0.006187478618997857 -0.0035487639729137248 0.0044078883580741584 -0.0118127852359486 0.0013719100046965537 -0.00361572692561281 0.000280437513982168
leaf_weight=1882 2156 10.999999999999998 803 11.999999999999998 234 28 20 19 102 33 11.000000000000002 14.999999999999998 94 167
leaf_count=1882 2156 11 803 12 234 28 20 19 102 33 11 15 94 167
internal_value=0.000113657 -0.000317139 -0.00027883 0.000654122 -0.00186901 -0.0063924 -0.00395522 -0.00776596 -0.0006827 -0.00270142 -0.00322622 -0.0142308 -0.00243802 -0.000921052
internal_weight=5587 3705 3694 1116 313 79 67 47 2578 422 389 26 363 261
internal_count=5587 3705 3694 1116 313 79 67 47 2578 422 389 26 363 261
cat_boundaries=0 1 2
cat_threshold=4 2
is_linear=0
shrinkage=0.05


Tree=89
num_leaves=15
num_cat=5
split_feature=23 22 21 9 0 21 9 0 9 6 9 9 21 0
split_gain=1.19956 1.26554 0.783636 0.941995 0.783227 0.896338 1.07126 0.776502 0.925896 0.730384 0.68489 1.51744 1.10741 1.39023
threshold=0 1 2 55.750000000000007 18.500000000000004 3 45.833333333333336 80.500000000000014 22.366666666666671 0.095454545454545472 33.875000000000007 34.416666666666679 4 42.500000000000007
decision_type=1 1 9 2 2 9 2 2 2 2 2 2 9 2
left_child=1 4 7 -4 -1 6 -6 8 -2 -3 -11 -12 13 -13
right_child=2 9 3 -5 5 -7 -8 -9 -10 10 11 12 -14 -15
leaf_value=-0.0032716141167486107 -0.001763039300572776 -0.0034873335510049877 0.00010133125345254484 -0.0061837537346362617 6.3582636834883685e-05 0.0025431996784636042 -0.0097011519305536531 -0.0016156256388368149 0.00033115852379229092 0.00016877265181925057 -0.010524951640216385 -0.00037143945380913208 0.0026013073570874479 -0.0010202006626169791
leaf_weight=12.999999999999998 139 10.999999999999998 1860 13.999999999999998 388 1151 12.999999999999998 343 563 955 14.999999999999998 20 81 56
leaf_count=13 139 11 1860 14 388 1151 13 343 563 955 15 20 81 56
internal_value=0.000152971 0.00091195 -0.000549846 6.38639e-05 0.00183121 0.00193943 -0.000110837 -0.00164286 -0.000698005 -0.000358705 -0.000235137 -0.00313953 -0.0016879 -0.00580247
internal_weight=5622 2703 2919 1874 1565 1552 401 1045 702 1138 1127 172 157 76
internal_count=5622 2703 2919 1874 1565 1552 401 1045 702 1138 1127 172 157 76
cat_boundaries=0 1 2 3 4 5
cat_threshold=8 33 3094 3256 163
is_linear=0
shrinkage=0.05


Tree=90
num_leaves=15
num_cat=3
split_feature=13 6 21 6 4 5 1 4 6 21 1 4 2 21
split_gain=0.837259 1.21152 0.940911 0.72254 0.617148 0.51061 0.904021 4.86 0.831007 0.852761 0.552927 0.741981 0.553005 0.485736
threshold=2.5000000000000004 0.88562091503267981 0 0.34313725490196084 4.5000000000000009 8.5000000000000018 1.5000000000000002 8.5000000000000018 0.9772727272727274 1 3.5000000000000004 4.5000000000000009 1.5000000000000002 2
decision_type=2 2 9 2 2 2 2 2 2 9 2 2 2 9
left_child=13 3 -3 4 -2 10 7 -7 9 -8 -4 -12 -13 -1
right_child=1 2 5 -5 -6 6 8 -9 -10 -11 11 12 -14 -15
leaf_value=-0.0018101883437059065 0.0001334753960857194 0.0018846715829963186 8.1479935396163369e-05 0.0017473024751567447 -0.012083379599096332 -0.00019444257435798919 0.0014011297623907374 0.0022167105496994745 -0.0017539310782041127 -0.0014226656632800334 0.0010481919907714408 -6.4154647048919608e-05 -0.00032039785710695772 -0.00022694875250659974
leaf_weight=15.999999999999998 658 224 214 1337 23 10.000000000000002 61 14.999999999999998 98 43 12.999999999999998 17 23 2905
leaf_count=16 658 224 214 1337 23 10 61 15 98 43 13 17 23 2905
internal_value=7.68961e-05 0.00070541 -0.0010585 0.001333 7.34233e-06 -0.00226453 -0.00403084 -0.013 -0.00292079 0.000192308 -0.000805243 -0.00537736 -0.00875 -0.000511811
internal_weight=5657 2736 718 2018 681 494 227 25 202 104 267 53 40 2921
internal_count=5657 2736 718 2018 681 494 227 25 202 104 267 53 40 2921
cat_boundaries=0 1 2 3
cat_threshold=100 11 1024
is_linear=0
shrinkage=0.05


Tree=91
num_leaves=15
num_cat=5
split_feature=0 21 5 6 6 9 21 6 0 23 21 7 5 22
split_gain=1.00749 1.02377 0.917699 1.74036 1.40105 2.53125 0.84152 0.91867 0.774197 0.728472 0.619615 0.905735 0.974675 0.577014
threshold=64.500000000000014 0 5.5000000000000009 0.88562091503267981 0.90454545454545465 41.833333333333336 1 0.25657894736842107 66.500000000000014 2 3 1.0000000180025095e-35 8.5000000000000018 4
decision_type=2 9 2 2 2 2 9 2 2 1 9 2 2 1
left_child=1 -1 -3 13 5 -5 7 -2 10 -6 -9 -12 -13 -4
right_child=6 2 3 4 9 -7 -8 8 -10 -11 11 12 -14 -15
leaf_value=0.0036670962165247902 -0.0021416478652937334 0.0012211589050186349 0.0053275963912522975 -0.0004464754479600382 -0.0036589537989138196 -0.00018472044564008528 0.0002745737191973002 0.0012492376775385004 -5.8558013311953757e-05 -0.00053490109898080007 -0.020092204038371576 0.0012815885179477851 -0.0045229065817896123 -9.9961492686459014e-05
leaf_weight=782 314 675 78 15.999999999999998 17 15.999999999999998 1873 20 1313 80 13.999999999999998 19.000000000000004 11.999999999999998 401
leaf_count=782 314 675 78 16 17 16 1873 20 1313 80 14 19 12 401
internal_value=0.000319716 0.00119855 0.000322205 -0.00108553 -0.00624031 -0.0153125 -0.000189341 -0.000995875 -0.00044267 -0.00324742 -0.00576923 -0.0085 -0.00467742 0.000302714
internal_weight=5630 2065 1283 608 129 32 3565 1692 1378 97 65 45 31 479
internal_count=5630 2065 1283 608 129 32 3565 1692 1378 97 65 45 31 479
cat_boundaries=0 1 2 3 4 5
cat_threshold=98 3123 1 48 32
is_linear=0
shrinkage=0.05


Tree=92
num_leaves=15
num_cat=4
split_feature=21 21 6 0 13 4 6 0 6 6 21 0 7 23
split_gain=1.27625 0.670784 0.816667 0.617616 0.598634 0.550115 0.533535 0.513695 0.633301 0.666104 0.449763 0.737914 0.740013 1.1132
threshold=0 1 0.44097222222222227 34.500000000000007 2.5000000000000004 15.500000000000002 0.9772727272727274 24.500000000000004 0.62019230769230782 0.85164835164835173 2 125.50000000000001 1.0000000180025095e-35 3
decision_type=9 9 2 2 2 2 2 2 2 2 9 2 2 1
left_child=4 2 -2 7 6 10 -1 8 -3 -10 11 12 13 -5
right_child=1 3 -4 5 -6 -7 -8 -9 9 -11 -12 -13 -14 -15
leaf_value=0.0032006909430687979 -0.0031334278560349316 0.0024196651409137621 -0.00087868676643177888 -0.0094311937813233646 0.0050129229137016208 -0.0077180788423793743 -0.001199715845896332 0.0061948125016923527 -0.0038738282836671039 0.0045989674123257801 -2.2990243509847779e-05 -0.0060368042035038498 0.00029750777319849587 -0.00055136939617066952
leaf_weight=396 10.000000000000002 35 20 92 595 23 102 167 21 15.999999999999998 3486 23 381 262
leaf_count=396 10 35 20 92 595 23 102 167 21 16 3486 23 381 262
internal_value=0.000123468 -0.000246642 -0.00714286 -0.000192862 0.00165301 -0.000331615 0.000381526 0.00228033 -0.00125 -0.00581081 -0.000289821 -0.00138925 -0.00112245 -0.00276836
internal_weight=5629 4536 30 4506 1093 4267 498 239 72 37 4244 758 735 354
internal_count=5629 4536 30 4506 1093 4267 498 239 72 37 4244 758 735 354
cat_boundaries=0 1 2 3 4
cat_threshold=64 1024 2064 4
is_linear=0
shrinkage=0.05


Tree=93
num_leaves=15
num_cat=4
split_feature=21 9 2 9 9 21 6 1 13 22 6 4 4 21
split_gain=0.830318 1.15154 0.85108 0.669113 0.689662 0.920805 0.605335 0.659365 0.610542 0.960697 1.18238 0.655339 1.45185 0.592781
threshold=0 49.750000000000007 1.5000000000000002 17.81666666666667 18.125000000000004 1 0.88562091503267981 1.5000000000000002 2.5000000000000004 2 0.095454545454545472 12.500000000000002 13.500000000000002 3
decision_type=9 2 2 2 2 9 2 2 2 1 2 2 2 9
left_child=1 2 -1 -2 5 -5 7 -6 11 -10 -11 -9 -13 -12
right_child=3 -3 -4 4 6 -7 -8 8 9 10 13 12 -14 -15
leaf_value=-0.0003145442910195336 0.0061340349244895275 -0.0025195251723381619 -0.0055831734388099227 -0.0075273515118208182 0.0036333887898553742 0.0067667163366843426 -0.00017433491118259428 -1.3756665467199116e-05 0.0020417758443557407 -0.0022617101648398905 -0.00094283913482957622 -0.0018892514152251067 0.0021034732796747554 0.00081585628805963062
leaf_weight=788 78 14.999999999999998 83 20 386 13.999999999999998 1200 1470 877 11.999999999999998 395 15.000000000000002 11.999999999999998 246
leaf_count=788 78 15 83 20 386 14 1200 1470 877 12 395 15 12 246
internal_value=0.000143468 -0.00125701 -0.00102755 0.000406977 0.000330321 -0.00676471 0.000382615 0.000722239 0.000474067 0.00117647 -0.000281155 -0.000243821 -0.00796296 7.8005e-06
internal_weight=5611 886 871 4725 4647 34 4613 3413 3027 1530 653 1497 27 641
internal_count=5611 886 871 4725 4647 34 4613 3413 3027 1530 653 1497 27 641
cat_boundaries=0 1 2 3 4
cat_threshold=3088 258 33 354
is_linear=0
shrinkage=0.05


Tree=94
num_leaves=15
num_cat=3
split_feature=22 0 0 6 0 17 21 2 7 6 0 17 21 7
split_gain=1.62808 0.858387 1.22787 1.53389 1.06176 0.757447 1.11272 1.08334 2.55252 0.720588 1.13613 0.710722 1.13974 1.0406
threshold=0 101.50000000000001 107.50000000000001 0.48529411764705888 106.50000000000001 1.0000000180025095e-35 1 1.5000000000000002 1.0000000180025095e-35 0.87083333333333346 103.50000000000001 1.0000000180025095e-35 2 1.0000000180025095e-35
decision_type=1 2 2 2 2 2 9 2 2 2 2 2 9 2
left_child=5 11 3 -3 9 6 7 8 -1 10 -5 13 -13 -2
right_child=1 2 -4 4 -6 -7 -8 -9 -10 -11 -12 12 -14 -15
leaf_value=-0.013529339517968534 -0.00060616487695488411 0.0012301453991898387 -0.0013177797457657858 -0.010544796591833269 -0.0010965743671086656 0.0045745069923860335 0.00079952569657282821 0.00037868327387450223 -0.00090057751022380944 -0.001967067669996722 -0.0023394278921080756 0.00048366168639399441 -0.00080031479534173789 0.0015516213360274532
leaf_weight=15.999999999999998 822 35 368 13.999999999999998 17 675 94 25 35 34 20 1092 1287 1038
leaf_count=16 822 35 368 14 17 675 94 25 35 34 20 1092 1287 1038
internal_value=7.35824e-05 -0.000288461 -0.00227459 -0.00666667 -0.0102941 0.00208824 -0.000882353 -0.00518518 -0.00970588 -0.0075 -0.0126471 -6.01555e-05 -0.000632619 0.000672043
internal_weight=5572 4727 488 120 85 845 170 76 51 68 34 4239 2379 1860
internal_count=5572 4727 488 120 85 845 170 76 51 68 34 4239 2379 1860
cat_boundaries=0 1 2 3
cat_threshold=32 2438 204
is_linear=0
shrinkage=0.05


Tree=95
num_leaves=15
num_cat=6
split_feature=22 0 5 21 4 6 23 21 6 21 0 9 23 5
split_gain=0.985653 0.984055 0.531045 0.648506 1.76961 0.635499 0.627568 0.922218 1.02424 0.521648 0.870924 0.865225 1.40481 1.45982
threshold=0 34.500000000000007 10.500000000000002 1 10.500000000000002 0.19375000000000003 2 3 0.65686274509803932 4 75.500000000000014 20.366666666666671 5 8.5000000000000018
decision_type=1 2 2 9 2 2 1 9 2 9 2 2 1 2
left_child=2 -2 5 4 -4 -1 7 8 -7 11 -11 12 13 -3
right_child=1 9 3 -5 -6 6 -8 -9 -10 10 -12 -13 -14 -15
leaf_value=-0.0033926639174008499 0.0028567339607937013 -0.0080162350230189219 0.0038104661593026052 0.0048101799325967684 -0.0035635190545878141 -0.0012499985917495057 0.00069961703143079854 0.0010096875659612002 -0.0062343899219187392 0.0010071351643408913 -0.00050259281134238721 -0.0001538529035908009 -0.00023511759471676817 0.0024800909787939143
leaf_weight=12.999999999999998 237 34 51 381 17 12.000000000000002 331 33 9.9999999999999982 1265 1150 1955 126 14.999999999999998
leaf_count=13 237 34 51 381 17 12 331 33 10 1265 1150 1955 126 15
internal_value=0.000239787 -3.96906e-05 0.00180539 0.00299555 -0.00150685 0.000488722 0.000854922 -0.00409091 -0.0107407 -0.00020352 0.000299587 -0.000772834 -0.00414286 -0.0113265
internal_weight=5630 4782 848 449 68 399 386 55 22 4545 2415 2130 175 49
internal_count=5630 4782 848 449 68 399 386 55 22 4545 2415 2130 175 49
cat_boundaries=0 1 2 3 4 5 6
cat_threshold=32 1 1 320 3095 4
is_linear=0
shrinkage=0.05


Tree=96
num_leaves=15
num_cat=3
split_feature=4 13 21 4 9 5 5 0 21 9 9 21 17 0
split_gain=0.941749 0.99352 1.18745 1.38409 0.99696 1.27424 0.872131 0.766788 0.688534 0.599306 1.38547 0.60195 0.892857 0.567837
threshold=1.5000000000000002 2.5000000000000004 0 7.5000000000000009 41.833333333333336 9.5000000000000018 2.5000000000000004 115.50000000000001 1 33.875000000000007 34.416666666666679 2 1.0000000180025095e-35 39.500000000000007
decision_type=2 2 9 2 2 2 2 2 9 2 2 9 2 2
left_child=13 6 -3 9 8 -6 7 -2 -5 -4 -11 12 -12 -1
right_child=1 2 3 4 5 -7 -8 -9 -10 10 11 -13 -14 -15
leaf_value=0.0018634548532776411 -0.0072950752109530587 0.0022910278936623223 0.00098031244307707059 -0.0021817540340904138 -0.00011790978067685033 0.0014410704841952237 -5.5008331184452745e-05 -0.016597136009764191 -0.00012651385888130359 -0.012025277557485357 -0.006065238794634365 0.001746363487897043 0.0078096331555721227 -0.001373042430194194
leaf_weight=84 19.000000000000004 1214 801 69 12.000000000000002 9.9999999999999982 2416 9.9999999999999982 185 9.9999999999999982 14 88 14 752
leaf_count=84 19 1214 801 69 12 10 2416 10 185 10 14 88 14 752
internal_value=0.00027027 0.000536816 0.00125569 0.00013659 -0.00297101 -0.0131818 -0.000173824 -0.0087931 -0.00208661 0.00106257 -0.00214286 -0.000603448 -0.00636364 -0.0012799
internal_weight=5698 4862 2417 1203 276 22 2445 29 254 927 126 116 28 836
internal_count=5698 4862 2417 1203 276 22 2445 29 254 927 126 116 28 836
cat_boundaries=0 1 2 3
cat_threshold=78 2304 48
is_linear=0
shrinkage=0.05


Tree=97
num_leaves=15
num_cat=1
split_feature=22 9 5 9 9 1 6 4 4 9 7 6 6 1
split_gain=0.951299 0.57229 0.567922 1.3003 0.718745 1.11111 0.533333 0.523251 1.04679 0.476173 0.824661 0.784314 0.666667 0.403024
threshold=0 16.583333333333339 3.5000000000000004 43.166666666666679 22.291666666666668 2.5000000000000004 0.9772727272727274 1.5000000000000002 4.5000000000000009 18.125000000000004 1.0000000180025095e-35 0.65686274509803932 0.39444444444444454 1.5000000000000002
decision_type=1 2 2 2 2 2 2 2 2 2 2 2 2 2
left_child=-1 -2 3 4 5 -3 -7 -4 9 10 11 12 -9 -11
right_child=1 2 7 -5 -6 6 -8 8 -10 13 -12 -13 -14 -15
leaf_value=0.00097875653342134323 0.0032081122001518213 -0.0085078431097897565 -0.0012216007066074845 -0.020552012535423957 0.00034040933613410776 0.001674189754641594 -0.019726704339773495 -0.0036092005094523053 -0.00017292589698991452 0.0031235994058800135 0.010955287325823272 -0.015324544257873546 0.0032470816064277606 0.0006451534873779379
leaf_weight=1156 54 14.999999999999998 626 12.999999999999998 141 15 15 12.000000000000002 1859 271 18 9.9999999999999982 11.999999999999998 1415
leaf_count=1156 54 15 626 13 141 15 15 12 1859 271 18 10 12 1415
internal_value=0.000214844 -0.000116045 -0.000178652 -0.00278894 -0.00172043 -0.00722222 -0.00166667 -5.56475e-05 0.000176536 0.00105869 -0.00365385 -0.00823529 -0.00333333 0.00120403
internal_weight=5632 4476 4422 199 186 45 30 4223 3597 1738 52 34 24 1686
internal_count=5632 4476 4422 199 186 45 30 4223 3597 1738 52 34 24 1686
cat_boundaries=0 1
cat_threshold=36
is_linear=0
shrinkage=0.05


Tree=98
num_leaves=15
num_cat=2
split_feature=0 21 21 4 6 9 9 5 13 4 2 9 9 9
split_gain=0.901558 0.99872 0.815429 0.719529 0.851307 0.663098 0.672022 0.623372 0.788182 0.700139 0.598707 0.686951 1.25 0.629899
threshold=82.500000000000014 0 1 1.5000000000000002 0.74166666666666681 21.416666666666668 23.875000000000004 14.500000000000002 1.0000000180025095e-35 13.500000000000002 1.5000000000000002 43.875000000000007 54.500000000000007 37.708333333333336
decision_type=2 9 9 2 2 2 2 2 2 2 2 2 2 2
left_child=2 5 -1 -4 -5 -2 -7 -6 -9 -10 11 -8 -13 -12
right_child=1 -3 3 4 7 6 10 8 9 -11 13 12 -14 -15
leaf_value=-5.8758835671855827e-05 -0.00024176201277253639 0.00010937176506612525 -0.0012322980367639957 0.0029701569947865104 0.00049874485637808224 0.0016005911225049569 -0.0016284556744343361 -0.0027277981022703485 -0.002293364125274078 0.0010480152004076761 -0.00074662601878573535 -0.005565691345939156 0.0022495048804113092 0.00034203878708582991
leaf_weight=1767 13.999999999999998 1066 262 933 817 69 418 15.999999999999998 18 32 190 10.000000000000002 9.9999999999999982 45
leaf_count=1767 14 1066 262 933 817 69 418 16 18 32 190 10 10 45
internal_value=0.000235575 -0.000680571 0.000669701 0.00133941 0.00169604 -0.00206307 -0.00187332 0.000583239 -0.00409091 -0.001 -0.00235513 -0.00344749 -0.0125 -0.000319149
internal_weight=5667 1822 3845 2078 1816 756 742 883 66 50 673 438 20 235
internal_count=5667 1822 3845 2078 1816 756 742 883 66 50 673 438 20 235
cat_boundaries=0 1 2
cat_threshold=3083 3476
is_linear=0
shrinkage=0.05


Tree=99
num_leaves=15
num_cat=3
split_feature=21 0 0 9 0 5 13 21 9 9 6 6 5 21
split_gain=0.806532 0.765008 0.64103 0.55971 1.34733 1.6107 1.5783 0.720524 0.543375 0.512252 1.42487 1.225 0.526667 1.14393
threshold=0 77.500000000000014 46.500000000000007 41.833333333333336 42.500000000000007 9.5000000000000018 2.5000000000000004 1 36.875000000000007 31.416666666666668 0.39444444444444454 0.21825396825396828 5.5000000000000009 2
decision_type=9 2 2 2 2 2 2 9 2 2 2 2 2 9
left_child=2 3 -1 7 5 6 -5 8 9 12 11 -11 13 -2
right_child=1 -3 -4 4 -6 -7 -8 -9 -10 10 -12 -13 -14 -15
leaf_value=0.0077638604538461074 -0.014759587135899699 -0.00029464048764979802 0.00062212979126922692 0.00029980804765588031 -6.0088407561607209e-05 0.0021018502476655601 -0.00074736946962686388 0.00078131085701098617 0.0064039783999908896 -0.00081459821810728683 -0.00010042295866499957 -0.0072825196695353997 -0.0013487271030114601 0.0006774862393466131
leaf_weight=211 11 1713 1198 13.000000000000002 188 12.999999999999998 18 1208 47 20 136 20 346 504
leaf_count=211 11 1713 1198 13 188 13 18 1208 47 20 136 20 346 504
internal_value=0.000235565 -0.000109618 0.00126945 0.00044374 -0.00189655 -0.00977273 -0.0159677 0.000680628 -0.000257116 -0.000496625 -0.00295455 -0.01125 5.80739e-06 0.00101942
internal_weight=5646 4237 1409 2524 232 44 31 2292 1084 1037 176 40 861 515
internal_count=5646 4237 1409 2524 232 44 31 2292 1084 1037 176 40 861 515
cat_boundaries=0 1 2 3
cat_threshold=68 3352 8
is_linear=0
shrinkage=0.05


end of trees

feature_importances:
district_slug=257
total_area=252
area_per_room=179
total_floors=151
floor_ratio=145
floor=138
condition_rank=70
building_type=63
condition=37
rooms=36
bathrooms=29
balcony_count=20
is_ground_floor=9
is_top_floor=8
has_elevator=6

parameters:
[boosting: gbdt]
[objective: quantile]
[metric: quantile]
[tree_learner: serial]
[device_type: cpu]
[data_sample_strategy: bagging]
[data: ]
[valid: ]
[num_iterations: 100]
[learning_rate: 0.05]
[num_leaves: 15]
[num_threads: 0]
[seed: 20260914]
[deterministic: 1]
[force_col_wise: 0]
[force_row_wise: 1]
[histogram_pool_size: -1]
[max_depth: -1]
[min_data_in_leaf: 10]
[min_sum_hessian_in_leaf: 0.001]
[bagging_fraction: 0.8]
[pos_bagging_fraction: 1]
[neg_bagging_fraction: 1]
[bagging_freq: 1]
[bagging_seed: 21650]
[bagging_by_query: 0]
[feature_fraction: 0.8]
[feature_fraction_bynode: 1]
[feature_fraction_seed: 15284]
[extra_trees: 0]
[extra_seed: 16932]
[early_stopping_round: 0]
[early_stopping_min_delta: 0]
[first_metric_only: 0]
[max_delta_step: 0]
[lambda_l1: 0]
[lambda_l2: 0]
[linear_lambda: 0]
[min_gain_to_split: 0]
[drop_rate: 0.1]
[max_drop: 50]
[skip_drop: 0.5]
[xgboost_dart_mode: 0]
[uniform_drop: 0]
[drop_seed: 13907]
[top_rate: 0.2]
[other_rate: 0.1]
[min_data_per_group: 5]
[max_cat_threshold: 32]
[cat_l2: 5]
[cat_smooth: 5]
[max_cat_to_onehot: 4]
[top_k: 20]
[monotone_constraints: ]
[monotone_constraints_method: basic]
[monotone_penalty: 0]
[feature_contri: ]
[forcedsplits_filename: ]
[refit_decay_rate: 0.9]
[cegb_tradeoff: 1]
[cegb_penalty_split: 0]
[cegb_penalty_feature_lazy: ]
[cegb_penalty_feature_coupled: ]
[path_smooth: 0]
[interaction_constraints: ]
[verbosity: -1]
[saved_feature_importance_type: 0]
[use_quantized_grad: 0]
[num_grad_quant_bins: 4]
[quant_train_renew_leaf: 0]
[stochastic_rounding: 1]
[linear_tree: 0]
[max_bin: 255]
[max_bin_by_feature: ]
[min_data_in_bin: 3]
[bin_construct_sample_cnt: 200000]
[data_random_seed: 5066]
[is_enable_sparse: 1]
[enable_bundle: 1]
[use_missing: 1]
[zero_as_missing: 0]
[feature_pre_filter: 1]
[pre_partition: 0]
[two_round: 0]
[header: 0]
[label_column: ]
[weight_column: ]
[group_column: ]
[ignore_column: ]
[categorical_feature: 21,22,23,24,25]
[forcedbins_filename: ]
[precise_float_parser: 0]
[parser_config_file: ]
[objective_seed: 9939]
[num_class: 1]
[is_unbalance: 0]
[scale_pos_weight: 1]
[sigmoid: 1]
[boost_from_average: 1]
[reg_sqrt: 0]
[alpha: 0.1]
[fair_c: 1]
[poisson_max_delta_step: 0.7]
[tweedie_variance_power: 1.5]
[lambdarank_truncation_level: 30]
[lambdarank_norm: 1]
[label_gain: ]
[lambdarank_position_bias_regularization: 0]
[eval_at: ]
[multi_error_top_k: 1]
[auc_mu_weights: ]
[num_machines: 1]
[local_listen_port: 12400]
[time_out: 120]
[machine_list_filename: ]
[machines: ]
[gpu_platform_id: -1]
[gpu_device_id: -1]
[gpu_device_id_list: ]
[gpu_use_dp: 0]
[num_gpu: 1]

end of parameters

pandas_categorical:[["ajapnyak", "arabkir", "avan", "davtashen", "erebuni", "kanaker-zeytun", "kentron", "malatia-sebastia", "nor-nork", "nork-marash", "nubarashen", "shengavit"], ["STONE", "PANEL", "MONOLITH", "KHRUSHCHYOVKA", "STALINKA", "NEW_BUILD"], ["NEEDS_REPAIR", "OLD_RENOVATION", "GOOD", "EURO_RENOVATION", "DESIGNER"], ["CENTRAL_GAS", "INDIVIDUAL_GAS_BOILER", "ELECTRIC", "NONE"], ["VERIFIED", "UNVERIFIED"]]
