tree
version=v4
num_class=1
num_tree_per_iteration=1
label_index=0
max_feature_idx=25
objective=regression
feature_names=total_area rooms bathrooms ceiling_height floor total_floors floor_ratio balcony_count building_age area_per_room living_ratio kitchen_ratio distance_to_centre_m condition_rank has_loggia has_parking has_storage has_elevator seismic_retrofit is_ground_floor is_top_floor district_slug building_type condition heating ownership_docs
feature_infos=[11:292] [1:6] [1:3] none [1:32] [1:32] [0.0625:1] [0:3] none [11:97] none none none [0:3] none none none [0:1] none [0:1] [0:1] -1:6:1:8:0:11:7:5:4:2:3:10 -1:1:0:5:2 -1:3:2:0 none none
tree_sizes=1332 1426 1396 1435 1442 1452 1489 1510 1422 1442 1444 1445 1473 1462 1424 1458 1444 1444 1470 1443 1472 1442 1457 1456 1467 1423 1449 1450 1527 1450 1414 1450 1491 1491 1424 1464 1479 1490 1448 1474 1513 1506 1488 1501 1498 1492 1480 1525 1476 1476 1497 1511 1481 1515 1487 1498 1491 1503 1516 1524 1461 1531 1466 1536 1531 1520 1498 1497 1506 1531 1503 1487 1555 1528 1512 1472 1548 1572 1525 1500 1478 1524 1537 1556 1543 1563 1485 1515 1533 1501 1510 1470 1530 1507 1482 1519 1564 1520 1578 1502

Tree=0
num_leaves=15
num_cat=5
split_feature=21 21 13 13 0 22 22 5 5 0 0 5 0 21
split_gain=289.823 41.2861 20.9117 12.0581 11.9744 10.2394 9.19984 9.14542 7.46723 5.81525 4.12529 4.04559 3.92769 2.81555
threshold=0 1 2.5000000000000004 2.5000000000000004 75.500000000000014 2 3 2.5000000000000004 2.5000000000000004 124.50000000000001 104.50000000000001 16.500000000000004 63.500000000000007 4
decision_type=9 9 2 2 2 1 1 2 2 2 2 2 2 9
left_child=1 3 4 7 -2 -4 -3 -1 -6 11 -8 -5 -7 -10
right_child=2 6 5 9 8 12 10 -9 13 -11 -12 -13 -14 -15
leaf_value=13.1219251381298 13.132698360637768 13.157544040625471 13.145109110356954 13.168167156050631 13.104222526220004 13.138374474654405 13.146959264695612 13.158437958119036 13.131309483054469 13.150393433070077 13.135896116126659 13.189950441285811 13.132755228640047 13.124016420495897
leaf_weight=17 1129 199 306 539 41 515 572 475 247 46 98 23 789 601
leaf_count=17 1129 199 306 539 41 515 572 475 247 46 98 23 789 601
internal_value=13.141 13.1565 13.1327 13.1629 13.1293 13.1369 13.1482 13.1571 13.1249 13.1677 13.1453 13.1691 13.135 13.126
internal_weight=5597 1969 3628 1100 2018 1610 869 492 889 608 670 562 1304 848
internal_count=5597 1969 3628 1100 2018 1610 869 492 889 608 670 562 1304 848
cat_boundaries=0 1 2 3 4 5
cat_threshold=66 64 32 36 44
is_linear=0
shrinkage=1


Tree=1
num_leaves=15
num_cat=6
split_feature=21 21 13 13 5 22 22 1 5 5 1 5 22 22
split_gain=254.192 37.9939 16.1527 10.5177 8.94168 7.45307 7.43548 6.40073 5.8738 5.72212 4.62607 4.18125 2.86965 2.83718
threshold=0 1 2.5000000000000004 2.5000000000000004 2.5000000000000004 2 3 2.5000000000000004 2.5000000000000004 2.5000000000000004 2.5000000000000004 14.500000000000002 4 5
decision_type=9 9 2 2 2 1 1 2 2 2 2 2 1 1
left_child=1 3 4 9 -2 -3 8 -6 -4 -1 11 -5 -9 -12
right_child=2 5 6 10 7 -7 -8 12 -10 -11 13 -13 -14 -15
leaf_value=-0.011847239830776264 -0.029604344687882873 0.015184764198060311 -0.030113015495813814 0.027809416300997203 -0.0070648438256628258 0.0040833558686335638 -0.0059188697254108705 -0.0049651739911357557 0.0042452289936553735 0.016371099512237294 0.010645849269218325 0.047705552235923036 -0.013768920431097882 0.02411522718651686
leaf_weight=18 62 193 11.999999999999998 222 828 696 1313 125 291 467 83 32 997 244
leaf_count=18 62 193 12 222 828 696 1313 125 291 467 83 32 997 244
internal_value=-0.000190619 0.0143177 -0.00801908 0.0206984 -0.0110196 0.00657909 -0.00430356 -0.0104138 0.00274478 0.0153016 0.0253472 0.0304933 -0.0128768 0.0212692
internal_weight=5583 1955 3628 1066 2012 889 1616 1950 303 485 581 254 1122 327
internal_count=5583 1955 3628 1066 2012 889 1616 1950 303 485 581 254 1122 327
cat_boundaries=0 1 2 3 4 5 6
cat_threshold=66 64 36 32 36 2
is_linear=0
shrinkage=0.05


Tree=2
num_leaves=15
num_cat=9
split_feature=21 21 23 23 1 22 22 9 1 22 1 23 1 22
split_gain=247.593 33.8967 16.2315 9.68651 9.21023 8.64326 8.27813 5.03541 4.59847 3.45613 2.90325 2.77558 2.67822 2.60567
threshold=0 1 2 3 3.5000000000000004 4 5 39.833333333333336 3.5000000000000004 6 2.5000000000000004 7 3.5000000000000004 8
decision_type=9 9 1 1 2 1 1 2 2 1 2 1 2 1
left_child=1 3 6 8 10 -3 -2 -6 13 -5 -4 -7 -8 -1
right_child=2 5 4 9 7 11 12 -9 -10 -11 -12 -13 -14 -15
leaf_value=0.017516148363409395 0.0033139627893625729 0.017348709686775692 -0.0070914389150469066 0.022406551982447724 -0.016842382104510851 0.00016086400369653411 -0.0048005999314483898 -0.046853369176387792 0.012789607236362239 0.011863296891102298 -0.011248095225712041 0.006641608444215308 -0.011197441991797404 0.028732663099557007
leaf_weight=148 311 154 842 128 327 252 1110 13.999999999999998 78 377 856 479 192 378
leaf_count=148 311 154 842 128 327 252 1110 14 78 377 856 479 192 378
internal_value=5.21377e-07 0.0141459 -0.00773342 0.0199886 -0.0107082 0.00673902 -0.00399259 -0.0182079 0.0243656 0.0149133 -0.00919229 0.00438083 -0.0057298 0.0260547
internal_weight=5646 1994 3652 1109 2039 885 1613 341 604 505 1698 731 1302 526
internal_count=5646 1994 3652 1109 2039 885 1613 341 604 505 1698 731 1302 526
cat_boundaries=0 1 2 3 4 5 6 7 8 9
cat_threshold=66 64 8 8 32 32 36 4 2
is_linear=0
shrinkage=0.05


Tree=3
num_leaves=15
num_cat=5
split_feature=21 21 22 0 13 22 0 6 0 13 9 4 0 22
split_gain=211.682 32.7497 14.6077 14.3261 9.71114 6.68081 6.33833 4.49831 4.00046 3.84186 3.76646 3.59215 3.47622 3.33391
threshold=0 1 2 95.500000000000014 2.5000000000000004 3 60.500000000000007 0.93541666666666679 60.500000000000007 2.5000000000000004 37.416666666666679 2.5000000000000004 104.50000000000001 4
decision_type=9 9 1 2 2 1 2 2 2 2 2 2 2 1
left_child=1 4 7 6 8 -3 -4 -2 -1 -8 -5 -9 -7 -6
right_child=2 5 3 10 13 12 9 11 -10 -11 -12 -13 -14 -15
leaf_value=0.021078168800366778 0.0019938830755987388 0.015319126782818668 -0.004131458798144385 -0.015134007614371885 0.015059998515342555 0.0052130028307228616 -0.011142957710384089 -0.027032707851718775 0.011045601198144697 -0.0061370983553000052 -0.029037007888586361 -0.0046432521982616428 -0.0045897766023013254 0.025942710439972955
leaf_weight=139 497 149 1031 373 160 622 971 21 365 641 57 100 105 429
leaf_count=139 497 149 1031 373 160 622 971 21 365 641 57 100 105 429
internal_value=-9.4562e-05 0.0131212 -0.00715435 -0.00856736 0.0189069 0.00582273 -0.00719918 -0.000113356 0.0138488 -0.00915745 -0.0170401 -0.00871875 0.00376696 0.0233645
internal_weight=5660 1969 3691 3073 1093 876 2643 618 504 1612 430 121 727 589
internal_count=5660 1969 3691 3073 1093 876 2643 618 504 1612 430 121 727 589
cat_boundaries=0 1 2 3 4 5
cat_threshold=66 64 36 32 2
is_linear=0
shrinkage=0.05


Tree=4
num_leaves=15
num_cat=6
split_feature=21 21 23 0 23 0 0 23 21 0 0 9 0 0
split_gain=194.018 25.8782 13.7347 8.98098 8.38022 4.98849 4.79552 4.63969 4.04684 4.55807 3.44428 2.66175 2.48688 2.42141
threshold=0 1 2 80.500000000000014 3 51.500000000000007 195.50000000000003 4 5 63.500000000000007 87.500000000000014 43.550000000000004 134.50000000000003 58.500000000000007
decision_type=9 9 1 2 1 2 2 1 9 2 2 2 2 2
left_child=1 4 8 -4 5 -1 -5 12 -2 -10 -6 -11 -3 -9
right_child=2 7 3 6 10 -7 -8 13 9 11 -12 -13 -14 -15
leaf_value=0.030046126560609739 0.0065941595401840681 0.010033088514924222 -0.0071368710830566383 -0.013605531344453126 0.016103762336684247 0.019163039891506209 -0.043435268636260717 0.0086888894043416556 -0.00060553064402658495 -0.0057654907701953318 0.007518398980213766 -0.025791585927500443 -0.0056634047499823353 -0.00054145693170572944
leaf_weight=141 93 485 1372 642 324 473 12.999999999999998 95 624 904 187 15.999999999999998 26 273
leaf_count=141 93 485 1372 642 324 473 13 95 624 904 187 16 26 273
internal_value=0.000153241 0.0126398 -0.0066859 -0.00944545 0.0176808 0.021707 -0.0142629 0.0061118 -0.00328563 -0.00389334 0.0129828 -0.0061414 0.00922494 0.00185847
internal_weight=5668 2004 3664 2027 1125 614 655 879 1637 1544 511 920 511 368
internal_count=5668 2004 3664 2027 1125 614 655 879 1637 1544 511 920 511 368
cat_boundaries=0 1 2 3 4 5 6
cat_threshold=66 64 8 8 8 8
is_linear=0
shrinkage=0.05


Tree=5
num_leaves=15
num_cat=4
split_feature=21 21 13 5 0 0 0 13 0 21 0 23 13 5
split_gain=166.529 22.7939 12.0735 7.93405 7.90715 6.95567 4.61478 4.14549 3.67141 3.66669 4.28219 3.65163 3.42509 3.37386
threshold=0 1 2.5000000000000004 2.5000000000000004 97.500000000000014 58.500000000000007 176.00000000000003 2.5000000000000004 136.50000000000003 2 61.500000000000007 3 2.5000000000000004 2.5000000000000004
decision_type=9 9 2 2 2 2 2 2 2 9 2 1 2 2
left_child=1 3 4 -1 -2 11 12 -3 -9 -4 -11 -5 -7 -6
right_child=2 7 9 5 13 6 -8 8 -10 10 -12 -13 -14 -15
leaf_value=-0.013481534771959892 -0.0077269868445950466 0.0014311951829586178 0.0059665413537564188 0.010597751270048321 -0.032267745269928129 0.01120850985059596 -0.015350497943850664 0.0095147894868858832 -0.0070954647070417811 -0.00023578818871178298 -0.0057688032476788508 0.025782761241976617 0.018043264569939082 -0.014735900222517393
leaf_weight=21 1757 364 98 49 31 343 11.999999999999998 486 35 542 985 260 414 248
leaf_count=21 1757 364 98 49 31 343 12 486 35 542 985 260 414 248
internal_value=-8.39586e-05 0.0115615 -0.00640344 0.0163862 -0.00897685 0.0170559 0.0144729 0.00550017 0.00838748 -0.0031953 -0.00379392 0.0234167 0.0149653 -0.0167922
internal_weight=5645 1984 3661 1099 2036 1078 769 885 521 1625 1527 309 757 279
internal_count=5645 1984 3661 1099 2036 1078 769 885 521 1625 1527 309 757 279
cat_boundaries=0 1 2 3 4
cat_threshold=66 64 8 4
is_linear=0
shrinkage=0.05


Tree=6
num_leaves=15
num_cat=3
split_feature=21 21 13 1 0 5 13 9 13 0 21 5 5 0
split_gain=162.133 25.1617 10.9502 7.69962 7.66107 4.34127 4.26683 4.16446 3.60913 3.36851 4.65819 3.08799 2.82148 2.58821
threshold=0 1 2.5000000000000004 3.5000000000000004 58.500000000000007 14.500000000000002 2.5000000000000004 39.833333333333336 2.5000000000000004 63.500000000000007 2 2.5000000000000004 9.5000000000000018 60.500000000000007
decision_type=9 9 2 2 2 2 2 2 2 2 9 2 2 2
left_child=1 4 3 13 5 -1 11 -5 -3 -4 12 -6 -11 -2
right_child=2 8 9 7 6 -7 -8 -9 -10 10 -12 -13 -14 -15
leaf_value=0.020992388770319885 -0.0045321005528854005 0.001407189098248921 -8.7692242260407481e-05 -0.014089097151651893 -0.012383291994531949 0.04080337533960119 0.017380030502943695 -0.043235262655294864 0.0079284409511337934 -0.0031281102391773489 -0.0068590585658829008 0.010909218219483366 0.0070736138590426116 -0.0086153177196579677
leaf_weight=307 628 370 617 343 13.999999999999998 31 421 11.999999999999998 498 181 732 368 107 1033
leaf_count=307 628 370 617 343 14 31 421 12 498 181 732 368 107 1033
internal_value=0.000235682 0.0116247 -0.00603695 -0.00851147 0.0165174 0.0229244 0.0138982 -0.015193 0.00512398 -0.00300461 -0.00476724 0.0100255 0.000662021 -0.00707517
internal_weight=5662 2009 3653 2016 1141 338 803 355 868 1637 1020 382 288 1661
internal_count=5662 2009 3653 2016 1141 338 803 355 868 1637 1020 382 288 1661
cat_boundaries=0 1 2 3
cat_threshold=66 64 44
is_linear=0
shrinkage=0.05


Tree=7
num_leaves=15
num_cat=1
split_feature=23 4 6 0 0 0 1 13 9 4 0 6 0 2
split_gain=33.8865 12.2334 9.49857 5.18333 4.88804 4.35579 3.46945 3.44373 3.14654 2.9722 2.76282 2.63717 3.10999 2.17753
threshold=0 1.5000000000000002 0.88562091503267981 117.50000000000001 53.500000000000007 59.500000000000007 3.5000000000000004 2.5000000000000004 27.366666666666671 9.5000000000000018 173.50000000000003 0.92582417582417598 119.50000000000001 1.5000000000000002
decision_type=1 2 2 2 2 2 2 2 2 2 2 2 2 2
left_child=5 3 4 -2 7 -1 -4 -3 -6 -9 13 -7 -13 -10
right_child=1 2 6 -5 8 11 -8 9 10 -11 -12 12 -14 -15
leaf_value=-0.0019341894049051179 -0.0025216092836581596 0.0038028225209563969 0.00094070038600445782 -0.017697326292002959 0.0018012915642601499 -0.0065199111581431312 -0.0066574720730096784 0.010926229831026094 0.0048371534708188599 0.028623669694822568 -0.018033496560140826 -0.011064807314922155 -0.037396279722452165 0.01006184746198523
leaf_weight=432 532 184 860 62 837 855 181 348 800 25 10.999999999999998 241 10.999999999999998 267
leaf_count=432 532 184 860 62 837 855 181 348 800 25 11 241 11 267
internal_value=0.000127422 0.00249867 0.0036208 -0.00413269 0.0053074 -0.00619804 -0.000385525 0.0094283 0.0041045 0.0121857 0.00588947 -0.00785874 -0.0123575 0.00615275
internal_weight=5646 4107 3513 594 2472 1539 1041 557 1915 373 1078 1107 252 1067
internal_count=5646 4107 3513 594 2472 1539 1041 557 1915 373 1078 1107 252 1067
cat_boundaries=0 1
cat_threshold=4
is_linear=0
shrinkage=0.05


Tree=8
num_leaves=15
num_cat=6
split_feature=21 21 0 5 5 5 0 21 5 23 23 13 13 21
split_gain=140.297 20.4717 9.14215 7.83905 6.95768 6.49794 5.97399 5.51084 3.68984 3.48666 3.43793 3.02343 2.7005 2.65298
threshold=0 1 75.500000000000014 2.5000000000000004 2.5000000000000004 16.500000000000004 93.500000000000014 2 16.500000000000004 3 4 2.5000000000000004 2.5000000000000004 5
decision_type=9 9 2 2 2 2 2 9 2 1 1 2 2 9
left_child=1 4 10 -4 -1 6 9 -5 11 -6 -2 -3 -9 -12
right_child=2 8 3 7 5 -7 -8 12 -10 -11 13 -13 -14 -15
leaf_value=-0.014123419597744942 -0.006711990549105532 0.0008788523836711238 -0.026761777888469659 -0.0032337481609361731 0.0093032480483058819 0.033752780548315875 0.0085938423598100524 -0.012269671476352802 0.022199989927272935 0.018706717160241599 0.00066803509406680771 0.0069127629691190691 -0.0071192106453236191 -0.0038163118731695807
leaf_weight=19 635 363 57 451 120 48 274 588 29 646 498 485 459 973
leaf_count=19 635 363 57 451 120 48 274 588 29 646 498 485 459 973
internal_value=1.93382e-05 0.0107081 -0.00578129 -0.00869645 0.0152414 0.0158367 0.0149781 -0.00799166 0.0049213 0.0172476 -0.00363944 0.00433393 -0.0099731 -0.00230943
internal_weight=5645 1984 3661 1555 1107 1088 1040 1498 877 766 2106 848 1047 1471
internal_count=5645 1984 3661 1555 1107 1088 1040 1498 877 766 2106 848 1047 1471
cat_boundaries=0 1 2 3 4 5 6
cat_threshold=66 64 44 4 4 41
is_linear=0
shrinkage=0.05


Tree=9
num_leaves=15
num_cat=6
split_feature=21 21 0 22 22 9 22 0 0 0 22 0 6 17
split_gain=123.48 21.1151 10.6778 7.88622 7.4939 5.93025 5.76148 4.73727 4.04322 3.93902 3.7636 3.51204 2.88167 2.36896
threshold=0 1 75.500000000000014 2 3 47.833333333333336 4 143.50000000000003 95.500000000000014 56.500000000000007 5 100.50000000000001 0.93541666666666679 1.0000000180025095e-35
decision_type=9 9 2 1 1 2 1 2 2 2 1 2 2 2
left_child=1 4 10 -3 7 6 12 13 -5 -6 -2 -8 -4 -1
right_child=2 3 5 8 9 -7 11 -9 -10 -11 -12 -13 -14 -15
leaf_value=0.0080728173459647234 -0.0059563618332151933 0.011460850211840711 0.0012702161491036734 0.0035884930010904141 0.016911591754817382 -0.032582966610789299 -0.0090274903746929078 -0.0058895086212193267 -0.0049380146812175313 0.0087040263873107444 -0.0016046928943691558 -0.016274812208399294 -0.012465649130172098 0.02289114731560403
leaf_weight=31 934 279 186 662 204 26 946 15.999999999999998 175 531 1083 205 47 319
leaf_count=31 934 279 186 662 204 26 946 16 175 531 1083 205 47 319
internal_value=-2.32913e-05 0.00915754 -0.00596816 0.00425706 0.0140748 -0.00931411 -0.00885377 0.0201166 0.00179132 0.0109277 -0.00364048 -0.0102866 -0.00150971 0.0216054
internal_weight=5644 2217 3427 1116 1101 1410 1384 366 837 735 2017 1151 233 350
internal_count=5644 2217 3427 1116 1101 1410 1384 366 837 735 2017 1151 233 350
cat_boundaries=0 1 2 3 4 5 6
cat_threshold=74 64 36 36 36 2
is_linear=0
shrinkage=0.05


Tree=10
num_leaves=15
num_cat=4
split_feature=21 21 0 22 5 22 0 13 0 5 6 0 0 5
split_gain=114.491 19.2674 7.80529 7.11032 6.55013 6.93376 7.65668 4.69716 3.78366 3.77234 2.93204 2.77076 2.72667 2.66664
threshold=0 1 71.500000000000014 2 2.5000000000000004 3 102.50000000000001 2.5000000000000004 77.500000000000014 14.500000000000002 0.89181286549707617 38.500000000000007 72.500000000000014 14.500000000000002
decision_type=9 9 2 1 2 1 2 2 2 2 2 2 2 2
left_child=1 4 11 13 -1 12 9 10 -5 -7 -4 -2 -6 -3
right_child=2 3 7 8 5 6 -8 -9 -10 -11 -12 -13 -14 -15
leaf_value=-0.014367961972242311 0.00087885517996560871 0.0078811651321782777 -0.0088692595560254505 0.0047336770585715152 0.012136420709866799 0.017928035656359139 0.0075664600930987662 -0.0051971842263523749 -0.0020618857226873894 0.030400984166448732 -0.015080111488305892 -0.0044263668908160088 0.002910395992235595 0.018853412699278538
leaf_weight=20 297 196 746 445 159 507 177 728 378 71 259 1427 162 78
leaf_count=20 297 196 746 445 159 507 177 728 378 71 259 1427 162 78
internal_value=-0.000223758 0.00869914 -0.00588907 0.00396353 0.0133917 0.0139827 0.0166139 -0.00826696 0.00160406 0.01951 -0.0104833 -0.00351244 0.00738906 0.0108643
internal_weight=5650 2193 3457 1097 1096 1076 755 1733 823 578 1005 1724 321 274
internal_count=5650 2193 3457 1097 1096 1076 755 1733 823 578 1005 1724 321 274
cat_boundaries=0 1 2 3 4
cat_threshold=74 64 36 2
is_linear=0
shrinkage=0.05


Tree=11
num_leaves=15
num_cat=6
split_feature=21 21 5 0 0 23 23 23 0 5 5 9 5 21
split_gain=104.961 18.3189 8.46733 7.17649 6.27662 5.81882 4.76356 3.3127 2.98708 3.13679 2.85237 2.50394 2.47199 2.16842
threshold=0 1 2.5000000000000004 182.50000000000003 63.500000000000007 2 3 4 75.500000000000014 14.500000000000002 2.5000000000000004 39.833333333333336 14.500000000000002 5
decision_type=9 9 2 2 2 1 1 1 2 2 2 2 2 9
left_child=1 3 11 5 -4 8 -6 -3 9 -1 -7 -2 -9 -8
right_child=2 7 4 -5 6 10 13 12 -10 -11 -12 -13 -14 -15
leaf_value=0.018417217955804505 -0.015915230567137676 -0.00043983330360321981 -0.0021630563577115375 -0.027239098569208926 -0.010148313415964809 -0.010780145184082143 -0.0015535743360420408 0.0046302280089006295 0.013091039872862462 0.035111698180888641 0.010189082985389876 -0.037285208619303171 0.013479586697390512 -0.0061203945253079615
leaf_weight=286 76 311 1262 9.9999999999999982 659 15.999999999999998 359 668 294 32 482 17 89 1078
leaf_count=286 76 311 1262 10 659 16 359 668 294 32 482 17 89 1078
internal_value=6.91987e-05 0.00862273 -0.00535956 0.0130948 -0.00495129 0.0135413 -0.00662825 0.00388599 0.0168129 0.020202 0.00949512 -0.0201767 0.00568705 -0.00500804
internal_weight=5639 2188 3451 1120 3358 1110 2096 1068 612 318 498 93 757 1437
internal_count=5639 2188 3451 1120 3358 1110 2096 1068 612 318 498 93 757 1437
cat_boundaries=0 1 2 3 4 5 6
cat_threshold=74 64 8 4 4 36
is_linear=0
shrinkage=0.05


Tree=12
num_leaves=15
num_cat=4
split_feature=21 21 13 1 9 1 23 9 13 4 21 6 4 4
split_gain=90.0671 11.7524 7.53606 4.60902 4.30868 4.24636 3.73897 3.06891 2.8859 2.84146 2.3104 2.07398 1.72236 1.68033
threshold=0 1 2.5000000000000004 3.5000000000000004 41.583333333333336 3.5000000000000004 2 39.833333333333336 2.5000000000000004 1.5000000000000002 3 0.91287878787878796 13.500000000000002 1.5000000000000002
decision_type=9 9 2 2 2 2 1 2 2 2 9 2 2 2
left_child=1 3 5 6 -5 -2 -1 -7 -3 -8 -4 13 -12 -10
right_child=2 8 10 4 -6 7 9 -9 11 -11 12 -13 -14 -15
leaf_value=0.0057252557982186173 -0.0057889414092881231 0.00069109367943949972 -0.0039275723582875869 0.0061530155572108933 -0.026327771388671619 -0.011013469175219243 0.0037021322906466911 -0.03604254876621641 0.0014469222595329889 0.015353083600119997 0.00037907414408407282 0.0010452377582259942 -0.012266390647606127 0.010007288746226764
leaf_weight=143 1704 365 866 144 9.9999999999999982 310 57 11.999999999999998 71 759 702 129 27 305
leaf_count=143 1704 365 866 144 10 310 57 12 71 759 702 129 27 305
internal_value=-7.14334e-05 0.00847929 -0.00476033 0.0118946 0.00388762 -0.00679027 0.013237 -0.0120549 0.00405848 0.0145448 -0.00219412 0.00652626 -0.000104721 0.00839896
internal_weight=5604 1983 3621 1113 154 2026 959 322 870 816 1595 505 729 376
internal_count=5604 1983 3621 1113 154 2026 959 322 870 816 1595 505 729 376
cat_boundaries=0 1 2 3 4
cat_threshold=66 64 4 3472
is_linear=0
shrinkage=0.05


Tree=13
num_leaves=15
num_cat=5
split_feature=21 22 21 13 0 0 22 0 0 5 5 0 21 0
split_gain=84.0502 15.3235 7.88657 7.19041 5.29565 4.08206 3.84943 3.84313 3.56671 3.85131 3.08493 2.60412 2.49134 2.04508
threshold=0 1 2 2.5000000000000004 92.500000000000014 47.500000000000007 3 95.500000000000014 179.50000000000003 14.500000000000002 2.5000000000000004 42.500000000000007 4 143.50000000000003
decision_type=9 1 9 2 2 2 1 2 2 2 2 2 9 2
left_child=1 8 5 4 11 -3 -5 -4 9 12 -6 -2 -1 -7
right_child=3 2 7 6 10 13 -8 -9 -10 -11 -12 -13 -14 -15
leaf_value=0.01542368071239022 -0.0011082264255189026 0.016413130767874585 0.0031429260612537905 2.6225833093649863e-05 -0.027035572337252758 0.0072912641814750299 -0.0049909796185671276 -0.0052944218399811928 -0.014395720443942332 0.021505094481817186 -0.01115885037802836 -0.0067461066648399973 0.0072009166721538247 -0.010386982104083634
leaf_weight=278 242 136 640 769 34 568 759 170 9.9999999999999982 155 291 1348 191 15.999999999999998
leaf_count=278 242 136 640 769 34 568 759 170 10 155 291 1348 191 16
internal_value=-0.000186668 0.00752321 0.00477215 -0.00503688 -0.00708477 0.00856853 -0.00248383 0.0013594 0.0140552 0.0146459 -0.0128976 -0.00588925 0.0123381 0.00679
internal_weight=5607 2164 1530 3443 1915 720 1528 810 634 624 325 1590 469 584
internal_count=5607 2164 1530 3443 1915 720 1528 810 634 624 325 1590 469 584
cat_boundaries=0 1 2 3 4 5
cat_threshold=74 36 64 33 64
is_linear=0
shrinkage=0.05


Tree=14
num_leaves=15
num_cat=6
split_feature=22 0 5 23 23 5 22 0 22 5 4 5 2 23
split_gain=33.3662 11.123 9.29283 7.79871 4.93173 4.92211 4.51811 3.46972 3.17783 3.0888 2.9655 2.24774 2.86334 2.09985
threshold=0 46.500000000000007 2.5000000000000004 1 2 2.5000000000000004 3 104.50000000000001 4 5.5000000000000009 1.5000000000000002 16.500000000000004 1.5000000000000002 5
decision_type=1 2 2 1 1 2 1 2 1 2 2 2 2 1
left_child=2 13 -1 6 -4 -5 7 -3 10 -6 -7 -11 -13 -2
right_child=1 3 4 5 9 8 -8 -9 -10 11 -12 12 -14 -15
leaf_value=-0.022079424714096463 -0.00026823076101102156 0.0038308709599015113 -0.00086178493608048178 -0.019200641525288425 0.002566161314667813 -0.0082896571753649142 -0.0029216744971976034 -0.0048823508077213982 -0.0063499174975781298 0.0097234467024679017 -0.00089066010318097325 0.025107648144834318 0.0018608065346550002 0.0056144080775993649
leaf_weight=25 220 643 133 59 144 167 889 138 1172 802 700 51 18 487
leaf_count=25 220 643 133 59 144 167 889 138 1172 802 700 51 18 487
internal_value=6.41902e-06 -0.00196277 0.00749061 -0.00304477 0.00818581 -0.00507349 -0.000494593 0.00227247 -0.0046555 0.00937104 -0.00231044 0.0104918 0.0191565 0.00378609
internal_weight=5648 4475 1173 3768 1148 2098 1670 781 2039 1015 867 871 69 707
internal_count=5648 4475 1173 3768 1148 2098 1670 781 2039 1015 867 871 69 707
cat_boundaries=0 1 2 3 4 5 6
cat_threshold=36 8 4 1 1 4
is_linear=0
shrinkage=0.05


Tree=15
num_leaves=15
num_cat=5
split_feature=21 21 0 22 0 22 5 22 5 0 5 0 0 0
split_gain=71.0983 10.2501 6.12759 4.71265 5.11741 4.39253 4.36304 5.85884 4.10919 3.38827 2.66656 2.50307 2.4167 2.3514
threshold=0 1 61.500000000000007 2 102.50000000000001 3 2.5000000000000004 4 2.5000000000000004 95.500000000000014 14.500000000000002 95.500000000000014 176.00000000000003 125.50000000000001
decision_type=9 9 2 1 2 1 2 1 2 2 2 2 2 2
left_child=1 3 -2 -1 8 -3 13 -8 -5 -9 -10 -7 -6 -4
right_child=2 5 6 4 12 11 7 9 10 -11 -12 -13 -14 -15
leaf_value=0.0048896959390493846 -0.001724915675156158 0.0086983825795679832 -0.012775153811704718 -0.013311158693753756 0.0067650942261828946 0.0029708591822521528 0.00030248085230448132 -0.0058391838405328807 0.014164522320288859 -0.011302946610922345 0.025020351972092281 -0.0039274140575082236 -0.01564289227916071 -0.034282786067989138
leaf_weight=308 1185 292 52 11.999999999999998 171 648 338 1437 520 355 65 164 11.999999999999998 17
leaf_count=308 1185 292 52 12 171 648 338 1437 520 355 65 164 12 17
internal_value=-7.72217e-05 0.00692712 -0.00461843 0.0103781 0.0124914 0.00348845 -0.00618669 -0.0057797 0.0148127 -0.00690801 0.0154114 0.00156487 0.00521869 -0.0184882
internal_weight=5576 2192 3384 1088 780 1104 2199 2130 597 1792 585 812 183 69
internal_count=5576 2192 3384 1088 780 1104 2199 2130 597 1792 585 812 183 69
cat_boundaries=0 1 2 3 4 5
cat_threshold=74 64 2 36 36
is_linear=0
shrinkage=0.05


Tree=16
num_leaves=15
num_cat=5
split_feature=21 21 0 0 22 22 5 5 22 5 0 0 5 0
split_gain=63.7383 10.5264 5.72961 5.7048 5.49691 3.67423 3.10576 2.79192 2.72053 4.06952 2.66185 2.51959 2.3947 2.39323
threshold=0 1 71.500000000000014 199.00000000000003 2 3 12.500000000000002 2.5000000000000004 4 2.5000000000000004 100.50000000000001 95.500000000000014 14.500000000000002 59.500000000000007
decision_type=9 9 2 2 1 1 2 2 1 2 2 2 2 2
left_child=1 3 -2 4 12 -3 7 -6 9 -4 -10 -7 -1 -9
right_child=2 5 8 -5 6 11 -8 13 10 -11 -12 -13 -14 -15
leaf_value=0.013657267140414995 -0.002361234638338045 0.0085443370415004601 -0.022339925444439839 -0.02588642606596378 -0.00968574369326234 0.0029584811940608006 -0.0027468460120871896 0.014180044666365946 -0.0062176603780162319 0.0021358173879707466 -0.011926591972231258 -0.0035401414569749159 0.023972570306311052 0.0074267959519724357
leaf_weight=268 1735 236 18 9.9999999999999982 19 694 63 186 1283 159 244 189 74 461
leaf_count=268 1735 236 18 10 19 694 63 186 1283 159 244 189 74 461
internal_value=-0.000130451 0.0065057 -0.00437948 0.0100279 0.0104338 0.00306778 0.00777324 0.00882929 -0.0064447 -0.000452064 -0.00711382 0.00155626 0.0157234 0.00938711
internal_weight=5639 2200 3439 1081 1071 1119 729 666 1704 177 1527 883 342 647
internal_count=5639 2200 3439 1081 1071 1119 729 666 1704 177 1527 883 342 647
cat_boundaries=0 1 2 3 4 5
cat_threshold=74 64 36 32 32
is_linear=0
shrinkage=0.05


Tree=17
num_leaves=15
num_cat=6
split_feature=21 22 21 0 9 0 22 0 0 21 22 0 6 0
split_gain=62.4236 10.8586 6.17495 5.74219 4.27112 3.38933 2.99714 2.49577 2.48222 2.42117 2.17081 2.36714 2.16094 2.02815
threshold=0 1 2 75.500000000000014 47.833333333333336 176.00000000000003 3 58.500000000000007 47.500000000000007 4 5 38.500000000000007 0.93541666666666679 95.500000000000014
decision_type=9 1 9 2 2 2 1 2 2 9 1 2 2 2
left_child=1 5 8 10 6 9 12 -4 -3 -1 -2 -12 -5 -8
right_child=3 2 7 4 -6 -7 13 -9 -10 -11 11 -13 -14 -15
leaf_value=0.015414201298618639 0.001475145499366606 0.013725617930878585 0.0059699452660598104 0.001320265845390081 -0.026827723991412384 -0.015687837248498742 -0.005979309276411964 -0.00033503700651986814 0.0062129118314142619 0.008425122355258512 0.0010370923582701112 -0.0040424667590599067 -0.010661299221534679 -0.010532322410928533
leaf_weight=354 287 135 209 188 25 9.9999999999999982 798 621 602 278 273 1422 46 357
leaf_count=354 287 135 209 188 25 10 798 621 602 278 273 1422 46 357
internal_value=-1.88216e-05 0.00651361 0.00423291 -0.00427195 -0.00671174 0.0119896 -0.00633064 0.00125035 0.0075546 0.0125464 -0.00253961 -0.00321474 -0.00104813 -0.00736265
internal_weight=5605 2209 1567 3396 1414 642 1389 830 737 632 1982 1695 234 1155
internal_count=5605 2209 1567 3396 1414 642 1389 830 737 632 1982 1695 234 1155
cat_boundaries=0 1 2 3 4 5 6
cat_threshold=74 36 64 36 64 36
is_linear=0
shrinkage=0.05


Tree=18
num_leaves=15
num_cat=4
split_feature=21 21 13 5 23 1 5 13 5 21 2 1 6 1
split_gain=52.8411 9.56557 4.99486 4.26002 3.44184 3.57796 3.05538 2.0843 1.92738 2.26827 1.92699 1.91578 1.70409 1.45424
threshold=0 1 2.5000000000000004 2.5000000000000004 2 2.5000000000000004 16.500000000000004 2.5000000000000004 15.500000000000002 3 2.5000000000000004 3.5000000000000004 0.89181286549707617 3.5000000000000004
decision_type=9 9 2 2 1 2 2 2 2 9 2 2 2 2
left_child=1 3 11 -1 -5 -6 7 -3 9 -4 -7 -2 -13 -11
right_child=2 6 8 4 5 10 -8 -9 -10 13 -12 12 -14 -15
leaf_value=-0.0125671294009821 -0.0049308408145600979 -0.00022876747199348547 0.0010581948522665043 0.0033426834285400519 0.014494738822804049 0.0086967587535013071 0.017007573662946623 0.0041995245345822279 -0.0089290407763563864 -0.0021213463813142138 -0.009056167645030656 -0.0066834586710574689 -0.014677873136231093 -0.0078969466399812938
leaf_weight=21 1571 486 582 177 405 491 35 585 88 713 14.999999999999998 216 98 128
leaf_count=21 1571 486 582 177 405 491 35 585 88 713 15 216 98 128
internal_value=-1.09479e-05 0.00598788 -0.00392725 0.00927111 0.00974634 0.0109855 0.00266348 0.00219171 -0.00178956 -0.00134208 0.00815366 -0.00564936 -0.00921721 -0.00299097
internal_weight=5611 2215 3396 1109 1088 911 1106 1071 1511 1423 506 1885 314 841
internal_count=5611 2215 3396 1109 1088 911 1106 1071 1511 1423 506 1885 314 841
cat_boundaries=0 1 2 3 4
cat_threshold=74 64 4 37
is_linear=0
shrinkage=0.05


Tree=19
num_leaves=15
num_cat=6
split_feature=21 22 22 0 5 0 21 5 0 0 5 0 23 23
split_gain=50.5895 7.10988 5.91756 6.58508 4.84484 4.32309 2.78513 2.62191 2.60718 2.57844 2.38824 2.02358 1.73886 1.73767
threshold=0 1 2 100.50000000000001 2.5000000000000004 56.500000000000007 3 14.500000000000002 38.500000000000007 122.50000000000001 15.500000000000002 143.50000000000003 4 5
decision_type=9 1 1 2 2 2 9 2 2 2 2 2 1 1
left_child=1 7 4 8 -2 -3 -7 -1 -4 -9 12 -5 -10 -6
right_child=2 5 3 11 13 6 -8 9 10 -11 -12 -13 -14 -15
leaf_value=0.0094136847391378189 -0.020136539935349272 0.0091714615396212909 0.0010053719589024545 -0.010391506773014376 -0.0044964207540680139 0.0054060438521821783 0.00019628840852616762 0.019628802095613782 -0.0056812298303551079 -0.0035133510295833857 -0.010433728160950805 -0.023604376115170973 -0.0028201406902038841 0.0030446533206529465
leaf_weight=409 25 378 266 202 89 532 497 125 814 12.999999999999998 144 34 1538 507
leaf_count=409 25 378 266 202 89 532 497 125 814 13 144 34 1538 507
internal_value=4.21229e-05 0.00651368 -0.00345711 -0.00437766 0.000986373 0.00458823 0.0029196 0.0113628 -0.00369702 0.0174392 -0.00419835 -0.0123866 -0.00381232 0.00191291
internal_weight=5573 1954 3619 2998 621 1407 1029 547 2762 138 2496 236 2352 596
internal_count=5573 1954 3619 2998 621 1407 1029 547 2762 138 2496 236 2352 596
cat_boundaries=0 1 2 3 4 5 6
cat_threshold=66 36 36 64 4 4
is_linear=0
shrinkage=0.05


Tree=20
num_leaves=15
num_cat=5
split_feature=21 22 22 21 13 23 6 13 4 17 9 4 6 4
split_gain=48.9185 6.78828 5.45205 3.96858 2.22059 2.09441 1.80297 1.79883 1.75869 1.75836 2.03829 1.71595 1.24405 3.39372
threshold=0 1 2 3 2.5000000000000004 4 0.89181286549707617 2.5000000000000004 2.5000000000000004 1.0000000180025095e-35 51.125000000000007 7.5000000000000009 0.8377192982456142 2.5000000000000004
decision_type=9 1 1 9 2 1 2 2 2 2 2 2 2 2
left_child=1 9 5 7 -4 -2 -7 12 -8 -1 -11 -6 -3 -14
right_child=2 3 4 -5 11 6 8 -9 -10 10 -12 -13 13 -15
leaf_value=0.0029482249598034097 -0.0057972188170096325 0.0064980841991145039 -0.005339260861192411 0.0017180656505573835 -0.001682895603854124 0.0038354157524164816 -0.016233939641997926 0.0096515826963946699 -0.00037948810956704449 0.012513755200045227 -0.0086298673452499027 -0.0064216191520676674 -0.022889557454202857 0.0034975633285246155
leaf_weight=60 96 261 1776 676 1010 400 20 358 105 506 10.999999999999998 235 12.999999999999998 93
leaf_count=60 96 261 1776 676 1010 400 20 358 105 506 11 235 13 93
internal_value=0.000117055 0.00643559 -0.00331969 0.00451134 -0.00419715 0.000948219 0.00219936 0.00708035 -0.00302491 0.0110133 0.0120481 -0.00258179 0.00464895 7.77304e-05
internal_weight=5620 1978 3642 1401 3021 621 525 725 125 577 517 1245 367 106
internal_count=5620 1978 3642 1401 3021 621 525 725 125 577 517 1245 367 106
cat_boundaries=0 1 2 3 4 5
cat_threshold=66 36 36 64 4
is_linear=0
shrinkage=0.05


Tree=21
num_leaves=15
num_cat=5
split_feature=21 21 5 22 0 0 22 5 0 9 0 22 5 0
split_gain=41.0391 6.19794 4.7478 5.71697 4.19445 4.17415 3.86102 3.21906 2.63312 2.4666 2.17579 1.98507 1.87986 1.76371
threshold=0 1 2.5000000000000004 2 195.50000000000003 82.500000000000014 3 2.5000000000000004 102.50000000000001 46.500000000000007 40.500000000000007 4 14.500000000000002 58.500000000000007
decision_type=9 9 2 1 2 2 1 2 2 2 2 1 2 2
left_child=1 4 -2 -4 6 10 -1 -8 12 -7 -5 -3 -9 -13
right_child=2 11 3 5 -6 9 7 8 -10 -11 -12 13 -14 -15
leaf_value=0.0036588531524986696 -0.015675077880606861 0.007570903174976315 0.0016877550035233212 0.0012471973806649687 -0.022528438820418988 -0.006383508250207677 -0.0094380165403708822 0.011536668426270167 0.0053715687627688118 -0.0227264124667272 -0.0032742269175505116 0.0054382030270630271 0.020621283390474591 -2.3264616521526122e-05
leaf_weight=311 73 161 575 309 9.9999999999999982 759 19 542 165 23 1894 204 65 530
leaf_count=311 73 161 575 309 10 759 19 542 165 23 1894 204 65 530
internal_value=3.77414e-05 0.00576612 -0.00313116 -0.00287401 0.0082651 -0.00374956 0.00860217 0.0104496 0.0110182 -0.00689259 -0.00263976 0.00262688 0.0125418 0.00148984
internal_weight=5640 2007 3633 3560 1112 2985 1102 791 772 782 2203 895 607 734
internal_count=5640 2007 3633 3560 1112 2985 1102 791 772 782 2203 895 607 734
cat_boundaries=0 1 2 3 4 5
cat_threshold=66 64 36 2 32
is_linear=0
shrinkage=0.05


Tree=22
num_leaves=15
num_cat=4
split_feature=21 21 5 13 0 5 0 5 5 23 13 5 21 6
split_gain=35.789 5.54191 3.93598 3.88325 3.28543 2.68684 2.62796 2.41725 2.41594 2.27693 1.86439 1.742 1.72999 1.8031
threshold=0 1 2.5000000000000004 2.5000000000000004 61.500000000000007 15.500000000000002 102.50000000000001 16.500000000000004 2.5000000000000004 2 2.5000000000000004 16.500000000000004 3 0.88562091503267981
decision_type=9 9 2 2 2 2 2 2 2 1 2 2 9 2
left_child=1 3 -2 8 -4 9 11 10 -1 -6 -3 -5 -11 -14
right_child=2 7 4 6 5 -7 -8 -9 -10 12 -12 -13 13 -15
leaf_value=-0.013922641447020901 -0.013460215324816364 -0.00046609845264001864 -0.00088859179211468503 0.010925890354884603 -0.0061317518989164486 -0.010087590424756989 0.0030815366564638682 0.014734824699668312 0.0047607306219100585 -0.0045909521267422718 0.0037147682656989821 0.024946287414059045 0.00041967143434192358 -0.0050595350411921083
leaf_weight=17 92 471 1169 472 631 176 111 37 480 566 613 23 593 200
leaf_count=17 92 471 1169 472 631 176 111 37 480 566 613 23 593 200
internal_value=-0.000101565 0.00483044 -0.00330496 0.00734995 -0.00302582 -0.00417835 0.0100688 0.00232546 0.00409499 -0.00365092 0.00189942 0.0116263 -0.00249537 -0.000960803
internal_weight=5651 2224 3427 1103 3335 2166 606 1121 497 1990 1084 495 1359 793
internal_count=5651 2224 3427 1103 3335 2166 606 1121 497 1990 1084 495 1359 793
cat_boundaries=0 1 2 3 4
cat_threshold=74 64 4 3216
is_linear=0
shrinkage=0.05


Tree=23
num_leaves=15
num_cat=5
split_feature=21 22 13 21 5 4 13 5 22 5 5 4 22 5
split_gain=34.0212 7.15085 4.39054 2.92161 2.7179 2.41268 2.47469 2.25452 2.02363 1.75068 1.53513 1.44965 1.40556 1.40445
threshold=0 1 2.5000000000000004 2 2.5000000000000004 6.5000000000000009 2.5000000000000004 14.500000000000002 3 2.5000000000000004 12.500000000000002 13.500000000000002 4 15.500000000000002
decision_type=9 1 2 9 2 2 2 2 1 2 2 2 1 2
left_child=1 7 4 5 -2 6 9 -1 10 -3 -4 12 -6 -10
right_child=2 3 8 -5 11 -7 -8 -9 13 -11 -12 -13 -14 -15
leaf_value=0.0075529286704655307 -0.015481266147342691 -0.012481463355652523 -3.7351094720684667e-05 0.00093816663618454844 4.6158716188517041e-05 -0.00010619916290944489 0.010207486121761313 0.01432407528429073 -0.0022249970237298296 0.0045382644821733943 0.0073667771393397391 -0.0139392266002221 -0.0046292750434730962 -0.0094336434652407958
leaf_weight=469 56 14.999999999999998 683 829 183 161 278 169 698 286 77 38 1632 74
leaf_count=469 56 15 683 829 183 161 278 169 698 286 77 38 1632 74
internal_value=-2.12869e-06 0.00483588 -0.00310816 0.00299481 -0.00471209 0.00527274 0.0068115 0.00929343 -0.0011179 0.00365158 0.000716789 -0.00437846 -0.00417072 -0.00290848
internal_weight=5648 2207 3441 1569 1909 740 579 638 1532 301 760 1853 1815 772
internal_count=5648 2207 3441 1569 1909 740 579 638 1532 301 760 1853 1815 772
cat_boundaries=0 1 2 3 4 5
cat_threshold=74 36 64 33 36
is_linear=0
shrinkage=0.05


Tree=24
num_leaves=15
num_cat=4
split_feature=21 22 22 0 0 5 0 0 5 0 22 6 5 5
split_gain=32.4394 5.60183 4.18915 5.98073 3.72569 3.22094 2.36741 2.31488 2.17621 2.14992 2.51541 2.25178 1.80452 1.70579
threshold=0 1 2 101.50000000000001 56.500000000000007 2.5000000000000004 38.500000000000007 166.00000000000003 5.5000000000000009 102.50000000000001 3 0.91287878787878796 15.500000000000002 5.5000000000000009
decision_type=9 1 1 2 2 2 2 2 2 2 1 2 2 2
left_child=1 7 5 6 -3 -2 8 13 -4 10 11 -6 -8 -1
right_child=2 4 3 -5 9 -7 12 -9 -10 -11 -12 -13 -14 -15
leaf_value=0.0011278736425618479 -0.016069492193249366 0.0077007813595545791 0.0043225951346967219 -0.011265889841696604 0.0077074271294155297 0.0015710103720175978 -0.0030997343939992918 -0.01156168832228734 -0.0055237213323552966 -0.0027511509817072289 -0.00020904637050648802 0.00029644628138824681 -0.008796558219340089 0.010843246895731531
leaf_weight=50 26 374 193 234 328 622 2389 11.999999999999998 78 201 357 149 147 493
leaf_count=50 26 374 193 234 328 622 2389 12 78 201 357 149 147 493
internal_value=-5.49163e-05 0.00512699 -0.0028175 -0.00359551 0.00341794 0.000833124 -0.00295871 0.00938286 0.00147871 0.00188088 0.00299919 0.00534205 -0.00343329 0.00995236
internal_weight=5653 1964 3689 3041 1409 648 2807 555 271 1035 834 477 2536 543
internal_count=5653 1964 3689 3041 1409 648 2807 555 271 1035 834 477 2536 543
cat_boundaries=0 1 2 3 4
cat_threshold=66 36 36 1
is_linear=0
shrinkage=0.05


Tree=25
num_leaves=15
num_cat=6
split_feature=21 21 0 0 22 6 22 5 22 19 9 22 9 6
split_gain=26.4398 5.24682 3.67029 3.66685 3.2942 2.95676 3.106 2.9322 2.57418 2.20511 1.75891 1.7577 1.70736 1.63484
threshold=0 1 143.50000000000003 86.500000000000014 2 0.93095238095238109 3 14.500000000000002 4 1.0000000180025095e-35 37.416666666666679 5 35.125000000000007 0.91287878787878796
decision_type=9 9 2 2 1 2 1 2 1 2 2 1 2 2
left_child=1 2 4 8 -1 6 -5 9 -2 13 -8 -3 -7 -6
right_child=3 11 -4 5 7 12 10 -9 -10 -11 -12 -13 -14 -15
leaf_value=0.002873874010886842 -0.0033148544928304695 -0.001194727777047158 -0.0088219286219493771 0.00283985681949964 0.010492915931120349 -0.009168082600066841 -0.0049260121886228652 0.017796420457848718 -0.00019624494743876255 -0.00058911501436723752 -0.015787618421018123 0.0031410105127499771 -0.023007394946007818 0.0047627203481488585
leaf_weight=330 1332 335 36 130 447 152 447 85 1317 68 40 757 26 176
leaf_count=330 1332 335 36 130 447 152 447 85 1317 68 40 757 26 176
internal_value=8.36981e-05 0.00431342 0.00668369 -0.00266283 0.0072261 -0.00564302 -0.00399341 0.00899446 -0.00177166 0.00795257 -0.00578934 0.00181165 -0.0113068 0.00888434
internal_weight=5678 2234 1142 3444 1106 795 617 776 2649 691 487 1092 178 623
internal_count=5678 2234 1142 3444 1106 795 617 776 2649 691 487 1092 178 623
cat_boundaries=0 1 2 3 4 5 6
cat_threshold=74 64 2 36 2 2
is_linear=0
shrinkage=0.05


Tree=26
num_leaves=15
num_cat=6
split_feature=21 22 0 0 6 9 23 4 22 21 5 5 21 0
split_gain=24.1864 5.68563 3.47998 3.05208 2.93936 2.13443 2.09782 2.01608 2.33991 1.64542 1.61592 1.42775 1.34137 1.3338
threshold=0 1 61.500000000000007 77.500000000000014 0.92582417582417598 39.833333333333336 2 1.5000000000000002 3 4 5.5000000000000009 2.5000000000000004 5 40.500000000000007
decision_type=9 1 2 2 2 2 1 2 1 9 2 2 9 2
left_child=1 6 12 11 7 -6 10 -4 -9 -5 -1 -3 -2 -14
right_child=2 3 4 9 5 -7 -8 8 -10 -11 -12 -13 13 -15
leaf_value=0.00069354629817393581 -0.0019793069260738553 -0.010601668953895568 -0.0061613226752977928 0.0028248642944818133 -0.006317941372173193 -0.021374092290643604 0.0029580313741204753 -0.0035790802984574468 0.00057303508393065751 -0.001662930749113333 0.011853456262581269 0.0050001639984985774 0.0052772859831111425 -0.00011072677945473213
leaf_weight=36 600 13.999999999999998 344 394 478 24 112 827 573 412 339 907 159 407
leaf_count=36 600 14 344 394 478 24 112 827 573 412 339 907 159 407
internal_value=8.35078e-05 0.00414687 -0.00255593 0.00277898 -0.00370979 -0.00707882 0.00890486 -0.00273653 -0.00189121 0.000538836 0.0107868 0.00475176 -0.000342991 0.00139718
internal_weight=5626 2214 3412 1727 2246 502 487 1744 1400 806 375 921 1166 566
internal_count=5626 2214 3412 1727 2246 502 487 1744 1400 806 375 921 1166 566
cat_boundaries=0 1 2 3 4 5 6
cat_threshold=74 32 8 2 64 3332
is_linear=0
shrinkage=0.05


Tree=27
num_leaves=15
num_cat=5
split_feature=21 0 22 0 22 0 0 9 20 0 22 0 21 7
split_gain=22.9548 4.18295 4.5764 3.9299 3.22205 3.90477 1.82353 1.59196 1.4188 1.25524 1.39068 1.52337 1.19137 1.16104
threshold=0 208.00000000000003 1 57.500000000000007 2 96.500000000000014 34.500000000000007 36.708333333333336 1.0000000180025095e-35 102.50000000000001 3 60.500000000000007 4 1.5000000000000002
decision_type=9 2 1 2 1 2 2 2 2 2 1 2 9 2
left_child=1 2 12 -4 8 6 -6 -7 -2 10 11 -5 13 -1
right_child=4 -3 3 9 5 7 -8 -9 -10 -11 -12 -13 -14 -15
leaf_value=0.011391669467152424 0.002038179452547252 -0.025112159325120349 0.0073473442413946686 -0.0072688730175806474 0.0022550153003053379 -0.0063005805000504941 -0.0026999664372888959 -0.015219923911305767 -0.0041698706939184505 -0.0021362198698197435 -0.00010259484050058456 0.0047859772555726311 0.004840778853452089 0.002563102934403684
leaf_weight=314 516 10.999999999999998 376 27 200 329 2474 59 111 203 363 438 198 43
leaf_count=314 516 11 376 27 200 329 2474 59 111 203 363 438 198 43
internal_value=-9.4807e-06 0.0043361 0.00452496 0.00296802 -0.0023369 -0.00300572 -0.00232866 -0.00769251 0.000926877 0.00137972 0.00224325 0.0040287 0.0083577 0.010196
internal_weight=5662 1973 1962 1407 3689 3062 2674 388 627 1031 828 465 555 357
internal_count=5662 1973 1962 1407 3689 3062 2674 388 627 1031 828 465 555 357
cat_boundaries=0 1 2 3 4 5
cat_threshold=66 36 36 1 64
is_linear=0
shrinkage=0.05


Tree=28
num_leaves=15
num_cat=2
split_feature=21 21 5 4 5 6 1 6 13 13 9 9 7 9
split_gain=19.6111 6.18569 3.18189 2.50264 3.11376 2.43414 2.14143 1.97743 1.65862 1.61281 1.24381 1.20925 1.16523 1.18178
threshold=0 1 2.5000000000000004 1.5000000000000002 2.5000000000000004 0.87867647058823539 3.5000000000000004 0.37980769230769235 2.5000000000000004 2.5000000000000004 39.833333333333336 37.416666666666679 1.0000000180025095e-35 27.366666666666671
decision_type=9 9 2 2 2 2 2 2 2 2 2 2 2 2
left_child=3 2 11 -1 -5 7 8 -3 12 -4 -8 -2 13 -6
right_child=1 5 9 4 6 -7 10 -9 -10 -11 -12 -13 -14 -15
leaf_value=-0.0020650214944662672 -0.010022971136051984 -0.00087571443269758543 -0.0043189947611843617 -0.018694793658020594 0.012210925481366063 -0.0023552831421924285 0.0026002828823206872 0.0025765724626572372 0.0097643572919632951 -0.0014658073900598112 -0.013691124704200775 -0.026395935214617673 0.0016933948151667472 0.004762186570093036
leaf_weight=88 41 672 1168 10.999999999999998 84 636 118 1081 503 862 11.999999999999998 15.999999999999998 139 149
leaf_count=88 41 672 1168 11 84 636 118 1081 503 862 12 16 139 149
internal_value=2.66046e-05 -0.00144699 -0.0034322 0.00597648 0.00670372 0.000291516 0.00700002 0.00125342 0.00788878 -0.00310876 0.00100343 -0.0149948 0.00533333 0.00748828
internal_weight=5580 4476 2087 1104 1016 2389 1005 1753 875 2030 130 57 372 233
internal_count=5580 4476 2087 1104 1016 2389 1005 1753 875 2030 130 57 372 233
cat_boundaries=0 1 2
cat_threshold=64 3472
is_linear=0
shrinkage=0.05


Tree=29
num_leaves=15
num_cat=4
split_feature=21 23 0 22 0 4 22 6 0 5 5 0 5 5
split_gain=17.8476 3.61787 3.11481 2.8901 3.33412 2.461 2.26362 2.08826 2.01442 2.05305 1.89717 1.49569 1.47629 1.32208
threshold=0 1 51.500000000000007 2 101.50000000000001 1.5000000000000002 3 0.91287878787878796 38.500000000000007 5.5000000000000009 2.5000000000000004 143.50000000000003 15.500000000000002 14.500000000000002
decision_type=9 1 2 1 2 2 1 2 2 2 2 2 2 2
left_child=1 -1 13 10 8 -4 -7 11 9 -5 -2 -8 -10 -3
right_child=3 2 5 4 -6 6 7 -9 12 -11 -12 -13 -14 -15
leaf_value=-0.00022936646872280875 -0.01174078260747982 0.0081744141279774044 -0.0028410041072281212 0.0045181318340115498 -0.0086794321901503615 0.00054304147816368082 0.0079001496187629527 0.0017671981653580892 -0.0024322726151221954 -0.0044832411314165528 0.0015743122527906346 -0.0049320219841320068 -0.0075541947079667202 0.019010185630759225
leaf_weight=437 27 295 126 198 219 278 575 228 2341 92 602 23 149 31
leaf_count=437 27 295 126 198 219 278 575 228 2341 92 602 23 149 31
internal_value=-1.397e-05 0.00378075 0.00491855 -0.00210134 -0.00274769 0.00376135 0.00451677 0.00581347 -0.0022824 0.00165693 0.000977273 0.00739919 -0.00274167 0.00925979
internal_weight=5621 1993 1556 3628 2999 1230 1104 826 2780 290 629 598 2490 326
internal_count=5621 1993 1556 3628 2999 1230 1104 826 2780 290 629 598 2490 326
cat_boundaries=0 1 2 3 4
cat_threshold=66 4 36 2
is_linear=0
shrinkage=0.05


Tree=30
num_leaves=15
num_cat=8
split_feature=21 23 23 22 21 0 22 0 21 0 4 0 21 0
split_gain=18.5185 4.14186 2.92573 2.59588 2.46461 2.04797 1.9712 2.40128 1.52177 1.41818 1.16929 1.10992 1.13734 0.989286
threshold=0 1 2 3 4 112.50000000000001 5 102.50000000000001 6 94.500000000000014 1.5000000000000002 123.50000000000001 7 72.500000000000014
decision_type=9 1 1 1 9 2 1 2 9 2 2 2 9 2
left_child=1 -1 5 9 6 -2 13 10 11 -4 -8 12 -5 -3
right_child=2 4 3 8 -6 -7 7 -9 -10 -11 -12 -13 -14 -15
leaf_value=-0.00041602862111837817 -0.0038407136117254779 0.0057684545104243878 -0.0021948726598757288 -0.013286660807697396 0.0025857741277335901 -0.015116294083695504 0.0019265699262420337 0.0026662499599549323 0.0016485052585832683 -0.0072105533211447997 0.010487743252337985 -0.01172530551061586 -0.00076302506560242418 -0.00057612952492120913
leaf_weight=439 1069 128 1018 13 628 41 44 154 827 163 485 26 452 117
leaf_count=439 1069 128 1018 13 628 41 44 154 827 163 485 26 452 117
internal_value=3.68222e-06 0.00386281 -0.00213246 -0.00118576 0.00508191 -0.00427043 0.00671644 0.00812338 0.000343436 -0.00288046 0.00978064 -0.00184808 -0.00129166 0.00269381
internal_weight=5604 1995 3609 2499 1556 1110 928 683 1318 1181 529 491 465 245
internal_count=5604 1995 3609 2499 1556 1110 928 683 1318 1181 529 491 465 245
cat_boundaries=0 1 2 3 4 5 6 7 8
cat_threshold=66 4 4 2 64 2 3216 1024
is_linear=0
shrinkage=0.05


Tree=31
num_leaves=15
num_cat=5
split_feature=21 0 22 5 22 0 5 21 5 0 0 9 5 23
split_gain=16.7658 4.03072 3.09763 2.96211 2.65332 2.16909 1.82121 1.94846 1.69818 1.5536 1.55269 1.26605 1.24021 1.20991
threshold=0 208.00000000000003 1 2.5000000000000004 2 100.50000000000001 13.500000000000002 3 14.500000000000002 40.500000000000007 134.50000000000003 37.416666666666679 5.5000000000000009 4
decision_type=9 2 1 2 1 2 2 9 2 2 2 2 2 1
left_child=1 2 8 11 -5 9 7 13 -1 12 -9 -2 -6 -4
right_child=3 -3 6 4 5 -7 -8 10 -10 -11 -12 -13 -14 -15
leaf_value=0.0055161600195228174 -0.007425639487337321 -0.025228925359745819 0.007197017530779704 0.0012697841291006181 0.0035298206442010791 -0.0071634509311786958 -0.0029831967453185027 0.0017475045911965589 0.012020861726504432 -0.0024098898075991097 -0.0090859021618962289 -0.021403522620146928 -0.0032606331753836136 0.0029991871033793875
leaf_weight=418 70 10.999999999999998 335 600 209 218 131 604 133 2462 34 21 98 356
leaf_count=418 70 11 335 600 209 218 131 604 133 2462 34 21 98 356
internal_value=2.44125e-05 0.00367538 0.00385508 -0.00198548 -0.00176043 -0.00236749 0.00261552 0.00317905 0.00704141 -0.00199173 0.00114788 -0.0108489 0.00135864 0.00500561
internal_weight=5700 2022 2011 3678 3587 2987 1460 1329 551 2769 638 91 307 691
internal_count=5700 2022 2011 3678 3587 2987 1460 1329 551 2769 638 91 307 691
cat_boundaries=0 1 2 3 4 5
cat_threshold=66 36 36 64 8
is_linear=0
shrinkage=0.05


Tree=32
num_leaves=15
num_cat=4
split_feature=21 13 0 0 21 5 9 4 21 21 5 13 9 0
split_gain=12.7936 4.17005 3.53645 2.49802 1.83328 1.5826 1.47966 1.42225 1.08732 1.0637 1.01358 0.986936 0.965853 1.47027
threshold=0 2.5000000000000004 176.00000000000003 80.500000000000014 1 16.500000000000004 22.583333333333339 7.5000000000000009 2 3 2.5000000000000004 2.5000000000000004 41.291666666666679 104.50000000000001
decision_type=9 2 2 2 9 2 2 2 9 9 2 2 2 2
left_child=2 3 5 9 -3 6 -1 8 -6 -2 -5 -8 -10 -14
right_child=1 4 -4 10 7 -7 11 -9 12 -11 -12 -13 13 -15
leaf_value=0.0095676519264708531 -0.0029085340990980526 0.0020674707849007881 -0.023464569652622398 -0.012674738550785838 -0.011293007575330281 0.014380369730960494 0.0021291748986927319 -0.0042707541810335491 0.00061607325402308118 -0.00032588969775801261 -0.0045582069033175722 0.0054320852715006498 -0.0020182720750074388 -0.021558583651979768
leaf_weight=134 747 910 9.9999999999999982 40 15 43 414 247 913 859 737 503 50 10.999999999999998
leaf_count=134 747 910 10 40 15 43 414 247 913 859 737 503 50 11
internal_value=-4.77538e-05 -0.00122529 0.00476364 -0.00266596 0.000372128 0.00506461 0.00467016 -0.000881517 -3.60577e-05 -0.00153828 -0.0049918 0.00394486 0.000205567 -0.00583282
internal_weight=5633 4529 1104 2383 2146 1094 1051 1236 989 1606 777 917 974 61
internal_count=5633 4529 1104 2383 2146 1094 1051 1236 989 1606 777 917 974 61
cat_boundaries=0 1 2 3 4
cat_threshold=64 46 1024 3456
is_linear=0
shrinkage=0.05


Tree=33
num_leaves=15
num_cat=3
split_feature=21 0 23 0 21 0 9 13 6 6 0 4 6 4
split_gain=14.18 3.28136 3.2974 2.92536 2.35181 2.5453 1.98066 1.39488 1.25894 1.02035 0.936135 0.906274 0.890172 0.881516
threshold=0 204.00000000000003 1 82.500000000000014 2 60.500000000000007 47.833333333333336 2.5000000000000004 0.29285714285714287 0.93541666666666679 41.500000000000007 1.5000000000000002 0.89181286549707617 1.5000000000000002
decision_type=9 2 1 2 9 2 2 2 2 2 2 2 2 2
left_child=1 2 -1 7 5 8 9 -2 -4 11 -9 -5 13 -6
right_child=3 -3 4 6 12 -7 -8 10 -10 -11 -12 -13 -14 -15
leaf_value=-0.00044795879346444664 -0.0025285057104472673 -0.024569997411559932 0.0022902619128800789 -0.0075454014703721269 -0.00086786906465440841 0.0038331559250499112 -0.019430425749970198 0.0040287355368956923 0.010892302212025971 -0.007931260214296772 -0.00059535097073880263 -0.0025803673989759743 -0.00033059698717266572 0.0036939546388522594
leaf_weight=599 1238 9.9999999999999982 52 113 125 637 22 124 249 169 879 487 270 680
leaf_count=599 1238 10 52 113 125 637 22 124 249 169 879 487 270 680
internal_value=-2.42412e-08 0.00268935 0.00280822 -0.00232645 0.00377689 0.00560383 -0.00494269 -0.00140639 0.00941874 -0.00450352 -2.0236e-05 -0.00352645 0.00214305 0.0029854
internal_weight=5654 2622 2612 3032 2013 938 791 2241 301 769 1003 600 1075 805
internal_count=5654 2622 2612 3032 2013 938 791 2241 301 769 1003 600 1075 805
cat_boundaries=0 1 2 3
cat_threshold=106 4 64
is_linear=0
shrinkage=0.05


Tree=34
num_leaves=15
num_cat=7
split_feature=21 22 22 23 1 5 4 1 9 23 23 5 22 5
split_gain=11.5933 3.3845 2.19813 1.87273 1.84594 2.1551 1.8043 1.55881 2.28708 1.53464 1.2416 1.05171 1.23817 1.0666
threshold=0 1 2 3 4.5000000000000009 14.500000000000002 1.5000000000000002 1.5000000000000002 41.100000000000009 4 5 2.5000000000000004 6 13.500000000000002
decision_type=9 1 1 1 2 2 2 2 2 1 1 2 1 2
left_child=1 4 -2 -3 5 10 7 -4 -9 -8 -1 -5 -13 -14
right_child=2 3 6 11 -6 -7 9 8 -10 -11 -12 12 13 -15
leaf_value=-0.0019865795144073245 -0.0029698365657998289 -0.00080104475187384194 0.0048137318803734772 -0.0076828898052158567 -0.013622108846902847 0.012692296868190171 -0.0022331249256037863 -0.0037430651168478173 -0.021258895661449062 0.0014546681115836532 0.0063686783866768008 0.0043407881240484364 0.0023235989361181596 -0.0034567824718587611
leaf_weight=52 1675 460 47 22 9.9999999999999982 129 395 290 19 980 290 769 354 102
leaf_count=52 1675 460 47 22 10 129 395 290 19 980 290 769 354 102
internal_value=0.000143373 0.00297863 -0.00168023 0.00191883 0.00666972 0.00719914 -0.00042639 -0.00359482 -0.00488519 0.000394413 0.0050962 0.00292967 0.00312638 0.00101478
internal_weight=5594 2188 3406 1707 481 471 1731 356 309 1375 342 1247 1225 456
internal_count=5594 2188 3406 1707 481 471 1731 356 309 1375 342 1247 1225 456
cat_boundaries=0 1 2 3 4 5 6 7
cat_threshold=74 32 2 4 4 1 5
is_linear=0
shrinkage=0.05


Tree=35
num_leaves=15
num_cat=4
split_feature=21 13 21 6 22 6 22 4 4 13 1 5 1 5
split_gain=10.3688 3.15381 2.20022 2.05226 1.74561 1.5258 1.53349 2.03616 1.48673 1.30054 1.29188 1.92812 1.16614 1.0868
threshold=0 2.5000000000000004 1 0.87083333333333346 2 0.9772727272727274 3 1.5000000000000002 2.5000000000000004 2.5000000000000004 3.5000000000000004 9.5000000000000018 3.5000000000000004 15.500000000000002
decision_type=9 2 9 2 1 2 1 2 2 2 2 2 2 2
left_child=1 5 4 9 10 6 -1 -8 -7 -2 -3 -12 -10 -5
right_child=3 2 -4 13 -6 8 7 -9 12 -11 11 -13 -14 -15
leaf_value=-0.0010349573667180366 -0.0023025575405372341 0.0093961029430773505 0.0021341057066733169 -0.0036982337509607875 0.0021430796642889264 -0.015380063754591076 -0.0034280535015784722 0.0044054219974417131 -0.00021236992445968406 0.00015477633643725991 0.005857359796713214 -0.015676927654623377 -0.009277698938020093 -0.011883993217245092
leaf_weight=398 1212 340 809 797 197 21 100 468 203 968 51 11.999999999999998 42 42
leaf_count=398 1212 340 809 797 197 21 100 468 203 968 51 12 42 42
internal_value=-1.85251e-05 0.00226685 0.00388595 -0.00201826 0.00617145 0.000422677 0.00134621 0.00299636 -0.00292369 -0.00121184 0.00808033 0.00157473 -0.00179782 -0.00412167
internal_weight=5660 2641 1409 3019 600 1232 966 568 266 2180 403 63 245 839
internal_count=5660 2641 1409 3019 600 1232 966 568 266 2180 403 63 245 839
cat_boundaries=0 1 2 3 4
cat_threshold=106 64 33 2
is_linear=0
shrinkage=0.05


Tree=36
num_leaves=15
num_cat=5
split_feature=21 0 23 4 21 23 0 6 4 0 21 0 6 0
split_gain=10.3481 3.08239 2.61368 2.11668 2.11355 2.02529 1.89093 1.54074 1.70413 1.48198 1.40805 0.872769 0.822964 0.753148
threshold=0 208.00000000000003 1 15.500000000000002 2 3 51.500000000000007 0.93541666666666679 1.5000000000000002 88.500000000000014 4 40.500000000000007 0.8377192982456142 87.500000000000014
decision_type=9 2 1 2 9 1 2 2 2 2 9 2 2 2
left_child=1 2 12 4 -2 9 -4 8 -8 -6 13 -12 -1 -7
right_child=3 -3 6 -5 5 10 7 -9 -10 -11 11 -13 -14 -15
leaf_value=0.0010329040565190965 -0.014098755428285309 -0.022380320324252051 0.0073416471081601681 -0.017402740891668059 -0.0022042745459069572 -0.0010113766649263156 -0.0016868112727230333 -0.00022316745645141402 0.0048126553697387707 -0.0067384017104479043 0.0058391671693243559 0.00040648141131304963 -0.0037107753072858091 -0.0038608544468257755
leaf_weight=313 27 10.999999999999998 334 20 870 1133 114 272 845 227 79 977 128 291
leaf_count=313 27 11 334 20 870 1133 114 272 845 227 79 977 128 291
internal_value=2.77445e-05 0.00289329 0.00305017 -0.00156931 -0.00147882 -0.00135805 0.00400769 0.00309789 0.00403909 -0.00314779 -0.000568157 0.000814192 -0.000349227 -0.0015904
internal_weight=5641 2017 2006 3624 3604 3577 1565 1231 959 1097 2480 1056 441 1424
internal_count=5641 2017 2006 3624 3604 3577 1565 1231 959 1097 2480 1056 441 1424
cat_boundaries=0 1 2 3 4 5
cat_threshold=66 4 1024 4 2448
is_linear=0
shrinkage=0.05


Tree=37
num_leaves=15
num_cat=2
split_feature=22 0 5 5 9 13 23 5 7 4 5 5 0 7
split_gain=6.7075 3.45572 3.04252 2.16041 1.85664 1.60422 1.52719 0.970855 2.03611 0.944875 0.807084 0.764085 1.42943 0.968173
threshold=0 95.500000000000014 2.5000000000000004 13.500000000000002 39.833333333333336 2.5000000000000004 1 16.500000000000004 1.5000000000000002 8.5000000000000018 4.5000000000000009 2.5000000000000004 69.500000000000014 1.0000000180025095e-35
decision_type=1 2 2 2 2 2 1 2 2 2 2 2 2 2
left_child=2 3 -1 5 9 11 -4 -8 -9 -3 -6 12 -2 -13
right_child=1 4 6 -5 10 -7 7 8 -10 -11 -12 13 -14 -15
leaf_value=-0.013021936833060214 -0.017272056790534406 -0.0024615300375196605 -0.0014423874065351602 -0.0037902246884967588 -0.017630599757596368 0.0012921922355074414 0.0038845532709685573 0.013171180070276024 -0.010334089313718407 -0.0081041851671152694 -0.0072057113525699134 0.00041386365752189304 0.0011485880139567282 -0.0019131478980673286
leaf_weight=27 19 557 129 409 30 1463 941 63 9.9999999999999982 85 53 877 22 910
leaf_count=27 19 557 129 409 30 1463 941 63 10 85 53 877 22 910
internal_value=-9.47994e-05 -0.000985534 0.00326225 -0.000367671 -0.0041407 5.87e-05 0.00367222 0.00432367 0.00985514 -0.00322005 -0.0111388 -0.000928665 -0.0075958 -0.000771535
internal_weight=5595 4425 1170 3700 725 3291 1143 1014 73 642 83 1828 41 1787
internal_count=5595 4425 1170 3700 725 3291 1143 1014 73 642 83 1828 41 1787
cat_boundaries=0 1 2
cat_threshold=36 4
is_linear=0
shrinkage=0.05


Tree=38
num_leaves=15
num_cat=5
split_feature=21 22 19 6 0 5 22 0 0 0 0 0 21 21
split_gain=7.8848 2.88811 3.50897 2.443 1.77675 1.54521 1.85304 1.2569 1.25584 1.1895 1.03342 1.14558 1.08878 0.98154
threshold=0 1 1.0000000180025095e-35 0.91287878787878796 82.500000000000014 2.5000000000000004 2 71.500000000000014 143.50000000000003 102.50000000000001 33.500000000000007 27.500000000000004 3 4
decision_type=9 1 2 2 2 2 1 2 2 2 2 2 9 9
left_child=1 7 3 8 10 -6 -7 -1 13 -5 11 -2 -12 -3
right_child=4 2 -4 9 5 6 -8 -9 -10 -11 12 -13 -14 -15
leaf_value=0.0017950972904160634 -0.0027192294124800428 0.0071316903565670185 -0.0028604904950229552 0.0022377004544571603 -0.012943152524530889 0.0036740985003151845 -0.0041316263303767036 -0.0020835593343860631 -0.0037534067419504654 -0.0039155956200613348 -0.012244935965408451 0.0056214704668660354 -0.0012626181894795454 0.0039026537772777581
leaf_weight=362 64 517 214 330 43 82 677 491 37 102 17 112 2036 541
leaf_count=362 64 517 214 330 43 82 677 491 37 102 17 112 2036 541
internal_value=-7.0855e-05 0.00195034 0.00311641 0.00396556 -0.00180096 -0.00382077 -0.00328761 -0.000434797 0.0052208 0.000779151 -0.00107687 0.00259026 -0.00139236 0.00553789
internal_weight=5625 2594 1741 1527 3031 802 759 853 1095 432 2229 176 2053 1058
internal_count=5625 2594 1741 1527 3031 802 759 853 1095 432 2229 176 2053 1058
cat_boundaries=0 1 2 3 4 5
cat_threshold=106 2 32 1024 64
is_linear=0
shrinkage=0.05


Tree=39
num_leaves=15
num_cat=4
split_feature=21 22 5 0 0 0 5 5 22 6 6 0 5 22
split_gain=8.40179 2.95332 2.25025 2.07661 1.43802 1.34426 1.29573 1.10035 2.05364 1.09436 1.79151 1.09316 0.922985 0.98812
threshold=0 1 13.500000000000002 93.500000000000014 53.500000000000007 179.50000000000003 14.500000000000002 2.5000000000000004 2 0.89181286549707617 0.36038961038961043 64.500000000000014 7.5000000000000009 3
decision_type=9 1 2 2 2 2 2 2 1 2 2 2 2 1
left_child=1 5 4 12 -3 6 -1 -5 -9 10 -6 -8 13 -2
right_child=3 2 -4 7 9 -7 11 8 -10 -11 -12 -13 -14 -15
leaf_value=0.0037604608766344085 0.0085678655725543295 0.0042018554642304987 -0.0043012701874265693 -0.012837523380439961 -0.0014750467376870803 -0.012608456306836822 0.014997664525173605 0.0043260508543775918 -0.0054634722512575378 -0.0015460373857930122 0.0032084929891918849 0.0062777937910063787 -0.0021547946627425208 -0.00047809408401546785
leaf_weight=518 25 395 180 39 303 9.9999999999999982 49 59 373 368 622 140 1361 1159
leaf_count=518 25 395 180 39 303 10 49 59 373 368 622 140 1361 1159
internal_value=-3.85108e-05 0.00205073 0.000995408 -0.00182964 0.00156538 0.00476907 0.005066 -0.00487916 -0.00413271 0.000757333 0.00167438 0.00860554 -0.00126717 -0.000245887
internal_weight=5601 2585 1868 3016 1688 717 707 471 432 1293 925 189 2545 1184
internal_count=5601 2585 1868 3016 1688 717 707 471 432 1293 925 189 2545 1184
cat_boundaries=0 1 2 3 4
cat_threshold=106 36 32 4
is_linear=0
shrinkage=0.05


Tree=40
num_leaves=15
num_cat=2
split_feature=22 5 4 6 23 0 0 5 5 0 6 0 5 5
split_gain=4.89067 4.90269 3.01504 2.85506 1.8011 1.32722 0.980743 1.04211 0.9652 0.946862 0.89565 0.817569 0.74581 0.977405
threshold=0 2.5000000000000004 1.5000000000000002 0.93541666666666679 1 95.500000000000014 171.00000000000003 16.500000000000004 14.500000000000002 60.500000000000007 0.85164835164835173 58.500000000000007 9.5000000000000018 12.500000000000002
decision_type=1 2 2 2 1 2 2 2 2 2 2 2 2 2
left_child=5 -2 9 4 -4 8 7 -6 10 -3 12 -5 -1 -14
right_child=1 2 3 11 6 -7 -8 -9 -10 -11 -12 -13 13 -15
leaf_value=-0.00085708108628765171 -0.0085473345678245792 0.00098818630015488451 0.00042738077033231681 0.0020079976598845702 0.0039193229634482372 -0.0046695805295793079 -0.010816784262318503 0.0099437255773840369 -0.0046329772179140834 -0.0036776191205790385 -0.0026232311324588323 -0.0015639519821777537 0.0042406175504316043 -0.0010944839532651708
leaf_weight=1011 120 170 421 241 1473 315 9.9999999999999982 75 184 299 513 473 189 156
leaf_count=1011 120 170 421 241 1473 315 10 75 184 299 513 473 189 156
internal_value=8.06499e-05 0.00132916 0.00170866 0.00235293 0.00333039 -0.00164891 0.00411406 0.00421743 -0.0011874 -0.00198788 -0.000845895 -0.000357172 -0.000172058 0.00183203
internal_weight=5650 3282 3162 2693 1979 2368 1558 1548 2053 469 1869 714 1356 345
internal_count=5650 3282 3162 2693 1979 2368 1558 1548 2053 469 1869 714 1356 345
cat_boundaries=0 1 2
cat_threshold=2 4
is_linear=0
shrinkage=0.05


Tree=41
num_leaves=15
num_cat=1
split_feature=22 5 13 0 5 4 1 20 0 9 9 0 5 5
split_gain=4.45072 4.10708 2.37253 1.30748 1.0681 0.971998 1.12503 1.02087 1.12748 0.828428 0.779849 0.758996 1.10144 0.839171
threshold=0 2.5000000000000004 2.5000000000000004 119.50000000000001 14.500000000000002 1.5000000000000002 1.5000000000000002 1.0000000180025095e-35 59.500000000000007 27.291666666666668 43.166666666666679 73.500000000000014 9.5000000000000018 12.500000000000002
decision_type=1 2 2 2 2 2 2 2 2 2 2 2 2 2
left_child=4 -2 5 9 11 6 -3 -7 -9 -4 -5 12 -1 -14
right_child=1 2 3 10 -6 7 -8 8 -10 -11 -12 -13 13 -15
leaf_value=-0.0012777567645896309 -0.008657713217470905 0.0043491626082951288 0.002078639921648388 0.00058989458490087251 -0.0050337167424289297 0.0015071443846955655 -0.0045152725371493336 0.0020567594435090867 -0.0037574198131915186 0.0044410485038782711 -0.0071666292748738857 -0.0022946143133419296 0.0045546237917207409 -0.0017155031694240774
leaf_weight=830 102 43 745 131 216 882 194 130 229 745 42 1066 165 78
leaf_count=830 102 43 745 131 216 882 194 130 229 745 42 1066 165 78
internal_value=-3.45377e-05 0.00116607 0.0014896 0.00278449 -0.00168655 3.17258e-05 -0.00289544 0.000592623 -0.00165214 0.00326203 -0.00132356 -0.00135029 -0.000410869 0.00254321
internal_weight=5598 3243 3141 1663 2355 1478 237 1241 359 1490 173 2139 1073 243
internal_count=5598 3243 3141 1663 2355 1478 237 1241 359 1490 173 2139 1073 243
cat_boundaries=0 1
cat_threshold=2
is_linear=0
shrinkage=0.05


Tree=42
num_leaves=15
num_cat=5
split_feature=21 21 5 0 21 23 0 22 5 6 7 6 6 0
split_gain=6.97841 2.51339 2.05088 1.68804 1.59413 1.15553 1.14981 1.15388 1.21367 1.07046 0.884446 0.840874 0.818418 0.811432
threshold=0 1 16.500000000000004 182.50000000000003 2 3 93.500000000000014 4 2.5000000000000004 0.89181286549707617 1.0000000180025095e-35 0.36038961038961043 0.19375000000000003 33.500000000000007
decision_type=9 9 2 2 9 1 2 1 2 2 2 2 2 2
left_child=2 -2 4 5 6 13 7 8 -1 11 -9 -6 -10 -3
right_child=1 3 -4 -5 9 -7 -8 10 12 -11 -12 -13 -14 -15
leaf_value=-0.0081685013199845943 -0.014651416322669468 0.0036402146258573652 0.0096705010257343346 -0.015990063666831703 -0.00060885538783070803 -0.00073236909727349478 0.00036160691481621843 0.0041641994212433609 -0.0072152334350076598 -0.0018431143763042253 -0.0010347820347293762 0.0023405170006498676 0.0067435536438970843 -0.003181760125550985
leaf_weight=13.999999999999998 31 45 81 19 368 2009 275 181 9.9999999999999982 354 148 701 405 899
leaf_count=14 31 45 81 19 368 2009 275 181 10 354 148 701 405 899
internal_value=-4.21505e-05 -0.00167168 0.00188618 -0.00150705 0.00162945 -0.00141103 0.0031179 0.00413661 0.00582986 0.000534688 0.00180209 0.00132558 0.00639066 -0.00285305
internal_weight=5540 3003 2537 2972 2456 2953 1033 758 429 1423 329 1069 415 944
internal_count=5540 3003 2537 2972 2456 2953 1033 758 429 1423 329 1069 415 944
cat_boundaries=0 1 2 3 4 5
cat_threshold=106 1024 64 4 33
is_linear=0
shrinkage=0.05


Tree=43
num_leaves=15
num_cat=2
split_feature=22 4 0 23 6 1 5 9 4 9 0 0 6 9
split_gain=3.59392 3.34022 3.58268 1.9661 1.42619 1.21002 1.08231 1.04325 1.02599 0.857732 0.815096 0.773838 0.717042 0.690578
threshold=0 1.5000000000000002 208.00000000000003 1 0.9772727272727274 1.5000000000000002 16.500000000000004 31.416666666666668 12.500000000000002 19.416666666666668 65.500000000000014 42.500000000000007 0.17156862745098042 24.416666666666668
decision_type=1 2 2 1 2 2 2 2 2 2 2 2 2 2
left_child=8 5 3 -3 6 -2 9 -7 10 -5 13 -6 -11 -1
right_child=1 2 -4 4 11 7 -8 -9 -10 12 -12 -13 -14 -15
leaf_value=0.0022962063735867217 0.0035827903664072181 -0.00055266555945991062 -0.025509795102213201 -0.0014429134553823561 0.0053819720689426654 -0.0022019404810675004 0.0092204928367496716 -0.0078933449220270485 -0.0057913919214501444 -0.0036811593214016677 -0.0019610357747400315 -0.00027821797110778445 0.0035916341118204286 -0.00092623573884397621
leaf_weight=236 69 639 10.999999999999998 97 68 363 75 103 131 34 1440 483 1341 556
leaf_count=236 69 639 11 97 68 363 75 103 131 34 1440 483 1341 556
internal_value=-1.88221e-05 0.0010507 0.00175604 0.0018749 0.00261419 -0.00255899 0.00339179 -0.00347412 -0.0015036 0.00308875 -0.00125283 0.000428802 0.00340925 3.56716e-05
internal_weight=5646 3283 2748 2737 2098 535 1547 466 2363 1472 2232 551 1375 792
internal_count=5646 3283 2748 2737 2098 535 1547 466 2363 1472 2232 551 1375 792
cat_boundaries=0 1 2
cat_threshold=2 4
is_linear=0
shrinkage=0.05


Tree=44
num_leaves=15
num_cat=3
split_feature=21 0 21 21 4 4 9 0 9 6 6 6 13 6
split_gain=6.94424 3.08224 2.0906 1.22766 1.25267 1.12976 0.941197 0.873726 1.14837 0.85922 0.965094 0.83038 0.781626 0.711606
threshold=0 220.50000000000003 1 2 14.500000000000002 1.5000000000000002 25.291666666666668 41.500000000000007 22.775000000000002 0.87083333333333346 0.16025641025641027 0.9772727272727274 2.5000000000000004 0.82843137254901966
decision_type=9 2 9 9 2 2 2 2 2 2 2 2 2 2
left_child=3 2 5 -1 7 -2 -7 8 13 10 -9 -8 -4 -5
right_child=1 -3 12 4 -6 6 11 9 -10 -11 -12 -13 -14 -15
leaf_value=-0.011260400230393691 -0.0016723379971900661 -0.02468981475526975 -0.00030473584454789705 -0.0049194685413295738 -0.0114879057276994 0.0066966360142927568 0.0039264774787833448 -0.0048888728428634811 0.0034925815662309352 -0.0034114568250911284 -0.00088624881972266297 -0.00039498520747977586 0.0017785024768728914 0.0024852622861080633
leaf_weight=28 94 9.9999999999999982 868 96 31 251 624 166 184 652 1543 135 934 48
leaf_count=28 94 10 868 96 31 251 624 166 184 652 1543 135 934 48
internal_value=3.23506e-05 0.00173015 0.00183251 -0.00176915 -0.00164688 0.00353965 0.00404341 -0.00153226 0.000883638 -0.00186812 -0.00127767 0.00315833 0.000773277 -0.00245111
internal_weight=5664 2916 2906 2748 2720 1104 1010 2689 328 2361 1709 759 1802 144
internal_count=5664 2916 2906 2748 2720 1104 1010 2689 328 2361 1709 759 1802 144
cat_boundaries=0 1 2 3
cat_threshold=3473 64 1024
is_linear=0
shrinkage=0.05


Tree=45
num_leaves=15
num_cat=4
split_feature=21 22 5 5 4 21 5 9 9 21 6 6 6 13
split_gain=5.16299 1.90171 1.16924 1.06001 1.05957 1.01499 0.961759 0.93167 0.923834 0.89731 0.900648 0.893674 1.28145 0.889214
threshold=0 1 13.500000000000002 2.5000000000000004 7.5000000000000009 2 14.500000000000002 23.291666666666668 46.500000000000007 3 0.16025641025641027 0.25657894736842107 0.55050505050505061 2.5000000000000004
decision_type=9 1 2 2 2 9 2 2 2 9 2 2 2 2
left_child=3 6 5 -1 9 7 -2 -3 -8 -5 -11 -9 -13 -12
right_child=1 2 -4 4 -6 -7 8 11 -10 10 13 12 -14 -15
leaf_value=-0.0073301404050793136 0.0025746094588382194 0.0067398956631669745 -0.0026841978750122386 -0.0095279778415958086 -0.0034330262250623772 0.00018073866671115599 0.0075325797407240118 -0.0030902572136435567 -0.0075395075858316635 -0.0041005661826896134 -0.0014282562184424362 0.0068044861538730794 0.0010643047469940977 0.00071771401187944344
leaf_weight=77 576 113 231 24 523 1184 178 80 9.9999999999999982 188 1098 131 371 860
leaf_count=77 576 113 231 24 523 1184 178 80 10 188 1098 131 371 860
internal_value=-4.03476e-05 0.00144286 0.00066375 -0.00157896 -0.00141479 0.00107831 0.00357266 0.00258509 0.00669522 -0.000927014 -0.000802374 0.0017904 0.00257279 -0.00048581
internal_weight=5644 2874 2110 2770 2693 1879 764 695 188 2170 2146 582 502 1958
internal_count=5644 2874 2110 2770 2693 1879 764 695 188 2170 2146 582 502 1958
cat_boundaries=0 1 2 3 4
cat_threshold=3473 36 64 1024
is_linear=0
shrinkage=0.05


Tree=46
num_leaves=15
num_cat=5
split_feature=21 6 23 0 19 0 22 22 19 6 0 21 0 0
split_gain=5.40611 1.90175 1.47794 1.42693 1.21937 1.19024 1.18725 1.08273 1.12063 1.15482 0.797793 0.784257 0.75442 0.718924
threshold=0 0.87867647058823539 1 143.50000000000003 1.0000000180025095e-35 134.50000000000003 2 3 1.0000000180025095e-35 0.91987179487179505 71.500000000000014 4 115.50000000000001 78.500000000000014
decision_type=9 2 1 2 2 2 1 1 2 2 2 9 2 2
left_child=3 2 13 7 6 -3 -4 8 9 -1 -9 -8 -11 -2
right_child=1 5 4 -5 -6 -7 11 10 -10 12 -12 -13 -14 -15
leaf_value=0.0068118425059682606 -0.0007057746912154429 -0.0020777615728331872 -0.00024603551267214765 -0.0065930288491977589 -0.0016609020882238563 -0.010372279954608529 0.00043564279324226362 0.0037695206386193177 -0.0014419059021971549 0.0028993578972881075 -0.00063751880180355986 0.0033433247835130916 -0.0088972749514505262 -0.0035465527241074894
leaf_weight=439 644 1169 798 35 464 44 365 196 64 142 214 665 13.999999999999998 340
leaf_count=439 644 1169 798 35 464 44 365 196 64 142 214 665 14 340
internal_value=7.6036e-05 -0.000695766 -7.01058e-05 0.00320074 0.000625758 -0.00238693 0.00120677 0.00354221 0.00478893 0.0055006 0.0014556 0.00232142 0.00179076 -0.00168995
internal_weight=5593 4489 3276 1104 2292 1213 1828 1069 659 595 410 1030 156 984
internal_count=5593 4489 3276 1104 2292 1213 1828 1069 659 595 410 1030 156 984
cat_boundaries=0 1 2 3 4 5
cat_threshold=64 4 2 33 3472
is_linear=0
shrinkage=0.05


Tree=47
num_leaves=15
num_cat=1
split_feature=23 4 0 6 5 5 5 5 0 9 0 0 0 6
split_gain=2.7527 2.05855 2.17921 1.63706 0.938434 0.798147 0.717834 1.2854 0.703874 0.698499 0.760938 0.668136 0.544797 0.483937
threshold=0 1.5000000000000002 204.00000000000003 0.88562091503267981 2.5000000000000004 16.500000000000004 15.500000000000002 14.500000000000002 123.50000000000001 23.416666666666668 122.50000000000001 71.500000000000014 45.500000000000007 0.93541666666666679
decision_type=1 2 2 2 2 2 2 2 2 2 2 2 2 2
left_child=4 8 3 5 -1 6 7 -3 -2 -8 -11 -6 -5 -13
right_child=1 2 -4 12 11 -7 9 -9 -10 10 -12 13 -14 -15
leaf_value=-0.0086957829518486632 -0.0013888911696961718 0.0019264850115204544 -0.020952156694097956 0.0024813847670589599 -0.00033127376508298236 0.007267968181658431 0.006072903769733063 0.0091219023655867201 -0.0076501732901194872 -0.0033157826450963819 0.00978800008694331 -0.0018161121164357596 -0.00079486732922979695 -0.004899982512388306
leaf_weight=45 547 2156 9.9999999999999982 147 714 70 28 63 48 149 10.999999999999998 635 889 159
leaf_count=45 547 2156 10 147 714 70 28 63 48 149 11 635 889 159
internal_value=0.000135563 0.000812048 0.00127151 0.00134071 -0.0016576 0.00203852 0.00188349 0.00213479 -0.00190599 -0.00107829 -0.0023597 -0.00144195 -0.000328049 -0.00243905
internal_weight=5671 4118 3523 3513 1553 2477 2407 2219 595 188 160 1508 1036 794
internal_count=5671 4118 3523 3513 1553 2477 2407 2219 595 188 160 1508 1036 794
cat_boundaries=0 1
cat_threshold=4
is_linear=0
shrinkage=0.05


Tree=48
num_leaves=15
num_cat=5
split_feature=21 0 22 4 6 21 5 21 9 21 0 0 5 5
split_gain=4.82342 2.55378 2.18277 2.08176 1.43533 1.16728 1.09713 1.25037 0.888185 0.851042 0.966393 0.810747 0.800968 1.02071
threshold=0 220.50000000000003 1 1.5000000000000002 0.91287878787878796 2 15.500000000000002 3 32.366666666666674 4 93.500000000000014 139.50000000000003 13.500000000000002 9.5000000000000018
decision_type=9 2 1 2 2 9 2 9 2 9 2 2 2 2
left_child=5 2 12 -4 9 -1 7 8 -7 -5 -11 -9 13 -2
right_child=1 -3 3 4 -6 6 -8 11 -10 10 -12 -13 -14 -15
leaf_value=-0.010598421777997698 -0.00057164734019281781 -0.020682270767597054 -0.0020151510941383037 0.0026580539112870745 0.000746334083380937 0.0022123923131695572 -0.0053494669702525421 -0.0015412073571428411 -0.0025726007547746121 0.0067873260863169776 0.0023798769813018024 -0.008650185953734851 -0.0029668940858022844 0.0035029868927200468
leaf_weight=29 632 11.999999999999998 218 596 443 400 162 1965 127 418 179 40 220 202
leaf_count=29 632 12 218 596 443 400 162 1965 127 418 179 40 220 202
internal_value=2.08129e-05 0.00143102 0.00153181 0.00256047 0.00317886 -0.00149128 -0.00136991 -0.00111599 0.00104667 0.00408075 0.00542665 -0.00168308 -0.000289085 0.000418268
internal_weight=5643 2920 2908 1854 1636 2723 2694 2532 527 1193 597 2005 1054 834
internal_count=5643 2920 2908 1854 1636 2723 2694 2532 527 1193 597 2005 1054 834
cat_boundaries=0 1 2 3 4 5
cat_threshold=3473 2 1024 1 42
is_linear=0
shrinkage=0.05


Tree=49
num_leaves=15
num_cat=4
split_feature=21 0 0 22 9 6 9 0 21 5 5 5 21 0
split_gain=4.46646 1.48687 1.47581 1.32675 1.02834 1.16141 0.861242 0.809536 0.805778 0.790826 1.27807 0.68503 0.80101 0.684014
threshold=0 60.500000000000007 53.500000000000007 1 36.125000000000007 0.86190476190476206 47.833333333333336 124.50000000000001 2 14.500000000000002 13.500000000000002 15.500000000000002 3 173.50000000000003
decision_type=9 2 2 1 2 2 2 2 9 2 2 2 9 2
left_child=1 -1 9 13 5 -5 8 -6 -3 10 -2 -10 -13 -4
right_child=2 6 3 4 7 -7 -8 -9 11 -11 -12 12 -14 -15
leaf_value=0.00013648168931202538 0.0036836392582264435 -0.010853688211904633 0.0030043877103125075 0.0013697393261765164 -0.0012355111867937947 -0.0016617047315398007 -0.012384578621103651 -0.0088183035502948284 -0.0017302475642785157 0.010888942860599077 -0.006772438049196236 -0.0080335021967281751 -0.00049211274650271821 -0.0096047894351861691
leaf_weight=959 538 21 606 1049 106 451 20 52 1575 34 30 90 63 9.9999999999999982
leaf_count=959 538 21 606 1049 106 451 20 52 1575 34 30 90 63 10
internal_value=1.4416e-06 -0.00144629 0.00137482 0.00079366 5.26238e-05 0.000457785 -0.002308 -0.00377088 -0.00218577 0.00357653 0.00312045 -0.00203693 -0.00522839 0.00276208
internal_weight=5604 2728 2876 2274 1658 1500 1769 158 1749 602 568 1728 153 616
internal_count=5604 2728 2876 2274 1658 1500 1769 158 1749 602 568 1728 153 616
cat_boundaries=0 1 2 3 4
cat_threshold=3473 36 1024 1
is_linear=0
shrinkage=0.05


Tree=50
num_leaves=15
num_cat=4
split_feature=21 13 0 0 22 7 0 4 21 9 0 22 4 13
split_gain=3.64902 1.56503 1.36048 1.20153 0.99306 0.982846 0.945307 0.797594 0.717924 0.831608 0.64385 0.61044 0.844959 0.779089
threshold=0 2.5000000000000004 199.00000000000003 43.500000000000007 1 1.0000000180025095e-35 46.500000000000007 11.500000000000002 2 27.775000000000002 95.500000000000014 3 1.5000000000000002 1.0000000180025095e-35
decision_type=9 2 2 2 1 2 2 2 9 2 2 1 2 2
left_child=2 3 6 8 -3 -5 -1 -7 9 -2 -6 12 -8 -14
right_child=1 4 -4 5 10 7 11 -9 -10 -11 -12 -13 13 -15
leaf_value=0.0058914549085383981 -0.0051605956304496547 0.0012794799552877365 -0.014979133378206331 -0.00074499374224877807 -0.00037964603544740183 -0.0025986117571321649 -0.0027435555290267395 -0.0082685577961401028 0.003903799609051439 0.0020076579359010797 -0.0042429372529318981 0.00033947892320741502 0.00051334310823298907 0.0048770465859211982
leaf_weight=192 67 1198 9.9999999999999982 934 830 1107 56 65 142 99 123 344 141 374
leaf_count=192 67 1198 10 934 830 1107 56 65 142 99 123 344 141 374
internal_value=-2.79011e-05 -0.000655232 0.00252583 -0.00152959 0.00032476 -0.00195613 0.00270873 -0.00291985 0.00138384 -0.000872992 -0.000877591 0.00203518 0.00302496 0.00368563
internal_weight=5682 4565 1117 2414 2151 2106 1107 1172 308 166 953 915 571 515
internal_count=5682 4565 1117 2414 2151 2106 1107 1172 308 166 953 915 571 515
cat_boundaries=0 1 2 3 4
cat_threshold=64 33 2336 33
is_linear=0
shrinkage=0.05


Tree=51
num_leaves=15
num_cat=4
split_feature=21 0 22 21 0 19 6 9 13 9 22 9 7 7
split_gain=3.25297 1.19029 1.15593 1.03696 1.00323 0.840983 0.872707 0.663075 0.658798 0.611949 0.606256 0.693075 0.575856 0.559714
threshold=0 102.50000000000001 1 2 75.500000000000014 1.0000000180025095e-35 0.87867647058823539 41.100000000000009 2.5000000000000004 23.708333333333339 3 25.708333333333339 1.0000000180025095e-35 1.0000000180025095e-35
decision_type=9 2 1 9 2 2 2 2 2 2 1 2 2 2
left_child=1 2 3 -1 -2 6 10 8 -7 13 11 -6 -12 -4
right_child=4 -3 9 -5 5 7 -8 -9 -10 -11 12 -13 -14 -15
leaf_value=0.0045843384265910536 -0.00032964562515921123 -0.001080336900023469 0.0064905567120918098 0.001435423386542037 -0.0078070478334736366 -0.0063442715134006001 -0.0035451197345137478 -0.014448340752107255 -0.00048180105668622295 -0.00031173515499254576 0.00058554426888627459 0.0045761245347805219 -0.0023061971212704701 0.0003121036792766642
leaf_weight=529 2026 389 70 545 11.999999999999998 124 372 15.999999999999998 78 582 287 89 428 76
leaf_count=529 2026 389 70 545 12 124 372 16 78 582 287 89 428 76
internal_value=-8.04185e-05 0.00142254 0.00196709 0.00300328 -0.00104061 -0.00206781 -0.00154137 -0.00491652 -0.00409407 0.00041297 -0.000624678 0.00290056 -0.00113831 0.00329838
internal_weight=5623 2191 1802 1074 3432 1406 1188 218 202 728 816 101 715 146
internal_count=5623 2191 1802 1074 3432 1406 1188 218 202 728 816 101 715 146
cat_boundaries=0 1 2 3 4
cat_threshold=74 33 64 32
is_linear=0
shrinkage=0.05


Tree=52
num_leaves=15
num_cat=4
split_feature=21 21 5 21 13 21 5 1 5 6 1 9 9 4
split_gain=3.72926 1.25377 1.28262 1.55651 0.996947 0.960682 0.891422 1.77214 0.827238 0.629511 0.619244 0.61255 0.533393 0.710896
threshold=0 1 15.500000000000002 2 2.5000000000000004 3 11.500000000000002 3.5000000000000004 16.500000000000004 0.88562091503267981 3.5000000000000004 36.708333333333336 19.583333333333339 1.5000000000000002
decision_type=9 9 2 9 2 9 2 2 2 2 2 2 2 2
left_child=4 5 9 -4 -1 -2 12 8 -8 -3 -7 -12 -6 -14
right_child=1 2 3 -5 6 10 7 -9 -10 -11 11 -13 13 -15
leaf_value=0.0010066867646401079 -0.0098602766225881436 0.001095449534971658 0.0014082267326917851 -0.0067958102350958675 0.013686367910769251 -0.00097983163881503322 0.00063610823568934958 -0.015523884234329065 0.0097814641412227385 -0.00080105163875056242 -0.0028179227338211953 -0.012111861356779149 -0.0020711236516945063 0.0054158051726587407
leaf_weight=511 28 1561 100 130 17 1754 123 13.999999999999998 30 607 297 18 34 389
leaf_count=511 28 1561 100 130 17 1754 123 14 30 607 297 18 34 389
internal_value=4.89975e-05 -0.000594451 0.000186811 -0.0033548 0.00262518 -0.00148584 0.00400538 0.00088836 0.00248119 0.00056434 -0.00134432 -0.00338565 0.00518374 0.00481055
internal_weight=5613 4495 2398 230 1118 2097 607 167 153 2168 2069 315 440 423
internal_count=5613 4495 2398 230 1118 2097 607 167 153 2168 2069 315 440 423
cat_boundaries=0 1 2 3 4
cat_threshold=64 3472 14 1024
is_linear=0
shrinkage=0.05


Tree=53
num_leaves=15
num_cat=4
split_feature=21 0 22 4 20 0 21 4 0 4 5 9 21 4
split_gain=2.81437 1.75152 1.05404 1.59908 1.37786 0.931424 0.88489 0.809005 0.829359 0.800479 0.753787 0.75228 0.941104 0.71648
threshold=0 220.50000000000003 1 1.5000000000000002 1.0000000180025095e-35 41.500000000000007 2 3.5000000000000004 71.500000000000014 15.500000000000002 5.5000000000000009 31.291666666666668 3 1.5000000000000002
decision_type=9 2 1 2 2 2 9 2 2 2 2 2 9 2
left_child=5 2 -2 -4 -5 6 10 8 -6 11 -1 12 -7 -13
right_child=1 -3 3 4 7 9 -8 -9 -10 -11 -12 13 -14 -15
leaf_value=0.0023081282837503956 -8.4270244425235834e-05 -0.017220385759495773 -0.00206472417713595 0.0033286838063188947 -0.014928192522048073 -0.010966943333978239 0.0044300648060701516 0.0008083201392481143 -0.0013563408340061351 -0.012621502809633967 -0.0041827360691314335 -0.007102563346244312 -0.0007705185404536239 -0.0022132010424349485
leaf_weight=89 1057 11.999999999999998 222 1184 15.999999999999998 17 132 371 34 14.999999999999998 88 88 1830 488
leaf_count=89 1057 12 222 1184 16 17 132 371 34 15 88 88 1830 488
internal_value=5.95928e-06 0.00109237 0.0011764 0.00190044 0.00245575 -0.00113927 0.00144135 -1.3178e-06 -0.00590689 -0.00146914 -0.000899082 -0.00139492 -0.000902009 -0.0029712
internal_weight=5643 2896 2884 1827 1605 2747 309 421 50 2438 177 2423 1847 576
internal_count=5643 2896 2884 1827 1605 2747 309 421 50 2438 177 2423 1847 576
cat_boundaries=0 1 2 3 4
cat_threshold=3473 2 2304 1024
is_linear=0
shrinkage=0.05


Tree=54
num_leaves=15
num_cat=5
split_feature=21 13 22 7 22 4 21 6 21 9 7 13 0 13
split_gain=3.1177 1.25467 1.01903 0.943555 0.803988 0.800127 0.797382 0.766459 0.748628 0.714698 0.796317 0.650863 0.880736 0.632348
threshold=0 2.5000000000000004 1 1.0000000180025095e-35 2 12.500000000000002 3 0.32291666666666669 4 24.291666666666668 1.0000000180025095e-35 1.0000000180025095e-35 101.50000000000001 1.0000000180025095e-35
decision_type=9 2 1 2 1 2 9 2 9 2 2 2 2 2
left_child=2 3 9 6 5 8 -2 -4 -3 10 -1 -5 -13 -8
right_child=1 4 7 11 -6 -7 13 -9 -10 -11 -12 12 -14 -15
leaf_value=0.0092251132236254446 0.0016729306784174589 -0.0025325067860055995 -0.00016976514020861371 -0.0045567781945433598 -0.00079220490332191414 0.0098187484742643747 -0.00028329536229042181 0.0040941490794152019 0.0013934489274760398 -0.0014313718771723951 -0.0015306075045373293 -0.0012657012943815115 -0.0064587423491239962 -0.0033494683516335473
leaf_weight=37 339 132 126 260 970 25 557 641 1051 229 31 892 89 240
leaf_count=37 339 132 126 260 970 25 557 641 1051 229 31 892 89 240
internal_value=-1.85567e-05 -0.000588365 0.00241051 -0.0013831 0.000277873 0.00113565 -0.000341372 0.00337242 0.000948809 -9.12233e-05 0.00437065 -0.00233565 -0.00174293 -0.00120212
internal_weight=5619 4555 1064 2377 2178 1208 1136 767 1183 297 68 1241 981 797
internal_count=5619 4555 1064 2377 2178 1208 1136 767 1183 297 68 1241 981 797
cat_boundaries=0 1 2 3 4 5
cat_threshold=64 2 33 15 1168
is_linear=0
shrinkage=0.05


Tree=55
num_leaves=15
num_cat=4
split_feature=21 0 21 5 9 21 21 0 0 5 0 5 5 5
split_gain=2.67713 2.58351 1.17696 1.10255 1.00972 0.980528 0.931823 0.775277 0.675124 0.673643 0.615478 0.562314 0.622792 0.580197
threshold=0 213.50000000000003 1 15.500000000000002 24.100000000000005 2 3 82.500000000000014 86.500000000000014 2.5000000000000004 40.500000000000007 16.500000000000004 15.500000000000002 14.500000000000002
decision_type=9 2 9 2 2 9 9 2 2 2 2 2 2 2
left_child=6 2 4 10 7 -5 -1 -2 -8 -10 -4 12 13 -6
right_child=1 -3 3 5 11 -7 8 -9 9 -11 -12 -13 -14 -15
leaf_value=-0.0096684274784124957 0.0066404535776070726 -0.023359498991207643 0.0035458283402444524 0.00088261171850323125 0.0013475055186420203 -0.0055997995874375525 -0.00083050596606166506 -0.0015445995504601991 -0.011071444384753704 -0.0025774604744503169 0.00040632284995957514 0.007104621490810154 -0.0047014464103128945 0.010692381321945612
leaf_weight=28 181 9.9999999999999982 168 100 779 135 1634 34 24 384 2053 42 41 15.999999999999998
leaf_count=28 181 10 168 100 779 135 1634 34 24 384 2053 42 41 16
internal_value=3.64385e-06 0.000834846 0.000910755 0.000299682 0.00227058 -0.00294922 -0.00142375 0.00534491 -0.00128271 -0.00310295 0.000645289 0.00152544 0.00123699 0.00154877
internal_weight=5629 3559 3549 2456 1093 235 2070 215 2042 408 2221 878 836 795
internal_count=5629 3559 3549 2456 1093 235 2070 215 2042 408 2221 878 836 795
cat_boundaries=0 1 2 3 4
cat_threshold=3472 64 14 1024
is_linear=0
shrinkage=0.05


Tree=56
num_leaves=15
num_cat=4
split_feature=21 4 21 21 9 0 2 5 0 4 6 2 23 5
split_gain=2.97679 1.15792 1.09967 0.867928 0.743209 0.686005 0.667881 0.575622 0.556353 0.830475 0.532677 0.530647 0.494558 0.548615
threshold=0 14.500000000000002 1 2 20.708333333333339 40.500000000000007 2.5000000000000004 4.5000000000000009 86.500000000000014 1.5000000000000002 0.82843137254901966 1.5000000000000002 3 14.500000000000002
decision_type=9 2 9 9 2 2 2 2 2 2 2 2 1 2
left_child=4 2 3 -2 -1 7 -6 -4 -5 -10 -11 -3 13 -7
right_child=1 11 5 8 6 12 -8 -9 9 10 -12 -13 -14 -15
leaf_value=0.0080446657567415716 -0.0091363168458509104 -0.0043787969385132037 0.00016860013548284768 -0.00063156140184973447 0.002337417201797917 -0.00054470756098477639 -0.0073920633436905013 0.0060663426557476538 -0.0074115999802750986 -0.00023609311547656748 -0.0044324625672904402 -0.015155732398852706 0.00063904069920031181 -0.0056386218558804229
leaf_weight=56 28 45 74 1605 1020 600 17 93 75 229 112 14.999999999999998 1565 57
leaf_count=56 28 45 74 1605 1020 600 17 93 75 229 112 15 1565 57
internal_value=0.00013482 -0.000434743 -0.000341105 -0.00118899 0.00246769 0.000387979 0.00217095 0.00346953 -0.00105217 -0.00268214 -0.0016233 -0.00727732 0.000155793 -0.000994543
internal_weight=5591 4498 4438 2049 1093 2389 1037 167 2021 416 341 60 2222 657
internal_count=5591 4498 4438 2049 1093 2389 1037 167 2021 416 341 60 2222 657
cat_boundaries=0 1 2 3 4
cat_threshold=64 3472 1024 4
is_linear=0
shrinkage=0.05


Tree=57
num_leaves=15
num_cat=6
split_feature=23 21 1 6 2 7 22 21 22 6 22 4 4 9
split_gain=2.10735 1.54146 1.10304 1.17854 0.966059 0.863346 0.989362 0.694288 0.669085 0.879502 0.655964 0.643961 0.903396 0.838295
threshold=0 1 3.5000000000000004 0.93541666666666679 2.5000000000000004 1.0000000180025095e-35 2 3 4 0.19375000000000003 5 4.5000000000000009 12.500000000000002 37.416666666666679
decision_type=1 9 2 2 2 2 1 9 1 2 1 2 2 2
left_child=1 4 5 7 8 6 -2 -4 9 -1 -3 13 -13 -11
right_child=2 10 3 -5 -6 -7 -8 -9 -10 11 -12 12 -14 -15
leaf_value=-0.0093507669358090916 0.0043678277436419504 0.001084704205725771 -0.0044818727488304972 -0.0074662226133934062 -0.010883649702494343 -0.0015168880945937934 -0.00013773323688687642 0.00021702042800027951 0.0009221066683364501 0.0046866726452023423 -0.00066599010974356318 0.0085074190032863196 -0.0049222382384219339 -0.0033088299220253251
leaf_weight=9.9999999999999982 131 1211 126 121 10.999999999999998 1213 1101 197 190 186 950 152 12.999999999999998 39
leaf_count=10 131 1211 126 121 11 1213 1101 197 190 186 950 152 13 39
internal_value=-4.36242e-05 0.000943702 -0.000987547 -0.00327737 0.00316977 -0.000570556 0.000361656 -0.00168998 0.00347657 0.00461557 0.000315366 0.0050557 0.00742605 0.00329228
internal_weight=5651 2762 2889 444 601 2445 1232 323 590 400 2161 390 165 225
internal_count=5651 2762 2889 444 601 2445 1232 323 590 400 2161 390 165 225
cat_boundaries=0 1 2 3 4 5 6
cat_threshold=8 64 4 2098 33 33
is_linear=0
shrinkage=0.05


Tree=58
num_leaves=15
num_cat=5
split_feature=21 0 22 4 6 21 21 6 0 4 0 1 6 21
split_gain=1.8151 1.43917 1.29898 0.958885 0.963349 0.858281 0.701263 0.921817 0.781061 0.519879 0.496574 0.496093 0.461426 0.4555
threshold=0 238.00000000000003 1 1.5000000000000002 0.91287878787878796 2 3 0.88562091503267981 93.500000000000014 10.500000000000002 57.500000000000007 3.5000000000000004 0.19375000000000003 4
decision_type=9 2 1 2 2 9 9 2 2 2 2 2 2 9
left_child=5 2 9 -4 6 -1 7 8 12 -2 -6 -7 -5 -13
right_child=1 -3 3 4 10 11 -8 -9 -10 -11 -12 13 -14 -15
leaf_value=-0.0088688833885160936 -5.3174764540102874e-05 -0.016513348588099084 -0.00099605959220161098 -0.0043408005534169769 0.0025718121542501571 -0.00062088586920637729 0.0017554097924118136 0.016843602992594242 0.00070681173867243974 -0.0030541762755903227 -0.00084816857228790061 0.00020142237829300121 0.0053542330899295516 -0.0039594372884286652
leaf_weight=29 1105 10.999999999999998 314 11.999999999999998 148 1750 871 12.999999999999998 147 165 368 96 354 222
leaf_count=29 1105 11 314 12 148 1750 871 13 147 165 368 96 354 222
internal_value=7.79431e-05 0.000773118 0.000833304 0.00155876 0.00198248 -0.00108406 0.00266397 0.00410666 0.00379169 -0.00044342 0.000135833 -0.000949555 0.0050254 -0.00276554
internal_weight=5605 3508 3497 2227 1913 2097 1397 526 513 1270 516 2068 366 318
internal_count=5605 3508 3497 2227 1913 2097 1397 526 513 1270 516 2068 366 318
cat_boundaries=0 1 2 3 4 5
cat_threshold=3472 2 1024 64 256
is_linear=0
shrinkage=0.05


Tree=59
num_leaves=15
num_cat=1
split_feature=0 22 4 6 0 13 7 9 9 9 7 7 6 9
split_gain=1.75245 1.81221 1.89184 0.864173 0.753296 0.69845 0.529115 0.538537 0.494157 0.474853 0.452274 0.451974 0.444162 0.48112
threshold=220.50000000000003 0 1.5000000000000002 0.74166666666666681 86.500000000000014 2.5000000000000004 1.0000000180025095e-35 19.416666666666668 20.125000000000004 41.100000000000009 1.0000000180025095e-35 1.5000000000000002 0.31009615384615391 24.875000000000004
decision_type=2 1 2 2 2 2 2 2 2 2 2 2 2 2
left_child=1 3 4 10 -3 6 7 -4 -9 11 -1 -6 -8 -14
right_child=-2 2 5 -5 9 -7 12 8 -10 -11 -12 -13 13 -15
leaf_value=0.0010122858463447815 -0.019743954949080947 -0.00051459512413022472 -0.0032959065010132061 -0.0020262158156028358 -0.0044062806274318559 0.0022640842224833629 -0.0054105688678100713 0.0087851101601565326 0.0018374130742250718 -0.010100259161845315 -0.00081820205011280678 0.0041793466338680852 -0.0024753459550305021 0.00077915630236281581
leaf_weight=580 9.9999999999999982 372 48 922 109 1464 39 26 529 31 804 17 147 487
leaf_count=580 10 372 48 922 109 1464 39 26 529 31 804 17 147 487
internal_value=0.000193583 0.00023288 0.000989084 -0.000839408 -0.00174456 0.0015191 0.000663259 0.00173763 0.00217811 -0.00463716 -5.0913e-05 -0.00322412 -0.000300513 2.18537e-05
internal_weight=5585 5575 3269 2306 529 2740 1276 603 555 157 1384 126 673 634
internal_count=5585 5575 3269 2306 529 2740 1276 603 555 157 1384 126 673 634
cat_boundaries=0 1
cat_threshold=2
is_linear=0
shrinkage=0.05


Tree=60
num_leaves=15
num_cat=7
split_feature=21 13 21 22 5 5 1 22 5 4 5 21 21 21
split_gain=1.75414 1.16503 0.874207 0.902047 0.749563 0.667586 1.23339 0.745179 0.843302 0.664474 0.640003 0.696146 0.585262 0.514099
threshold=0 2.5000000000000004 1 2 2.5000000000000004 11.500000000000002 3.5000000000000004 3 14.500000000000002 14.500000000000002 3.5000000000000004 4 5 6
decision_type=9 2 9 1 2 2 2 1 2 2 2 9 9 9
left_child=1 4 -2 13 -1 -3 7 8 -7 10 11 -5 -12 -4
right_child=2 5 3 9 -6 6 -8 -9 -10 -11 12 -13 -14 -15
leaf_value=-0.0090571061676283458 -0.0082486069521918483 0.0043128584881465069 -0.00043997725753427638 -0.0060768185749042504 0.00038250010675141508 0.00047827258446974866 -0.011786169832986262 -0.0031101264229689081 0.0093456963969705004 -0.0099407134868670262 -0.00072572504160242689 -6.5494772581452569e-05 0.001034614535362857 -0.0020420082585344899
leaf_weight=21 30 422 1061 73 476 61 17 46 47 14.999999999999998 663 129 1610 960
leaf_count=21 30 422 1061 73 476 61 17 46 47 15 663 129 1610 960
internal_value=-5.12458e-05 0.00174444 -0.00048395 -0.000421424 -3.37425e-05 0.00324698 0.000606795 0.00204206 0.00419514 0.000215731 0.000281711 -0.00240843 0.000521736 -0.00120475
internal_weight=5631 1090 4541 4511 497 593 171 154 108 2490 2475 202 2273 2021
internal_count=5631 1090 4541 4511 497 593 171 154 108 2490 2475 202 2273 2021
cat_boundaries=0 1 2 3 4 5 6 7
cat_threshold=64 1024 2 32 2184 404 174
is_linear=0
shrinkage=0.05


Tree=61
num_leaves=15
num_cat=3
split_feature=21 0 0 21 0 22 13 5 5 9 0 9 5 0
split_gain=1.67152 1.11613 1.06222 0.773715 0.763492 0.887079 0.694273 0.629165 0.777763 0.539022 0.513529 0.565274 0.641607 0.562074
threshold=0 220.50000000000003 87.500000000000014 1 46.500000000000007 2 1.0000000180025095e-35 14.500000000000002 11.500000000000002 47.833333333333336 40.500000000000007 22.775000000000002 3.5000000000000004 39.500000000000007
decision_type=9 2 2 9 2 1 2 2 2 2 2 2 2 2
left_child=2 4 3 -1 7 6 -6 8 -2 -4 11 12 -5 -14
right_child=1 -3 9 10 5 -7 -8 -9 -10 -11 -12 -13 13 -15
leaf_value=-0.0089568815297550626 0.0028863245063202917 -0.015223716080866076 -0.0026765277573256442 -0.012052303405168156 -0.00180587790178499 -6.0996328722968127e-05 0.0031000188531959366 0.011922507132920954 -0.0068121352889151734 -0.011496848840680389 -0.00074098824845109025 0.0033240719854449189 -0.0013167001281330802 0.0085034175830728861
leaf_weight=21 358 9.9999999999999982 553 10.999999999999998 86 2017 428 17 21 17 1890 174 101 15.999999999999998
leaf_count=21 358 10 553 11 86 2017 428 17 21 17 1890 174 101 16
internal_value=-0.000157765 0.000673758 -0.00103458 -0.000540065 0.000734402 0.000414455 0.00225538 0.00277312 0.00233243 -0.00295926 -0.000433971 0.00147637 -0.00104165 8.69041e-05
internal_weight=5720 2937 2783 2213 2927 2531 514 396 379 570 2192 302 128 117
internal_count=5720 2937 2783 2213 2927 2531 514 396 379 570 2192 302 128 117
cat_boundaries=0 1 2 3
cat_threshold=3473 1024 32
is_linear=0
shrinkage=0.05


Tree=62
num_leaves=15
num_cat=4
split_feature=23 22 0 5 7 0 21 5 9 0 0 0 5 22
split_gain=1.42792 0.922636 0.748178 0.753158 0.982637 0.798508 0.622772 0.909875 0.568561 0.78863 0.549286 0.543631 0.509249 0.506609
threshold=0 1 123.50000000000001 5.5000000000000009 1.5000000000000002 163.00000000000003 2 13.500000000000002 24.416666666666668 81.500000000000014 46.500000000000007 82.500000000000014 8.5000000000000018 3
decision_type=1 1 2 2 2 2 9 2 2 2 2 2 2 1
left_child=11 8 6 5 -5 -4 7 12 9 -2 -8 -1 13 -3
right_child=1 2 3 4 -6 -7 10 -9 -10 -11 -12 -13 -14 -15
leaf_value=-0.00064487185586258619 0.0023219951636456785 0.0064533000019559228 -0.0066579664674484068 0.0054938224067942049 -0.0047543107005032269 0.0029272604348330664 0.0039825070303228577 0.0054122058100658345 -0.00099285998025413352 -0.0025423747383995165 0.0015407462132689936 -0.0027134126477532036 -0.0035227387406423722 -0.00011875224676961335
leaf_weight=1083 334 25 89 60 37 28 284 75 1142 110 1218 449 106 541
leaf_count=1083 334 25 89 60 37 28 284 75 1142 110 1218 449 106 541
internal_value=4.72153e-05 0.000539168 0.0011433 -0.0016738 0.00157612 -0.0043587 0.00141452 0.000225086 -0.000401491 0.00111385 0.00199813 -0.0012525 -0.000359344 0.000238262
internal_weight=5581 4049 2463 214 97 117 2249 747 1586 444 1502 1532 672 566
internal_count=5581 4049 2463 214 97 117 2249 747 1586 444 1502 1532 672 566
cat_boundaries=0 1 2 3 4
cat_threshold=4 2 3496 4
is_linear=0
shrinkage=0.05


Tree=63
num_leaves=15
num_cat=3
split_feature=21 0 0 22 5 6 6 0 5 9 0 21 0 5
split_gain=1.55761 1.62731 1.28113 0.872498 0.648884 0.624044 0.722624 0.66206 0.575952 0.783398 0.741271 0.531504 0.500049 0.492215
threshold=0 220.50000000000003 41.500000000000007 1 13.500000000000002 0.93541666666666679 0.32291666666666669 76.500000000000014 9.5000000000000018 33.875000000000007 82.500000000000014 2 182.50000000000003 15.500000000000002
decision_type=9 2 2 1 2 2 2 2 2 2 2 9 2 2
left_child=12 2 -2 4 8 6 7 -5 9 -4 -10 -11 -1 -7
right_child=1 -3 3 5 -6 13 -8 -9 10 11 -12 -13 -14 -15
leaf_value=-0.00098651622117881159 0.0039033129072124418 -0.018550028982148928 1.0030010737616316e-05 0.001493223537651379 -0.0028656559859849377 -0.00031419641835030512 0.0021685028242538328 -0.0027718296169197657 0.0044961604572811417 -0.00067626812643456187 -0.0015419767600069025 -0.0082659202524357385 -0.010824098352056284 -0.0098433891244764857
leaf_weight=2353 286 9.9999999999999982 439 205 272 426 1102 162 131 49 82 48 11.999999999999998 12.999999999999998
leaf_count=2353 286 10 439 205 272 426 1102 162 131 49 82 48 12 13
internal_value=-6.56489e-05 0.000648694 0.000715168 0.000402638 -0.00077503 0.00103223 0.00152902 -0.000391859 -1.81762e-05 -0.000892256 0.00217528 -0.00493423 -0.00103879 -0.000618112
internal_weight=5590 3225 3215 2929 1021 1908 1469 367 749 536 213 97 2365 439
internal_count=5590 3225 3215 2929 1021 1908 1469 367 749 536 213 97 2365 439
cat_boundaries=0 1 2 3
cat_threshold=3476 2 42
is_linear=0
shrinkage=0.05


Tree=64
num_leaves=15
num_cat=3
split_feature=21 5 4 9 5 2 2 23 7 23 9 6 0 9
split_gain=1.51906 0.959353 0.65608 0.550197 0.743254 0.52418 0.495138 0.4701 0.653404 0.694012 0.549286 0.532584 0.462253 0.459286
threshold=0 2.5000000000000004 14.500000000000002 28.775000000000002 4.5000000000000009 1.5000000000000002 2.5000000000000004 1 1.0000000180025095e-35 2 18.416666666666668 0.14642857142857144 103.50000000000001 30.100000000000005
decision_type=9 2 2 2 2 2 2 1 2 1 2 2 2 2
left_child=3 -2 7 -1 13 -4 -6 11 10 12 -9 -3 -10 -5
right_child=1 2 5 4 6 -7 -8 8 9 -11 -12 -13 -14 -15
leaf_value=0.0028381179921946813 -0.0051117998308553882 -0.0026167891063296157 -0.0027338725341440637 -0.012347492358038345 0.0015675878065114026 -0.013719444079324603 -0.008323153781776246 -0.0046513481634432091 -0.00064627330818537452 -0.0039450861825884439 0.00039097445824401661 0.00048392250548876572 -0.0046832042232109695 -0.0021190232084144986
leaf_weight=501 107 148 42 11.999999999999998 500 13.999999999999998 11.999999999999998 56 905 243 1029 1963 76 75
leaf_count=501 107 148 42 12 500 14 12 56 905 243 1029 1963 76 75
internal_value=-5.37865e-05 -0.000454577 -0.000342636 0.0016097 0.000592662 -0.00567278 0.00132 -0.000273837 -0.000766734 -0.00155815 0.000126682 0.000265399 -0.000963473 -0.00365413
internal_weight=5683 4583 4476 1100 599 56 512 4420 2309 1224 1085 2111 981 87
internal_count=5683 4583 4476 1100 599 56 512 4420 2309 1224 1085 2111 981 87
cat_boundaries=0 1 2 3
cat_threshold=64 8 4
is_linear=0
shrinkage=0.05


Tree=65
num_leaves=15
num_cat=2
split_feature=13 22 5 0 6 0 0 0 9 0 7 22 0 13
split_gain=1.06839 0.931547 0.756058 1.03071 0.684687 0.942623 0.66032 0.628267 0.594139 0.583065 0.575229 0.625906 0.521344 0.505962
threshold=2.5000000000000004 0 14.500000000000002 123.50000000000001 0.92582417582417598 59.500000000000007 64.500000000000014 95.500000000000014 35.125000000000007 130.50000000000003 1.0000000180025095e-35 1 83.500000000000014 1.0000000180025095e-35
decision_type=2 1 2 2 2 2 2 2 2 2 2 1 2 2
left_child=4 2 3 -2 10 -6 -4 -3 -8 -5 11 12 -1 -12
right_child=1 7 6 9 5 -7 8 -9 -10 -11 13 -13 -14 -15
leaf_value=0.0070280816130381188 0.0016482313080924491 0.00016299791924658216 0.011288741926717409 -0.011775898210266058 0.0011191407215988471 -0.0031084981505310064 -0.00025729193182831464 -0.0032379139707109355 0.0081014410933546201 -0.0017533936085748375 -0.0029420349306558662 0.00022314378274995397 0.00021751756086109246 -0.00039387067183086768
leaf_weight=67 1355 1005 33 15.999999999999998 179 495 54 156 34 103 250 986 48 872
leaf_count=67 1355 1005 33 16 179 495 54 156 34 103 250 986 48 872
internal_value=7.93342e-05 0.000783931 0.00156507 0.0012559 -0.000591009 -0.00198573 0.00535423 -0.000295096 0.00302696 -0.00318786 -0.000167434 0.000644216 0.00403775 -0.000963758
internal_weight=5653 2756 1595 1474 2897 674 121 1161 88 119 2223 1101 115 1122
internal_count=5653 2756 1595 1474 2897 674 121 1161 88 119 2223 1101 115 1122
cat_boundaries=0 1 2
cat_threshold=33 4
is_linear=0
shrinkage=0.05


Tree=66
num_leaves=15
num_cat=4
split_feature=21 5 7 21 5 21 0 22 9 9 0 5 0 9
split_gain=1.17526 0.871188 1.14539 1.0967 0.802012 0.643211 0.539076 0.533953 0.639915 0.528749 0.508876 0.436911 0.436251 0.393832
threshold=0 15.500000000000002 1.5000000000000002 1 14.500000000000002 2 94.500000000000014 3 24.100000000000005 34.833333333333336 96.500000000000014 1.5000000000000002 52.500000000000007 29.291666666666668
decision_type=9 2 2 9 2 9 2 1 2 2 2 2 2 2
left_child=5 4 3 7 6 -1 -2 -3 -9 13 -10 -7 -6 -4
right_child=1 2 9 -5 12 11 -8 8 10 -11 -12 -13 -14 -15
leaf_value=-0.0079523023887304589 0.0011025120472222508 0.0047705073457828531 -0.01050217833281273 -0.0044468433205294639 0.015496815588663927 -0.0076558435578709064 -0.00052804773944406134 0.010166640054773201 -0.0058083554456496373 -0.018087355373427271 0.0034663768432272434 -0.00072810981514345589 0.0043929542869922114 -0.00053734289074782284
leaf_weight=26 2166 80 20 103 9.9999999999999982 22 661 9.9999999999999982 45 10.999999999999998 21 2297 54 19
leaf_count=26 2166 80 20 103 10 22 661 10 45 11 21 2297 54 19
internal_value=-4.57943e-05 0.000576974 -0.00194153 -0.000590513 0.000847736 -0.000894834 0.000721208 0.00204428 -0.000964525 -0.008791 -0.00284961 -0.00079539 0.00633965 -0.00578232
internal_weight=5545 3200 309 259 2891 2345 2827 156 76 50 66 2319 64 39
internal_count=5545 3200 309 259 2891 2345 2827 156 76 50 66 2319 64 39
cat_boundaries=0 1 2 3 4
cat_threshold=3476 74 1024 32
is_linear=0
shrinkage=0.05


Tree=67
num_leaves=15
num_cat=5
split_feature=21 21 22 7 1 22 6 6 4 4 1 13 21 6
split_gain=1.31056 0.834398 0.751744 0.502098 0.698157 0.543118 0.500698 0.569659 0.488403 0.349491 0.862528 0.405733 0.469892 0.352462
threshold=0 1 2 1.5000000000000002 4.5000000000000009 3 0.93541666666666679 0.16025641025641027 4.5000000000000009 1.5000000000000002 1.5000000000000002 2.5000000000000004 4 0.48529411764705888
decision_type=9 9 1 2 2 1 2 2 2 2 2 2 9 2
left_child=3 -2 -3 5 -5 8 7 -4 -1 10 -9 12 -12 -13
right_child=1 2 6 4 -6 -7 -8 9 -10 -11 11 13 -14 -15
leaf_value=0.0010807483185793167 -0.0083769383549224582 -0.0010118254422644384 -0.0037838121378314751 -9.7289651767500942e-05 -0.011201140296179801 0.0012176199377868643 -0.00092356039003458474 0.004874127265805054 0.0056106146859918847 0.001286749779925479 0.0035283148214221003 0.0010203659863875962 -0.0042460982790140005 -0.0082802349786189472
leaf_weight=96 26 1899 66 123 14.999999999999998 930 604 62 158 1354 19 137 138 9.9999999999999982
leaf_count=96 26 1899 66 123 15 930 604 62 158 1354 19 137 138 10
internal_value=9.12709e-05 -0.000331114 -0.000270706 0.00146486 -0.00137613 0.00180305 0.000319217 0.000740682 0.00383431 0.000916394 -0.000453494 -0.00155247 -0.00331158 0.000335999
internal_weight=5637 4315 4289 1322 138 1184 2390 1786 254 1720 366 304 157 147
internal_count=5637 4315 4289 1322 138 1184 2390 1786 254 1720 366 304 157 147
cat_boundaries=0 1 2 3 4 5
cat_threshold=72 1024 2 32 16
is_linear=0
shrinkage=0.05


Tree=68
num_leaves=15
num_cat=2
split_feature=23 0 22 0 0 4 9 9 13 6 6 6 6 0
split_gain=1.48804 0.743225 0.774398 0.664539 0.593315 0.490123 0.464153 0.426066 0.593351 0.558254 0.467131 0.417354 0.445489 0.402832
threshold=0 208.00000000000003 1 143.50000000000003 123.50000000000001 12.500000000000002 15.833333333333334 35.875000000000007 2.5000000000000004 0.85164835164835173 0.78759398496240618 0.16025641025641027 0.21825396825396828 78.500000000000014
decision_type=1 2 1 2 2 2 2 2 2 2 2 2 2 2
left_child=3 2 11 -1 5 6 -4 10 -9 -10 -6 -2 13 -13
right_child=1 -3 4 -5 7 -7 -8 8 9 -11 -12 12 -14 -15
leaf_value=-0.001162977538010732 -0.0025534299169315627 -0.012434045445512642 0.0076716101072220643 -0.010576618619655309 0.0037225986950833235 -0.0032147893108010884 0.00037972869415890263 0.0023805446317419414 -0.014655928812799571 -0.0030421550518700056 -0.0048986447540422286 0.0089563207329428265 0.0017088650974117379 0.0011668029241263867
leaf_weight=1523 52 9.9999999999999982 21 18 32 94 2774 13.999999999999998 22 20 29 41 900 28
leaf_count=1523 52 10 21 18 32 94 2774 14 22 20 29 41 900 28
internal_value=4.15829e-05 0.000546143 0.000581455 -0.00127972 0.000175213 0.000317342 0.00043724 -0.00329981 -0.00640813 -0.00932492 -0.000388929 0.00176666 0.00200999 0.00585718
internal_weight=5578 4037 4027 1541 3006 2889 2795 117 56 42 61 1021 969 69
internal_count=5578 4037 4027 1541 3006 2889 2795 117 56 42 61 1021 969 69
cat_boundaries=0 1 2
cat_threshold=4 36
is_linear=0
shrinkage=0.05


Tree=69
num_leaves=15
num_cat=2
split_feature=5 22 1 9 9 4 23 0 0 9 4 5 4 0
split_gain=0.9157 1.08218 0.681661 1.36502 0.625437 0.730157 0.818021 0.551843 0.544275 1.01673 0.504913 0.471506 0.446889 0.654231
threshold=2.5000000000000004 0 3.5000000000000004 47.833333333333336 29.875000000000004 1.5000000000000002 1 69.500000000000014 160.50000000000003 36.708333333333336 12.500000000000002 4.5000000000000009 1.5000000000000002 60.500000000000007
decision_type=2 1 2 2 2 2 1 2 2 2 2 2 2 2
left_child=4 10 12 8 7 6 -6 -1 9 -4 11 -2 13 -3
right_child=1 2 3 -5 5 -7 -8 -9 -10 -11 -12 -13 -14 -15
leaf_value=-0.0065762800131259225 -0.0035436051207128915 0.0017472288338641754 -0.00056722303055140716 -0.018416517905213616 0.0023017823357473722 -0.016591675298857606 -0.012615596260002349 0.0024475497735101126 0.0064382989662520309 -0.013383855042047799 -0.0035677358788600657 -0.00038204900357442084 0.0012418607512356204 -0.0024204883892067573
leaf_weight=27 124 166 475 9.9999999999999982 21 17 14.999999999999998 42 25 14.999999999999998 148 2094 2314 215
leaf_count=27 124 166 475 10 21 17 15 42 25 15 148 2094 2314 215
internal_value=-3.13792e-05 6.25752e-05 0.000658569 -0.000987311 -0.00429879 -0.00833075 -0.00408677 -0.00112702 -0.000613845 -0.000986028 -0.000748287 -0.000560317 0.000980664 -0.000604812
internal_weight=5708 5586 3220 525 122 53 36 69 515 490 2366 2218 2695 381
internal_count=5708 5586 3220 525 122 53 36 69 515 490 2366 2218 2695 381
cat_boundaries=0 1 2
cat_threshold=2 1
is_linear=0
shrinkage=0.05


Tree=70
num_leaves=15
num_cat=4
split_feature=21 21 6 13 22 6 4 1 9 22 9 7 6 6
split_gain=1.18927 0.875242 0.80709 0.521483 0.607808 0.595525 0.494855 0.666326 0.486894 0.461149 0.688648 0.642743 0.546017 0.450062
threshold=0 1 0.87867647058823539 2.5000000000000004 2 0.19375000000000003 1.5000000000000002 1.5000000000000002 41.100000000000009 3 22.291666666666668 1.0000000180025095e-35 0.82085561497326209 0.69615384615384623
decision_type=9 9 2 2 1 2 2 2 2 1 2 2 2 2
left_child=3 -2 6 13 5 -5 7 -3 -9 10 -8 12 -11 -1
right_child=1 2 -4 4 -6 -7 9 8 -10 11 -12 -13 -14 -15
leaf_value=0.0017592745738322102 -0.0081525213750345375 0.0026015144493563144 -0.0013039014108845552 -0.0078443725000728257 0.0001799123526529447 0.0040049010248420494 -0.0013798864703583706 -0.0013272714241467035 -0.0083304448196521181 0.00076157563411077237 0.0017525534098763074 -0.0010490727727301419 0.0072970787042697122 -0.0012533372978087637
leaf_weight=268 29 109 1235 9.9999999999999982 190 392 211 573 25 540 1022 788 33 229
leaf_count=268 29 109 1235 10 190 392 211 573 25 540 1022 788 33 229
internal_value=7.98161e-05 -0.000274889 -0.000213822 0.00155971 0.00256813 0.00364617 0.000193956 -0.000977795 -0.00163346 0.000513573 0.00121092 -0.000122608 0.00115002 0.00037144
internal_weight=5654 4565 4536 1089 592 402 3301 707 598 2594 1233 1361 573 497
internal_count=5654 4565 4536 1089 592 402 3301 707 598 2594 1233 1361 573 497
cat_boundaries=0 1 2 3 4
cat_threshold=64 1024 33 33
is_linear=0
shrinkage=0.05


Tree=71
num_leaves=15
num_cat=4
split_feature=5 22 21 9 21 1 9 5 2 5 5 4 21 9
split_gain=1.02608 1.20787 0.671286 0.524908 0.507658 0.731877 0.704406 0.438122 0.452008 0.393242 0.528577 0.615079 0.57662 0.481156
threshold=2.5000000000000004 0 1 23.708333333333339 2 2.5000000000000004 37.416666666666679 15.500000000000002 1.5000000000000002 15.500000000000002 9.5000000000000018 10.500000000000002 3 33.875000000000007
decision_type=2 1 9 2 9 2 2 2 2 2 2 2 9 2
left_child=4 3 7 -2 5 -1 -6 8 -3 10 12 -12 13 -5
right_child=1 2 -4 9 6 -7 -8 -9 -10 -11 11 -13 -14 -15
leaf_value=-0.016389252536464484 0.00061315058743149518 -0.00030004023429917528 0.0010886378912294014 -0.0029932934062724768 0.0029379784280899914 -0.0045374141619452897 -0.010093955961097632 0.0068834184766992145 -0.0038135569023673432 -0.0034422868074083395 0.0013741689130333413 -0.0028742524979646659 -0.0012146209809605366 -0.011156192506314257
leaf_weight=17 504 635 2429 54 39 52 12.999999999999998 18 106 177 377 109 1082 27
leaf_count=17 504 635 2429 54 39 52 13 18 106 177 377 109 1082 27
internal_value=-4.87365e-05 5.15332e-05 0.000683388 -0.000812641 -0.00458431 -0.00713986 -0.00041028 -0.000611884 -0.000807111 -0.00120852 -0.000966815 0.000417388 -0.00154511 -0.00548281
internal_weight=5639 5518 3188 2330 121 69 52 759 741 1826 1649 486 1163 81
internal_count=5639 5518 3188 2330 121 69 52 759 741 1826 1649 486 1163 81
cat_boundaries=0 1 2 3 4
cat_threshold=2 3224 2115 64
is_linear=0
shrinkage=0.05


Tree=72
num_leaves=15
num_cat=3
split_feature=0 21 4 23 0 9 6 21 9 0 4 6 6 6
split_gain=1.1605 1.09717 0.633401 0.655935 0.616328 0.561778 0.450555 0.448759 0.433353 0.428436 0.609702 0.40268 1.04861 0.374097
threshold=238.00000000000003 0 1.5000000000000002 1 61.500000000000007 37.166666666666679 0.91987179487179505 2 41.833333333333336 73.500000000000014 3.5000000000000004 0.48529411764705888 0.21825396825396828 0.24264705882352944
decision_type=2 9 2 1 2 2 2 9 2 2 2 2 2 2
left_child=1 4 -3 -4 8 7 -5 -6 -1 10 -8 12 -7 -9
right_child=-2 2 3 6 5 11 9 13 -10 -11 -12 -13 -14 -15
leaf_value=0.00073362148560876658 -0.015563324217995009 -0.0013733054648591009 -0.00051785263924662456 0.0018240092618864775 -0.0076498270894472427 -0.0093507498211693012 -0.0074916021076633643 -0.0026539831320768442 -0.002056040433737377 -0.0013409652583732169 0.0023566173101521749 -0.00859647493026304 0.0097696564805049169 -0.00064856699292131065
leaf_weight=836 10.999999999999998 330 584 1476 20 15.000000000000002 15.999999999999998 280 166 255 212 43 11.999999999999998 1356
leaf_count=836 11 330 584 1476 20 15 16 280 166 255 212 43 12 1356
internal_value=-3.09692e-05 2.30807e-06 0.000683525 0.000952214 -0.000715047 -0.00128872 0.0013905 -0.00110125 0.000269873 6.47007e-05 0.00163582 -0.00564579 -0.000807374 -0.000990179
internal_weight=5612 5601 2873 2543 2728 1726 1959 1656 1002 483 228 70 27 1636
internal_count=5612 5601 2873 2543 2728 1726 1959 1656 1002 483 228 70 27 1636
cat_boundaries=0 1 2 3
cat_threshold=3473 4 1024
is_linear=0
shrinkage=0.05


Tree=73
num_leaves=15
num_cat=5
split_feature=22 5 21 21 21 4 2 4 21 13 5 6 6 4
split_gain=0.843425 0.704326 0.668921 0.651801 0.495936 0.584247 0.511458 0.478526 0.395887 0.311381 0.53965 0.490054 0.487918 0.391458
threshold=0 2.5000000000000004 1 2 3 14.500000000000002 2.5000000000000004 10.500000000000002 4 2.5000000000000004 3.5000000000000004 0.9772727272727274 0.78759398496240618 13.500000000000002
decision_type=1 2 9 9 9 2 2 2 9 2 2 2 2 2
left_child=7 2 -2 -3 6 -6 9 8 -1 10 -5 12 -12 -11
right_child=1 3 -4 4 5 -7 -8 -9 -10 13 11 -13 -14 -15
leaf_value=0.00026169009851697271 -0.007997182824959358 -0.0068851753853128436 -0.00024800953931759958 0.0099028408061712994 0.00049561709860222747 -0.0090917230263585225 -0.0066935628871707363 -0.0028639949483362103 -0.0010947885762575156 0.0032871860646069189 0.00053872724301467286 -0.0032449998646515658 0.0065028727701978706 -0.0044909095419022969
leaf_weight=1062 39 22 80 14.999999999999998 2367 14.999999999999998 15.999999999999998 221 1082 409 211 68 40 15.999999999999998
leaf_count=1062 39 22 80 15 2367 15 16 221 1082 409 211 68 40 16
internal_value=6.70363e-05 0.000583276 -0.00317668 0.000725895 0.000790747 0.00043055 0.00188602 -0.000652658 -0.000425009 0.00208785 0.000941398 0.000490384 0.00151122 0.00298451
internal_weight=5663 3298 119 3179 3157 2382 775 2365 2144 759 334 319 251 425
internal_count=5663 3298 119 3179 3157 2382 775 2365 2144 759 334 319 251 425
cat_boundaries=0 1 2 3 4 5
cat_threshold=2 2112 1024 64 236
is_linear=0
shrinkage=0.05


Tree=74
num_leaves=15
num_cat=4
split_feature=0 21 22 5 5 20 0 0 21 0 22 2 9 9
split_gain=0.729628 0.931207 0.806629 0.572175 0.496282 0.763545 0.704695 0.489394 0.428285 0.642484 0.394076 0.389819 0.388395 0.370401
threshold=94.500000000000014 0 1 16.500000000000004 3.5000000000000004 1.0000000180025095e-35 71.500000000000014 199.00000000000003 2 100.50000000000001 3 2.5000000000000004 28.125000000000004 27.583333333333339
decision_type=2 9 1 2 2 2 2 2 9 2 1 2 2 2
left_child=1 3 7 4 5 13 -7 -2 9 -4 -6 -3 -11 -1
right_child=2 11 8 -5 10 6 -8 -9 -10 12 -12 -13 -14 -15
leaf_value=0.0062958552324700922 0.001750315517682229 -0.00024817759904935356 -0.00093086310485175454 0.0069081346149600688 0.0018164656674081456 -0.014524210733361543 9.5211081206798549e-05 -0.0090303604406389328 -0.0012308561937103034 -0.0028736695658069019 0.00033296875849440016 -0.0057177420715258144 -0.0091764109770929997 -0.0038228360179346057
leaf_weight=20 252 2555 91 41 1013 19 13.999999999999998 9.9999999999999982 648 42 814 32 62 14.999999999999998
leaf_count=20 252 2555 91 41 1013 19 14 10 648 42 814 32 62 15
internal_value=2.20845e-05 0.000303519 -0.00112912 0.00113087 0.00100528 -0.00315954 -0.00850165 0.0012817 -0.0018755 -0.00391702 0.00116193 -0.000317404 -0.00668268 0.00197354
internal_weight=5628 4523 1105 1936 1895 68 33 262 843 195 1827 2587 104 35
internal_count=5628 4523 1105 1936 1895 68 33 262 843 195 1827 2587 104 35
cat_boundaries=0 1 2 3 4
cat_threshold=106 32 1169 33
is_linear=0
shrinkage=0.05


Tree=75
num_leaves=15
num_cat=6
split_feature=22 5 21 21 5 21 9 21 0 9 22 0 4 9
split_gain=0.834682 0.887999 0.829602 0.824776 0.76166 0.66709 0.492697 0.491559 0.583815 0.52017 0.498772 0.489658 0.488145 0.454093
threshold=0 2.5000000000000004 1 2 15.500000000000002 3 31.291666666666668 4 135.50000000000003 22.291666666666668 5 76.500000000000014 7.5000000000000009 23.708333333333339
decision_type=1 2 9 9 2 9 2 9 2 2 1 2 2 2
left_child=1 3 4 -1 -3 13 12 -4 9 -9 -10 -5 -7 -2
right_child=5 2 7 11 -6 6 -8 8 10 -11 -12 -13 -14 -15
leaf_value=-0.0084783942438662052 8.7650678859771582e-05 -0.0017888076660236925 0.0020965081578318929 0.0063827434754265208 0.010068987958532359 0.0014986740027443501 -0.0014318392387002606 -0.0011128050500883548 0.0020555073410392769 0.0011331275092263729 -0.0062744796841538372 -0.0027712498393763479 -0.00092409797790950459 -0.0021198263859600682
leaf_weight=47 302 427 669 20 12.999999999999998 583 421 319 25 1328 50 47 322 1017
leaf_count=47 302 427 669 20 13 583 421 319 25 1328 50 47 322 1017
internal_value=-0.000170735 0.000408113 0.000583573 -0.00389858 -0.00140055 -0.000814379 -2.06413e-05 0.000950072 0.000498946 0.000697712 -0.00378487 1.394e-05 0.000636581 -0.00160862
internal_weight=5590 2945 2831 114 440 2645 1326 2391 1722 1647 75 67 905 1319
internal_count=5590 2945 2831 114 440 2645 1326 2391 1722 1647 75 67 905 1319
cat_boundaries=0 1 2 3 4 5 6
cat_threshold=33 1180 2116 3347 64 32
is_linear=0
shrinkage=0.05


Tree=76
num_leaves=15
num_cat=2
split_feature=6 21 6 0 5 0 0 21 5 5 6 1 6 0
split_gain=0.77704 0.558147 0.583126 0.644917 0.560744 0.695081 0.454066 0.411081 0.468976 0.375007 0.380631 0.367824 0.35814 0.359637
threshold=0.8377192982456142 0 0.25657894736842107 35.500000000000007 4.5000000000000009 80.500000000000014 166.00000000000003 1 15.500000000000002 9.5000000000000018 0.16025641025641027 3.5000000000000004 0.81534090909090928 69.500000000000014
decision_type=2 9 2 2 2 2 2 9 2 2 2 2 2 2
left_child=1 7 4 -4 5 -3 12 -1 9 -9 -11 -2 -5 -14
right_child=11 2 3 6 -6 -7 -8 8 -10 10 -12 -13 13 -15
leaf_value=-0.0062356934716392845 -0.0005269300815829188 -0.013840160316185041 0.0074096704075352392 0.0011851581753984991 -2.7841388059632679e-05 -8.4435227992279191e-05 -0.0088631087914109227 -0.00021290544927825454 -0.0029583809048370525 -0.0036465388789240806 0.0025450087257761888 -0.0024520666534977764 0.012179812509566547 0.002919719169446406
leaf_weight=22 1264 15.999999999999998 43 1489 500 20 9.9999999999999982 1482 135 27 225 308 12.999999999999998 46
leaf_count=22 1264 16 43 1489 500 20 10 1482 135 27 225 308 13 46
internal_value=3.70099e-05 0.000404951 0.000957143 0.00143705 -0.00046742 -0.00640692 0.00126757 -0.000221196 -0.000130672 9.06802e-05 0.00186984 -0.000905439 0.00133869 0.00512907
internal_weight=5600 4028 2137 1601 536 36 1558 1891 1869 1734 252 1572 1548 59
internal_count=5600 4028 2137 1601 536 36 1558 1891 1869 1734 252 1572 1548 59
cat_boundaries=0 1 2
cat_threshold=3377 1024
is_linear=0
shrinkage=0.05


Tree=77
num_leaves=15
num_cat=1
split_feature=23 0 5 5 5 0 4 0 6 0 4 9 0 5
split_gain=0.652716 0.553462 0.719407 0.639102 0.426935 0.419666 0.406142 0.832202 0.632529 0.501509 0.437363 0.42342 0.552649 0.357543
threshold=0 45.500000000000007 14.500000000000002 12.500000000000002 1.5000000000000002 25.500000000000004 1.5000000000000002 199.00000000000003 0.90454545454545465 109.50000000000001 15.500000000000002 30.291666666666668 94.500000000000014 7.5000000000000009
decision_type=1 2 2 2 2 2 2 2 2 2 2 2 2 2
left_child=4 2 3 5 -1 -2 -3 8 9 11 -10 12 -8 -7
right_child=1 6 -4 -5 -6 13 7 -9 10 -11 -12 -13 -14 -15
leaf_value=-0.0099974350573924873 -0.00282077141799869 -0.0013381705283510119 0.011789768627461266 -0.009215511009097099 -0.00089482428676936694 0.0029892914754221451 0.0012318598341693979 -0.011539544550081096 -0.00078013817173827485 0.0028977123774454635 -0.0086698754697055042 -0.00062892561291225287 -0.0025980268117992266 0.00019811879696631383
leaf_weight=11.999999999999998 48 494 15.999999999999998 12.999999999999998 1565 333 1240 13.999999999999998 753 231 17 630 101 175
leaf_count=12 48 494 16 13 1565 333 1240 14 753 231 17 630 101 175
internal_value=-0.000107282 0.00022771 0.00164929 0.00134396 -0.000970381 0.00160696 -1.1667e-05 0.000208163 0.000267364 0.000698664 -0.000965346 0.000439598 0.000941684 0.00203004
internal_weight=5642 4065 585 569 1577 556 3480 2986 2972 2202 770 1971 1341 508
internal_count=5642 4065 585 569 1577 556 3480 2986 2972 2202 770 1971 1341 508
cat_boundaries=0 1
cat_threshold=4
is_linear=0
shrinkage=0.05


Tree=78
num_leaves=15
num_cat=2
split_feature=0 0 5 5 6 4 22 7 4 9 9 13 22 13
split_gain=0.910346 0.760176 0.716245 0.673509 0.601979 0.716985 0.598037 0.560614 0.510667 0.501282 0.464252 0.434951 0.510926 0.414639
threshold=220.50000000000003 53.500000000000007 14.500000000000002 13.500000000000002 0.93541666666666679 1.5000000000000002 0 1.0000000180025095e-35 8.5000000000000018 21.100000000000005 31.875000000000004 1.0000000180025095e-35 1 2.5000000000000004
decision_type=2 2 2 2 2 2 1 2 2 2 2 2 1 2
left_child=1 2 3 -1 5 9 -7 10 13 -3 -8 -9 -13 -6
right_child=-2 4 -4 -5 8 6 7 11 -10 -11 -12 12 -14 -15
leaf_value=0.0011067620659418289 -0.013741884665796534 0.0030352007951242508 0.0068778431153847276 -0.0053403696646758675 -0.0016787848097517659 0.0011549182802377083 0.0016007947831098105 -0.0047866058421031747 -0.0029776511377757279 -0.0020270280222983287 -0.001444023255342838 -0.00039444219696723446 -0.0048698540690488047 0.0009820653507167979
leaf_weight=1155 10.999999999999998 53 51 41 336 1295 483 73 329 528 168 755 64 258
leaf_count=1155 11 53 51 41 336 1295 483 73 329 528 168 755 64 258
internal_value=1.49033e-05 4.44322e-05 0.00113203 0.000881472 -0.000268108 3.79027e-05 0.00036563 -0.000299887 -0.00140046 -0.00156082 0.000814026 -0.00111452 -0.000781781 -0.000523354
internal_weight=5600 5589 1247 1196 4342 3419 2838 1543 923 581 651 892 819 594
internal_count=5600 5589 1247 1196 4342 3419 2838 1543 923 581 651 892 819 594
cat_boundaries=0 1 2
cat_threshold=33 2
is_linear=0
shrinkage=0.05


Tree=79
num_leaves=15
num_cat=2
split_feature=5 22 9 21 9 9 5 0 5 5 0 1 0 0
split_gain=0.868816 0.839372 0.73031 0.647927 0.745116 0.623157 0.736208 0.598902 0.568038 1.17897 0.785 0.715816 0.560586 0.512185
threshold=3.5000000000000004 0 43.166666666666679 1 51.125000000000007 23.708333333333339 15.500000000000002 66.500000000000014 14.500000000000002 11.500000000000002 54.500000000000007 2.5000000000000004 59.500000000000007 67.500000000000014
decision_type=2 1 2 9 2 2 2 2 2 2 2 2 2 2
left_child=2 3 7 4 8 -3 -7 12 9 -2 -11 -12 -1 -10
right_child=1 5 -4 -5 -6 6 -8 -9 13 10 11 -13 -14 -15
leaf_value=-0.0025627488164483101 0.0028049664831966206 0.00096209937950956993 -0.011154020385583864 0.00030227936201529374 -0.010759841820055788 -0.00060379203004300749 -0.0036946587721535633 -0.00011386650701751933 0.01213467823903624 -0.013010353263881473 0.0084450032499929269 -0.0041368722915649412 -0.011301580085246652 0.0027379318058271622
leaf_weight=60 475 554 23 2076 9.9999999999999982 1861 214 154 26 17 13.999999999999998 45 26 33
leaf_count=60 475 554 23 2076 10 1861 214 154 26 17 14 45 26 33
internal_value=-2.90559e-05 0.00010973 -0.00282885 0.000728745 0.00214013 -0.000525483 -0.000924187 -0.00198805 0.00238639 0.00187927 -0.00386763 -0.00106035 -0.00530426 0.0070121
internal_weight=5588 5325 263 2696 620 2629 2075 240 610 551 76 59 86 59
internal_count=5588 5325 263 2696 620 2629 2075 240 610 551 76 59 86 59
cat_boundaries=0 1 2
cat_threshold=33 64
is_linear=0
shrinkage=0.05


Tree=80
num_leaves=15
num_cat=4
split_feature=23 22 9 5 5 21 9 0 21 5 9 0 0 0
split_gain=0.757572 0.44325 0.577127 0.56511 0.634177 0.544215 0.718119 0.5121 0.470171 0.445427 0.565477 0.46689 0.410587 0.38001
threshold=0 1 49.250000000000007 5.5000000000000009 6.5000000000000009 2 23.416666666666668 100.50000000000001 3 14.500000000000002 25.291666666666668 140.50000000000003 101.50000000000001 142.50000000000003
decision_type=1 1 2 2 2 9 2 2 9 2 2 2 2 2
left_child=12 2 3 5 -5 13 -7 -3 -6 -10 -11 -12 -1 -2
right_child=1 7 -4 4 8 6 -8 -9 9 10 11 -13 -14 -15
leaf_value=-0.00055536479480810901 -0.0053155225678634503 0.00039501661002889766 0.0088904774412512776 0.0070644859699174195 -0.00025533198583641047 -0.0061977488547563554 0.0049616916013362176 -0.0017406846247293569 0.001385050066826508 0.010460544096933904 0.0015817952086153737 0.011747196099111954 -0.0033489184224865689 0.0046778257534077225
leaf_weight=1425 80 2718 24 51 290 19 51 312 364 32 90 11.999999999999998 144 9.9999999999999982
leaf_count=1425 80 2718 24 51 290 19 51 312 364 32 90 12 144 10
internal_value=0.000118808 0.000479922 0.00137647 0.00119412 0.0017133 -0.00152204 0.00176386 0.000174314 0.00135845 0.00227658 0.00475448 0.00288016 -0.000813722 -0.00394897
internal_weight=5622 4053 1023 999 839 160 70 3030 788 498 134 102 1569 90
internal_count=5622 4053 1023 999 839 160 70 3030 788 498 134 102 1569 90
cat_boundaries=0 1 2 3 4
cat_threshold=4 36 2498 2195
is_linear=0
shrinkage=0.05


Tree=81
num_leaves=15
num_cat=2
split_feature=21 6 6 0 9 2 0 13 21 0 0 0 0 9
split_gain=0.445034 0.600884 0.582084 0.520878 0.605224 0.466063 0.372437 0.349079 0.33266 0.349214 0.970747 0.604236 0.332419 0.370195
threshold=0 0.36931818181818188 0.67543859649122817 33.500000000000007 22.775000000000002 2.5000000000000004 102.50000000000001 2.5000000000000004 1 74.500000000000014 71.500000000000014 75.500000000000014 45.500000000000007 30.875000000000004
decision_type=9 2 2 2 2 2 2 2 9 2 2 2 2 2
left_child=3 5 6 4 -1 -2 8 -4 9 10 -3 -11 -9 -14
right_child=1 2 7 -5 -6 -7 -8 12 -10 11 -12 -13 13 -15
leaf_value=-0.0011790829496730313 -0.00063914132419897645 0.0033128041960651792 -0.00075565113415295294 -0.00068729509112081845 0.0047669710953883136 -0.0092665106873027984 -0.00057542217439924279 0.0038751895251580102 0.0012339566008013208 0.016670874686149712 -0.0081106063776782578 0.0043707156768586072 -0.00048262512626009681 0.0021043387992560037
leaf_weight=76 743 164 588 2551 96 14.999999999999998 136 82 394 9.9999999999999982 20 134 366 221
leaf_count=76 743 164 588 2551 96 15 136 82 394 10 20 134 366 221
internal_value=-4.91491e-05 0.000384607 0.000818085 -0.000506548 0.00214802 -0.000821852 0.00182126 0.000132434 0.00227289 0.00344226 0.002034 0.00533397 0.000912956 0.000493265
internal_weight=5596 2873 2115 2723 172 758 858 1257 722 328 184 144 669 587
internal_count=5596 2873 2115 2723 172 758 858 1257 722 328 184 144 669 587
cat_boundaries=0 1 2
cat_threshold=3473 72
is_linear=0
shrinkage=0.05


Tree=82
num_leaves=15
num_cat=5
split_feature=5 21 9 9 22 6 6 21 9 13 7 21 21 9
split_gain=0.581539 0.786008 0.691779 0.757864 0.544295 0.510472 0.438724 0.431425 0.418204 0.398822 0.397903 0.412087 0.390868 0.381423
threshold=3.5000000000000004 0 21.775000000000002 27.775000000000002 1 0.74166666666666681 0.14642857142857144 2 37.416666666666679 1.0000000180025095e-35 1.0000000180025095e-35 3 4 31.100000000000005
decision_type=2 9 2 2 1 2 2 9 2 2 2 9 9 2
left_child=1 2 -1 -4 5 -2 -6 -7 10 -10 11 -3 -8 -5
right_child=4 8 3 13 6 7 12 -9 9 -11 -12 -13 -14 -15
leaf_value=-0.0063809125182720337 0.00019836268940135986 0.00071319306269288071 0.016808718099043923 -0.0054148451171138062 -0.0027957232705375645 -7.2621520246176035e-05 -0.00020928489102516325 -0.0022176186004294555 -0.0012544156970062223 -0.012700380679135296 1.7170680695454833e-05 -0.0064932593914027049 0.0010739637466544397 0.0068616906615595026
leaf_weight=11.999999999999998 1399 29 11.999999999999998 10.000000000000002 91 416 828 542 11.999999999999998 21 80 71 2092 13.999999999999998
leaf_count=12 1399 29 12 10 91 416 828 542 12 21 80 71 2092 14
internal_value=4.66806e-05 -0.00225351 0.0033134 0.00707771 0.000158918 -0.000409731 0.000603721 -0.00129917 -0.00351299 -0.00869752 -0.00261673 -0.00470316 0.000711617 0.00173448
internal_weight=5629 261 48 36 5368 2357 3011 958 213 33 180 100 2920 24
internal_count=5629 261 48 36 5368 2357 3011 958 213 33 180 100 2920 24
cat_boundaries=0 1 2 3 4 5
cat_threshold=261 2 174 48 1460
is_linear=0
shrinkage=0.05


Tree=83
num_leaves=15
num_cat=2
split_feature=13 6 9 6 4 6 22 5 4 21 6 2 5 2
split_gain=0.482616 0.469786 0.405607 0.530866 0.471902 0.374005 0.444917 0.399014 0.363798 0.350876 0.322689 0.396648 0.305396 0.286575
threshold=2.5000000000000004 0.16025641025641027 43.166666666666679 0.36931818181818188 2.5000000000000004 0.77350427350427364 0 7.5000000000000009 2.5000000000000004 1 0.92582417582417598 1.5000000000000002 9.5000000000000018 1.5000000000000002
decision_type=2 2 2 2 2 2 1 2 2 9 2 2 2 2
left_child=10 -2 5 4 -4 6 7 -3 -5 -7 -1 -12 -8 -9
right_child=1 2 3 8 -6 9 12 13 -10 -11 11 -13 -14 -15
leaf_value=-0.00019740169975716263 -0.0021994588117377136 0.0055254340792695684 -0.003158005283869527 -0.008299109820897382 -0.01531896012602374 -0.0011779115628644146 0.00095189459497964943 -0.0063376537597408375 0.00097514362476002229 0.00072679058508949806 -0.0010184416746430115 -0.0048774473698188865 0.0025570978191511778 0.0024817169954379401
leaf_weight=2174 159 10.999999999999998 26 10.999999999999998 10.999999999999998 386 981 44 88 625 604 74 425 10.999999999999998
leaf_count=2174 159 11 26 11 11 386 981 44 88 625 604 74 425 11
internal_value=-3.78768e-05 0.000431101 0.000591582 -0.00205763 -0.00708141 0.000737455 0.00124574 -0.00262651 -0.000128015 -3.09928e-06 -0.000494677 -0.00144619 0.00143349 -0.00456096
internal_weight=5630 2778 2619 136 37 2483 1472 66 99 1011 2852 678 1406 55
internal_count=5630 2778 2619 136 37 2483 1472 66 99 1011 2852 678 1406 55
cat_boundaries=0 1 2
cat_threshold=4 1433
is_linear=0
shrinkage=0.05


Tree=84
num_leaves=15
num_cat=3
split_feature=0 0 0 5 21 9 5 5 22 21 9 0 0 9
split_gain=0.753713 0.494649 0.580176 0.551924 0.404217 0.387935 0.384992 0.560497 0.312784 0.799836 0.502428 0.757791 0.565606 0.424995
threshold=238.00000000000003 41.500000000000007 27.500000000000004 3.5000000000000004 0 15.16666666666667 7.5000000000000009 14.500000000000002 1 2 36.125000000000007 128.50000000000003 151.50000000000003 49.750000000000007
decision_type=2 2 2 2 9 2 2 2 1 9 2 2 2 2
left_child=1 2 -1 -4 -3 -6 -5 -8 9 13 -10 -12 -13 -7
right_child=-2 4 3 6 5 8 7 -9 10 -11 11 12 -14 -15
leaf_value=-0.0023810714892084327 -0.012553860464443765 -0.0059503951886047922 -0.0060255267913453285 0.0033729980027994407 0.0092509667494926947 -0.0013274422893180815 -0.0011841924282260867 0.0094546397083571983 -0.00015071024566922902 0.0017116776469513378 -0.0010679667880608716 -0.011091349069546494 -0.001808362818792375 0.0078550489046252704
leaf_weight=84 10.999999999999998 24 19 323 9.9999999999999982 424 106 12.999999999999998 3506 647 395 35 31 11.999999999999998
leaf_count=84 11 24 19 323 10 424 106 13 3506 647 395 35 31 12
internal_value=-3.62923e-05 -9.60547e-06 0.00142052 0.00211688 -0.000163163 -0.000128538 0.0024797 4.71364e-05 -0.000149066 0.000602092 -0.000354546 -0.00190492 -0.00682323 -0.00104536
internal_weight=5640 5629 545 461 5084 5060 442 119 5050 1083 3967 461 66 436
internal_count=5640 5629 545 461 5084 5060 442 119 5050 1083 3967 461 66 436
cat_boundaries=0 1 2 3
cat_threshold=1024 36 2195
is_linear=0
shrinkage=0.05


Tree=85
num_leaves=15
num_cat=1
split_feature=0 4 0 0 4 21 5 5 0 0 5 7 2 5
split_gain=1.05608 0.486316 0.677761 0.644073 0.551717 0.482929 0.634209 0.525601 0.459539 0.63034 0.514288 0.430612 0.583418 0.514908
threshold=238.00000000000003 1.5000000000000002 37.500000000000007 40.500000000000007 13.500000000000002 0 13.500000000000002 16.500000000000004 163.00000000000003 143.50000000000003 2.5000000000000004 1.0000000180025095e-35 1.5000000000000002 9.5000000000000018
decision_type=2 2 2 2 2 9 2 2 2 2 2 2 2 2
left_child=1 2 -1 -4 5 6 8 -8 9 10 -3 13 -13 -12
right_child=-2 4 3 -5 -6 -7 7 -9 -10 -11 11 12 -14 -15
leaf_value=0.0036092102918675512 -0.015445458829741588 -0.0083837790414690982 -0.0099364477379078227 -0.0012471068407222325 -0.0029578055211711149 -3.8627576984695144e-05 -0.0016330169022142496 0.005321598780962329 0.011680566485632551 -0.0087906967227657628 0.0016442396628591292 0.0001872335013243943 0.0037700755021027321 0.0049112218312405862
leaf_weight=70 9.9999999999999982 11.999999999999998 21 728 129 2976 289 29 9.9999999999999982 13.999999999999998 389 623 138 175
leaf_count=70 10 12 21 728 129 2976 289 29 10 14 389 623 138 175
internal_value=3.19062e-05 6.22808e-05 -0.00106279 -0.00150366 0.00025507 0.000344722 0.0010209 -0.000984097 0.00149349 0.00140951 0.00152281 0.00161878 0.000841042 0.00266483
internal_weight=5613 5603 819 749 4784 4655 1679 318 1361 1351 1337 1325 761 564
internal_count=5613 5603 819 749 4784 4655 1679 318 1361 1351 1337 1325 761 564
cat_boundaries=0 1
cat_threshold=69
is_linear=0
shrinkage=0.05


Tree=86
num_leaves=15
num_cat=3
split_feature=0 21 1 5 4 5 21 9 0 0 21 0 9 2
split_gain=0.675756 0.456689 0.416741 0.508991 0.385309 0.303694 0.646395 0.535079 0.454521 0.444669 0.324332 0.296837 0.482488 0.481368
threshold=238.00000000000003 0 4.5000000000000009 2.5000000000000004 15.500000000000002 3.5000000000000004 1 37.416666666666679 66.500000000000014 119.50000000000001 2 102.50000000000001 28.125000000000004 1.5000000000000002
decision_type=2 9 2 2 2 2 9 2 2 2 9 2 2 2
left_child=1 2 3 -1 5 6 7 -3 -8 -10 -7 -5 13 -13
right_child=-2 4 -4 11 -6 10 8 -9 9 -11 -12 12 -14 -15
leaf_value=-0.0074893224816251968 -0.011786845076130703 -0.0026659462482085407 0.0069283812170334415 0.0013608531525877256 -0.0065839486115652594 -0.0051869007603575793 -0.004276762337290815 -0.011374061549681106 0.0084412135276943443 -0.00076856569697459536 2.9903678735800865e-05 -0.01458924903223912 0.0001047623110143151 0.00024059782524339177
leaf_weight=17 10.999999999999998 118 28 877 22 24 20 20 29 23 4321 11 146 10
leaf_count=17 11 118 28 877 22 24 20 20 29 23 4321 11 146 10
internal_value=6.5817e-05 9.09037e-05 0.00100815 0.00085028 -0.000128468 -9.59916e-05 -0.00194846 -0.00386183 0.0018587 0.00443002 -6.03171e-06 0.000993115 -0.000934669 -0.00783747
internal_weight=5677 5666 1089 1061 4577 4555 210 138 72 52 4345 1044 167 21
internal_count=5677 5666 1089 1061 4577 4555 210 138 72 52 4345 1044 167 21
cat_boundaries=0 1 2 3
cat_threshold=64 3098 1024
is_linear=0
shrinkage=0.05


Tree=87
num_leaves=15
num_cat=2
split_feature=6 0 5 0 22 9 0 0 0 2 9 9 23 5
split_gain=0.384313 0.541176 0.423804 0.397245 0.436459 0.502869 0.385537 0.34559 0.444789 0.332888 0.272378 0.453498 0.443574 0.33853
threshold=0.14642857142857144 34.500000000000007 16.500000000000004 95.500000000000014 0 27.708333333333339 140.50000000000003 27.500000000000004 31.500000000000004 1.5000000000000002 39.833333333333336 37.708333333333336 1 4.5000000000000009
decision_type=2 2 2 2 1 2 2 2 2 2 2 2 1 2
left_child=1 -1 3 7 5 9 -7 -2 -9 -5 11 -6 13 -12
right_child=2 -3 -4 4 10 6 -8 8 -10 -11 12 -13 -14 -15
leaf_value=0.0093716854906894954 -0.002901572904357384 -0.0019041179284038767 0.0037741522978154262 -0.0082545175141169012 -0.001417085518041355 0.00067779717411758618 0.0055549768520993933 0.0037760416416311136 0.00027857866985955002 7.741718123165461e-05 -0.0041153013939037907 0.0066468044766224924 -0.0066687812914356728 0.0080499712123789577
leaf_weight=9.9999999999999982 82 344 78 22 577 199 50 92 4055 25 11.000000000000002 17 55 9.9999999999999982
leaf_count=10 82 344 78 22 577 199 50 92 4055 25 11 17 55 10
internal_value=3.2318e-05 -0.00156009 0.000139499 8.42109e-05 -0.000830089 0.000764974 0.00167545 0.000293205 0.000357061 -0.00391336 -0.00152917 -0.00117552 -0.00434137 0.00178028
internal_weight=5627 354 5273 5195 966 296 249 4229 4147 47 670 594 76 21
internal_count=5627 354 5273 5195 966 296 249 4229 4147 47 670 594 76 21
cat_boundaries=0 1 2
cat_threshold=36 1
is_linear=0
shrinkage=0.05


Tree=88
num_leaves=15
num_cat=1
split_feature=0 0 2 0 5 5 13 0 13 9 22 6 9 9
split_gain=0.624279 0.407851 0.554617 0.42958 0.312957 0.53645 0.317327 0.359268 0.307569 0.528856 0.395843 0.480091 0.290196 0.429642
threshold=220.50000000000003 95.500000000000014 1.5000000000000002 122.50000000000001 16.500000000000004 15.500000000000002 2.5000000000000004 96.500000000000014 1.0000000180025095e-35 35.875000000000007 0 0.74166666666666681 27.100000000000005 26.100000000000005
decision_type=2 2 2 2 2 2 2 2 2 2 1 2 2 2
left_child=1 -1 12 4 5 6 -4 -8 -5 -10 -11 -12 13 -3
right_child=-2 2 3 8 -6 -7 7 -9 9 10 11 -13 -14 -15
leaf_value=0.00013983641839970633 -0.011481934072799051 -0.002118929346708195 -0.0013472272216209346 -0.0062124360702000558 0.0086393372097518292 -0.0062334873386481332 -0.0050829633119671295 0.0039830090834739361 0.002551921914952497 0.0010992000953087377 -0.012629453327972443 -0.0017099396452646366 -0.0011160331507765711 -0.007441334736999124
leaf_weight=4533 10.999999999999998 163 48 27 14.999999999999998 20 10.999999999999998 140 71 30 19 21 429 49
leaf_count=4533 11 163 48 27 15 20 11 140 71 30 19 21 429 49
internal_value=-8.98633e-05 -6.53349e-05 -0.000956313 0.000498944 0.00188051 0.00138042 0.00217297 0.00329348 -0.00142513 -0.000471114 -0.00353009 -0.00630886 -0.00186833 -0.00337827
internal_weight=5587 5576 1043 402 234 219 199 151 168 141 70 40 641 212
internal_count=5587 5576 1043 402 234 219 199 151 168 141 70 40 641 212
cat_boundaries=0 1
cat_threshold=32
is_linear=0
shrinkage=0.05


Tree=89
num_leaves=15
num_cat=3
split_feature=23 9 0 6 4 21 9 5 21 5 9 5 0 9
split_gain=0.461091 0.568418 0.552145 0.476113 0.40398 0.350807 0.829768 0.294764 0.293576 0.334278 0.326608 0.312248 0.375175 0.308188
threshold=0 20.366666666666671 38.500000000000007 0.14642857142857144 13.500000000000002 1 30.291666666666668 2.5000000000000004 2 14.500000000000002 27.583333333333339 4.5000000000000009 134.50000000000003 32.583333333333336
decision_type=1 2 2 2 2 9 2 2 9 2 2 2 2 2
left_child=1 -1 -3 -2 5 6 7 -5 -4 10 -10 12 -12 -11
right_child=3 2 8 4 -6 -7 -8 -9 9 13 11 -13 -14 -15
leaf_value=-0.0044442378007806841 -0.0019427774267580797 0.0032036077155245708 -0.0018916785796309879 -0.0035622275798864993 -0.0028036558607856584 5.2593429985629787e-05 -0.00044841008152731186 0.0021923469576803556 0.0010130469788294627 -0.0049375041052840199 -0.0022914519785748174 -0.00036023651824397714 -0.012014488177374006 0.0020648073382853044
leaf_weight=99 240 91 419 22 98 2309 553 827 409 65 62 397 10.999999999999998 20
leaf_count=99 240 91 419 22 98 2309 553 827 409 65 62 397 11 20
internal_value=-6.96842e-05 -0.000795889 -0.000548004 0.000212567 0.000348846 0.00043283 0.00105463 0.00203921 -0.000796993 -0.000308324 -1.88184e-05 -0.000917005 -0.00389913 -0.00328505
internal_weight=5622 1573 1474 4049 3809 3711 1402 849 1383 964 879 470 73 85
internal_count=5622 1573 1474 4049 3809 3711 1402 849 1383 964 879 470 73 85
cat_boundaries=0 1 2 3
cat_threshold=4 69 3344
is_linear=0
shrinkage=0.05


Tree=90
num_leaves=15
num_cat=4
split_feature=21 23 7 13 5 21 6 7 5 5 1 5 5 21
split_gain=0.476206 0.341972 0.285602 1.29915 0.562441 0.46982 0.638241 0.456879 0.886662 0.521766 0.440941 0.334839 0.333316 0.320335
threshold=0 1 1.0000000180025095e-35 2.5000000000000004 8.5000000000000018 2 0.9772727272727274 1.5000000000000002 15.500000000000002 16.500000000000004 2.5000000000000004 17.500000000000004 6.5000000000000009 3
decision_type=9 1 2 2 2 9 2 2 2 2 2 2 2 9
left_child=-1 -2 11 -4 12 6 7 9 -9 -6 -8 -3 13 -5
right_child=1 2 3 4 5 -7 10 8 -10 -11 -12 -13 -14 -15
leaf_value=-0.005845466475309675 -0.00070560432184953615 0.0005422688458381423 -0.0030678925157949649 0.0015328378815044296 -0.00078523714046978797 0.00047626132739535639 -0.00016520025156852274 -0.0015606540283758423 -0.015527831284950179 0.0073710373381064053 -0.0099032343377837475 0.0075919712304740265 0.0049482646422754776 -0.00086204026429284673
leaf_weight=30 1559 1921 339 595 295 532 17 48 13.999999999999998 20 36 15.999999999999998 56 179
leaf_count=30 1559 1921 339 595 295 532 17 48 14 20 36 16 56 179
internal_value=-0.000112998 -7.61416e-05 0.000165111 -0.000234272 0.000303188 -0.000519411 -0.00173491 -0.00102388 -0.00491094 -0.000245691 -0.00684062 0.000604388 0.00125609 0.000982914
internal_weight=5657 5627 4068 2131 1792 962 430 377 62 315 53 1937 830 774
internal_count=5657 5627 4068 2131 1792 962 430 377 62 315 53 1937 830 774
cat_boundaries=0 1 2 3 4
cat_threshold=1024 4 321 2147
is_linear=0
shrinkage=0.05


Tree=91
num_leaves=15
num_cat=5
split_feature=0 21 6 1 6 21 21 22 23 7 0 5 0 9
split_gain=0.453719 0.546382 0.432141 0.625288 0.53521 0.388112 0.339165 0.319001 0.360138 0.388809 0.350773 0.718472 0.464223 0.452185
threshold=35.500000000000007 0 0.87867647058823539 3.5000000000000004 0.25657894736842107 1 2 3 4 1.0000000180025095e-35 66.500000000000014 14.500000000000002 119.50000000000001 37.416666666666679
decision_type=2 9 2 2 2 9 9 1 1 2 2 2 2 2
left_child=1 -1 4 6 -2 -6 -4 8 9 -7 11 -10 -12 -14
right_child=2 -3 3 -5 5 7 -8 -9 10 -11 12 -13 13 -15
leaf_value=-0.0033695274542662359 -0.00064532337824674182 0.0028766608414998217 0.0012751062953611837 -0.0028005567972847062 -7.0873636121327743e-05 0.0019479275325304506 -0.0006711667892779909 0.00045399927068948977 7.5894891936569581e-05 -0.0024849016123841029 0.0038481423637411662 0.0095105185459198605 0.0027901808710561861 -0.0049853507138323044
leaf_weight=36 1020 256 298 278 1073 106 844 905 244 91 383 21 44 31
leaf_count=36 1020 256 298 278 1073 106 844 905 244 91 383 21 44 31
internal_value=0.000173602 0.0020893 6.84374e-05 -0.000678547 0.000339271 0.000685918 -0.000159982 0.00112777 0.00178332 -0.000101933 0.00230876 0.000856487 0.00314535 -0.000447014
internal_weight=5630 292 5338 1420 3918 2898 1142 1825 920 197 723 265 458 75
internal_count=5630 292 5338 1420 3918 2898 1142 1825 920 197 723 265 458 75
cat_boundaries=0 1 2 3 4 5
cat_threshold=256 3129 96 33 1
is_linear=0
shrinkage=0.05


Tree=92
num_leaves=15
num_cat=4
split_feature=21 6 5 21 5 0 0 21 6 0 0 4 21 5
split_gain=0.482487 0.362824 0.305332 0.488689 0.529233 0.549813 0.329617 0.307458 0.298618 0.238847 0.363822 0.310407 0.27858 0.617193
threshold=0 0.85164835164835173 13.500000000000002 1 9.5000000000000018 80.500000000000014 90.500000000000014 2 0.81534090909090928 27.500000000000004 35.500000000000007 1.5000000000000002 3 2.5000000000000004
decision_type=9 2 2 9 2 2 2 9 2 2 2 2 9 2
left_child=-1 8 3 4 -3 -6 -7 -4 9 -2 -11 12 13 -12
right_child=1 2 7 -5 5 6 -8 -9 -10 10 11 -13 -14 -15
leaf_value=-0.0058102045492786497 -0.0029254720090186133 0.00033927912565287157 -0.00025920685792106736 -0.00093264862185891365 0.0087968354363267016 -0.0067909106224154419 0.0052001897584308286 -0.0041778162993866491 0.0029193807328256834 0.0025547602367211389 -0.013216519604126613 0.00035232978359622862 -5.5933811648940618e-05 -0.0015900657779967739
leaf_weight=30 60 293 97 1014 40 11.000000000000002 9.9999999999999982 108 101 160 10.999999999999998 2981 465 248
leaf_count=30 60 293 97 1014 40 11 10 108 101 160 11 2981 465 248
internal_value=-4.03004e-05 -3.16219e-06 -0.00064685 -0.000376313 0.00121147 0.00542551 -0.00110404 -0.0024416 0.000248427 0.000178971 0.000227909 0.000126761 -0.000801199 -0.00209255
internal_weight=5629 5599 1573 1368 354 61 21 205 4026 3925 3865 3705 724 259
internal_count=5629 5599 1573 1368 354 61 21 205 4026 3925 3865 3705 724 259
cat_boundaries=0 1 2 3 4
cat_threshold=1024 96 2190 2212
is_linear=0
shrinkage=0.05


Tree=93
num_leaves=15
num_cat=3
split_feature=1 9 21 9 6 21 9 6 21 5 9 2 2 9
split_gain=0.545325 0.752617 0.812585 0.46396 0.353224 0.306024 0.304883 0.264154 0.256897 0.439379 0.471528 0.566714 0.271108 0.217051
threshold=3.5000000000000004 50.100000000000009 0 31.708333333333339 0.90454545454545465 1 19.100000000000005 0.20714285714285716 2 9.5000000000000018 29.125000000000004 1.5000000000000002 1.5000000000000002 20.550000000000004
decision_type=2 2 9 2 2 9 2 2 9 2 2 2 2 2
left_child=5 2 4 6 -2 13 -4 -5 9 10 11 -8 -10 -1
right_child=1 -3 3 7 -6 -7 8 -9 12 -11 -12 -13 -14 -15
leaf_value=-0.0024795625675728336 -0.0016209904830607608 -0.014154768735170365 0.0054649823340182403 -0.0028192522681572221 -0.004786015266822573 0.00042053844961070346 -0.0010203826540964656 0.0057674169103337225 1.2579057365655901e-06 -0.0047717415403123152 -0.0070956064343807249 0.005317009617108852 0.0063999484516680241 -0.00027777711129800515
leaf_weight=125 348 9.9999999999999982 22 9.9999999999999982 118 3590 119 56 49 65 20 49 24 1006
leaf_count=125 348 10 22 10 118 3590 119 56 49 65 20 49 24 1006
internal_value=-1.92276e-05 -0.00115378 -0.000990139 0.000626069 -0.00240522 0.000194856 -9.96616e-05 0.00444375 -0.000490754 -0.0012376 -2.96464e-05 0.000848548 0.0020261 -0.000520797
internal_weight=5611 890 880 414 466 4721 348 66 326 253 188 168 73 1131
internal_count=5611 890 880 414 466 4721 348 66 326 253 188 168 73 1131
cat_boundaries=0 1 2 3
cat_threshold=3250 3328 321
is_linear=0
shrinkage=0.05


Tree=94
num_leaves=15
num_cat=6
split_feature=1 9 21 9 6 21 6 21 0 4 0 21 21 22
split_gain=0.445291 0.763252 0.551576 0.56189 0.408338 0.404001 0.403805 0.314771 0.313931 0.27481 0.532796 0.526544 0.476844 0.300779
threshold=3.5000000000000004 47.833333333333336 0 32.875000000000007 0.12916666666666668 1 0.89181286549707617 2 155.50000000000003 1.5000000000000002 60.500000000000007 3 4 5
decision_type=2 2 9 2 2 9 2 9 2 2 2 9 9 1
left_child=8 2 -2 4 -4 -5 -6 -8 9 10 11 -1 -12 -11
right_child=1 -3 3 5 6 -7 7 -9 -10 13 12 -13 -14 -15
leaf_value=-0.0021435862404805628 -0.0023116825030452155 -0.012252497815837463 -0.007077690400183201 0.0067639508591964843 0.00092303318343571548 -0.0015138097624811863 -0.0061101106030400851 -0.00070239833439700305 0.0076207548596097952 0.00071018919331535891 -0.00032601855966883403 0.002293858810509366 -0.0038820773144278044 -0.0001580132996087496
leaf_weight=96 377 13.999999999999998 21 44 299 21 34 98 12.999999999999998 2004 204 191 177 1979
leaf_count=96 377 14 21 44 299 21 34 98 13 2004 204 191 177 1979
internal_value=-5.26136e-05 -0.00106501 -0.000876316 0.000193254 -0.00043323 0.00450492 -9.38516e-05 -0.00238687 0.000144668 0.000122138 -0.000815605 0.000809876 -0.00203896 0.000279574
internal_weight=5572 908 894 517 452 65 431 132 4664 4651 668 287 381 3983
internal_count=5572 908 894 517 452 65 431 132 4664 4651 668 287 381 3983
cat_boundaries=0 1 2 3 4 5 6
cat_threshold=3122 328 64 332 302 33
is_linear=0
shrinkage=0.05


Tree=95
num_leaves=15
num_cat=4
split_feature=5 21 0 6 4 5 6 23 21 6 1 21 6 0
split_gain=0.400547 0.591744 0.729656 0.548149 1.01998 0.461734 0.325651 0.294253 0.288016 0.250517 0.308267 0.40878 0.246476 0.27034
threshold=15.500000000000002 0 45.500000000000007 0.34313725490196084 4.5000000000000009 14.500000000000002 0.9772727272727274 1 2 0.88562091503267981 3.5000000000000004 3 0.25657894736842107 24.500000000000004
decision_type=2 9 2 2 2 2 2 1 9 2 2 9 2 2
left_child=5 2 -2 4 -4 8 -5 -7 -1 12 -11 -12 -10 -14
right_child=1 -3 3 6 -6 7 -8 -9 9 10 11 -13 13 -15
leaf_value=-0.0047680638715504641 0.0078746265066521517 0.00073964225195691387 -0.004194946526441464 -0.0017222495460914246 -0.019933511316776276 0.0060263657793051227 -0.0097292002423533391 -0.00045131613603896568 -0.00040007191288796682 -0.00013705319448785683 -0.003449365667951166 0.00050447836375652668 -0.0033616944609424211 0.00059028900733279033
leaf_weight=25 12.999999999999998 165 42 147 12.999999999999998 52 12.999999999999998 26 972 1158 170 105 43 2686
leaf_count=25 13 165 42 147 13 52 13 26 972 1158 170 105 43 2686
internal_value=-2.05012e-05 -0.00155794 -0.00316371 -0.00393775 -0.0082045 9.51485e-05 -0.0024292 0.00388876 3.70496e-05 6.59506e-05 -0.000495074 -0.00199671 0.000283339 0.00052681
internal_weight=5630 393 228 215 55 5237 160 78 5159 5134 1433 275 3701 2729
internal_count=5630 393 228 215 55 5237 160 78 5159 5134 1433 275 3701 2729
cat_boundaries=0 1 2 3 4
cat_threshold=97 8 1024 2386
is_linear=0
shrinkage=0.05


Tree=96
num_leaves=15
num_cat=1
split_feature=0 5 13 7 13 9 2 5 5 0 0 9 21 2
split_gain=0.388529 0.393337 0.339438 0.468205 0.692861 0.699301 0.589932 0.376123 0.561589 0.487846 0.369238 0.328598 0.326115 0.31773
threshold=238.00000000000003 16.500000000000004 2.5000000000000004 1.0000000180025095e-35 1.0000000180025095e-35 37.708333333333336 1.5000000000000002 15.500000000000002 14.500000000000002 113.50000000000001 119.50000000000001 18.708333333333339 0 1.5000000000000002
decision_type=2 2 2 2 2 2 2 2 2 2 2 2 9 2
left_child=1 2 3 6 5 12 11 8 10 -9 13 -1 -5 -4
right_child=-2 -3 7 4 -6 -7 -8 9 -10 -11 -12 -13 -14 -15
leaf_value=-0.0029195429845380468 -0.0094084309922023261 0.0031542643545238672 0.00029825399908697879 -0.0055867153773215255 -0.00048911406200402542 0.0024581941956663897 -0.0049121444372253291 -0.0029241436084599371 0.0055293047128038278 0.0072192216578584453 -0.0018610608269904504 0.00059863197698542341 -0.0017978943035590507 0.0019408038563299181
leaf_weight=69 9.9999999999999982 96 2012 154 1138 47 53 139 53 11.999999999999998 171 1284 116 344
leaf_count=69 10 96 2012 154 1138 47 53 139 53 12 171 1284 116 344
internal_value=-2.05867e-05 -2.43115e-06 -5.71776e-05 -0.000437703 -0.00106616 -0.00312964 0.000212948 0.000341476 0.000483705 -0.00207586 0.000375736 0.000417189 -0.00410781 0.000538805
internal_weight=5698 5688 5592 2861 1455 317 1406 2731 2580 151 2527 1353 270 2356
internal_count=5698 5688 5592 2861 1455 317 1406 2731 2580 151 2527 1353 270 2356
cat_boundaries=0 1
cat_threshold=2246
is_linear=0
shrinkage=0.05


Tree=97
num_leaves=15
num_cat=2
split_feature=6 9 6 7 5 5 6 22 9 1 23 4 9 7
split_gain=0.265692 0.329053 0.315631 0.320933 0.546926 0.414267 0.458759 0.418927 0.352662 0.313159 0.239126 0.663508 0.266503 0.306021
threshold=0.87867647058823539 15.16666666666667 0.14642857142857144 1.5000000000000002 15.500000000000002 9.5000000000000018 0.82843137254901966 0 33.875000000000007 3.5000000000000004 1 4.5000000000000009 25.416666666666668 1.0000000180025095e-35
decision_type=2 2 2 2 2 2 2 1 2 2 1 2 2 2
left_child=1 -1 -3 5 -5 6 -4 -8 -6 -2 11 -11 -12 -14
right_child=9 2 3 4 8 -7 7 -9 -10 10 12 -13 13 -15
leaf_value=0.0078829539806715074 -0.00019261505236705583 -0.0012390930071916684 1.6473304860015389e-05 -0.00047139487391129818 -0.0034164636724871461 0.0013474963591680142 -0.00048310938828553151 0.0071992810978012724 -0.014612131392244588 0.005677979860003248 -0.0014617354122115436 -0.0024149301314487235 -0.010456680239218733 -0.0032451254588997235
leaf_weight=12.999999999999998 1202 346 2395 303 22 983 33 37 9.9999999999999982 32 81 108 22 45
leaf_count=13 1202 346 2395 303 22 983 33 37 10 32 81 108 22 45
internal_value=2.42682e-05 0.000230247 0.00020425 0.000336553 -0.00113874 0.000480178 0.0001339 0.00409476 -0.00725188 -0.000548096 -0.00202594 -0.000537972 -0.00342041 -0.00573205
internal_weight=5632 4142 4129 3783 335 3448 2465 70 32 1490 288 140 148 67
internal_count=5632 4142 4129 3783 335 3448 2465 70 32 1490 288 140 148 67
cat_boundaries=0 1 2
cat_threshold=1 8
is_linear=0
shrinkage=0.05


Tree=98
num_leaves=15
num_cat=2
split_feature=21 6 9 5 0 13 4 6 9 9 21 4 0 9
split_gain=0.404159 0.411568 0.615154 0.500495 0.455099 0.407293 0.354377 0.347009 0.338308 0.345355 0.319716 0.230648 0.229811 0.259945
threshold=0 0.36931818181818188 51.833333333333336 4.5000000000000009 74.500000000000014 2.5000000000000004 7.5000000000000009 0.67543859649122817 19.416666666666668 20.550000000000004 1 15.500000000000002 39.500000000000007 34.550000000000004
decision_type=9 2 2 2 2 2 2 2 2 2 9 2 2 2
left_child=6 2 3 4 5 -2 10 -3 -5 -10 -1 -8 -9 -14
right_child=1 7 -4 8 -6 -7 11 12 9 -11 -12 -13 13 -15
leaf_value=-0.0051826448870762702 -0.013880076840081634 0.0015550790090640427 -0.010957259232444424 -0.0082654200183848552 -0.00024343298093692676 -0.0032575462426228281 -0.0014076623582676012 0.0032352072780110668 0.0079751633257339038 3.7275917531796137e-05 -6.8682116102371617e-05 -0.0077133454630772275 -0.00026283118343697144 0.0014980030539678846
leaf_weight=25 15.999999999999998 868 12.999999999999998 10.999999999999998 36 21 502 61 12.999999999999998 645 2202 13.999999999999998 974 266
leaf_count=25 16 868 13 11 36 21 502 61 13 645 2202 14 974 266
internal_value=2.22474e-05 0.000430773 -0.000573397 -0.000376968 -0.00427884 -0.00809546 -0.000413265 0.000781407 5.45485e-05 0.000205967 -0.000140176 -0.00159334 0.000264431 0.000115799
internal_weight=5667 2924 755 742 73 37 2743 2169 669 658 2227 516 1301 1240
internal_count=5667 2924 755 742 73 37 2743 2169 669 658 2227 516 1301 1240
cat_boundaries=0 1 2
cat_threshold=3473 1024
is_linear=0
shrinkage=0.05


Tree=99
num_leaves=15
num_cat=5
split_feature=0 5 21 0 21 22 21 5 0 21 5 0 6 5
split_gain=0.406271 0.363052 0.394951 0.34059 0.318679 0.270754 0.541077 0.618024 0.425601 0.419584 0.425222 0.34971 0.345688 0.541344
threshold=220.50000000000003 2.5000000000000004 0 182.50000000000003 1 2 3 12.500000000000002 65.500000000000014 4 5.5000000000000009 27.500000000000004 0.70294117647058829 14.500000000000002
decision_type=2 2 9 2 9 1 9 2 2 9 2 2 2 2
left_child=1 2 -1 4 -3 6 7 -6 -7 12 -11 -8 13 -10
right_child=-2 3 -4 -5 5 8 11 -9 9 10 -12 -13 -14 -15
leaf_value=0.00084910686043175782 -0.0096250843934037478 -0.0048675164174655401 -0.0049209180493275393 0.0073369633755646646 -0.0020469884878043386 0.00055242346112426564 -0.0034452584350947294 0.0031143765683974262 0.00012022829153769029 -0.0044964989020680902 0.00019890921231036698 0.00078158931106796312 -0.0028843498930800709 -0.0042755582354308498
leaf_weight=49 9.9999999999999982 27 70 14.999999999999998 365 935 49 68 359 50 883 2356 324 86
leaf_count=49 10 27 70 15 365 935 49 68 359 50 883 2356 324 86
internal_value=-2.53739e-05 -6.63663e-06 -0.00272741 5.25332e-05 3.13441e-05 6.07763e-05 0.00039931 -0.0012171 -0.000303641 -0.000774862 -5.69603e-05 0.000692635 -0.00163368 -0.000736976
internal_weight=5646 5636 119 5517 5502 5475 2838 433 2637 1702 933 2405 769 445
internal_count=5646 5636 119 5517 5502 5475 2838 433 2637 1702 933 2405 769 445
cat_boundaries=0 1 2 3 4 5
cat_threshold=53 1024 33 156 337
is_linear=0
shrinkage=0.05


end of trees

feature_importances:
total_area=297
district_slug=216
total_floors=213
area_per_room=129
building_type=127
floor_ratio=116
floor=81
condition_rank=65
condition=55
rooms=39
balcony_count=29
bathrooms=22
is_ground_floor=5
is_top_floor=4
has_elevator=2

parameters:
[boosting: gbdt]
[objective: regression]
[metric: l2]
[tree_learner: serial]
[device_type: cpu]
[data_sample_strategy: bagging]
[data: ]
[valid: ]
[num_iterations: 100]
[learning_rate: 0.05]
[num_leaves: 15]
[num_threads: 0]
[seed: 20260914]
[deterministic: 1]
[force_col_wise: 0]
[force_row_wise: 1]
[histogram_pool_size: -1]
[max_depth: -1]
[min_data_in_leaf: 10]
[min_sum_hessian_in_leaf: 0.001]
[bagging_fraction: 0.8]
[pos_bagging_fraction: 1]
[neg_bagging_fraction: 1]
[bagging_freq: 1]
[bagging_seed: 21650]
[bagging_by_query: 0]
[feature_fraction: 0.8]
[feature_fraction_bynode: 1]
[feature_fraction_seed: 15284]
[extra_trees: 0]
[extra_seed: 16932]
[early_stopping_round: 0]
[early_stopping_min_delta: 0]
[first_metric_only: 0]
[max_delta_step: 0]
[lambda_l1: 0]
[lambda_l2: 1]
[linear_lambda: 0]
[min_gain_to_split: 0]
[drop_rate: 0.1]
[max_drop: 50]
[skip_drop: 0.5]
[xgboost_dart_mode: 0]
[uniform_drop: 0]
[drop_seed: 13907]
[top_rate: 0.2]
[other_rate: 0.1]
[min_data_per_group: 5]
[max_cat_threshold: 32]
[cat_l2: 5]
[cat_smooth: 5]
[max_cat_to_onehot: 4]
[top_k: 20]
[monotone_constraints: ]
[monotone_constraints_method: basic]
[monotone_penalty: 0]
[feature_contri: ]
[forcedsplits_filename: ]
[refit_decay_rate: 0.9]
[cegb_tradeoff: 1]
[cegb_penalty_split: 0]
[cegb_penalty_feature_lazy: ]
[cegb_penalty_feature_coupled: ]
[path_smooth: 0]
[interaction_constraints: ]
[verbosity: -1]
[saved_feature_importance_type: 0]
[use_quantized_grad: 0]
[num_grad_quant_bins: 4]
[quant_train_renew_leaf: 0]
[stochastic_rounding: 1]
[linear_tree: 0]
[max_bin: 255]
[max_bin_by_feature: ]
[min_data_in_bin: 3]
[bin_construct_sample_cnt: 200000]
[data_random_seed: 5066]
[is_enable_sparse: 1]
[enable_bundle: 1]
[use_missing: 1]
[zero_as_missing: 0]
[feature_pre_filter: 1]
[pre_partition: 0]
[two_round: 0]
[header: 0]
[label_column: ]
[weight_column: ]
[group_column: ]
[ignore_column: ]
[categorical_feature: 21,22,23,24,25]
[forcedbins_filename: ]
[precise_float_parser: 0]
[parser_config_file: ]
[objective_seed: 9939]
[num_class: 1]
[is_unbalance: 0]
[scale_pos_weight: 1]
[sigmoid: 1]
[boost_from_average: 1]
[reg_sqrt: 0]
[alpha: 0.9]
[fair_c: 1]
[poisson_max_delta_step: 0.7]
[tweedie_variance_power: 1.5]
[lambdarank_truncation_level: 30]
[lambdarank_norm: 1]
[label_gain: ]
[lambdarank_position_bias_regularization: 0]
[eval_at: ]
[multi_error_top_k: 1]
[auc_mu_weights: ]
[num_machines: 1]
[local_listen_port: 12400]
[time_out: 120]
[machine_list_filename: ]
[machines: ]
[gpu_platform_id: -1]
[gpu_device_id: -1]
[gpu_device_id_list: ]
[gpu_use_dp: 0]
[num_gpu: 1]

end of parameters

pandas_categorical:[["ajapnyak", "arabkir", "avan", "davtashen", "erebuni", "kanaker-zeytun", "kentron", "malatia-sebastia", "nor-nork", "nork-marash", "nubarashen", "shengavit"], ["STONE", "PANEL", "MONOLITH", "KHRUSHCHYOVKA", "STALINKA", "NEW_BUILD"], ["NEEDS_REPAIR", "OLD_RENOVATION", "GOOD", "EURO_RENOVATION", "DESIGNER"], ["CENTRAL_GAS", "INDIVIDUAL_GAS_BOILER", "ELECTRIC", "NONE"], ["VERIFIED", "UNVERIFIED"]]
