tagh,gin,shintip,norakaruyc,verelak,senyak,sanhanguyc,makeres,patshgamb,veranorogum,tan_hark,shenqi_hark
Avan,185000,monolit,1,1,4,2,121,2,good_cond,6,14
Avan,72000,panelayin,0,1,4,1,90,1,norm_cond,8,9
Avan,110000,monolit,1,1,3,2,103,2,good_cond,12,14
Avan,95000,panelayin,0,1,3,1,79,1,good_cond,7,9
Avan,40000,panelayin,0,1,1,1,46,0,norm_cond,1,9
Avan,137500,monolit,1,1,4,2,122,2,good_cond,13,14
Avan,70000,panelayin,0,1,3,1,64,0,good_cond,5,9
Avan,167000,monolit,1,0,4,3,120,2,good_cond,3,4
Davitashen,138000,monolit,1,1,2,1,67,1,good_cond,7,16
Davitashen,109000,monolit,1,1,3,2,117,0,bad_cond,14,14
Davitashen,77000,monolit,1,1,3,1,62,2,good_cond,8,11
Davitashen,240000,monolit,1,1,4,3,196,2,good_cond,5,12
Davitashen,195000,monolit,1,1,3,1,142,2,good_cond,8,11
Davitashen,99000,monolit,1,1,2,1,76,2,good_cond,11,11
Davitashen,210000,monolit,1,1,4,2,152,2,good_cond,3,14
Davitashen,128000,monolit,1,1,4,2,138,2,good_cond,12,14
Davitashen,115000,monolit,1,1,3,1,85,1,good_cond,8,14
Davitashen,90000,monolit,1,1,2,1,72,1,good_cond,2,12
Davitashen,100000,panelayin,0,1,3,1,97,1,good_cond,6,9
Davitashen,67000,panelayin,0,1,2,1,62,0,good_cond,5,14
Davitashen,64000,panelayin,0,1,2,1,67,0,good_cond,4,9
Davitashen,130000,monolit,1,1,4,1,105,1,good_cond,6,14
Davitashen,158000,monolit,1,1,4,3,130,2,good_cond,11,11
Davitashen,109000,monolit,1,1,3,2,117,0,bad_cond,14,14
Davitashen,165000,monolit,1,1,5,3,180,2,bad_cond,14,15
Davitashen,54000,monolit,1,1,2,2,53,0,bad_cond,14,15
Davitashen,76000,monolit,1,1,3,1,78,1,norm_cond,11,12
Davitashen,136500,monolit,1,1,3,2,155,2,bad_cond,10,12
Davitashen,59000,monolit,1,0,2,1,66,0,bad_cond,1,3
Davitashen,290000,monolit,1,1,4,3,143,2,good_cond,11,15
Davitashen,129000,monolit,1,1,3,1,70,1,good_cond,12,16
Davitashen,95000,panelayin,0,1,3,1,76,0,good_cond,1,9
Erebuni,47000,qare,0,0,1,1,32,0,good_cond,3,5
Erebuni,67000,qare,0,1,3,1,80,2,bad_cond,3,6
Erebuni,41000,qare,0,0,1,1,30,0,good_cond,1,5
Erebuni,34000,panelayin,0,1,2,1,43,1,norm_cond,3,9
Erebuni,40000,qare,0,0,3,1,80,0,norm_cond,1,2
Qanaqer Zeytun,33000,qare,0,0,1,1,32,1,bad_cond,4,5
Qanaqer Zeytun,145000,monolit,1,1,3,2,88,1,good_cond,8,15
Qanaqer Zeytun,125000,monolit,1,1,3,2,110,1,good_cond,12,16
Qanaqer Zeytun,43000,qare,0,0,2,1,31,1,good_cond,5,5
Qanaqer Zeytun,58000,qare,0,0,3,1,73,0,good_cond,1,5
Qanaqer Zeytun,75000,panelayin,0,1,3,1,77,1,norm_cond,5,9
Qanaqer Zeytun,75000,qare,0,0,3,1,75,1,good_cond,5,5
Qanaqer Zeytun,59900,panelayin,0,1,3,1,64,0,good_cond,9,9
Qanaqer Zeytun,105000,monolit,1,1,3,1,85,2,good_cond,11,14
Qanaqer Zeytun,105000,monolit,1,1,3,1,85,2,good_cond,11,14
Qanaqer Zeytun,155000,monolit,1,1,4,2,140,0,good_cond,10,15
Qanaqer Zeytun,190000,monolit,1,1,4,2,140,2,good_cond,10,14
Qanaqer Zeytun,85000,qare,0,0,4,1,100,1,norm_cond,5,5
Qanaqer Zeytun,87000,qare,0,0,3,1,77,0,good_cond,3,5
Qanaqer Zeytun,81500,monolit,1,1,2,1,70,1,good_cond,10,14
Qanaqer Zeytun,170000,monolit,1,1,4,2,146,2,good_cond,12,15
Qanaqer Zeytun,95000,qare,0,1,3,1,83,0,good_cond,6,7
Qanaqer Zeytun,62000,panelayin,0,1,3,1,76,1,bad_cond,6,12
Qanaqer Zeytun,41000,qare,0,1,2,1,53,1,bad_cond,6,6
Qanaqer Zeytun,73000,panelayin,0,1,3,1,66,0,good_cond,3,9
Qanaqer Zeytun,63000,panelayin,0,1,4,1,106,1,norm_cond,6,9
Qanaqer Zeytun,105000,monolit,1,1,3,2,96,2,good_cond,3,14
Qanaqer Zeytun,110000,qare,0,0,5,2,180,2,bad_cond,5,5
Qanaqer Zeytun,175000,monolit,1,1,4,2,145,2,good_cond,5,15
Qanaqer Zeytun,128000,monolit,1,1,4,1,120,2,good_cond,4,10
Qanaqer Zeytun,87000,qare,0,0,4,1,96,1,good_cond,2,5
Qanaqer Zeytun,65000,qare,0,0,3,1,72,1,bad_cond,3,5
Qanaqer Zeytun,29000,qare,0,1,1,1,32,0,bad_cond,2,7
Qanaqer Zeytun,130000,monolit,1,1,3,2,109,1,good_cond,3,14
Kentron,205000,monolit,1,1,3,2,121,3,good_cond,11,17
Kentron,250000,monolit,1,1,4,2,106,0,good_cond,7,9
Kentron,120000,monolit,1,1,2,1,47,0,good_cond,4,13
Kentron,130000,qare,0,0,2,1,70,1,good_cond,5,5
Kentron,200000,monolit,1,1,3,1,72,0,good_cond,2,10
Kentron,200000,monolit,1,1,3,1,72,0,good_cond,2,10
Kentron,215000,monolit,1,1,2,1,50,1,good_cond,10,17
Kentron,230000,monolit,1,1,2,1,77,1,norm_cond,13,16
Kentron,160000,qare,0,0,3,1,75,1,good_cond,2,5
Kentron,290000,monolit,1,1,3,2,120,0,good_cond,3,14
Kentron,200000,qare,0,0,4,1,138,1,good_cond,3,4
Kentron,205000,monolit,1,1,3,2,121,2,good_cond,10,17
Kentron,220000,monolit,1,1,2,1,87,1,good_cond,12,14
Kentron,260000,monolit,1,1,2,1,110,1,good_cond,8,18
Kentron,244000,qare,0,0,3,1,86,1,good_cond,3,5
Kentron,69900,panelayin,0,1,1,1,48,1,bad_cond,9,9
Kentron,88900,qare,0,0,2,1,68,1,bad_cond,5,5
Kentron,250000,monolit,1,1,3,2,110,1,good_cond,7,10
Kentron,200000,monolit,1,1,4,3,175,3,bad_cond,10,14
Kentron,250000,monolit,1,1,2,2,87,1,good_cond,11,14
Kentron,73000,panelayin,0,1,1,1,41,0,bad_cond,4,9
Kentron,140000,qare,0,0,3,1,77,2,good_cond,2,5
Kentron,290000,qare,0,0,4,1,134,1,good_cond,4,4
Kentron,250000,monolit,1,1,3,1,99,3,good_cond,3,17
Kentron,175000,qare,0,0,3,2,84,1,good_cond,5,5
Kentron,109000,qare,0,0,2,1,56,1,good_cond,2,5
Kentron,155000,qare,0,0,3,1,80,1,good_cond,2,4
Kentron,170000,qare,0,0,3,1,82,0,good_cond,4,5
Kentron,77000,qare,0,0,1,1,32,0,good_cond,5,5
Kentron,90000,qare,0,0,2,1,40,1,good_cond,2,4
Kentron,175000,monolit,1,0,3,2,100,1,good_cond,3,5
Kentron,200000,qare,0,0,5,2,133,3,good_cond,4,5
Kentron,260000,monolit,1,1,3,3,110,1,good_cond,10,13
Kentron,250000,qare,0,0,3,2,100,1,good_cond,2,5
Kentron,250000,qare,0,0,3,2,85,2,good_cond,2,5
Kentron,225000,monolit,1,1,3,1,85,0,good_cond,7,12
Kentron,168000,qare,0,0,4,1,138,0,good_cond,4,4
Kentron,290000,monolit,1,1,3,2,120,0,good_cond,3,14
Kentron,250000,monolit,1,1,3,2,100,1,good_cond,3,17
Kentron,79000,panelayin,0,1,2,1,66,1,bad_cond,6,9
Kentron,250000,monolit,1,1,2,2,64,1,good_cond,4,16
Kentron,270000,qare,0,0,4,1,140,2,good_cond,3,5
Kentron,115000,qare,0,0,2,1,39,1,good_cond,4,5
Kentron,160000,monolit,1,1,2,1,46,1,good_cond,3,15
Kentron,280000,monolit,1,1,2,1,80,1,good_cond,6,14
Kentron,167000,qare,0,0,3,1,69,0,good_cond,2,5
Kentron,210000,qare,0,1,3,1,88,2,good_cond,5,7
Kentron,270000,qare,0,1,3,2,114,1,good_cond,6,6
Kentron,255000,monolit,0,1,3,2,100,1,good_cond,10,17
Kentron,275000,qare,0,0,3,2,90,1,good_cond,3,5
Kentron,110000,qare,0,0,3,2,108,1,good_cond,1,4
Kentron,110000,qare,0,0,3,2,108,1,good_cond,1,4
Kentron,129000,monolit,1,1,3,1,70,0,good_cond,14,14
Kentron,110000,qare,0,0,2,1,62,0,good_cond,2,4
Kentron,140000,qare,0,0,3,1,110,2,good_cond,5,5
Kentron,170000,monolit,1,1,2,1,65,0,good_cond,4,11
Kentron,200000,monolit,1,1,2,1,52,1,good_cond,9,17
Kentron,158000,monolit,1,1,1,1,41,1,good_cond,11,17
Kentron,225000,monolit,1,1,3,2,100,1,bad_cond,17,18
Kentron,62000,monolit,1,1,2,2,62,1,bad_cond,7,10
Kentron,92000,monolit,1,1,3,2,92,1,bad_cond,8,10
Kentron,69000,monolit,1,1,2,2,69,1,bad_cond,7,10
Kentron,125000,monolit,1,1,4,3,125,2,bad_cond,7,10
Kentron,88000,monolit,1,1,2,2,88,2,bad_cond,10,17
Kentron,200000,qare,0,0,4,2,174,2,good_cond,3,4
Kentron,125000,qare,0,0,2,1,75,0,bad_cond,3,4
Kentron,165000,panelayin,0,1,3,2,85,1,good_cond,9,10
Kentron,175000,qare,0,1,2,1,70,1,good_cond,6,7
Kentron,60000,monolit,1,1,1,1,38,1,good_cond,4,16
Kentron,140000,qare,0,0,3,1,104,2,good_cond,4,4
Kentron,230000,monolit,1,1,4,2,124,0,good_cond,4,6
Kentron,96500,monolit,1,1,2,1,46,1,bad_cond,14,18
Kentron,75000,panelayin,0,1,2,1,63,1,bad_cond,5,9
Kentron,138000,monolit,1,1,2,1,57,1,good_cond,3,14
Kentron,159000,monolit,1,1,2,1,45,1,good_cond,12,18
Kentron,290000,monolit,1,1,3,2,139,1,good_cond,15,17
Kentron,175000,monolit,0,1,3,2,80,2,good_cond,8,10
Kentron,90000,panelayin,0,1,2,1,84,0,norm_cond,5,14
Kentron,260000,monolit,1,1,3,2,107,1,good_cond,10,14
Kentron,170000,qare,0,0,3,1,93,1,norm_cond,4,5
Kentron,180000,monolit,1,1,2,1,76,1,good_cond,3,14
Kentron,150000,monolit,1,1,2,1,55,0,good_cond,7,14
Kentron,199000,qare,0,0,5,2,135,3,good_cond,4,5
Kentron,165000,monolit,1,1,2,1,58,1,good_cond,5,15
Kentron,145000,panelayin,0,1,4,1,93,2,norm_cond,3,9
Kentron,170000,qare,0,0,4,2,110,1,good_cond,4,5
Kentron,158000,qare,0,0,3,2,103,1,good_cond,5,5
Kentron,250000,monolit,1,1,3,1,101,1,good_cond,10,18
Kentron,75000,qare,0,0,2,1,40,1,norm_cond,3,5
Kentron,180000,monolit,1,1,3,1,75,1,good_cond,3,12
Kentron,43000,monolit,0,1,1,1,41,0,bad_cond,10,10
Kentron,240000,qare,0,0,5,1,170,3,norm_cond,3,4
Kentron,160000,monolit,1,1,2,1,47,1,good_cond,8,15
Kentron,92000,qare,0,0,2,1,37,0,good_cond,4,4
Kentron,165000,qare,0,0,3,1,83,1,good_cond,2,5
Kentron,145000,qare,0,0,3,1,76,0,norm_cond,2,4
Kentron,185000,panelayin,0,1,4,2,100,1,good_cond,9,9
Kentron,84000,qare,0,0,2,1,60,0,good_cond,2,5
Kentron,130000,panelayin,0,1,3,1,95,1,bad_cond,8,10
Kentron,150000,panelayin,0,1,2,1,68,1,good_cond,6,11
Kentron,120000,monolit,1,1,2,1,51,0,good_cond,3,10
Kentron,250000,monolit,1,1,3,1,93,0,good_cond,6,10
Kentron,200000,qare,0,0,3,2,137,1,good_cond,4,4
Kentron,205000,qare,0,0,3,2,84,2,good_cond,3,5
Kentron,250000,monolit,1,1,2,1,55,1,good_cond,11,14
Kentron,255000,monolit,1,1,3,1,79,1,good_cond,9,10
Kentron,275000,monolit,1,1,3,1,90,1,good_cond,12,18
Kentron,175000,panelayin,0,1,3,1,85,1,good_cond,6,9
Kentron,60000,qare,0,0,2,1,36,1,good_cond,4,4
Kentron,150000,monolit,1,1,2,2,50,1,good_cond,13,13
Kentron,177000,monolit,1,1,2,1,50,1,good_cond,8,15
Kentron,250000,qare,0,0,3,2,90,1,good_cond,2,5
Kentron,220000,monolit,1,1,3,3,134,2,good_cond,8,12
Kentron,72000,qare,0,0,2,1,68,1,bad_cond,3,4
Kentron,230000,qare,0,0,3,2,116,2,good_cond,4,4
Kentron,158000,monolit,1,1,2,1,52,1,bad_cond,9,16
Kentron,238000,monolit,1,1,2,2,70,1,good_cond,11,11
Kentron,240000,qare,0,0,4,2,135,1,norm_cond,2,5
Kentron,105000,panelayin,0,1,2,1,52,0,good_cond,6,12
Kentron,226000,monolit,1,1,2,1,80,1,bad_cond,10,16
Kentron,175000,monolit,1,1,2,1,50,1,good_cond,2,15
Kentron,115000,monolit,1,1,1,1,36,0,good_cond,3,15
Kentron,169000,monolit,1,1,1,1,43,0,good_cond,5,15
Kentron,202000,monolit,1,1,2,1,83,1,bad_cond,9,16
Kentron,110000,monolit,1,1,1,1,28,0,good_cond,12,16
Kentron,230000,monolit,1,1,2,1,62,1,good_cond,6,16
Kentron,149000,qare,0,0,3,1,63,0,good_cond,4,4
Kentron,245000,monolit,1,1,3,2,108,1,good_cond,7,10
Kentron,110000,qare,0,0,2,1,61,0,good_cond,2,5
Kentron,260000,monolit,1,1,2,1,110,1,good_cond,6,18
Kentron,119000,qare,0,0,2,1,56,1,good_cond,4,4
Kentron,160000,qare,0,0,4,2,98,1,good_cond,4,4
Kentron,270000,monolit,1,1,3,2,101,1,good_cond,6,6
Kentron,225000,monolit,1,1,2,1,90,2,good_cond,11,15
Kentron,280000,qare,0,0,3,1,98,1,good_cond,2,5
Kentron,199000,monolit,1,1,3,1,76,0,good_cond,6,10
Kentron,145000,qare,0,0,3,2,95,1,norm_cond,2,4
Kentron,87000,panelayin,0,1,1,1,46,1,norm_cond,3,10
Kentron,80000,qare,0,0,1,1,40,1,bad_cond,4,5
Kentron,195000,monolit,1,1,3,2,100,0,good_cond,4,6
Kentron,175000,monolit,1,1,3,1,85,0,good_cond,6,12
Kentron,180000,monolit,1,1,3,1,73,1,good_cond,4,18
Kentron,77000,panelayin,0,1,2,1,40,0,good_cond,5,9
Kentron,120000,qare,0,1,3,1,75,1,good_cond,6,6
Kentron,162000,monolit,1,1,2,1,41,0,good_cond,5,15
Kentron,92000,panelayin,0,1,3,1,96,1,good_cond,2,9
Kentron,169000,monolit,1,1,3,2,70,0,good_cond,2,9
Kentron,200000,monolit,1,1,3,2,125,2,norm_cond,4,6
Kentron,95200,monolit,1,1,2,1,56,0,norm_cond,4,6
Kentron,73000,panelayin,0,1,1,1,38,1,good_cond,3,9
Kentron,73000,panelayin,0,1,1,1,38,1,good_cond,3,9
Kentron,65000,panelayin,0,1,1,1,39,0,norm_cond,9,11
Kentron,82000,panelayin,0,1,3,1,80,1,bad_cond,2,9
Kentron,265000,monolit,1,1,3,1,140,2,good_cond,15,17
Kentron,125000,panelayin,0,1,2,1,45,0,good_cond,12,12
Kentron,198000,qare,0,0,4,1,96,0,good_cond,3,5
Kentron,117700,panelayin,0,1,3,1,83,1,bad_cond,6,9
Kentron,188500,qare,0,1,3,1,89,1,good_cond,6,9
Kentron,110000,panelayin,0,1,2,1,60,0,good_cond,3,9
Kentron,120000,qare,0,0,3,1,68,1,good_cond,2,5
Kentron,66500,qare,0,0,1,1,34,1,norm_cond,3,5
Kentron,66500,qare,0,0,1,1,34,1,norm_cond,3,5
Kentron,125000,monolit,1,1,2,1,48,0,good_cond,10,15
Kentron,205500,monolit,1,1,3,1,80,0,good_cond,10,11
Kentron,269500,monolit,1,1,3,1,105,0,good_cond,10,11
Kentron,156650,monolit,1,1,2,1,45,0,good_cond,10,11
Kentron,199800,monolit,1,1,2,1,75,0,good_cond,10,11
Kentron,259000,monolit,1,1,2,1,87,1,good_cond,18,23
Kentron,190000,qare,0,0,2,1,71,2,good_cond,5,5
Kentron,100000,monolit,1,1,1,1,30,0,good_cond,4,17
Kentron,100000,qare,0,0,1,1,36,1,good_cond,2,5
Kentron,195000,monolit,1,1,2,1,85,1,norm_cond,10,17
Kentron,210000,monolit,1,1,3,1,91,2,good_cond,10,13
Kentron,210000,monolit,1,1,3,1,93,2,good_cond,10,13
Kentron,210000,monolit,1,1,2,1,85,1,bad_cond,10,18
Kentron,165000,qare,0,0,3,2,66,2,good_cond,4,4
Kentron,90000,monolit,1,1,1,1,40,0,good_cond,2,8
Kentron,115000,qare,0,0,2,1,55,0,good_cond,3,4
Kentron,100000,qare,0,0,1,1,45,0,good_cond,4,5
Kentron,115000,panelayin,0,1,2,1,58,0,good_cond,6,11
Kentron,90000,qare,0,0,1,1,40,1,good_cond,2,3
Kentron,87000,qare,0,1,1,1,40,1,good_cond,3,6
Kentron,97000,qare,0,0,1,1,33,0,good_cond,2,5
Kentron,165000,monolit,1,1,3,2,94,1,good_cond,7,9
Kentron,220000,qare,0,1,4,2,140,3,norm_cond,3,6
Kentron,140000,panelayin,0,1,3,1,80,1,good_cond,3,9
Kentron,225000,monolit,1,1,3,1,90,0,bad_cond,5,10
Kentron,185000,panelayin,0,1,3,1,100,1,good_cond,3,9
Kentron,89500,panelayin,0,1,2,1,44,0,good_cond,8,10
Kentron,233000,monolit,1,1,3,2,99,1,norm_cond,16,19
Kentron,220000,qare,0,0,4,2,132,0,good_cond,6,5
Kentron,200000,panelayin,0,1,4,2,127,1,norm_cond,8,13
Kentron,215000,qare,0,0,3,2,93,0,good_cond,5,5
Kentron,81000,qare,0,0,2,1,80,1,norm_cond,4,4
Kentron,140000,qare,0,0,3,1,105,1,good_cond,5,5
Kentron,272000,monolit,1,1,3,1,75,1,good_cond,6,10
Kentron,255000,monolit,1,1,3,1,94,0,good_cond,3,10
Kentron,11000,monolit,1,1,5,3,262,2,good_cond,6,18
Kentron,150000,monolit,0,1,3,2,77,1,good_cond,7,11
Kentron,155000,monolit,1,1,3,1,135,0,good_cond,4,11
Kentron,165000,qare,0,0,3,2,98,0,good_cond,5,5
Kentron,105000,qare,0,0,2,1,104,0,bad_cond,1,5
Kentron,200000,monolit,1,1,4,2,135,1,good_cond,5,10
Kentron,165000,monolit,1,1,3,2,94,1,good_cond,5,7
Kentron,115000,monolit,1,1,4,2,120,2,good_cond,14,14
Kentron,75000,panelayin,0,1,3,1,78,1,good_cond,9,9
Kentron,245000,monolit,1,1,3,2,120,2,good_cond,5,6
Kentron,98000,qare,0,0,3,1,90,2,norm_cond,3,4
Kentron,95000,monolit,1,0,2,2,51,0,good_cond,2,5
Kentron,100000,monolit,1,0,2,1,61,0,good_cond,2,5
Kentron,125000,monolit,1,1,3,2,100,0,good_cond,7,14
Kentron,64500,monolit,1,1,2,1,55,1,good_cond,12,14
Kentron,70000,monolit,1,1,2,1,48,1,good_cond,10,14
Kentron,75000,panelayin,0,1,1,1,40,1,good_cond,6,10
Kentron,109000,qare,0,0,2,1,55,1,good_cond,3,4
Kentron,255000,monolit,1,1,4,2,164,2,good_cond,9,17
Kentron,165000,qare,0,0,3,1,85,1,good_cond,2,5
Kentron,107000,monolit,1,1,3,2,86,1,good_cond,9,14
Kentron,135000,monolit,1,1,2,1,72,1,good_cond,5,13
Kentron,180000,monolit,1,1,3,2,80,1,good_cond,8,12
Kentron,55000,panelayin,0,1,2,1,40,1,good_cond,13,14
Kentron,260000,monolit,1,0,3,2,172,2,good_cond,2,5
Kentron,137000,monolit,1,0,3,2,89,1,good_cond,1,5
Kentron,56000,monolit,1,0,1,1,43,1,bad_cond,2,5
Kentron,175000,monolit,1,1,4,2,106,1,bad_cond,2,6
Kentron,205000,monolit,1,1,4,2,125,2,bad_cond,6,10
Kentron,250000,monolit,1,1,3,2,106,1,good_cond,4,6
Kentron,87000,panelayin,0,1,2,1,80,1,good_cond,8,14
Kentron,65000,monolit,1,1,1,1,54,1,good_cond,10,14
Kentron,200000,monolit,1,0,3,2,145,0,good_cond,1,4
Kentron,135000,monolit,1,1,3,2,111,1,bad_cond,8,12
Kentron,55000,qare,0,0,1,1,38,1,norm_cond,3,5
Kentron,49000,panelayin,0,1,1,1,43,0,norm_cond,5,9
Kentron,187000,monolit,1,1,3,1,113,1,good_cond,5,12
Kentron,235000,monolit,1,0,3,2,151,2,bad_cond,3,5
Kentron,135000,panelayin,0,1,3,1,98,2,norm_cond,2,9
Kentron,175000,monolit,1,1,3,1,104,1,good_cond,5,16
Kentron,200000,monolit,1,1,2,2,90,2,good_cond,8,9
Kentron,88000,monolit,0,1,2,1,77,0,good_cond,11,16
Kentron,145000,monolit,1,1,3,3,134,2,bad_cond,7,10
Kentron,85000,qare,0,0,1,1,40,1,good_cond,4,5
Kentron,120000,qare,0,0,3,1,80,1,good_cond,4,4
Kentron,95000,qare,0,0,3,1,90,2,bad_cond,4,4
Kentron,220000,monolit,1,1,3,2,127,2,bad_cond,10,13
Kentron,178000,monolit,1,1,3,1,120,2,good_cond,11,14
Kentron,134000,panelayin,0,1,4,2,97,1,good_cond,6,12
Kentron,175000,monolit,1,0,3,1,82,1,good_cond,3,5
Kentron,110000,panelayin,0,1,3,1,97,1,good_cond,10,12
Kentron,131400,monolit,1,1,2,1,73,0,bad_cond,5,6
Kentron,120000,monolit,1,1,3,1,76,1,good_cond,10,16
Kentron,129000,panelayin,0,1,3,1,85,0,good_cond,12,16
Kentron,115000,monolit,1,0,4,2,110,0,norm_cond,1,4
Kentron,95000,monolit,1,1,2,1,54,1,good_cond,4,14
Kentron,95000,monolit,1,1,2,1,56,1,good_cond,4,16
Kentron,135000,monolit,1,1,4,2,105,1,good_cond,2,6
Kentron,56000,panelayin,0,1,2,1,41,1,good_cond,5,11
Kentron,50000,qare,0,0,2,1,58,1,bad_cond,2,2
Kentron,280000,monolit,1,1,3,2,121,3,good_cond,3,15
Kentron,255000,monolit,1,1,4,2,105,2,good_cond,3,6
Kentron,120000,panelayin,0,1,3,1,110,0,norm_cond,5,10
Kentron,77000,panelayin,0,1,3,1,80,1,good_cond,11,14
Kentron,155000,monolit,1,1,2,1,88,0,norm_cond,5,14
Kentron,88500,monolit,1,1,3,1,77,1,bad_cond,1,6
Kentron,88000,monolit,1,1,2,1,51,1,good_cond,2,16
Kentron,65000,panelayin,0,1,3,1,72,1,good_cond,10,10
Kentron,65000,panelayin,0,1,2,1,43,0,good_cond,4,9
Kentron,240000,monolit,1,1,3,2,120,1,bad_cond,21,22
Kentron,70000,monolit,0,1,2,1,68,1,norm_cond,7,9
Kentron,220000,monolit,1,1,3,2,105,1,good_cond,3,15
Kentron,178000,monolit,1,1,3,2,120,2,good_cond,11,14
Kentron,285000,monolit,1,1,3,2,107,0,good_cond,2,7
Malatia Sebastia,45000,panelayin,0,1,1,1,48,0,good_cond,2,9
Malatia Sebastia,50000,panelayin,0,1,3,1,74,0,norm_cond,9,9
Malatia Sebastia,85000,panelayin,0,1,3,1,71,0,good_cond,1,9
Malatia Sebastia,72000,panelayin,0,1,3,1,95,1,good_cond,7,9
Malatia Sebastia,69000,panelayin,0,1,3,1,83,1,good_cond,5,14
Malatia Sebastia,120000,panelayin,0,1,3,2,80,0,good_cond,5,14
Malatia Sebastia,38000,monolit,1,0,1,1,32,1,good_cond,2,4
Malatia Sebastia,85000,panelayin,0,1,3,1,82,0,good_cond,2,14
Nor Norq,37500,panelayin,0,1,1,1,41,0,norm_cond,7,12
Nor Norq,62000,panelayin,0,1,3,1,78,1,good_cond,7,9
Nor Norq,149000,monolit,1,1,3,2,141,1,norm_cond,5,16
Nor Norq,47500,monolit,1,1,2,1,50,1,bad_cond,3,6
Nor Norq,66500,monolit,1,1,2,2,70,1,bad_cond,3,6
Nor Norq,299000,monolit,1,1,4,1,141,0,good_cond,13,16
Nor Norq,47000,monolit,1,1,2,1,47,1,good_cond,5,9
Nor Norq,88000,monolit,0,1,3,1,90,0,good_cond,7,12
Nor Norq,147000,monolit,1,1,3,1,141,1,bad_cond,5,15
Nor Norq,92400,monolit,1,1,3,2,84,1,bad_cond,2,6
Nor Norq,45000,panelayin,0,1,2,1,67,1,bad_cond,4,9
Nor Norq,57000,panelayin,0,0,3,1,64,1,good_cond,2,5
Nor Norq,112000,monolit,1,1,3,1,81,0,good_cond,4,16
Nor Norq,89000,monolit,1,1,3,1,75,1,bad_cond,11,16
Nor Norq,77000,qare,0,0,3,1,68,1,good_cond,3,5
Nor Norq,80000,monolit,1,0,3,1,95,0,norm_cond,3,3
Nor Norq,53000,panelayin,0,1,2,1,60,1,norm_cond,5,9
Nor Norq,75000,panelayin,0,1,3,1,62,1,norm_cond,3,12
Nor Norq,52000,panelayin,0,1,3,1,76,2,norm_cond,4,9
Nor Norq,75000,panelayin,0,1,4,1,120,1,bad_cond,4,9
Nor Norq,35000,kasetayin,0,0,1,1,36,1,bad_cond,2,5
Nor Norq,210000,monolit,1,1,3,2,141,1,good_cond,10,16
Nor Norq,85000,qare,0,0,3,2,115,1,good_cond,1,5
Nor Norq,65000,monolit,0,1,2,1,79,0,norm_cond,10,15
Nor Norq,155000,monolit,1,0,3,2,82,0,good_cond,1,3
Shengavit,85000,qare,0,0,3,1,96,1,norm_cond,4,4
Shengavit,69000,qare,0,0,3,1,75,1,norm_cond,3,4
Shengavit,130000,qare,0,0,4,2,155,2,good_cond,3,4
Shengavit,150000,monolit,1,1,3,2,104,1,good_cond,11,11
Shengavit,85000,qare,0,0,3,2,101,0,good_cond,1,4
Shengavit,49500,qare,0,0,2,1,65,1,bad_cond,5,5
Shengavit,64000,qare,0,0,2,1,67,0,norm_cond,2,5
Shengavit,47000,qare,0,0,2,1,60,1,norm_cond,3,3
Shengavit,49000,qare,0,0,3,1,70,0,good_cond,1,2
Shengavit,85000,qare,0,0,3,1,94,0,good_cond,4,4
Shengavit,35000,qare,0,0,1,1,36,0,good_cond,3,3
Shengavit,64000,qare,0,0,3,1,75,2,good_cond,4,5
Adjapnyak,77000,panelayin,0,1,3,2,87,0,good_cond,1,9
Adjapnyak,65000,qare,0,0,3,1,87,0,good_cond,2,5
Adjapnyak,65000,monolit,1,1,2,1,50,1,good_cond,3,6
Adjapnyak,76000,monolit,1,0,4,2,140,0,bad_cond,1,5
Adjapnyak,120000,monolit,1,1,4,2,137,1,norm_cond,11,14
Adjapnyak,75000,panelayin,0,1,3,1,75,0,good_cond,9,9
Adjapnyak,53000,panelayin,0,1,3,1,80,1,good_cond,5,9
Adjapnyak,140000,monolit,1,1,4,2,135,1,good_cond,6,7
Adjapnyak,57000,panelayin,0,1,2,1,67,1,good_cond,2,9
Adjapnyak,37000,panelayin,0,1,1,1,51,1,bad_cond,11,16
Adjapnyak,56000,panelayin,0,1,2,1,72,0,good_cond,1,9
Adjapnyak,250000,monolit,1,0,5,2,170,0,good_cond,2,5
Adjapnyak,155000,monolit,1,1,4,2,140,2,good_cond,5,6
Adjapnyak,54000,panelayin,0,1,2,1,52,1,good_cond,5,9
Adjapnyak,60000,qare,1,0,4,2,120,1,bad_cond,1,1
Adjapnyak,38000,qare,0,0,1,1,30,1,good_cond,2,5
Adjapnyak,68000,panelayin,0,1,3,1,98,2,norm_cond,3,9
Adjapnyak,82000,monolit,1,1,2,1,60,0,good_cond,2,10
Adjapnyak,35000,panelayin,0,1,1,1,42,1,good_cond,11,12
Adjapnyak,32000,panelayin,0,1,1,1,42,1,good_cond,8,9
Adjapnyak,48000,panelayin,0,1,1,1,54,1,norm_cond,6,10
Adjapnyak,51000,monolit,1,0,3,1,58,0,good_cond,2,5
Adjapnyak,88000,qare,0,0,3,1,76,0,norm_cond,4,4
Adjapnyak,60000,panelayin,0,1,3,1,78,1,good_cond,8,9
Adjapnyak,60500,monolit,1,1,1,1,52,1,good_cond,7,12
Adjapnyak,58000,monolit,1,1,3,1,68,1,norm_cond,10,10
Adjapnyak,60000,qare,1,0,4,2,120,1,bad_cond,1,1
Adjapnyak,55000,panelayin,0,1,3,1,78,1,norm_cond,8,16
Adjapnyak,65000,panelayin,0,1,3,1,80,2,good_cond,3,9
Adjapnyak,36000,qare,0,0,1,1,30,0,good_cond,2,5
Adjapnyak,40000,qare,0,0,1,1,38,1,good_cond,3,4
Adjapnyak,45000,qare,0,0,3,1,80,1,norm_cond,5,5
Adjapnyak,46000,qare,0,0,2,1,51,1,norm_cond,3,4
Adjapnyak,52000,panelayin,0,1,3,1,90,1,norm_cond,4,16
Adjapnyak,51500,panelayin,0,1,3,1,75,2,norm_cond,7,9
Adjapnyak,59000,panelayin,0,1,3,2,80,0,good_cond,8,16
Adjapnyak,70000,panelayin,1,1,2,1,74,1,good_cond,12,12
Adjapnyak,42000,panelayin,0,1,3,1,62,1,bad_cond,3,16
Adjapnyak,70000,qare,0,0,3,1,64,0,good_cond,4,5
Adjapnyak,33000,qare,0,0,1,1,28,0,bad_cond,1,4
Adjapnyak,58000,panelayin,0,1,2,1,65,0,good_cond,3,16
Adjapnyak,69000,monolit,0,1,4,2,113,2,good_cond,2,16
Adjapnyak,47000,panelayin,0,1,4,2,96,2,norm_cond,15,16
Adjapnyak,88000,qare,0,0,3,1,108,1,bad_cond,1,5
Adjapnyak,52000,panelayin,0,1,2,1,73,1,norm_cond,12,16
Adjapnyak,52000,panelayin,0,1,3,1,65,1,good_cond,11,16
Adjapnyak,42000,monolit,1,1,1,1,43,0,good_cond,6,12
Adjapnyak,92500,qare,0,0,3,1,82,0,good_cond,2,4
Adjapnyak,110000,monolit,1,1,3,1,80,1,good_cond,9,13
Adjapnyak,200000,monolit,1,0,4,2,112,2,good_cond,4,4
Adjapnyak,75000,monolit,0,1,4,1,100,1,good_cond,2,16
Adjapnyak,57000,qare,0,0,3,1,70,1,norm_cond,3,4
Adjapnyak,31000,qare,0,0,1,1,30,0,good_cond,2,4
Adjapnyak,67000,qare,0,0,4,1,107,1,norm_cond,1,5
Adjapnyak,77000,panelayin,1,1,3,1,67,0,good_cond,6,12
Adjapnyak,59000,panelayin,0,1,3,2,85,1,norm_cond,6,12
Adjapnyak,70000,panelayin,0,1,3,1,86,1,norm_cond,10,14
Adjapnyak,50000,qare,0,0,2,1,60,1,norm_cond,2,4
Adjapnyak,82000,qare,0,0,3,1,82,0,good_cond,2,5
Adjapnyak,51000,qare,0,0,3,1,74,1,norm_cond,2,4
Adjapnyak,38000,monolit,0,1,2,1,50,0,good_cond,1,14
Adjapnyak,60000,panelayin,1,1,4,1,97,2,norm_cond,6,16
Adjapnyak,40000,qare,0,1,2,1,46,0,bad_cond,10,16
Adjapnyak,37000,monolit,1,1,1,1,35,0,good_cond,10,11
Adjapnyak,53000,qare,0,0,2,1,54,0,good_cond,1,4
Adjapnyak,38000,qare,0,0,3,1,65,2,norm_cond,5,5
Adjapnyak,65000,monolit,0,1,4,1,100,1,good_cond,11,16
Adjapnyak,33000,panelayin,0,1,1,1,42,1,norm_cond,4,9
Adjapnyak,155555,monolit,1,1,4,2,103,2,good_cond,7,9
Adjapnyak,38000,qare,0,0,1,1,38,1,good_cond,4,4
Adjapnyak,90000,panelayin,0,1,3,1,100,1,norm_cond,13,14
Adjapnyak,82000,qare,0,0,3,3,84,1,good_cond,3,5
Adjapnyak,56900,qare,0,1,3,1,60,0,good_cond,1,16
Adjapnyak,47000,panelayin,0,1,2,1,63,1,good_cond,14,16
Adjapnyak,85000,monolit,1,1,3,1,67,0,good_cond,8,12
Adjapnyak,61000,panelayin,0,1,3,1,76,1,good_cond,1,9
Adjapnyak,45000,panelayin,0,1,2,1,64,1,norm_cond,6,16
Adjapnyak,51000,panelayin,0,0,3,1,75,0,norm_cond,4,4
Adjapnyak,80000,qare,1,0,3,3,70,1,good_cond,1,4
Adjapnyak,53000,monolit,1,1,1,1,48,0,good_cond,5,14
Adjapnyak,35000,panelayin,0,1,1,1,42,1,norm_cond,9,9
Adjapnyak,130000,panelayin,1,1,3,2,106,0,good_cond,11,13
Adjapnyak,86000,panelayin,0,1,4,1,98,2,norm_cond,5,14
Adjapnyak,54000,panelayin,1,1,3,1,62,0,good_cond,2,16
Adjapnyak,75000,qare,0,0,4,1,89,1,norm_cond,1,5
Adjapnyak,62000,qare,0,0,2,1,58,0,bad_cond,3,4
Adjapnyak,60000,panelayin,0,1,2,1,67,1,good_cond,2,14
Adjapnyak,67000,qare,0,0,3,1,75,1,norm_cond,1,5
Adjapnyak,40000,qare,0,0,1,1,42,1,norm_cond,2,4
Adjapnyak,110000,qare,0,0,4,1,125,1,norm_cond,2,2
Adjapnyak,42000,qare,0,0,2,1,62,1,norm_cond,2,4
Adjapnyak,72000,panelayin,0,1,4,2,86,0,good_cond,11,16
Adjapnyak,53000,panelayin,0,1,4,1,96,0,good_cond,14,16
Adjapnyak,32000,monolit,0,1,1,1,41,1,bad_cond,12,12
Adjapnyak,68500,monolit,1,1,3,1,77,0,good_cond,4,7
Adjapnyak,42000,qare,0,0,2,1,51,1,bad_cond,4,4
Adjapnyak,44000,qare,0,0,2,1,52,1,norm_cond,1,4
Adjapnyak,59000,panelayin,0,1,3,1,80,1,norm_cond,9,9
Adjapnyak,80000,qare,0,0,3,2,139,0,good_cond,1,2
Adjapnyak,58000,qare,0,0,3,1,70,1,good_cond,3,4
Adjapnyak,39500,qare,0,0,1,1,47,1,norm_cond,2,5
Adjapnyak,51000,qare,0,0,2,1,57,1,norm_cond,4,5
Adjapnyak,51000,qare,0,0,2,1,57,1,norm_cond,4,5
Adjapnyak,85000,monolit,0,1,2,1,50,1,good_cond,12,14
Adjapnyak,45000,monolit,0,1,2,1,61,1,norm_cond,8,13
Adjapnyak,51000,monolit,1,0,3,1,58,0,good_cond,2,5
Adjapnyak,32000,panelayin,0,1,1,1,42,1,good_cond,8,9
Adjapnyak,68000,panelayin,0,1,3,1,98,2,norm_cond,3,9
Adjapnyak,48000,panelayin,0,1,1,1,54,1,norm_cond,6,10
Adjapnyak,35000,panelayin,0,1,1,1,42,1,good_cond,11,12
Adjapnyak,60000,qare,1,0,4,2,120,1,bad_cond,1,1
Adjapnyak,82000,monolit,1,1,2,1,60,0,good_cond,2,10
Adjapnyak,38000,qare,0,0,1,1,30,1,good_cond,2,5
Adjapnyak,48000,qare,0,0,1,1,38,1,good_cond,2,4
Adjapnyak,70000,qare,0,1,3,1,91,0,bad_cond,4,9
Adjapnyak,70000,monolit,0,1,3,1,80,2,good_cond,10,15
Adjapnyak,50000,qare,0,0,3,1,58,1,norm_cond,3,5
Adjapnyak,67000,panelayin,0,1,2,1,70,1,good_cond,5,9
Adjapnyak,59900,panelayin,0,1,3,1,84,1,norm_cond,1,9
Adjapnyak,37000,monolit,1,1,1,1,35,0,good_cond,10,11
Adjapnyak,80000,panelayin,0,1,4,1,119,1,bad_cond,2,14
Adjapnyak,30000,qare,0,0,1,1,35,0,norm_cond,1,4
Adjapnyak,63000,monolit,0,1,4,3,82,0,good_cond,16,16
Adjapnyak,75000,qare,1,1,3,1,87,0,norm_cond,5,10
Adjapnyak,58000,panelayin,0,1,3,2,80,2,good_cond,8,16
Adjapnyak,62000,qare,0,0,3,1,110,1,norm_cond,1,4
Adjapnyak,48000,aghyuse,0,0,2,1,54,1,good_cond,2,5
Adjapnyak,61500,panelayin,1,1,2,1,68,1,good_cond,9,10
Adjapnyak,36000,qare,0,0,2,1,42,1,norm_cond,1,4
Adjapnyak,47000,qare,0,0,3,1,48,1,norm_cond,3,4
Adjapnyak,35000,qare,0,0,1,1,33,0,norm_cond,2,2
Adjapnyak,56000,monolit,0,1,3,2,80,1,good_cond,2,16
Adjapnyak,120000,monolit,1,1,4,2,107,0,good_cond,6,12
Adjapnyak,135000,qare,0,0,3,1,96,0,bad_cond,3,4
Adjapnyak,30000,qare,0,0,1,1,31,1,norm_cond,4,5
Adjapnyak,53000,qare,0,0,2,1,56,1,norm_cond,2,4
Adjapnyak,110000,monolit,1,1,3,1,80,1,good_cond,12,13
Adjapnyak,28000,qare,0,0,1,1,29,0,bad_cond,1,4
Adjapnyak,60000,qare,0,0,3,1,64,1,norm_cond,3,5
Adjapnyak,45000,qare,0,0,1,1,48,0,norm_cond,1,5
Adjapnyak,47000,panelayin,0,1,1,1,48,0,good_cond,6,8
Adjapnyak,48000,qare,0,0,2,1,54,1,good_cond,5,5
Adjapnyak,80000,monolit,0,0,6,1,160,0,bad_cond,5,5
Adjapnyak,48500,panelayin,1,1,2,1,67,2,norm_cond,6,16
Adjapnyak,75000,panelayin,0,0,3,1,74,1,norm_cond,4,5
Adjapnyak,75000,panelayin,0,1,3,1,100,1,norm_cond,5,9
Adjapnyak,50000,panelayin,0,1,3,1,70,2,bad_cond,7,9
Adjapnyak,50000,panelayin,0,0,3,1,52,0,good_cond,1,4
Adjapnyak,45000,panelayin,0,1,2,1,45,0,good_cond,7,16
Adjapnyak,62000,panelayin,0,1,3,1,98,0,bad_cond,8,9
Adjapnyak,32000,qare,0,0,1,1,30,0,good_cond,1,4
Adjapnyak,41000,panelayin,0,1,2,1,62,1,norm_cond,15,16
Adjapnyak,55000,qare,0,0,3,1,72,0,norm_cond,3,4
Adjapnyak,55000,monolit,0,1,3,1,94,1,norm_cond,3,16
Adjapnyak,42000,panelayin,0,0,2,1,52,0,good_cond,1,4
Adjapnyak,67000,panelayin,0,1,3,1,79,0,good_cond,9,9
Adjapnyak,57000,monolit,0,1,2,1,51,0,bad_cond,4,12
Adjapnyak,73000,monolit,1,1,2,1,52,1,good_cond,9,14
Adjapnyak,70000,panelayin,0,1,3,2,81,2,norm_cond,2,9
Adjapnyak,48000,panelayin,0,1,3,1,102,2,good_cond,6,9
Adjapnyak,39500,qare,0,0,1,2,37,0,norm_cond,1,4
Adjapnyak,57000,panelayin,0,1,3,2,89,1,norm_cond,5,16
Adjapnyak,52000,panelayin,0,1,2,1,66,1,good_cond,4,16
Adjapnyak,63000,panelayin,0,1,3,1,92,1,norm_cond,14,14
Adjapnyak,34000,qare,0,0,1,1,39,1,good_cond,2,4
Adjapnyak,92000,panelayin,0,1,4,1,105,0,good_cond,1,9
Adjapnyak,50000,panelayin,0,1,3,1,67,1,good_cond,14,16
Adjapnyak,31000,qare,0,0,2,1,65,1,bad_cond,1,5
Adjapnyak,36000,qare,0,0,1,1,30,1,good_cond,3,5
Adjapnyak,48000,panelayin,0,0,2,1,60,1,norm_cond,5,5
Adjapnyak,60000,panelayin,0,1,3,1,94,1,norm_cond,5,16
Adjapnyak,45000,monolit,0,1,2,1,63,1,norm_cond,7,16
Adjapnyak,60000,panelayin,0,1,3,1,89,2,norm_cond,16,16
Adjapnyak,68000,qare,1,0,3,1,70,1,good_cond,1,3
Adjapnyak,50000,qare,0,0,3,1,78,1,norm_cond,4,4
Adjapnyak,52000,qare,0,0,3,1,60,1,norm_cond,4,4
Adjapnyak,65000,panelayin,0,1,4,2,95,1,good_cond,4,16
Adjapnyak,58500,qare,0,0,3,1,74,1,good_cond,3,4
Adjapnyak,58000,qare,0,0,3,1,73,1,norm_cond,2,4
Adjapnyak,49000,monolit,0,1,3,2,75,1,good_cond,15,16
Adjapnyak,95000,monolit,1,1,3,1,84,0,good_cond,11,12
Adjapnyak,70000,qare,0,0,4,1,91,1,norm_cond,5,5
Adjapnyak,55000,panelayin,0,1,3,1,65,0,norm_cond,10,12
Adjapnyak,68000,qare,0,0,3,2,76,1,good_cond,4,5
Adjapnyak,33500,panelayin,0,1,1,1,43,0,norm_cond,4,9
Adjapnyak,68000,monolit,0,1,2,1,80,1,norm_cond,10,14
Adjapnyak,75000,panelayin,0,0,3,1,76,1,good_cond,2,5
Adjapnyak,47000,qare,0,0,3,1,74,1,norm_cond,2,4
Adjapnyak,39500,qare,0,0,1,1,32,0,good_cond,2,4
Adjapnyak,67000,monolit,1,1,3,1,60,0,good_cond,6,7
Adjapnyak,75000,monolit,1,1,2,1,70,0,good_cond,5,7
Adjapnyak,42000,qare,0,0,1,1,45,0,good_cond,5,5
Adjapnyak,53000,panelayin,0,1,3,1,75,1,norm_cond,13,14
Adjapnyak,43000,qare,0,0,2,1,43,1,good_cond,2,4
Adjapnyak,35000,panelayin,0,1,1,1,42,1,good_cond,11,12
Adjapnyak,32000,panelayin,0,1,1,1,42,1,good_cond,8,9
Adjapnyak,38000,qare,0,0,1,1,30,1,good_cond,2,5
Adjapnyak,51000,monolit,1,0,3,1,58,0,good_cond,2,5
Adjapnyak,60000,qare,1,0,4,2,120,1,bad_cond,1,1
Adjapnyak,68000,panelayin,0,1,3,1,98,2,norm_cond,3,9
Adjapnyak,48000,panelayin,0,1,1,1,54,1,norm_cond,6,10
Adjapnyak,82000,monolit,1,1,2,1,60,0,good_cond,2,10
Adjapnyak,84000,panelayin,0,1,4,1,94,1,bad_cond,3,9
Adjapnyak,61000,qare,0,0,3,1,74,1,good_cond,3,4
Adjapnyak,33500,qare,0,0,4,1,120,1,norm_cond,2,2
Adjapnyak,60000,panelayin,0,1,3,1,83,1,good_cond,8,16
Adjapnyak,40000,qare,0,0,1,1,38,1,good_cond,3,4
Adjapnyak,70000,qare,0,0,3,1,63,1,good_cond,2,4
Adjapnyak,35000,qare,0,0,1,1,33,0,good_cond,3,4
Adjapnyak,85000,qare,0,0,5,2,94,2,norm_cond,2,5
Adjapnyak,60000,qare,1,1,2,1,56,0,bad_cond,7,12
Adjapnyak,64000,panelayin,0,1,4,1,94,1,norm_cond,7,16
Adjapnyak,63000,qare,0,0,3,1,55,0,good_cond,3,4
Adjapnyak,57000,panelayin,0,1,2,1,68,0,norm_cond,9,9
Adjapnyak,56000,monolit,0,1,2,1,40,0,bad_cond,6,6
Adjapnyak,73000,panelayin,0,1,3,1,91,1,norm_cond,7,9
Adjapnyak,43500,qare,0,0,2,1,54,1,good_cond,1,4
Adjapnyak,67000,qare,0,0,4,1,85,0,good_cond,4,4
Adjapnyak,72000,panelayin,0,1,3,1,95,1,good_cond,5,9
Adjapnyak,52000,panelayin,0,1,3,1,80,2,norm_cond,2,16
Adjapnyak,63000,panelayin,1,1,2,1,67,2,good_cond,5,12
Adjapnyak,37000,qare,0,0,1,1,31,1,good_cond,3,4
Adjapnyak,58000,panelayin,0,1,3,1,79,1,norm_cond,2,16
Adjapnyak,53000,panelayin,0,1,3,1,63,1,good_cond,15,16
Adjapnyak,110000,monolit,1,1,3,1,80,1,good_cond,9,13
Adjapnyak,70000,qare,1,0,3,1,80,1,good_cond,1,5
Adjapnyak,51000,monolit,1,0,3,1,58,0,good_cond,2,5
Adjapnyak,73000,monolit,1,1,2,1,60,0,good_cond,9,12
Adjapnyak,55000,panelayin,0,1,3,1,106,1,norm_cond,12,14
Adjapnyak,42000,qare,0,0,3,1,78,0,bad_cond,1,4
Adjapnyak,46000,qare,0,0,3,1,57,0,good_cond,2,4
Adjapnyak,70000,qare,0,0,3,1,70,1,good_cond,2,4
Adjapnyak,53000,qare,0,0,2,1,53,1,norm_cond,5,5
Adjapnyak,55000,panelayin,1,1,4,2,98,2,bad_cond,11,16
Adjapnyak,56000,panelayin,0,0,2,1,60,0,bad_cond,2,5
Adjapnyak,85000,panelayin,0,1,4,1,112,1,norm_cond,7,9
Adjapnyak,60000,panelayin,0,0,3,1,74,1,norm_cond,5,5
Adjapnyak,95000,monolit,1,1,3,1,77,1,norm_cond,9,12
Adjapnyak,56000,panelayin,0,1,3,1,82,2,bad_cond,2,9
Adjapnyak,41000,qare,0,0,1,1,49,0,good_cond,1,5
Adjapnyak,105000,qare,1,0,3,3,75,1,good_cond,1,5
Adjapnyak,60000,qare,0,0,3,1,77,1,norm_cond,3,4
Adjapnyak,56000,monolit,1,1,2,1,52,0,norm_cond,10,12
Adjapnyak,39000,qare,0,0,1,1,39,1,bad_cond,4,4
Adjapnyak,59000,monolit,0,1,3,3,87,1,good_cond,9,16
Adjapnyak,74500,qare,0,0,3,1,91,1,norm_cond,5,5
Adjapnyak,97000,qare,0,0,4,1,92,0,bad_cond,2,4
Adjapnyak,66000,aghyuse,1,1,2,1,53,0,good_cond,3,12
Adjapnyak,68000,panelayin,0,1,3,1,98,2,norm_cond,3,9
Adjapnyak,66000,panelayin,0,1,2,1,67,0,good_cond,4,9
Adjapnyak,48000,panelayin,0,1,3,1,86,1,norm_cond,15,16
Adjapnyak,67000,panelayin,0,1,3,1,78,1,norm_cond,4,12
Adjapnyak,50000,panelayin,1,0,2,2,52,1,good_cond,5,5
Adjapnyak,58000,qare,0,0,3,1,63,1,good_cond,2,5
Adjapnyak,35000,qare,0,0,1,1,30,1,bad_cond,3,4
Adjapnyak,105000,panelayin,0,1,5,1,120,2,good_cond,1,9
Adjapnyak,65000,qare,0,0,3,1,78,1,norm_cond,5,5
Adjapnyak,105000,panelayin,0,1,5,1,120,2,good_cond,1,9
Adjapnyak,45000,qare,0,0,2,1,49,1,good_cond,3,4
Adjapnyak,120000,panelayin,0,1,3,1,82,1,good_cond,3,12
Adjapnyak,80000,qare,0,0,3,1,80,1,norm_cond,2,5
Adjapnyak,55000,panelayin,0,1,3,2,86,1,good_cond,12,16
Adjapnyak,53000,panelayin,1,1,3,1,94,1,norm_cond,8,16
Adjapnyak,65000,monolit,0,1,2,1,63,0,good_cond,12,12
Adjapnyak,62000,panelayin,0,1,3,1,100,2,good_cond,9,9
Adjapnyak,75000,qare,0,0,3,1,75,1,norm_cond,1,5
Adjapnyak,50000,qare,0,0,3,1,63,1,norm_cond,1,4
Adjapnyak,56000,monolit,0,1,3,1,75,1,good_cond,4,16
Adjapnyak,58000,panelayin,0,1,3,1,74,1,good_cond,7,9
Adjapnyak,82000,monolit,1,1,2,1,60,0,good_cond,2,10
Adjapnyak,52000,panelayin,0,1,3,1,77,1,norm_cond,8,16
Adjapnyak,45000,monolit,0,1,3,1,75,0,bad_cond,8,8
Adjapnyak,49500,qare,0,0,2,1,56,1,norm_cond,4,4
Adjapnyak,50000,panelayin,0,1,2,1,76,2,bad_cond,10,16
Adjapnyak,100000,panelayin,0,1,4,1,118,1,good_cond,13,14
Adjapnyak,37000,monolit,1,1,1,1,35,0,good_cond,10,11
Adjapnyak,46500,qare,0,0,3,1,124,1,norm_cond,1,5
Adjapnyak,60000,qare,0,0,2,1,60,0,good_cond,5,5
Adjapnyak,45000,panelayin,0,1,2,1,60,1,norm_cond,3,16
Adjapnyak,76000,monolit,1,1,3,1,90,1,good_cond,2,13
Adjapnyak,31000,qare,1,0,1,1,33,1,good_cond,4,4
Adjapnyak,75000,monolit,1,1,3,1,71,0,good_cond,7,12
Adjapnyak,135000,qare,1,0,2,1,70,2,good_cond,3,4
Adjapnyak,48000,panelayin,0,1,2,1,60,1,norm_cond,2,9
Adjapnyak,65000,panelayin,0,1,3,1,100,1,norm_cond,14,14
Adjapnyak,48000,panelayin,0,1,2,1,58,1,norm_cond,2,9
Adjapnyak,52000,qare,0,0,3,1,74,1,norm_cond,1,4
Adjapnyak,62000,qare,0,0,3,1,75,1,good_cond,3,4
Adjapnyak,48000,panelayin,0,1,1,1,54,1,norm_cond,6,10
Adjapnyak,51000,monolit,1,0,3,1,58,0,good_cond,2,5
Adjapnyak,82000,monolit,1,1,2,1,60,0,good_cond,2,10
Adjapnyak,35000,panelayin,0,1,1,1,42,1,good_cond,11,12
Adjapnyak,32000,panelayin,0,1,1,1,42,1,good_cond,8,9
Adjapnyak,68000,panelayin,0,1,3,1,98,2,norm_cond,3,9
Adjapnyak,38000,qare,0,0,1,1,30,1,good_cond,2,5
Adjapnyak,60000,qare,1,0,4,2,120,1,bad_cond,1,1
Adjapnyak,98000,qare,0,0,5,1,125,2,norm_cond,3,5
Adjapnyak,35000,panelayin,0,1,1,1,42,1,good_cond,11,12
Adjapnyak,54900,panelayin,0,1,2,1,60,1,good_cond,2,16
Adjapnyak,60000,panelayin,0,1,3,1,67,1,norm_cond,10,16
Adjapnyak,35000,qare,0,0,1,1,29,1,norm_cond,4,4
Adjapnyak,35000,panelayin,0,1,1,1,39,0,norm_cond,10,12
Adjapnyak,79000,panelayin,0,1,3,1,74,0,norm_cond,5,9
Adjapnyak,49000,qare,0,0,2,1,47,1,good_cond,4,4
Adjapnyak,42000,panelayin,0,1,2,1,49,0,good_cond,7,9
Adjapnyak,49000,panelayin,0,1,3,1,84,2,bad_cond,16,16
Adjapnyak,48000,panelayin,1,1,2,1,65,1,good_cond,12,16
Adjapnyak,110000,panelayin,0,1,3,1,87,2,good_cond,3,9
Adjapnyak,81000,qare,0,0,4,1,80,0,good_cond,2,5
Adjapnyak,50000,panelayin,0,1,3,1,68,1,good_cond,2,16
Adjapnyak,63000,panelayin,0,1,4,2,100,1,good_cond,13,16
Adjapnyak,37000,qare,0,0,1,1,30,1,good_cond,2,4
Adjapnyak,34000,qare,0,0,2,1,40,1,norm_cond,2,4
Adjapnyak,77000,panelayin,0,1,3,1,74,1,norm_cond,2,9
Adjapnyak,58000,panelayin,0,1,4,1,76,0,norm_cond,3,16
Adjapnyak,63000,panelayin,0,1,3,1,67,1,good_cond,3,9
Adjapnyak,110000,panelayin,0,1,3,1,87,1,good_cond,3,9
Adjapnyak,48000,qare,0,0,1,1,29,0,norm_cond,1,4
Adjapnyak,46000,panelayin,1,1,2,1,42,0,good_cond,4,7
Adjapnyak,68000,panelayin,1,1,3,1,72,1,good_cond,8,9
Adjapnyak,90000,qare,1,1,3,1,60,0,good_cond,1,6
Adjapnyak,56000,monolit,0,1,2,1,40,0,bad_cond,6,6
Adjapnyak,38000,qare,0,0,1,1,30,1,good_cond,2,5
Adjapnyak,56000,monolit,0,1,2,1,40,0,bad_cond,5,6
Adjapnyak,90000,monolit,1,1,3,1,60,0,good_cond,2,7
Adjapnyak,56000,monolit,0,1,2,1,40,0,bad_cond,5,6
Adjapnyak,90000,monolit,1,1,3,1,60,0,good_cond,1,6
Adjapnyak,42000,qare,0,0,2,1,54,1,norm_cond,4,4
Adjapnyak,65000,qare,0,0,5,2,108,0,norm_cond,1,4
Adjapnyak,123300,monolit,0,1,4,1,137,0,bad_cond,11,14
Adjapnyak,75000,qare,0,0,3,1,140,0,norm_cond,1,5
Adjapnyak,135000,qare,1,1,4,3,110,0,good_cond,4,7
Adjapnyak,46000,panelayin,1,1,3,1,46,0,good_cond,4,7
Adjapnyak,57950,monolit,1,1,2,1,61,0,good_cond,7,12
Adjapnyak,58000,monolit,1,1,2,1,61,0,good_cond,6,12
Adjapnyak,42000,panelayin,0,1,1,1,54,1,good_cond,15,16
Adjapnyak,150000,panelayin,1,1,3,1,80,1,norm_cond,9,14
Adjapnyak,63000,monolit,0,1,3,1,80,2,good_cond,12,16
Adjapnyak,60000,panelayin,0,1,3,1,94,1,good_cond,4,16
Adjapnyak,89000,qare,0,0,3,1,72,1,good_cond,2,5
Adjapnyak,75000,panelayin,0,1,3,1,80,1,good_cond,15,16
Adjapnyak,50000,qare,0,0,2,1,54,1,norm_cond,4,4
Adjapnyak,75000,qare,1,1,3,1,70,0,good_cond,5,7
Adjapnyak,67000,monolit,1,1,2,1,70,0,good_cond,7,7
Adjapnyak,62000,panelayin,0,1,3,1,98,1,norm_cond,8,9
Adjapnyak,58000,qare,0,0,2,1,57,1,good_cond,3,4
Adjapnyak,48000,panelayin,0,1,2,1,68,1,norm_cond,8,9
Adjapnyak,125000,qare,0,0,3,1,122,2,good_cond,1,5
Adjapnyak,107000,qare,0,0,3,2,80,1,good_cond,2,4
Adjapnyak,63000,qare,0,0,4,1,80,1,norm_cond,4,4
Adjapnyak,43000,monolit,1,1,2,1,42,0,good_cond,6,12
Adjapnyak,32000,panelayin,0,1,1,1,42,1,good_cond,8,9
Adjapnyak,67000,panelayin,0,1,3,1,78,1,norm_cond,8,9
Adjapnyak,70000,panelayin,0,1,4,1,99,1,good_cond,8,9
Adjapnyak,85000,qare,0,0,3,1,90,1,good_cond,2,4
Adjapnyak,65000,panelayin,0,1,3,1,74,0,good_cond,11,16
Adjapnyak,50000,monolit,0,1,3,2,82,2,good_cond,16,16
Adjapnyak,35000,panelayin,0,1,1,1,45,1,good_cond,2,9
Adjapnyak,53000,panelayin,0,0,3,1,74,1,norm_cond,1,5
Adjapnyak,220000,monolit,1,0,5,2,170,1,good_cond,2,5
Adjapnyak,65000,qare,0,0,3,1,78,1,bad_cond,2,5
Adjapnyak,70000,monolit,0,1,3,1,97,2,norm_cond,2,16
Adjapnyak,115000,monolit,1,1,4,2,121,0,good_cond,7,8
Adjapnyak,20000,qare,0,0,2,1,37,1,norm_cond,2,3
Adjapnyak,75000,qare,0,0,6,1,107,1,norm_cond,3,5
Adjapnyak,84500,qare,0,0,6,1,132,1,norm_cond,2,5
Adjapnyak,40000,qare,0,0,1,1,47,0,norm_cond,2,5
Adjapnyak,63000,panelayin,0,1,4,1,128,1,good_cond,1,12
Adjapnyak,56000,qare,0,0,3,1,58,0,bad_cond,2,4
Adjapnyak,40000,panelayin,0,1,2,1,50,1,good_cond,6,16
Adjapnyak,53000,qare,0,0,3,1,75,1,norm_cond,4,4
Adjapnyak,82000,monolit,1,1,3,1,83,1,good_cond,11,12
Adjapnyak,50000,qare,0,0,4,1,150,0,good_cond,4,5
Adjapnyak,100000,qare,0,0,4,3,97,1,bad_cond,2,4
Adjapnyak,95000,qare,0,0,3,1,80,1,good_cond,2,4
Adjapnyak,73000,qare,1,0,3,1,130,0,bad_cond,1,1
Adjapnyak,39000,panelayin,1,1,2,2,45,1,norm_cond,10,16
Adjapnyak,95000,qare,0,0,3,1,97,2,norm_cond,2,4
Adjapnyak,54000,monolit,1,1,2,1,50,1,bad_cond,4,14
Adjapnyak,56000,qare,0,0,4,1,80,1,norm_cond,1,5
Adjapnyak,27500,qare,0,0,1,1,30,0,good_cond,2,2
Adjapnyak,48000,panelayin,1,1,2,1,65,1,good_cond,12,16
Adjapnyak,45000,panelayin,0,1,3,1,66,0,good_cond,2,16
Adjapnyak,70000,qare,0,1,3,1,82,2,norm_cond,10,12
Adjapnyak,95000,monolit,0,1,3,1,73,0,bad_cond,7,13
Adjapnyak,110000,panelayin,0,1,3,1,87,2,good_cond,3,9
Adjapnyak,60000,qare,1,0,4,2,120,1,bad_cond,1,1
Adjapnyak,32000,panelayin,0,1,1,1,42,1,good_cond,8,9
Adjapnyak,82000,monolit,1,1,2,1,60,0,good_cond,2,10
Adjapnyak,38000,qare,0,0,1,1,30,1,good_cond,2,5
Adjapnyak,68000,panelayin,0,1,3,1,98,2,norm_cond,3,9
Adjapnyak,48000,panelayin,0,1,1,1,54,1,norm_cond,6,10
Adjapnyak,51000,monolit,1,0,3,1,58,0,good_cond,2,5
Adjapnyak,35000,panelayin,0,1,1,1,42,1,good_cond,11,12
Adjapnyak,65000,panelayin,0,1,3,1,104,1,norm_cond,14,14
Adjapnyak,62000,qare,0,0,3,1,77,1,good_cond,1,5
Adjapnyak,82000,qare,0,0,3,1,70,0,good_cond,4,4
Adjapnyak,59900,panelayin,0,1,3,1,94,2,norm_cond,7,16
Adjapnyak,75000,panelayin,0,1,3,1,100,0,bad_cond,9,9
Adjapnyak,60000,monolit,1,1,3,1,58,0,good_cond,11,12
Adjapnyak,60000,monolit,1,1,3,1,58,0,good_cond,10,12
Adjapnyak,46000,panelayin,0,1,1,1,50,1,good_cond,14,16
Adjapnyak,49000,panelayin,0,1,2,1,66,1,good_cond,9,9
Adjapnyak,56000,monolit,0,1,2,1,40,0,bad_cond,5,6
Adjapnyak,36000,qare,0,0,1,1,30,0,good_cond,2,4
Adjapnyak,62000,monolit,1,1,3,1,60,0,good_cond,10,13
Adjapnyak,140000,panelayin,0,1,3,1,212,2,norm_cond,1,9
Adjapnyak,65000,qare,0,0,4,1,75,1,good_cond,5,5
Adjapnyak,65000,panelayin,0,1,3,1,96,1,good_cond,7,16
Adjapnyak,65000,qare,0,0,4,1,104,2,norm_cond,1,1
Adjapnyak,55000,monolit,0,0,2,1,60,2,norm_cond,3,4
Adjapnyak,48000,panelayin,0,1,4,1,105,1,norm_cond,16,16
Adjapnyak,55000,qare,0,0,1,1,37,1,good_cond,1,5
Adjapnyak,67500,monolit,1,1,2,1,60,0,norm_cond,1,7
Adjapnyak,59000,monolit,0,1,3,1,76,1,good_cond,16,16
Adjapnyak,90000,qare,0,0,3,1,70,1,norm_cond,2,4
Adjapnyak,65000,monolit,1,1,3,1,74,0,good_cond,7,7
Adjapnyak,40000,panelayin,0,1,2,1,62,0,bad_cond,9,16
Adjapnyak,75000,qare,0,0,2,1,65,1,norm_cond,2,5
Adjapnyak,58000,panelayin,0,1,3,1,80,1,norm_cond,9,9
Adjapnyak,72000,qare,0,0,4,1,110,1,norm_cond,3,5
Adjapnyak,43000,qare,0,0,2,1,50,1,good_cond,5,5
Adjapnyak,61000,panelayin,0,1,4,1,99,1,bad_cond,5,16
Adjapnyak,31500,qare,0,0,1,1,30,0,good_cond,1,4
Adjapnyak,65000,panelayin,0,0,3,1,75,1,norm_cond,4,5
Adjapnyak,90000,monolit,1,1,3,1,83,0,good_cond,8,12
Adjapnyak,130000,qare,0,0,5,2,143,1,good_cond,4,5
Adjapnyak,80000,monolit,1,1,2,1,56,1,good_cond,13,14
Adjapnyak,31000,qare,0,0,1,1,39,1,bad_cond,1,4
Adjapnyak,36000,qare,0,0,1,1,40,1,norm_cond,1,4
Adjapnyak,27500,qare,0,0,1,1,30,0,norm_cond,1,4
Adjapnyak,48888,panelayin,0,1,3,2,97,2,norm_cond,16,16
Adjapnyak,52000,monolit,1,1,2,1,57,1,bad_cond,8,8
Adjapnyak,52000,panelayin,0,1,2,1,60,1,norm_cond,12,15
Adjapnyak,55000,panelayin,0,0,3,1,60,0,good_cond,5,5
Adjapnyak,60000,panelayin,0,1,3,1,62,1,good_cond,6,12
Adjapnyak,54000,panelayin,0,1,3,1,80,1,norm_cond,1,16
Adjapnyak,55000,monolit,1,1,2,1,46,0,good_cond,7,8
Adjapnyak,50000,panelayin,0,1,3,1,60,0,good_cond,11,16
Adjapnyak,48000,panelayin,0,1,2,1,76,1,norm_cond,15,16
Adjapnyak,65000,qare,0,0,4,1,93,0,good_cond,1,4
Adjapnyak,95000,panelayin,0,1,3,1,100,2,good_cond,8,9
Adjapnyak,38000,qare,0,0,1,1,39,1,norm_cond,3,4
Adjapnyak,57000,panelayin,0,1,3,2,80,2,norm_cond,9,16
Adjapnyak,58000,panelayin,0,1,3,1,83,1,good_cond,6,16
Adjapnyak,27500,qare,0,0,1,1,30,0,norm_cond,1,4
Adjapnyak,39900,monolit,0,1,2,1,42,0,bad_cond,4,12
Adjapnyak,71000,qare,0,0,3,1,75,0,good_cond,1,5
Adjapnyak,48000,panelayin,0,1,1,1,54,1,norm_cond,6,10
Adjapnyak,70000,panelayin,0,1,4,2,120,2,norm_cond,8,14
Adjapnyak,68000,qare,0,0,3,2,76,1,good_cond,1,4
Adjapnyak,34000,qare,0,0,1,1,37,1,good_cond,4,4
Adjapnyak,42000,panelayin,0,1,2,1,62,0,norm_cond,9,16
Adjapnyak,53000,qare,0,0,2,1,60,1,norm_cond,2,4
Adjapnyak,70000,qare,0,0,3,1,70,0,good_cond,2,4
Adjapnyak,54000,panelayin,0,0,2,2,61,1,good_cond,2,5
Adjapnyak,65000,qare,0,0,4,1,75,0,norm_cond,2,4
Adjapnyak,35000,qare,0,0,2,1,61,0,good_cond,1,5
Adjapnyak,65000,monolit,1,1,2,1,68,0,good_cond,8,13
Adjapnyak,61000,panelayin,1,1,2,1,80,1,good_cond,6,9
Adjapnyak,95000,monolit,1,1,3,1,60,0,good_cond,6,6
Adjapnyak,57000,panelayin,0,1,2,1,62,0,good_cond,10,12
Adjapnyak,45000,qare,0,0,2,1,48,0,bad_cond,5,5
Adjapnyak,85000,monolit,1,1,3,1,101,1,good_cond,6,11
Adjapnyak,63000,panelayin,0,1,3,2,80,1,good_cond,6,16
Adjapnyak,62000,qare,0,0,2,1,62,0,good_cond,3,4
Adjapnyak,60000,qare,0,0,4,1,101,0,bad_cond,1,5
Adjapnyak,130000,panelayin,0,1,3,1,82,1,good_cond,3,9
Adjapnyak,42000,qare,0,1,2,1,69,1,norm_cond,2,16
Adjapnyak,99000,panelayin,0,1,4,2,96,1,good_cond,5,9
Adjapnyak,53000,panelayin,0,1,4,2,118,2,norm_cond,14,14
Adjapnyak,45000,panelayin,0,1,1,1,50,1,norm_cond,1,9
Adjapnyak,45000,qare,0,0,2,1,56,1,good_cond,3,4
Adjapnyak,38000,monolit,0,0,1,1,30,1,good_cond,2,5
Adjapnyak,46000,qare,0,0,1,1,42,1,good_cond,4,4
Adjapnyak,69000,panelayin,0,1,4,2,98,2,good_cond,8,16
Adjapnyak,44000,panelayin,0,1,3,1,75,0,bad_cond,1,16
Adjapnyak,150000,qare,0,0,5,1,110,1,norm_cond,1,3
Adjapnyak,58000,panelayin,1,1,3,1,82,0,good_cond,16,16
Adjapnyak,82000,monolit,1,1,2,1,60,0,good_cond,2,10
Adjapnyak,32000,panelayin,0,1,1,1,42,1,good_cond,8,9
Adjapnyak,48000,panelayin,0,1,1,1,54,1,norm_cond,6,10
Adjapnyak,68000,panelayin,0,1,3,1,98,2,norm_cond,3,9
Adjapnyak,60000,qare,1,0,4,2,120,1,bad_cond,1,1
Adjapnyak,38000,qare,0,0,1,1,30,1,good_cond,2,5
Adjapnyak,51000,monolit,1,0,3,1,58,0,good_cond,2,5
Adjapnyak,35000,panelayin,0,1,1,1,42,1,good_cond,11,12
Adjapnyak,75000,qare,0,0,3,1,110,1,good_cond,3,5
Adjapnyak,46000,qare,0,0,2,1,56,1,norm_cond,4,4
Adjapnyak,58000,qare,0,0,2,1,52,1,norm_cond,1,4
Adjapnyak,60000,panelayin,0,1,3,1,90,0,bad_cond,8,16
Adjapnyak,65000,monolit,1,1,2,1,62,0,norm_cond,7,12
Adjapnyak,50000,panelayin,0,1,3,1,80,2,good_cond,16,16
Adjapnyak,47000,qare,0,0,2,1,58,1,good_cond,2,4
Adjapnyak,74000,qare,0,0,3,1,108,1,norm_cond,3,5
Adjapnyak,95000,monolit,1,1,3,2,84,1,good_cond,2,12
Adjapnyak,53000,qare,0,0,2,1,55,1,good_cond,5,5
Adjapnyak,55000,panelayin,0,1,3,1,98,0,bad_cond,5,16
Adjapnyak,55000,panelayin,0,1,3,1,98,0,bad_cond,5,16
Adjapnyak,99000,panelayin,0,1,4,1,93,0,good_cond,6,9
Adjapnyak,57000,panelayin,0,1,3,1,104,1,norm_cond,10,14
Adjapnyak,134000,monolit,1,1,3,1,80,1,good_cond,4,12
Adjapnyak,51000,panelayin,0,1,3,1,57,1,good_cond,3,9
Adjapnyak,32000,qare,0,0,1,1,30,0,good_cond,1,4
Adjapnyak,64000,panelayin,0,1,2,1,69,1,good_cond,8,14
Adjapnyak,69000,monolit,1,1,3,1,63,0,good_cond,3,12
Adjapnyak,48000,panelayin,1,1,1,1,48,0,good_cond,5,12
Adjapnyak,49000,panelayin,0,0,2,1,60,1,norm_cond,4,5
Adjapnyak,60000,panelayin,0,1,3,1,76,1,good_cond,13,14
Adjapnyak,64000,qare,0,0,3,1,60,1,good_cond,3,4
Adjapnyak,73000,monolit,1,1,2,1,52,1,good_cond,9,14
Adjapnyak,129000,qare,0,0,4,2,127,1,good_cond,4,5
Adjapnyak,205000,qare,1,1,3,2,110,1,good_cond,6,7
Adjapnyak,77000,qare,0,0,3,1,72,1,norm_cond,1,4
Adjapnyak,45000,qare,0,0,1,1,38,1,good_cond,3,4
Adjapnyak,65000,qare,0,0,3,1,70,0,bad_cond,3,5
Adjapnyak,50000,qare,0,0,2,1,40,0,good_cond,1,4
Adjapnyak,120000,qare,0,0,3,1,80,0,good_cond,3,4
Adjapnyak,32000,panelayin,0,1,1,1,41,1,norm_cond,9,9
Adjapnyak,52000,panelayin,0,1,4,1,90,1,good_cond,16,16
Adjapnyak,89000,monolit,1,1,3,2,85,1,good_cond,6,12
Adjapnyak,78000,panelayin,0,1,3,1,94,0,good_cond,11,16
Adjapnyak,57000,panelayin,0,1,2,1,60,1,good_cond,2,16
Adjapnyak,63000,panelayin,0,1,4,1,92,1,norm_cond,8,9
Adjapnyak,50000,monolit,1,1,2,1,42,0,good_cond,1,12
Adjapnyak,77000,qare,0,0,3,1,70,0,good_cond,2,4
Adjapnyak,41000,panelayin,0,1,3,1,50,1,good_cond,5,16
Adjapnyak,55000,qare,0,0,2,1,56,0,good_cond,4,4
Adjapnyak,65000,qare,0,0,2,1,60,1,norm_cond,2,4
Adjapnyak,55000,panelayin,0,1,3,2,79,1,norm_cond,3,9
Adjapnyak,44999,monolit,1,1,2,1,41,0,good_cond,10,10
Adjapnyak,44500,qare,1,0,3,1,52,0,good_cond,1,1
Adjapnyak,55000,qare,0,0,2,1,65,2,norm_cond,2,5
Adjapnyak,75000,panelayin,0,0,3,1,75,1,good_cond,1,5
Adjapnyak,65000,panelayin,0,0,3,1,60,1,good_cond,3,5
Adjapnyak,61000,monolit,1,1,3,1,67,0,good_cond,2,12
Adjapnyak,48000,panelayin,0,1,2,1,54,1,norm_cond,1,9
Adjapnyak,70000,panelayin,0,1,2,1,64,1,norm_cond,9,9
Adjapnyak,36000,qare,0,0,2,1,52,1,norm_cond,4,4
Adjapnyak,47000,monolit,0,1,4,2,96,2,norm_cond,15,16
Adjapnyak,69000,monolit,0,1,4,2,113,2,good_cond,2,16
Adjapnyak,52000,qare,0,0,2,1,48,0,good_cond,2,5
Adjapnyak,53000,qare,0,0,2,1,46,2,bad_cond,3,4
Adjapnyak,62000,qare,0,0,3,1,75,2,norm_cond,4,5
Adjapnyak,45500,panelayin,1,1,2,1,41,0,norm_cond,11,12
Adjapnyak,80000,qare,0,0,6,1,110,1,norm_cond,4,5
Adjapnyak,75000,panelayin,0,0,3,1,79,1,good_cond,3,5
Adjapnyak,37000,panelayin,0,1,2,1,42,1,good_cond,4,9
Adjapnyak,66000,monolit,0,0,3,1,65,1,good_cond,5,5
Adjapnyak,50000,panelayin,0,1,4,3,96,2,good_cond,16,16
Adjapnyak,41000,panelayin,0,1,2,1,63,0,bad_cond,10,16
Adjapnyak,60000,monolit,0,1,3,1,90,2,norm_cond,8,16
Adjapnyak,72000,qare,0,0,3,1,86,2,good_cond,5,5
Adjapnyak,50000,qare,0,0,3,1,60,2,norm_cond,3,5
Adjapnyak,70000,panelayin,0,1,3,1,97,1,norm_cond,12,16
Adjapnyak,57000,monolit,1,1,3,1,72,0,good_cond,1,12
Adjapnyak,47000,panelayin,0,1,3,1,78,0,bad_cond,15,16
Adjapnyak,57000,qare,0,0,2,1,60,1,norm_cond,5,5
Adjapnyak,47500,qare,0,0,1,1,50,0,norm_cond,4,5
Adjapnyak,43000,kasetayin,0,1,1,1,47,0,norm_cond,15,16
Adjapnyak,41000,qare,0,0,2,1,44,0,good_cond,5,5
Adjapnyak,35000,monolit,0,1,2,1,45,0,bad_cond,7,12
Adjapnyak,45000,qare,0,0,2,1,45,2,good_cond,5,5
Adjapnyak,48000,qare,0,0,2,1,57,1,good_cond,3,4
Adjapnyak,48000,qare,0,0,2,1,57,1,good_cond,3,4
Adjapnyak,78000,qare,0,1,4,1,93,0,good_cond,6,9
Adjapnyak,48000,panelayin,0,1,1,1,54,1,norm_cond,6,10
Adjapnyak,35000,panelayin,0,1,1,1,42,1,good_cond,11,12
Adjapnyak,38000,qare,0,0,1,1,30,1,good_cond,2,5
Adjapnyak,68000,panelayin,0,1,3,1,98,2,norm_cond,3,9
Adjapnyak,60000,qare,1,0,4,2,120,1,bad_cond,1,1
Adjapnyak,82000,monolit,1,1,2,1,60,0,good_cond,2,10
Adjapnyak,51000,monolit,1,0,3,1,58,0,good_cond,2,5
Adjapnyak,32000,panelayin,0,1,1,1,42,1,good_cond,8,9
Adjapnyak,31000,qare,0,0,1,1,30,1,good_cond,4,4
Adjapnyak,77000,panelayin,0,1,3,2,96,2,bad_cond,5,12
Adjapnyak,42000,panelayin,0,1,2,1,61,1,norm_cond,6,16
Adjapnyak,25000,qare,0,0,2,1,28,0,norm_cond,3,5
Adjapnyak,71000,panelayin,0,1,3,1,78,1,good_cond,1,9
Adjapnyak,43000,qare,0,0,1,1,42,1,good_cond,3,3
Adjapnyak,42000,monolit,1,1,1,1,42,0,good_cond,6,9
Adjapnyak,115000,panelayin,0,1,3,2,160,1,norm_cond,1,9
Adjapnyak,34000,panelayin,0,1,2,1,47,0,bad_cond,1,9
Adjapnyak,39000,qare,0,0,2,1,40,0,bad_cond,1,5
Adjapnyak,48000,qare,0,0,2,1,55,1,norm_cond,2,4
Adjapnyak,70000,qare,1,0,3,1,78,2,good_cond,4,5
Adjapnyak,68000,panelayin,0,1,3,1,82,0,good_cond,3,9
Adjapnyak,60000,qare,0,0,2,1,56,0,norm_cond,3,5
Adjapnyak,60000,panelayin,0,1,3,1,83,0,norm_cond,14,14
Adjapnyak,59000,monolit,1,1,2,1,65,2,good_cond,10,12
Adjapnyak,74000,qare,0,0,4,1,76,1,good_cond,4,4
Adjapnyak,56000,monolit,0,1,2,1,40,0,bad_cond,5,6
Adjapnyak,62000,panelayin,0,1,3,1,83,1,good_cond,13,16
Adjapnyak,33000,qare,0,0,1,1,28,0,norm_cond,1,4
Adjapnyak,90000,qare,0,0,3,1,100,1,good_cond,2,5
Adjapnyak,45000,qare,0,0,1,1,38,1,good_cond,3,4
Adjapnyak,110000,monolit,1,1,3,1,75,1,good_cond,4,6
Adjapnyak,70000,panelayin,0,1,3,1,82,1,norm_cond,10,12
Adjapnyak,60000,panelayin,1,1,2,1,47,0,good_cond,7,8
Adjapnyak,47000,panelayin,0,1,2,1,76,1,norm_cond,15,16
Adjapnyak,39900,monolit,1,1,2,1,42,0,good_cond,5,12
Adjapnyak,58900,monolit,1,1,3,1,62,0,good_cond,5,12
Adjapnyak,50000,monolit,0,1,2,1,42,0,bad_cond,6,7
Adjapnyak,73000,panelayin,0,1,3,1,97,1,good_cond,9,9
Adjapnyak,36500,qare,0,0,1,1,36,0,norm_cond,1,4
Adjapnyak,62000,panelayin,0,1,3,1,62,0,good_cond,9,12
Adjapnyak,220000,qare,1,1,4,2,140,1,good_cond,3,6
Adjapnyak,47000,qare,0,0,2,1,47,1,good_cond,4,4
Adjapnyak,41000,qare,1,0,1,1,42,1,good_cond,3,3
Adjapnyak,67000,panelayin,0,1,2,1,68,2,good_cond,4,14
Adjapnyak,72000,qare,1,1,3,1,62,0,good_cond,4,12
Adjapnyak,45000,panelayin,0,1,2,1,65,1,bad_cond,2,16
Adjapnyak,60000,panelayin,0,1,3,1,62,1,good_cond,12,16
Adjapnyak,55000,panelayin,0,1,2,1,64,1,norm_cond,3,14
Adjapnyak,62000,qare,1,1,2,1,44,0,good_cond,6,7
Adjapnyak,42000,qare,0,0,1,1,48,1,norm_cond,1,5
Adjapnyak,45000,qare,0,0,3,1,48,1,norm_cond,3,4
Adjapnyak,61275,monolit,1,1,2,1,65,1,bad_cond,11,13
Adjapnyak,77500,panelayin,0,1,3,1,93,1,good_cond,5,9
Adjapnyak,85000,panelayin,0,1,3,1,97,1,good_cond,8,9
Adjapnyak,53000,panelayin,0,1,3,1,76,1,good_cond,15,16
Adjapnyak,56000,monolit,0,1,2,1,40,0,bad_cond,5,6
Adjapnyak,56000,monolit,0,1,2,1,40,0,bad_cond,6,6
Adjapnyak,56000,monolit,0,1,2,1,40,0,bad_cond,5,6
Adjapnyak,56000,qare,0,0,2,1,54,0,good_cond,1,4
Adjapnyak,40000,qare,0,0,2,1,41,0,good_cond,1,5
Adjapnyak,95000,qare,0,0,5,1,206,1,norm_cond,1,5
Adjapnyak,69000,qare,1,1,3,1,62,0,good_cond,4,12
Adjapnyak,52000,qare,0,0,3,1,64,1,bad_cond,4,5
Adjapnyak,58000,qare,0,0,2,1,68,1,norm_cond,4,5
Adjapnyak,45000,qare,0,0,2,1,55,1,norm_cond,2,4
Adjapnyak,60000,panelayin,0,1,3,1,90,2,norm_cond,16,16
Adjapnyak,37000,qare,0,0,2,2,50,0,good_cond,1,5
Adjapnyak,38500,panelayin,0,1,2,1,63,1,bad_cond,13,16
Adjapnyak,80000,qare,0,0,4,2,92,2,norm_cond,3,5
Adjapnyak,55000,panelayin,0,1,2,1,70,1,norm_cond,7,9
Adjapnyak,28000,qare,0,0,2,1,30,0,norm_cond,1,4
Adjapnyak,37000,panelayin,0,1,2,1,42,1,good_cond,11,12
Adjapnyak,50000,panelayin,0,1,2,1,62,1,good_cond,14,16
Adjapnyak,85000,qare,0,0,4,1,102,0,good_cond,3,5
Adjapnyak,75000,panelayin,0,1,3,1,76,0,good_cond,13,14
Adjapnyak,160000,qare,0,0,4,2,152,2,good_cond,2,2
Adjapnyak,185000,qare,1,1,4,2,130,0,good_cond,8,13
Adjapnyak,63000,panelayin,0,1,4,1,79,0,good_cond,14,16
Adjapnyak,110000,monolit,1,1,3,2,90,2,bad_cond,6,8
Adjapnyak,50000,qare,0,0,3,1,59,1,norm_cond,4,4
Adjapnyak,45000,panelayin,0,1,3,2,80,1,bad_cond,13,16
Adjapnyak,62000,panelayin,0,1,4,1,120,1,norm_cond,1,14
Adjapnyak,60000,panelayin,0,1,4,1,120,1,good_cond,1,14
Adjapnyak,45500,qare,0,0,1,1,40,1,good_cond,2,4
Adjapnyak,35000,qare,0,0,1,1,32,1,good_cond,3,4
Adjapnyak,46000,panelayin,0,1,3,2,104,1,norm_cond,14,14
Adjapnyak,62000,qare,0,0,3,1,64,1,good_cond,3,5
Adjapnyak,70000,panelayin,0,1,3,1,82,0,bad_cond,7,9
Adjapnyak,68000,qare,1,1,3,1,62,0,good_cond,4,12
Adjapnyak,60000,monolit,1,1,2,1,62,1,good_cond,8,12
Adjapnyak,56000,panelayin,0,1,2,1,72,1,norm_cond,3,9
Adjapnyak,56000,monolit,1,1,2,1,44,0,good_cond,7,11
Adjapnyak,49000,qare,0,0,2,1,56,1,norm_cond,3,4
Adjapnyak,82000,monolit,1,1,2,1,60,0,good_cond,2,10
Adjapnyak,35000,panelayin,0,1,1,1,42,1,good_cond,11,12
Adjapnyak,51000,monolit,1,0,3,1,58,0,good_cond,2,5
Adjapnyak,48000,panelayin,0,1,1,1,54,1,norm_cond,6,10
Adjapnyak,68000,panelayin,0,1,3,1,98,2,norm_cond,3,9
Adjapnyak,32000,panelayin,0,1,1,1,42,1,good_cond,8,9
Adjapnyak,60000,qare,1,0,4,2,120,1,bad_cond,1,1
Adjapnyak,38000,qare,0,0,1,1,30,1,good_cond,2,5
Adjapnyak,109000,qare,0,0,4,1,100,0,good_cond,1,5
Adjapnyak,70000,qare,0,0,2,1,61,1,good_cond,3,5
Adjapnyak,58000,qare,0,0,2,1,53,0,norm_cond,4,4
Adjapnyak,67000,panelayin,0,1,3,1,80,1,good_cond,13,14
Adjapnyak,65000,qare,0,0,3,1,60,0,norm_cond,3,4
Adjapnyak,47000,panelayin,0,1,3,1,102,2,good_cond,7,9
Adjapnyak,62000,panelayin,1,1,2,1,63,0,good_cond,11,16
Adjapnyak,42000,qare,0,0,2,1,40,0,norm_cond,3,5
Adjapnyak,38000,panelayin,0,1,2,1,49,1,norm_cond,9,16
Adjapnyak,38000,panelayin,0,1,2,1,52,1,norm_cond,9,16
Adjapnyak,85000,monolit,1,1,3,1,80,0,good_cond,5,12
Adjapnyak,85000,qare,0,0,3,1,80,0,good_cond,2,4
Adjapnyak,67000,panelayin,0,1,3,1,68,0,good_cond,6,9
Adjapnyak,50000,qare,0,0,2,1,50,1,good_cond,1,5
Adjapnyak,45000,panelayin,1,1,2,1,47,0,good_cond,8,10
Adjapnyak,61999,panelayin,0,1,4,1,92,1,norm_cond,9,9
Adjapnyak,48000,qare,0,0,2,1,53,0,bad_cond,4,4
Adjapnyak,87000,panelayin,0,1,3,1,84,1,good_cond,2,12
Adjapnyak,51000,qare,0,0,2,1,65,1,good_cond,4,4
Adjapnyak,66000,qare,1,1,2,1,49,0,good_cond,6,7
Adjapnyak,51000,qare,0,0,3,1,70,1,norm_cond,3,4
Adjapnyak,43000,qare,0,0,2,1,43,1,good_cond,2,4
Adjapnyak,53000,panelayin,0,1,3,1,94,2,norm_cond,10,16
Adjapnyak,15500,qare,0,0,2,1,40,0,norm_cond,1,2
Adjapnyak,69000,monolit,1,1,3,1,61,0,good_cond,6,14
Adjapnyak,36000,qare,0,0,1,1,30,0,bad_cond,1,4
Adjapnyak,66000,monolit,1,1,2,1,53,0,good_cond,3,12
Adjapnyak,46000,monolit,1,1,2,1,46,0,good_cond,6,12
Adjapnyak,25000,qare,0,1,3,2,60,1,bad_cond,32,32
Adjapnyak,49000,panelayin,0,1,3,1,77,1,bad_cond,14,14
Adjapnyak,46000,panelayin,0,1,3,1,63,1,norm_cond,7,16
Adjapnyak,135000,panelayin,0,1,5,3,130,1,good_cond,7,12
Adjapnyak,30000,monolit,1,1,3,2,89,1,good_cond,18,18
Adjapnyak,67000,qare,0,0,2,1,58,1,good_cond,4,5
Adjapnyak,51000,monolit,1,1,3,1,62,1,good_cond,12,12
Adjapnyak,51000,monolit,1,1,3,1,62,1,good_cond,12,12
Adjapnyak,90000,qare,0,0,5,1,140,2,good_cond,2,5
Adjapnyak,56000,monolit,1,1,2,1,40,0,good_cond,5,6
Adjapnyak,90000,monolit,1,1,3,1,60,0,good_cond,1,6
Adjapnyak,90000,monolit,1,1,3,1,60,0,good_cond,1,6
Adjapnyak,90000,monolit,1,1,3,1,60,0,good_cond,1,6
Adjapnyak,56000,monolit,0,1,2,1,40,0,bad_cond,5,6
Adjapnyak,72000,qare,0,0,3,1,100,1,norm_cond,2,5
Adjapnyak,80000,monolit,0,1,3,1,80,0,good_cond,11,12
Adjapnyak,48000,qare,0,0,1,1,49,1,norm_cond,2,5
Adjapnyak,85000,panelayin,0,1,4,1,108,1,good_cond,5,9
Adjapnyak,80000,qare,0,0,3,2,96,1,norm_cond,1,3
Adjapnyak,30500,panelayin,0,1,1,1,23,0,bad_cond,1,16
Adjapnyak,30500,panelayin,0,1,1,1,23,0,norm_cond,1,16
Adjapnyak,52000,qare,0,0,2,1,38,0,good_cond,2,4
Adjapnyak,51000,monolit,1,1,3,1,62,1,good_cond,12,12
Adjapnyak,63000,qare,0,0,3,1,85,1,norm_cond,1,4
Adjapnyak,68000,panelayin,1,1,2,1,73,0,norm_cond,10,12
Adjapnyak,67000,panelayin,0,1,3,2,92,1,good_cond,6,14
Adjapnyak,40000,qare,0,0,2,1,54,0,norm_cond,2,2
Adjapnyak,73000,monolit,1,1,3,1,91,1,good_cond,9,14
Adjapnyak,55000,qare,0,0,3,1,73,1,norm_cond,2,4
Adjapnyak,65000,panelayin,0,1,3,2,81,1,good_cond,15,16
Adjapnyak,62000,panelayin,0,1,3,1,82,0,bad_cond,5,9
Adjapnyak,60000,panelayin,0,1,3,2,80,1,good_cond,6,16
Adjapnyak,55000,qare,0,0,3,1,70,1,norm_cond,2,4
Adjapnyak,95000,qare,0,0,4,1,75,0,good_cond,2,4
Adjapnyak,83000,qare,0,0,4,2,100,1,norm_cond,2,5
Adjapnyak,52000,qare,0,0,3,1,73,1,bad_cond,1,4
Adjapnyak,42000,panelayin,0,1,2,1,65,0,norm_cond,2,16
Adjapnyak,85000,panelayin,0,1,3,1,73,0,good_cond,3,9
Adjapnyak,57000,qare,0,0,2,1,48,0,good_cond,1,5
Adjapnyak,65000,panelayin,0,1,3,1,80,1,good_cond,1,9
Adjapnyak,67000,qare,0,0,2,1,54,0,bad_cond,3,4
Adjapnyak,67000,monolit,1,1,3,1,74,0,good_cond,7,7
Adjapnyak,62000,panelayin,0,1,2,1,80,2,good_cond,8,9
Adjapnyak,45000,panelayin,0,1,3,1,73,2,norm_cond,10,15
Adjapnyak,128500,qare,0,0,4,1,90,1,good_cond,2,5
Adjapnyak,52000,panelayin,0,0,3,1,74,1,norm_cond,2,5
Adjapnyak,73800,panelayin,0,1,3,1,96,1,good_cond,9,9
Adjapnyak,77000,monolit,1,1,3,1,91,1,good_cond,12,12
Adjapnyak,62000,panelayin,0,1,3,1,69,1,norm_cond,3,16
Adjapnyak,58000,panelayin,0,1,3,1,78,1,norm_cond,9,9
Adjapnyak,81000,monolit,1,1,3,1,76,1,good_cond,3,14
Adjapnyak,60000,panelayin,0,1,2,1,70,0,good_cond,7,16
Adjapnyak,66000,qare,0,0,4,1,112,1,norm_cond,2,4
Adjapnyak,40000,panelayin,0,1,2,1,65,1,norm_cond,11,16
Adjapnyak,56000,qare,0,0,2,1,56,0,good_cond,2,4
Adjapnyak,50000,panelayin,0,0,3,1,80,1,good_cond,3,4
Adjapnyak,32000,qare,0,0,1,1,32,1,bad_cond,3,5
Adjapnyak,49000,panelayin,0,1,2,1,43,1,good_cond,6,16
Adjapnyak,38000,qare,0,0,2,1,100,0,bad_cond,1,5
Adjapnyak,65000,panelayin,0,1,3,1,75,1,norm_cond,5,14
Adjapnyak,62000,panelayin,0,1,3,1,80,1,good_cond,6,16
Adjapnyak,53000,qare,0,0,3,1,65,1,bad_cond,5,5
Adjapnyak,53000,qare,0,0,2,1,57,1,norm_cond,4,4
Adjapnyak,71500,panelayin,0,1,3,1,82,0,good_cond,5,9
Adjapnyak,73000,qare,0,0,3,2,71,0,good_cond,1,4
Adjapnyak,56000,panelayin,0,1,2,1,65,0,norm_cond,3,9
Adjapnyak,50000,panelayin,0,1,2,1,115,1,norm_cond,1,12
Adjapnyak,50000,panelayin,0,1,2,1,67,1,norm_cond,12,16
Adjapnyak,43500,panelayin,0,1,2,1,50,0,good_cond,2,14
Adjapnyak,70000,qare,0,0,3,1,70,1,good_cond,3,4
Adjapnyak,75000,monolit,1,1,3,1,76,0,good_cond,4,7
Adjapnyak,56000,qare,0,0,3,1,60,0,norm_cond,2,4
Adjapnyak,80000,panelayin,0,1,4,1,90,0,good_cond,1,9
Adjapnyak,50000,qare,0,0,2,1,54,1,norm_cond,4,4
Adjapnyak,68000,panelayin,0,1,2,1,60,0,good_cond,6,9
Adjapnyak,58000,qare,0,0,3,1,77,1,norm_cond,4,5
Adjapnyak,90000,monolit,1,1,3,1,83,0,good_cond,8,12
Adjapnyak,30000,qare,0,0,1,1,30,0,bad_cond,4,4
Adjapnyak,55000,panelayin,0,0,2,1,60,0,good_cond,5,5
Adjapnyak,42000,qare,0,0,1,1,31,0,bad_cond,2,5
Adjapnyak,58000,panelayin,0,1,3,1,77,1,good_cond,13,14
Adjapnyak,67000,qare,0,0,3,1,79,1,good_cond,2,4
Adjapnyak,78000,monolit,1,1,3,1,80,1,norm_cond,2,14
Adjapnyak,30000,qare,0,0,1,1,30,0,norm_cond,1,4
Adjapnyak,45000,panelayin,1,1,1,1,50,1,bad_cond,10,10
Adjapnyak,42000,qare,0,0,2,1,47,1,norm_cond,3,4
Adjapnyak,49000,panelayin,0,1,4,2,87,2,good_cond,15,16
Adjapnyak,47000,panelayin,1,1,1,1,47,0,good_cond,1,8
Adjapnyak,44000,qare,0,0,1,1,48,1,norm_cond,1,5
Adjapnyak,45000,panelayin,0,1,2,1,69,1,norm_cond,7,9
Adjapnyak,70000,qare,0,0,5,3,251,2,norm_cond,4,4
Adjapnyak,100000,panelayin,0,1,4,1,100,0,bad_cond,9,9
Adjapnyak,80000,qare,0,0,3,1,78,1,norm_cond,3,5
Adjapnyak,38500,qare,0,0,1,1,30,0,bad_cond,1,4
Adjapnyak,55000,monolit,1,1,1,1,48,0,good_cond,6,12
Adjapnyak,85000,qare,0,0,3,1,75,1,norm_cond,3,4
Arabkir,88000,qare,0,0,2,1,67,1,good_cond,4,5
Arabkir,62000,qare,0,0,1,1,48,1,good_cond,1,5
Arabkir,53000,qare,0,0,3,1,60,1,norm_cond,5,5
Arabkir,87000,qare,0,0,4,1,107,1,good_cond,5,5
Arabkir,103000,qare,0,0,3,2,137,1,good_cond,1,5
Arabkir,160000,qare,0,0,4,2,110,1,good_cond,4,5
Arabkir,93000,qare,0,0,4,1,93,2,norm_cond,5,5
Arabkir,255000,monolit,1,1,3,2,119,2,good_cond,8,15
Arabkir,67650,qare,0,0,2,1,55,1,good_cond,5,5
Arabkir,80000,panelayin,0,1,4,1,85,1,good_cond,5,9
Arabkir,78000,qare,0,1,3,1,60,0,good_cond,1,12
Arabkir,79000,panelayin,0,1,3,1,70,1,good_cond,3,12
Arabkir,34000,qare,0,0,2,1,32,1,good_cond,2,2
Arabkir,66000,qare,0,0,2,1,89,0,bad_cond,1,5
Arabkir,230000,monolit,1,1,4,3,135,1,good_cond,2,8
Arabkir,95000,panelayin,0,1,3,1,89,0,bad_cond,8,9
Arabkir,115000,monolit,1,1,3,1,78,0,good_cond,6,18
Arabkir,61000,qare,0,0,2,1,58,1,norm_cond,5,5
Arabkir,134900,monolit,1,1,3,1,85,0,good_cond,2,8
Arabkir,110000,qare,0,0,4,1,104,1,bad_cond,2,5
Arabkir,57000,panelayin,0,1,2,1,55,0,good_cond,7,9
Arabkir,60000,panelayin,0,1,4,1,97,0,bad_cond,9,9
Arabkir,100000,qare,0,0,4,1,100,1,good_cond,5,5
Arabkir,65000,panelayin,0,1,2,1,69,1,good_cond,2,9
Arabkir,63000,qare,0,0,2,1,50,1,good_cond,3,5
Arabkir,89000,qare,0,0,2,1,64,1,good_cond,2,5
Arabkir,157000,panelayin,0,1,4,1,92,1,good_cond,14,16
Arabkir,90000,monolit,1,1,2,1,62,1,good_cond,2,12
Arabkir,63000,panelayin,0,1,2,1,69,0,good_cond,8,8
Arabkir,75000,qare,0,0,2,1,56,1,good_cond,3,5
Arabkir,75000,panelayin,0,1,3,1,89,1,norm_cond,13,14
Arabkir,66500,qare,0,0,2,1,69,1,norm_cond,4,5
Arabkir,85000,monolit,1,1,2,1,79,1,good_cond,9,10
Arabkir,100000,qare,0,0,3,1,72,1,good_cond,2,4
Arabkir,85000,qare,0,0,4,2,105,2,norm_cond,5,5
Arabkir,72000,panelayin,0,1,3,2,80,1,norm_cond,5,9
Arabkir,120000,monolit,0,0,3,1,88,0,norm_cond,3,5
Arabkir,115000,qare,0,0,4,3,160,2,good_cond,1,5
Arabkir,82000,panelayin,0,1,3,1,85,1,good_cond,1,14
Arabkir,82000,panelayin,0,1,3,1,85,1,good_cond,1,14
Arabkir,129000,panelayin,0,1,3,1,90,1,good_cond,5,9
Arabkir,145000,panelayin,1,1,2,1,75,1,good_cond,4,14
Arabkir,65000,qare,0,0,2,1,62,1,norm_cond,4,5
Arabkir,94000,qare,0,0,4,1,80,1,good_cond,2,5
Arabkir,100000,panelayin,0,1,3,1,86,2,good_cond,4,14
Arabkir,115000,monolit,1,1,3,2,95,2,bad_cond,10,18
Arabkir,112000,qare,0,1,3,1,110,1,norm_cond,6,6
Arabkir,75000,monolit,1,1,2,1,58,1,good_cond,2,14
Arabkir,62000,qare,0,0,1,1,31,1,norm_cond,5,5
Arabkir,130000,qare,0,0,5,2,131,1,good_cond,5,5
Arabkir,46000,qare,0,0,2,1,48,1,good_cond,3,3
Arabkir,125000,qare,0,0,2,1,70,1,good_cond,1,5
Arabkir,80000,qare,0,0,2,1,52,2,good_cond,2,5
Arabkir,102000,monolit,0,1,3,1,70,1,good_cond,8,9
Arabkir,80000,panelayin,0,1,3,1,65,1,norm_cond,1,14
Arabkir,140000,panelayin,0,1,4,1,105,2,norm_cond,7,13
Arabkir,105000,qare,0,0,5,2,137,1,good_cond,1,4
Arabkir,165000,panelayin,0,1,4,2,177,1,good_cond,8,9
Arabkir,68000,qare,0,1,2,1,50,1,good_cond,4,6
Arabkir,65000,panelayin,0,1,2,1,70,0,good_cond,15,16
Arabkir,52000,panelayin,0,1,1,1,48,1,norm_cond,2,16
Arabkir,130000,qare,0,0,4,1,110,0,bad_cond,3,5
Arabkir,90000,panelayin,0,1,3,2,96,1,good_cond,14,16
Arabkir,125000,qare,1,1,3,2,90,1,good_cond,2,8
Arabkir,140000,qare,1,0,5,1,221,1,good_cond,1,1
Arabkir,115000,qare,0,0,2,1,72,1,good_cond,3,3
Arabkir,80000,qare,0,0,2,1,50,1,good_cond,2,3
Arabkir,95000,qare,1,1,2,1,69,1,good_cond,6,6
Arabkir,110000,monolit,1,1,3,1,75,1,norm_cond,9,14
Arabkir,54000,qare,0,0,2,2,50,0,good_cond,1,5
Arabkir,115000,qare,0,0,3,2,70,1,good_cond,4,5
Arabkir,135000,panelayin,0,1,3,1,102,1,norm_cond,1,9
Arabkir,159000,qare,0,0,5,2,144,2,good_cond,5,5
Arabkir,67000,panelayin,0,1,3,1,62,1,good_cond,5,9
Arabkir,72500,panelayin,0,0,3,1,98,1,norm_cond,3,3
Arabkir,73000,monolit,0,0,2,1,80,0,bad_cond,4,4
Arabkir,119000,qare,0,0,4,2,145,2,good_cond,5,5
Arabkir,57000,panelayin,0,1,2,1,65,0,norm_cond,3,9
Arabkir,65000,qare,0,0,2,1,67,1,norm_cond,5,5
Arabkir,285000,monolit,1,0,3,2,172,2,good_cond,1,5
Arabkir,145000,monolit,1,0,3,2,90,1,good_cond,1,5
Arabkir,69000,qare,0,0,3,1,78,0,good_cond,1,4
Arabkir,43000,qare,0,0,1,1,30,0,bad_cond,1,5
Arabkir,96000,qare,0,0,3,1,82,2,norm_cond,4,5
Arabkir,86000,monolit,1,1,2,1,46,1,good_cond,7,8
Arabkir,77000,qare,0,0,4,2,78,2,good_cond,5,5
Arabkir,95000,panelayin,0,1,4,2,97,1,norm_cond,5,16
Arabkir,84000,panelayin,0,1,4,1,94,2,bad_cond,8,10
Arabkir,126000,monolit,1,1,2,1,74,1,good_cond,11,15
Arabkir,100000,panelayin,0,1,3,1,94,1,norm_cond,6,7
Arabkir,40500,panelayin,0,0,2,1,50,1,norm_cond,1,2
Arabkir,40000,monolit,0,1,1,1,43,0,good_cond,4,7
Arabkir,74000,qare,0,0,2,1,62,1,good_cond,3,5
Arabkir,85500,qare,1,1,2,1,46,1,good_cond,7,9
Arabkir,70000,qare,0,0,3,1,62,1,norm_cond,2,5
Arabkir,80000,qare,0,0,2,1,71,2,good_cond,1,4
Arabkir,73000,qare,0,0,2,1,56,0,norm_cond,2,5
Arabkir,35000,panelayin,0,1,2,1,37,0,good_cond,1,9
Arabkir,249000,monolit,1,1,3,3,111,1,good_cond,13,17
Arabkir,255000,monolit,1,1,3,2,119,2,good_cond,8,15
Arabkir,133000,monolit,1,1,4,2,91,1,good_cond,10,12
Arabkir,87000,panelayin,0,1,3,1,81,0,good_cond,5,14
Arabkir,57000,panelayin,0,1,2,1,55,0,good_cond,7,9
Arabkir,86000,qare,0,0,4,1,68,1,good_cond,3,5
Arabkir,100000,qare,0,0,3,1,75,1,good_cond,2,5
Arabkir,44000,qare,0,0,1,1,31,1,norm_cond,3,5
Arabkir,110000,monolit,0,1,3,1,93,0,good_cond,1,9
Arabkir,80000,qare,0,0,3,1,77,1,norm_cond,2,5
Arabkir,110000,qare,0,0,3,1,90,2,good_cond,4,5
Arabkir,53000,panelayin,0,1,2,1,53,1,good_cond,7,9
Arabkir,83000,panelayin,0,1,4,1,105,1,bad_cond,9,10
Arabkir,155000,qare,0,0,3,1,88,0,good_cond,1,5
Arabkir,55000,qare,0,0,2,1,41,0,norm_cond,1,5
Arabkir,88000,monolit,1,1,3,2,80,1,bad_cond,14,14
Arabkir,65000,qare,0,0,1,1,38,1,good_cond,5,5
Arabkir,65000,qare,0,1,2,1,68,1,norm_cond,11,12
Arabkir,85000,qare,0,0,3,1,77,1,good_cond,5,5
Arabkir,115000,monolit,1,1,3,2,100,1,bad_cond,8,8
Arabkir,60000,monolit,0,1,2,1,50,0,good_cond,8,9
Arabkir,255000,monolit,1,1,3,2,119,2,good_cond,8,15
Arabkir,100000,panelayin,0,1,3,1,80,1,norm_cond,9,9
Arabkir,149600,monolit,1,1,4,2,136,2,bad_cond,3,16
Arabkir,60000,panelayin,0,1,2,1,60,0,norm_cond,1,9
Arabkir,67000,qare,0,1,2,1,69,0,norm_cond,6,6
Arabkir,52000,qare,0,0,1,1,45,1,bad_cond,5,5
Arabkir,80000,qare,1,0,2,1,55,2,good_cond,4,5
Arabkir,45000,qare,0,1,2,1,47,0,good_cond,4,6
Arabkir,48000,panelayin,0,1,2,1,55,1,good_cond,1,14
Arabkir,119000,qare,0,0,4,2,145,2,good_cond,5,5
Arabkir,90000,monolit,1,1,1,1,40,0,norm_cond,7,18
Arabkir,68000,qare,0,0,2,1,68,0,bad_cond,4,5
Arabkir,90000,qare,0,0,2,1,83,0,good_cond,2,2
Arabkir,93000,qare,0,0,2,1,56,1,good_cond,5,5
Arabkir,80000,monolit,1,0,3,1,87,1,good_cond,1,2
Arabkir,107000,qare,0,0,4,1,90,1,good_cond,5,5
Arabkir,91000,panelayin,0,1,2,1,83,1,good_cond,5,16
Arabkir,40000,monolit,1,0,2,1,60,0,good_cond,2,5
Arabkir,109000,monolit,1,1,3,2,91,1,bad_cond,5,12
Arabkir,75000,panelayin,0,1,3,2,77,1,good_cond,1,14
Arabkir,95000,qare,0,0,3,2,117,2,norm_cond,2,5
Arabkir,86300,panelayin,0,1,3,1,78,1,good_cond,3,9
Arabkir,88000,qare,0,0,4,1,86,1,good_cond,5,5
Arabkir,44000,panelayin,0,1,2,1,43,1,norm_cond,8,9
Arabkir,90000,qare,0,0,3,1,63,1,good_cond,3,5
Arabkir,65000,aghyuse,0,0,3,1,68,0,good_cond,1,2
Arabkir,37700,qare,0,0,1,1,31,1,good_cond,3,5
Arabkir,84000,panelayin,0,1,4,1,84,1,good_cond,8,9
Arabkir,150000,qare,0,0,2,1,110,2,good_cond,4,5
Arabkir,150000,qare,0,0,2,1,110,2,good_cond,4,5
Arabkir,87000,panelayin,0,1,3,1,81,0,good_cond,5,14
Arabkir,90000,qare,0,0,2,1,82,1,good_cond,5,5
Arabkir,64000,qare,0,0,2,1,49,1,good_cond,2,5
Arabkir,48500,panelayin,0,1,1,1,43,0,norm_cond,7,9
Arabkir,145000,monolit,0,1,3,1,98,0,good_cond,4,7
Arabkir,119000,qare,0,0,3,1,80,1,good_cond,3,5
Arabkir,62000,panelayin,0,1,2,1,52,1,norm_cond,1,9
Arabkir,150000,monolit,1,1,3,2,105,1,good_cond,10,11
Arabkir,75000,panelayin,0,1,2,1,52,0,good_cond,6,9
Arabkir,56000,qare,0,0,1,1,39,1,good_cond,3,4
Arabkir,160000,monolit,1,1,3,1,100,2,good_cond,7,16
Arabkir,67500,qare,0,0,2,1,58,1,good_cond,5,5
Arabkir,99500,monolit,1,1,2,1,55,1,good_cond,11,17
Arabkir,95000,panelayin,0,1,2,1,70,2,good_cond,6,9
Arabkir,93000,panelayin,1,1,3,1,93,1,bad_cond,3,10
Arabkir,108000,monolit,1,1,3,2,90,1,bad_cond,7,8
Arabkir,67000,monolit,1,1,2,1,52,1,bad_cond,4,8
Arabkir,88000,panelayin,0,1,3,2,80,1,norm_cond,7,9
Arabkir,60000,qare,0,0,2,1,57,1,norm_cond,1,5
Arabkir,95000,qare,0,0,3,1,80,1,good_cond,2,5
Arabkir,85000,panelayin,0,1,3,1,88,1,norm_cond,5,14
Arabkir,61000,qare,0,0,2,1,66,1,norm_cond,1,5
Arabkir,55000,qare,0,0,2,1,44,1,good_cond,5,5
Arabkir,175000,monolit,1,1,3,1,112,1,good_cond,6,15
Arabkir,68000,qare,0,1,2,1,59,1,good_cond,4,6
Arabkir,86000,qare,0,0,4,1,67,1,good_cond,3,5
Arabkir,105000,panelayin,0,1,3,2,90,1,good_cond,3,12
Arabkir,57000,panelayin,0,1,1,1,54,0,good_cond,7,9
Arabkir,79000,qare,0,0,4,1,95,2,norm_cond,5,5
Arabkir,45000,qare,0,0,3,1,55,0,good_cond,5,5
Arabkir,48000,qare,0,0,1,1,45,1,norm_cond,1,5
Arabkir,78000,monolit,0,1,2,1,67,0,good_cond,6,10
Arabkir,77000,panelayin,0,1,3,1,79,0,norm_cond,8,9
Arabkir,65000,qare,0,0,2,1,43,1,good_cond,2,5
Arabkir,77000,panelayin,0,1,3,1,90,0,good_cond,11,16
Arabkir,82000,qare,0,1,3,1,79,1,good_cond,1,14
Arabkir,90000,monolit,1,1,3,2,105,2,good_cond,15,16
Arabkir,180000,monolit,1,1,3,2,106,1,good_cond,4,12
Arabkir,77500,qare,0,0,2,1,57,2,good_cond,3,5
Arabkir,42000,qare,0,0,1,1,47,1,norm_cond,5,5
Arabkir,127000,monolit,1,1,2,1,68,1,good_cond,10,15
Arabkir,88000,qare,0,0,2,1,67,1,good_cond,4,5
Arabkir,100000,qare,0,0,3,1,75,1,good_cond,2,5
Arabkir,103000,qare,0,0,3,2,137,1,good_cond,1,5
Arabkir,86000,qare,0,0,4,1,68,1,good_cond,3,5
Arabkir,87000,qare,0,0,4,1,107,1,good_cond,5,5
Arabkir,150000,qare,0,1,4,2,132,0,good_cond,7,7
Arabkir,85000,panelayin,0,1,3,1,88,1,norm_cond,5,14
Arabkir,120000,panelayin,0,1,3,1,94,1,good_cond,8,9
Arabkir,100000,panelayin,0,1,3,1,69,2,norm_cond,9,14
Arabkir,125000,qare,0,1,5,1,118,2,bad_cond,5,6
Arabkir,80000,qare,0,0,3,2,83,1,bad_cond,2,4
Arabkir,81500,qare,0,0,3,1,75,1,norm_cond,1,5
Arabkir,68000,monolit,1,1,2,1,48,1,good_cond,15,19
Arabkir,120000,qare,0,0,3,3,73,1,good_cond,2,3
Arabkir,110000,qare,0,0,3,1,73,1,good_cond,2,3
Arabkir,88000,panelayin,0,0,4,2,109,1,norm_cond,2,5
Arabkir,76500,qare,0,0,5,1,105,2,norm_cond,5,5
Arabkir,81000,panelayin,0,1,3,1,65,1,good_cond,7,9
Arabkir,85000,qare,0,0,3,1,70,0,good_cond,1,5
Arabkir,70000,qare,1,1,2,1,42,0,good_cond,6,8
Arabkir,36000,qare,0,0,2,1,40,0,good_cond,1,4
Arabkir,75000,qare,0,0,3,1,81,1,bad_cond,2,5
Arabkir,230000,monolit,1,1,3,2,135,1,good_cond,2,8
Arabkir,26000,qare,0,0,1,1,23,0,good_cond,3,5
Arabkir,115000,qare,0,0,3,1,79,1,good_cond,4,5
Arabkir,96000,monolit,1,1,4,2,96,1,bad_cond,9,12
Arabkir,65000,monolit,0,1,2,2,50,0,good_cond,4,9
Arabkir,72000,qare,0,1,3,1,86,1,norm_cond,2,9
Arabkir,77000,qare,0,0,4,2,78,1,good_cond,5,5
Arabkir,76000,panelayin,0,1,3,1,73,1,good_cond,9,9
Arabkir,115000,qare,0,0,3,2,120,2,good_cond,1,5
Arabkir,110000,qare,0,0,3,1,70,0,good_cond,5,5
Arabkir,21000,panelayin,0,0,3,1,72,1,norm_cond,1,4
Arabkir,73000,qare,0,0,3,1,64,0,norm_cond,1,2
Arabkir,222000,qare,1,1,3,2,124,1,good_cond,5,19
Arabkir,103000,monolit,1,1,2,1,60,1,good_cond,5,15
Arabkir,250000,monolit,1,1,3,1,94,1,good_cond,11,14
Arabkir,135000,qare,0,1,3,1,86,0,good_cond,6,6
Arabkir,110000,qare,0,0,4,1,128,1,bad_cond,2,5
Arabkir,65000,panelayin,0,1,2,1,63,1,norm_cond,12,14
Arabkir,90000,aghyuse,0,0,5,1,115,0,bad_cond,4,5
Arabkir,57000,panelayin,0,1,3,1,53,0,good_cond,14,14
Arabkir,105000,qare,0,0,3,1,86,1,good_cond,4,5
Arabkir,147000,qare,0,0,5,3,161,1,bad_cond,2,5
Arabkir,55000,qare,0,0,2,1,47,1,good_cond,4,5
Arabkir,65000,qare,0,0,2,1,39,1,good_cond,3,4
Arabkir,77000,panelayin,0,1,2,1,50,1,good_cond,1,7
Arabkir,195000,monolit,1,1,3,1,101,1,good_cond,7,18
Arabkir,120000,panelayin,0,1,4,1,82,1,good_cond,3,9
Arabkir,148000,monolit,1,1,3,2,123,2,bad_cond,6,18
Arabkir,55000,qare,0,0,1,1,48,1,good_cond,5,5
Arabkir,155000,qare,0,0,5,2,180,2,good_cond,5,5
Arabkir,77000,panelayin,0,1,2,1,70,1,good_cond,1,9
Arabkir,107000,qare,0,0,3,2,74,1,good_cond,5,5
Arabkir,145000,monolit,1,1,3,2,92,1,good_cond,2,8
Arabkir,119000,qare,0,0,4,2,145,2,good_cond,5,5
Arabkir,132000,monolit,1,1,3,2,98,1,good_cond,2,8
Arabkir,82000,qare,0,0,3,1,62,1,good_cond,3,5
Arabkir,110000,panelayin,0,1,4,1,98,0,norm_cond,8,8
Arabkir,47000,qare,0,0,2,1,60,1,norm_cond,1,5
Arabkir,26000,qare,0,1,1,1,19,0,good_cond,4,6
Arabkir,86000,panelayin,0,1,4,2,100,1,norm_cond,4,9
Arabkir,280000,monolit,0,1,3,1,165,0,bad_cond,5,16
Arabkir,52000,qare,0,0,1,1,44,1,bad_cond,3,5
Arabkir,78000,qare,0,0,3,1,63,0,good_cond,5,5
Arabkir,65000,qare,0,0,3,1,45,0,good_cond,5,5
Arabkir,100000,qare,0,0,3,1,140,1,norm_cond,1,5
Arabkir,102000,monolit,1,1,3,1,59,1,good_cond,3,12
Arabkir,60000,qare,0,0,2,1,53,0,norm_cond,2,5
Arabkir,179900,monolit,1,1,3,2,117,1,good_cond,10,12
Arabkir,68000,monolit,0,1,3,1,70,1,norm_cond,1,10
Arabkir,112000,panelayin,0,1,4,1,104,1,good_cond,2,14
Arabkir,75000,panelayin,0,1,3,3,90,2,norm_cond,9,9
Arabkir,63000,qare,0,0,2,1,57,0,norm_cond,4,4
Arabkir,170000,monolit,1,1,3,2,107,0,good_cond,7,12
Arabkir,40000,qare,0,0,2,1,38,1,good_cond,4,4
Arabkir,68000,panelayin,0,1,3,1,78,1,good_cond,16,16
Arabkir,107000,qare,0,0,4,1,107,2,norm_cond,1,4
Arabkir,86500,monolit,1,1,2,1,47,1,good_cond,7,8
Arabkir,95000,panelayin,0,1,3,1,88,1,good_cond,9,12
Arabkir,80000,qare,0,0,3,1,76,1,good_cond,5,5
Arabkir,99000,qare,0,1,3,1,94,1,good_cond,6,6
Arabkir,73000,qare,0,0,2,2,70,1,norm_cond,5,5
Arabkir,110000,qare,0,0,3,2,93,0,good_cond,2,5
Arabkir,59000,qare,0,0,2,1,45,0,good_cond,5,5
Arabkir,85000,qare,0,1,3,1,80,0,good_cond,2,8
Arabkir,55000,qare,0,1,3,1,42,0,bad_cond,1,6
Arabkir,70000,qare,0,0,2,1,57,1,norm_cond,4,5
Arabkir,120000,monolit,1,1,2,1,70,1,good_cond,5,8
Arabkir,72000,qare,0,1,3,1,80,1,bad_cond,1,6
Arabkir,195000,qare,0,0,3,1,84,1,bad_cond,3,5
Arabkir,72000,qare,0,0,1,1,35,0,bad_cond,1,5
Arabkir,80000,qare,0,0,3,1,76,2,norm_cond,4,5
Arabkir,65000,monolit,0,1,2,2,48,0,good_cond,4,10
Arabkir,72000,qare,0,0,2,1,68,0,good_cond,5,5
Arabkir,53000,qare,0,0,2,1,63,1,bad_cond,5,5
Arabkir,123000,qare,0,0,3,1,88,0,bad_cond,4,5
Arabkir,150000,qare,0,1,4,2,132,0,good_cond,7,7
Arabkir,103000,qare,0,0,3,2,137,1,good_cond,1,5
Arabkir,86000,qare,0,0,4,1,68,1,good_cond,3,5
Arabkir,87000,panelayin,0,1,3,1,81,0,good_cond,5,14
Arabkir,62000,qare,0,0,1,1,48,1,good_cond,1,5
Arabkir,120000,panelayin,0,1,3,1,94,1,good_cond,8,9
Arabkir,133000,monolit,1,1,4,2,91,1,good_cond,10,12
Arabkir,85000,panelayin,0,1,3,1,88,1,norm_cond,5,14
Arabkir,125000,monolit,1,1,3,1,96,1,good_cond,3,16
Arabkir,79000,panelayin,0,1,3,1,64,0,good_cond,8,9
Arabkir,148000,monolit,1,1,3,2,85,1,good_cond,6,10
Arabkir,126000,monolit,1,1,3,2,97,1,good_cond,8,8
Arabkir,150000,qare,0,0,3,1,91,0,good_cond,2,5
Arabkir,61000,qare,0,0,2,1,44,1,good_cond,2,5
Arabkir,100000,qare,0,1,3,1,85,0,good_cond,1,14
Arabkir,85000,panelayin,0,1,3,1,78,0,good_cond,9,14
Arabkir,25000,qare,0,1,2,1,40,0,norm_cond,7,7
Arabkir,49000,panelayin,0,1,2,2,44,1,good_cond,1,9
Arabkir,77000,qare,0,0,2,1,65,1,good_cond,4,5
Arabkir,87000,qare,0,1,2,1,78,1,norm_cond,5,6
Arabkir,65000,qare,0,0,2,1,56,1,norm_cond,1,5
Arabkir,120000,qare,0,0,4,1,97,1,good_cond,1,4
Arabkir,60000,monolit,1,1,2,1,55,1,bad_cond,3,12
Arabkir,100000,panelayin,0,1,3,1,81,1,good_cond,9,14
Arabkir,76000,qare,0,0,2,1,66,0,norm_cond,3,5
Arabkir,135000,panelayin,1,1,4,1,102,0,good_cond,9,10
Arabkir,235000,monolit,1,1,3,2,100,1,good_cond,8,16
Arabkir,90000,panelayin,0,1,3,1,80,1,good_cond,6,14
Arabkir,178000,monolit,1,1,3,1,102,1,good_cond,8,18
Arabkir,146000,qare,0,0,4,1,130,0,bad_cond,2,5
Arabkir,160000,monolit,1,1,4,2,100,2,good_cond,7,16
Arabkir,80000,qare,0,0,2,1,78,1,norm_cond,5,5
Arabkir,170000,qare,0,0,4,2,120,1,good_cond,3,4
Arabkir,77000,panelayin,0,1,2,1,65,1,good_cond,9,9
Arabkir,125000,monolit,1,1,4,2,92,1,good_cond,2,10
Arabkir,79000,qare,0,0,3,1,71,0,norm_cond,4,4
Arabkir,63000,qare,0,1,2,1,51,0,bad_cond,7,7
Arabkir,64000,monolit,1,0,1,1,40,1,good_cond,4,4
Arabkir,79000,monolit,1,1,3,1,64,1,good_cond,10,10
Arabkir,86000,monolit,1,1,2,1,57,1,good_cond,7,8
Arabkir,70000,qare,0,0,4,2,105,2,norm_cond,5,5
Arabkir,75000,panelayin,0,1,3,2,96,1,good_cond,3,9
Arabkir,35000,qare,0,0,3,1,65,0,good_cond,3,3
Arabkir,135000,monolit,1,0,3,2,67,1,good_cond,3,5
Arabkir,119000,qare,0,0,4,2,145,2,good_cond,5,5
Arabkir,119000,qare,0,0,4,2,145,2,good_cond,5,5
Arabkir,119000,qare,0,0,4,2,145,2,good_cond,5,5
Arabkir,115000,qare,0,0,4,3,160,2,good_cond,1,5
Arabkir,119000,qare,0,0,4,2,145,2,good_cond,5,5
Arabkir,73000,panelayin,0,1,4,1,110,1,good_cond,14,14
Arabkir,75240,panelayin,0,1,3,1,88,2,norm_cond,5,12
Arabkir,98000,qare,0,1,3,1,98,1,norm_cond,2,6
Arabkir,32000,qare,0,0,1,1,31,0,good_cond,1,5
Arabkir,77000,panelayin,0,1,3,1,80,1,norm_cond,12,14
Arabkir,140000,qare,0,0,4,1,94,0,bad_cond,3,5
Arabkir,52000,qare,0,0,1,1,42,1,good_cond,4,5
Arabkir,133000,monolit,1,1,4,2,91,1,good_cond,10,12
Arabkir,30000,qare,0,0,2,1,38,1,norm_cond,2,5
Arabkir,135000,monolit,1,1,3,1,83,1,bad_cond,10,11
Arabkir,119000,qare,0,0,5,2,145,2,good_cond,5,5
Arabkir,119000,qare,0,0,5,2,145,2,good_cond,5,5
Arabkir,180000,monolit,1,1,4,2,120,2,good_cond,3,8
Arabkir,80000,qare,0,0,2,1,43,0,good_cond,1,5
Arabkir,75000,panelayin,0,1,3,1,98,1,bad_cond,11,14
Arabkir,69000,panelayin,0,1,2,1,68,0,norm_cond,5,9
Arabkir,88000,panelayin,0,1,3,1,80,1,norm_cond,14,16
Arabkir,81500,qare,0,0,3,1,76,1,good_cond,4,5
Arabkir,92000,panelayin,0,1,4,1,113,1,norm_cond,8,13
Arabkir,160000,qare,0,0,4,2,110,1,good_cond,4,5
Arabkir,223000,monolit,1,1,4,1,123,0,good_cond,8,13
Arabkir,150000,monolit,1,1,3,2,100,2,good_cond,10,11
Arabkir,49000,panelayin,0,1,2,1,60,0,bad_cond,8,9
Arabkir,56000,qare,0,0,1,1,37,2,norm_cond,3,5
Arabkir,52000,panelayin,0,1,1,1,50,1,good_cond,11,16
Arabkir,74900,qare,0,0,2,1,43,1,good_cond,3,5
Arabkir,80000,qare,0,0,2,1,58,1,norm_cond,2,5
Arabkir,51000,qare,0,0,1,1,45,1,norm_cond,4,5
Arabkir,55000,monolit,0,0,2,1,57,1,bad_cond,1,1
Arabkir,72000,qare,0,1,2,1,66,1,norm_cond,2,7
Arabkir,130000,qare,0,0,4,1,210,0,bad_cond,3,3
Arabkir,58000,panelayin,0,1,1,1,42,1,good_cond,9,10
Arabkir,90000,panelayin,0,1,4,1,98,1,norm_cond,2,9
Arabkir,75000,panelayin,0,1,2,1,69,1,norm_cond,6,9
Arabkir,249000,monolit,1,1,3,3,111,1,good_cond,13,17
Arabkir,150000,monolit,1,1,3,1,88,2,norm_cond,7,17
Arabkir,75000,monolit,1,1,2,1,68,1,bad_cond,12,14
Arabkir,130000,monolit,1,1,2,1,63,1,good_cond,5,9
Arabkir,74000,panelayin,0,1,2,1,69,0,good_cond,1,9
Arabkir,45000,qare,0,0,1,1,39,0,norm_cond,4,5
Arabkir,92000,monolit,1,1,3,2,80,1,bad_cond,9,14
Arabkir,54000,qare,1,1,2,2,54,0,good_cond,1,6
Arabkir,51000,panelayin,0,1,3,2,92,1,norm_cond,2,16
Arabkir,87000,monolit,1,1,2,1,47,1,good_cond,5,8
Arabkir,125000,panelayin,0,1,3,1,96,0,bad_cond,10,16
Arabkir,57000,panelayin,0,1,2,1,55,0,good_cond,7,9
Arabkir,160000,qare,0,0,4,2,110,1,good_cond,4,5
Arabkir,62000,qare,0,0,1,1,48,1,good_cond,1,5
Arabkir,133000,monolit,1,1,4,2,91,1,good_cond,10,12
Arabkir,60000,monolit,1,1,2,1,55,1,bad_cond,3,12
Arabkir,86000,qare,0,0,4,1,68,1,good_cond,3,5
Arabkir,87000,qare,0,0,4,1,107,1,good_cond,5,5
Arabkir,85000,panelayin,0,1,3,1,88,1,norm_cond,5,14
Arabkir,96000,panelayin,0,1,3,2,92,0,good_cond,1,7
Arabkir,85000,monolit,0,0,3,3,100,0,good_cond,2,2
Arabkir,53000,qare,0,0,2,1,42,0,bad_cond,5,5
Arabkir,85000,qare,0,0,2,1,73,1,norm_cond,2,5
Arabkir,150000,qare,0,1,4,2,132,0,good_cond,7,7
Arabkir,72000,qare,0,0,2,1,66,1,norm_cond,5,5
Arabkir,70000,qare,0,0,2,1,65,2,norm_cond,3,4
Arabkir,68000,qare,0,0,2,1,57,0,bad_cond,5,5
Arabkir,75000,qare,0,1,3,1,90,1,good_cond,1,16
Arabkir,65000,panelayin,0,1,3,1,70,1,good_cond,7,9
Arabkir,110000,panelayin,0,1,4,1,120,1,good_cond,12,13
Arabkir,79000,qare,0,0,2,1,63,1,good_cond,4,5
Arabkir,100000,qare,1,1,4,1,123,0,norm_cond,10,10
Arabkir,140000,monolit,1,1,3,2,99,2,good_cond,7,8
Arabkir,99000,qare,0,0,4,1,106,1,good_cond,5,5
Arabkir,67000,qare,0,0,2,1,71,1,norm_cond,5,5
Arabkir,103000,qare,0,0,3,1,103,0,norm_cond,1,5
Arabkir,77000,qare,0,0,3,1,71,0,bad_cond,5,5
Arabkir,65000,qare,0,0,2,1,65,1,good_cond,4,4
Arabkir,74000,panelayin,1,1,2,1,65,1,good_cond,6,9
Arabkir,65000,qare,0,0,3,1,75,1,norm_cond,4,4
Arabkir,110000,qare,0,0,5,1,109,1,good_cond,1,5
Arabkir,69000,panelayin,0,1,2,1,74,1,norm_cond,5,9
Arabkir,66400,panelayin,0,1,3,1,68,1,norm_cond,7,9
Arabkir,118000,monolit,1,1,3,2,88,1,good_cond,6,8
Arabkir,77000,qare,0,0,3,1,62,0,norm_cond,2,4
Arabkir,102000,monolit,1,0,3,2,82,0,good_cond,2,4
Arabkir,84000,panelayin,0,1,3,1,93,1,good_cond,3,9
Arabkir,89000,monolit,1,1,2,1,51,1,good_cond,5,6
Arabkir,52000,panelayin,1,1,2,1,46,1,good_cond,10,10
Arabkir,90000,panelayin,0,1,4,2,105,1,norm_cond,13,14
Arabkir,60000,panelayin,0,1,3,1,80,2,norm_cond,1,9
Arabkir,100000,qare,0,0,3,1,75,1,good_cond,2,5
Arabkir,86000,qare,0,0,4,1,68,1,good_cond,3,5
Arabkir,67000,qare,0,0,2,1,58,1,good_cond,5,5
Arabkir,62000,qare,0,0,1,1,39,1,bad_cond,2,5
Arabkir,91000,panelayin,0,1,3,1,78,1,norm_cond,1,9
Arabkir,68800,panelayin,0,1,3,1,74,2,norm_cond,9,14
Arabkir,77000,qare,0,0,2,1,66,1,good_cond,4,5
Arabkir,60000,qare,0,0,2,1,37,0,good_cond,1,4
Arabkir,109000,monolit,1,1,2,2,60,1,good_cond,10,12
Arabkir,41000,qare,0,1,2,1,45,1,good_cond,6,6
Arabkir,90000,qare,0,0,3,1,90,2,norm_cond,4,4
Arabkir,65000,qare,0,0,3,1,56,1,good_cond,1,4
Arabkir,78000,qare,0,0,4,1,76,1,good_cond,5,5
Arabkir,145000,qare,1,1,3,1,126,1,good_cond,10,10
Arabkir,75000,panelayin,0,1,2,1,68,1,norm_cond,1,9
Arabkir,100000,panelayin,0,1,3,1,75,1,good_cond,10,12
Arabkir,72000,panelayin,0,1,4,1,85,2,norm_cond,5,9
Arabkir,135000,monolit,0,1,3,2,95,1,good_cond,9,9
Arabkir,88000,qare,1,1,2,1,60,1,bad_cond,8,17
Arabkir,177000,qare,0,0,4,1,91,2,good_cond,3,5
Arabkir,90000,qare,0,0,3,1,68,1,good_cond,4,5
Arabkir,48500,panelayin,0,1,1,1,43,1,good_cond,7,9
Arabkir,95000,qare,0,0,2,1,57,1,norm_cond,4,5
Arabkir,34690,panelayin,0,1,1,1,32,0,good_cond,6,6
Arabkir,118000,qare,0,0,4,1,103,1,good_cond,2,5
Arabkir,86000,qare,0,0,2,1,67,1,good_cond,4,4
Arabkir,160000,monolit,1,1,4,2,98,2,good_cond,4,18
Arabkir,90000,panelayin,0,1,3,2,107,0,good_cond,8,16
Arabkir,178000,monolit,1,1,4,2,110,2,good_cond,5,7
Arabkir,75240,panelayin,0,1,3,1,88,2,norm_cond,5,12
Arabkir,63500,qare,0,0,1,1,45,1,norm_cond,4,5
Arabkir,120000,monolit,1,1,3,2,79,1,good_cond,2,11
Arabkir,65000,panelayin,0,1,3,1,80,0,bad_cond,15,15
Arabkir,115000,monolit,1,1,2,1,50,1,good_cond,16,17
Arabkir,94000,panelayin,0,1,3,1,81,1,good_cond,1,9
Arabkir,84000,qare,0,0,2,1,65,0,good_cond,2,3
Arabkir,130000,monolit,1,1,3,2,95,0,good_cond,6,8
Arabkir,125000,panelayin,0,1,3,1,95,1,good_cond,2,16
Arabkir,65000,qare,0,0,2,1,52,1,good_cond,5,5
Arabkir,100000,qare,0,0,3,1,75,1,good_cond,2,5
Arabkir,86000,qare,0,0,4,1,68,1,good_cond,3,5
Arabkir,63000,qare,0,0,4,1,64,1,norm_cond,5,5
Arabkir,87000,qare,0,0,3,1,71,1,norm_cond,1,5
Arabkir,167000,qare,0,0,3,1,94,0,bad_cond,5,5
Arabkir,180000,qare,0,1,5,1,140,1,good_cond,1,6
Arabkir,60000,qare,0,1,2,1,48,0,good_cond,6,7
Arabkir,56000,panelayin,0,1,1,1,45,1,good_cond,9,9
Arabkir,166000,qare,0,0,5,2,162,0,good_cond,1,3
Arabkir,60000,qare,0,0,2,1,50,1,good_cond,3,5
Arabkir,95000,qare,0,1,3,1,92,0,bad_cond,2,8
Arabkir,90000,qare,0,0,5,1,93,0,bad_cond,2,5
Arabkir,81000,qare,0,0,3,1,75,2,bad_cond,3,5
Arabkir,53000,qare,0,0,3,1,60,1,norm_cond,5,5
Arabkir,120000,panelayin,0,1,3,1,94,1,good_cond,8,9
Arabkir,150000,qare,0,1,4,2,132,0,good_cond,7,7
Arabkir,93000,qare,0,0,4,1,93,2,norm_cond,5,5
Arabkir,87000,panelayin,0,1,3,1,81,0,good_cond,5,14
Arabkir,255000,monolit,1,1,3,2,119,2,good_cond,8,15
Arabkir,62000,qare,0,0,1,1,48,1,good_cond,1,5
Arabkir,160000,qare,0,0,4,2,110,1,good_cond,4,5
Arabkir,103000,qare,0,0,3,2,137,1,good_cond,1,5
Arabkir,79000,monolit,1,1,3,1,64,1,good_cond,10,10
Arabkir,76000,qare,0,0,2,2,65,1,norm_cond,4,5
Arabkir,73000,monolit,0,1,2,2,73,2,norm_cond,9,16
Arabkir,80000,panelayin,0,1,3,2,76,1,good_cond,2,7
Arabkir,86000,qare,0,0,3,1,80,2,norm_cond,3,5
Arabkir,89500,qare,0,0,5,1,114,0,norm_cond,4,5
Arabkir,60000,panelayin,0,1,1,1,42,1,good_cond,9,9
Arabkir,72000,qare,0,0,3,1,96,1,bad_cond,5,5
Arabkir,135000,qare,0,1,3,1,86,0,good_cond,6,6
Arabkir,55000,panelayin,0,1,4,1,107,2,norm_cond,10,16
Arabkir,80000,monolit,1,1,2,1,46,1,good_cond,12,15
Arabkir,72000,qare,0,0,4,1,74,1,good_cond,1,5
Arabkir,195000,monolit,0,0,5,1,143,0,bad_cond,3,5
Arabkir,68000,qare,0,0,3,1,57,1,good_cond,4,4
Arabkir,65000,panelayin,0,1,2,1,62,0,bad_cond,8,14
Arabkir,125000,monolit,1,1,3,2,97,1,bad_cond,8,8
Arabkir,55000,qare,0,0,3,1,48,0,norm_cond,5,5
Arabkir,75000,panelayin,0,1,2,1,70,1,good_cond,12,16
Arabkir,130000,panelayin,0,1,3,1,100,0,bad_cond,5,16
Arabkir,120000,panelayin,0,1,3,1,94,1,good_cond,8,9
Arabkir,60000,qare,0,1,2,1,48,1,good_cond,1,9
Arabkir,78000,qare,0,0,4,2,78,2,good_cond,5,5
Arabkir,105000,panelayin,0,1,3,1,95,1,good_cond,16,16
Arabkir,45000,qare,0,1,2,1,44,1,norm_cond,4,6
Arabkir,70000,qare,0,0,2,2,56,1,norm_cond,4,5
Arabkir,120000,qare,0,0,3,1,73,1,good_cond,2,3
Arabkir,120000,qare,0,0,3,1,73,1,good_cond,2,3
Arabkir,95000,panelayin,0,1,3,1,90,0,good_cond,6,10
Arabkir,82000,monolit,1,1,2,1,48,1,good_cond,12,17
Arabkir,112000,panelayin,0,1,3,1,97,0,bad_cond,3,9
Arabkir,58000,panelayin,0,1,1,1,45,1,good_cond,3,9
Arabkir,89000,qare,0,0,3,1,77,1,good_cond,5,5
Arabkir,95000,panelayin,0,1,4,1,119,1,good_cond,13,14
Arabkir,80000,panelayin,0,1,3,1,112,1,good_cond,1,9
Arabkir,100000,panelayin,0,1,4,1,80,1,good_cond,1,9
Arabkir,150000,qare,0,1,3,1,120,0,bad_cond,14,15
Arabkir,68000,panelayin,1,1,2,1,45,1,good_cond,2,8
Arabkir,58000,qare,0,1,2,1,60,1,norm_cond,1,8
Arabkir,70000,qare,0,0,3,2,83,1,norm_cond,1,5
Arabkir,67000,qare,0,0,2,1,48,0,good_cond,4,5
Arabkir,95000,qare,0,0,3,1,71,1,good_cond,4,5
Arabkir,95000,panelayin,0,1,3,1,85,0,good_cond,5,12
Arabkir,125000,qare,0,0,4,1,130,0,bad_cond,1,3
Arabkir,137000,qare,0,0,3,1,73,1,good_cond,1,5
Arabkir,57000,qare,0,0,2,2,58,2,norm_cond,5,5
Arabkir,120000,qare,0,1,3,1,72,0,bad_cond,2,6
Arabkir,115000,qare,0,0,3,1,80,0,bad_cond,3,4
Arabkir,115000,monolit,1,1,3,2,92,1,good_cond,11,14
Arabkir,75000,panelayin,0,1,3,2,71,1,norm_cond,7,16
Arabkir,80000,qare,0,0,3,1,70,0,good_cond,5,5
Arabkir,120000,qare,0,0,3,1,89,1,good_cond,5,5
Arabkir,66000,panelayin,0,1,2,1,60,0,norm_cond,1,9
Arabkir,119000,qare,0,0,4,1,98,1,good_cond,3,3
Arabkir,105000,monolit,0,1,3,1,72,1,good_cond,8,9
Arabkir,134900,qare,0,1,4,2,130,1,good_cond,3,7
Arabkir,100000,qare,0,0,4,1,97,0,bad_cond,1,5
Arabkir,39900,qare,0,0,1,1,48,1,norm_cond,4,5
Arabkir,78000,panelayin,0,1,2,1,67,1,good_cond,8,12
Arabkir,249000,monolit,1,1,3,3,111,1,good_cond,13,17
Arabkir,69000,qare,0,0,2,1,57,1,norm_cond,5,5
Arabkir,45000,qare,0,0,1,1,33,0,good_cond,1,5
Arabkir,79000,monolit,0,1,3,1,97,0,norm_cond,9,16
Arabkir,69000,qare,0,0,3,1,65,1,norm_cond,3,5
Arabkir,165000,monolit,1,1,3,2,105,2,good_cond,2,8
Arabkir,100000,panelayin,0,1,3,1,89,1,good_cond,6,9
Arabkir,65000,qare,0,0,2,2,57,1,norm_cond,1,5
Arabkir,65000,qare,0,0,3,1,75,0,norm_cond,1,5
Arabkir,51000,panelayin,0,1,2,1,66,1,norm_cond,8,9
Arabkir,82000,qare,0,0,3,1,97,2,norm_cond,5,5
Arabkir,113000,monolit,1,1,3,2,71,2,good_cond,13,14
Arabkir,56000,qare,0,0,1,1,50,1,norm_cond,2,5
Arabkir,140000,qare,0,1,3,1,105,1,good_cond,1,9
Arabkir,60000,qare,0,0,2,1,45,0,norm_cond,4,5
Arabkir,125000,qare,0,0,3,1,76,1,good_cond,2,4
Arabkir,53000,qare,0,0,3,1,60,1,norm_cond,5,5
Arabkir,57000,qare,0,0,2,1,50,0,good_cond,5,5
Arabkir,230000,qare,1,0,2,2,108,1,good_cond,2,4
Arabkir,56000,qare,0,0,2,1,65,1,norm_cond,5,5
Arabkir,63000,panelayin,0,1,1,1,50,1,norm_cond,9,12
Arabkir,45000,panelayin,0,0,2,1,32,1,good_cond,5,5
Arabkir,79000,qare,0,0,2,1,46,1,good_cond,5,5
Arabkir,152000,monolit,1,1,4,2,117,1,good_cond,10,15
Arabkir,70000,monolit,1,1,2,1,46,1,good_cond,6,8
Arabkir,60000,monolit,1,1,2,1,55,1,bad_cond,3,12
Arabkir,53000,qare,0,0,3,1,60,1,norm_cond,5,5
Arabkir,88000,qare,0,0,2,1,67,1,good_cond,4,5
Arabkir,249000,monolit,1,1,3,3,111,1,good_cond,13,17
Arabkir,133000,monolit,1,1,4,2,91,1,good_cond,10,12
Arabkir,57000,panelayin,0,1,2,1,55,0,good_cond,7,9
Arabkir,100000,qare,0,0,3,1,75,1,good_cond,2,5
Arabkir,62000,qare,0,0,1,1,48,1,good_cond,1,5
Arabkir,91500,panelayin,0,1,3,1,80,1,good_cond,2,9
Arabkir,67500,qare,0,0,2,1,70,0,norm_cond,4,4
Arabkir,47000,panelayin,0,1,2,1,42,1,good_cond,3,9
Arabkir,67000,qare,0,0,2,1,43,1,good_cond,4,5
Arabkir,115000,monolit,1,1,3,2,86,0,good_cond,2,8
Arabkir,79000,qare,0,0,3,2,73,0,norm_cond,5,5
Arabkir,90000,qare,0,0,3,1,86,1,norm_cond,4,5
Arabkir,103000,qare,0,0,4,2,137,0,good_cond,1,5
Arabkir,58000,monolit,1,1,2,1,47,1,good_cond,6,8
Arabkir,140000,qare,0,0,4,1,94,0,bad_cond,3,5
Arabkir,180000,monolit,1,1,3,2,89,1,good_cond,6,6
Arabkir,105000,qare,1,0,3,1,100,1,norm_cond,4,5
Arabkir,110000,qare,0,0,4,1,95,1,good_cond,3,5
Arabkir,75000,qare,0,0,3,1,87,2,norm_cond,1,4
Arabkir,103000,qare,0,0,3,2,137,1,good_cond,1,5
Arabkir,110000,qare,0,0,3,1,72,1,norm_cond,3,5
Arabkir,85000,panelayin,0,1,3,1,75,1,good_cond,9,9
Arabkir,230000,monolit,1,1,4,3,128,1,good_cond,6,17
Arabkir,80000,panelayin,0,1,3,1,83,1,norm_cond,10,10
Arabkir,122000,monolit,1,1,3,2,79,1,good_cond,2,12
Arabkir,84000,qare,0,0,2,1,75,1,good_cond,3,5
Arabkir,86000,qare,0,0,3,1,84,1,good_cond,5,5
Arabkir,57000,qare,0,0,4,1,80,0,bad_cond,1,1
Arabkir,130000,qare,0,0,3,1,90,1,good_cond,5,5
Arabkir,86000,qare,0,0,3,1,78,1,good_cond,2,5
Arabkir,120000,qare,0,0,3,1,100,1,good_cond,3,3
Arabkir,120000,panelayin,0,1,3,1,90,0,bad_cond,1,9
Arabkir,75000,qare,0,0,3,1,76,0,norm_cond,5,5
Arabkir,76000,panelayin,0,1,2,1,61,1,good_cond,2,12
Arabkir,200000,qare,0,0,6,3,220,1,good_cond,5,5
Arabkir,75000,qare,0,0,3,1,79,1,good_cond,2,4
Arabkir,80000,panelayin,0,1,3,1,70,1,good_cond,1,9
Arabkir,80000,panelayin,0,1,3,1,70,0,bad_cond,1,9
Arabkir,57000,qare,0,0,2,1,43,1,norm_cond,2,4
Arabkir,250000,monolit,0,1,3,1,179,0,bad_cond,14,14
Arabkir,47000,qare,0,0,2,1,60,1,norm_cond,1,5
Arabkir,65000,qare,0,0,1,1,51,0,bad_cond,1,5
Arabkir,71000,qare,0,0,2,1,52,1,good_cond,5,5
Arabkir,72000,qare,0,0,3,1,74,1,bad_cond,1,5
Arabkir,58000,qare,0,0,1,1,43,1,norm_cond,3,5
Arabkir,42000,qare,0,0,1,1,36,1,good_cond,5,5
Arabkir,59000,qare,0,0,2,1,47,1,good_cond,1,5
Arabkir,110000,qare,1,1,3,1,89,1,good_cond,5,12
Arabkir,183500,qare,0,0,5,3,160,2,good_cond,5,5
Arabkir,67000,qare,0,0,2,1,63,1,norm_cond,5,5
Arabkir,93000,qare,0,0,4,1,93,2,norm_cond,5,5
Arabkir,52000,qare,0,0,1,1,30,1,good_cond,5,5
Arabkir,150000,monolit,1,1,2,1,80,1,good_cond,12,17
Arabkir,55000,qare,0,0,1,2,40,1,good_cond,3,5
Arabkir,98000,qare,0,1,3,1,76,1,good_cond,5,6
Arabkir,85000,qare,0,0,2,1,72,1,bad_cond,4,5
Arabkir,180000,monolit,1,1,3,2,84,1,good_cond,5,6
Arabkir,112000,monolit,1,1,2,1,62,1,good_cond,15,16
Arabkir,120000,qare,0,0,4,1,97,0,good_cond,5,5
Arabkir,85000,qare,0,0,3,1,71,1,good_cond,5,5
Arabkir,105000,qare,0,0,4,1,89,0,good_cond,4,4
Arabkir,105000,qare,0,1,4,2,100,1,good_cond,6,7
Arabkir,98000,monolit,1,1,2,1,53,1,good_cond,2,9
Arabkir,67000,qare,0,0,3,2,84,2,bad_cond,5,5
Arabkir,65000,qare,0,0,3,1,65,1,norm_cond,2,4
Arabkir,136000,monolit,0,1,3,2,87,2,good_cond,6,12
Arabkir,62000,qare,0,1,2,1,50,0,good_cond,7,7
Arabkir,108000,qare,0,0,3,1,78,0,bad_cond,3,5
Arabkir,71000,qare,0,0,2,1,57,2,good_cond,5,5
Arabkir,120000,panelayin,0,1,3,1,92,1,good_cond,2,12
Arabkir,120000,panelayin,0,1,4,1,92,1,good_cond,2,12
Arabkir,58000,qare,0,0,2,1,48,1,norm_cond,1,5
Arabkir,88000,qare,0,0,3,1,65,1,good_cond,5,5
Arabkir,55000,panelayin,0,1,2,1,42,1,good_cond,8,9
Arabkir,85000,qare,0,0,3,1,101,2,norm_cond,5,5
Arabkir,120000,qare,0,0,3,2,94,1,good_cond,1,5
Arabkir,97000,qare,0,1,3,1,98,0,norm_cond,4,8
Arabkir,75000,panelayin,0,1,3,1,79,1,norm_cond,4,9
Arabkir,57000,qare,0,0,1,1,33,0,good_cond,2,5
Arabkir,99000,qare,0,0,3,1,83,1,good_cond,2,3
Arabkir,87000,panelayin,0,1,3,1,91,1,norm_cond,3,9
Arabkir,220000,monolit,1,1,4,2,131,0,good_cond,2,7
Arabkir,85000,panelayin,0,1,3,1,88,1,norm_cond,5,14
Arabkir,87000,qare,0,0,4,1,107,1,good_cond,5,5
Arabkir,249000,monolit,1,1,3,3,111,1,good_cond,13,17
Arabkir,86000,qare,0,0,4,1,68,1,good_cond,3,5
Arabkir,93000,qare,0,0,4,1,93,2,norm_cond,5,5
Arabkir,133000,monolit,1,1,4,2,91,1,good_cond,10,12
Arabkir,120000,panelayin,0,1,3,1,94,1,good_cond,8,9
Arabkir,66000,qare,0,0,1,1,35,1,good_cond,2,5
Arabkir,90000,qare,0,1,1,1,48,0,norm_cond,2,7
Arabkir,130000,qare,0,0,3,2,90,1,norm_cond,3,5
Arabkir,75000,qare,0,0,3,1,75,1,bad_cond,5,5
Arabkir,165000,monolit,1,1,3,1,127,2,bad_cond,15,15
Arabkir,80000,qare,0,0,2,1,54,1,norm_cond,2,5
Arabkir,100000,panelayin,0,1,3,1,100,2,norm_cond,5,14
Arabkir,85000,qare,0,0,3,1,75,0,good_cond,5,5
Arabkir,62000,qare,0,1,2,2,47,0,norm_cond,2,6
Arabkir,152000,monolit,1,1,4,2,115,1,good_cond,10,16
Arabkir,50000,aghyuse,0,0,2,1,56,1,norm_cond,1,5
Arabkir,85000,qare,0,0,2,1,66,1,good_cond,4,5
Arabkir,65000,panelayin,0,1,2,1,64,1,norm_cond,6,9
Arabkir,90000,qare,0,0,2,1,70,1,good_cond,2,3
Arabkir,80000,panelayin,0,1,3,1,74,1,norm_cond,3,9
Arabkir,84000,qare,0,0,3,1,72,1,good_cond,4,5
Arabkir,115000,panelayin,0,1,4,1,89,1,good_cond,7,9
Arabkir,73000,panelayin,0,1,2,1,69,2,good_cond,11,12
Arabkir,56000,qare,0,0,3,1,92,1,norm_cond,1,1
Arabkir,70000,panelayin,0,1,2,1,64,1,norm_cond,5,9
Arabkir,160000,qare,0,0,4,2,210,0,good_cond,1,5
Arabkir,26000,qare,0,1,1,1,24,0,bad_cond,6,6
Arabkir,35000,panelayin,0,1,2,1,36,0,good_cond,1,9
Arabkir,56000,qare,0,0,1,1,46,1,norm_cond,3,5
Arabkir,94000,panelayin,0,1,3,1,79,1,good_cond,11,14
Arabkir,82000,panelayin,0,1,3,1,80,1,good_cond,4,14
Arabkir,79000,qare,0,0,2,1,45,1,good_cond,5,5
Arabkir,155000,panelayin,0,1,3,1,92,1,good_cond,5,9
Arabkir,110000,qare,0,0,3,1,86,1,norm_cond,4,5
Arabkir,175000,monolit,1,1,4,2,111,1,bad_cond,5,18
Arabkir,87000,qare,0,0,4,1,107,1,norm_cond,5,5
Arabkir,87000,qare,0,0,4,1,107,1,good_cond,5,5
Arabkir,78000,panelayin,0,1,4,1,80,1,norm_cond,5,14
Arabkir,110000,qare,0,1,5,2,140,0,good_cond,6,6
Arabkir,125000,qare,0,0,3,1,100,1,good_cond,1,5
Arabkir,85000,monolit,1,1,3,1,65,1,good_cond,2,16
Arabkir,135000,qare,0,0,3,1,105,1,good_cond,5,5
Arabkir,103000,qare,0,0,3,1,94,1,good_cond,2,5
Arabkir,138000,qare,0,0,3,1,76,1,norm_cond,3,5
Arabkir,45000,panelayin,0,1,2,1,37,0,norm_cond,9,9
Arabkir,85000,panelayin,0,1,4,2,77,2,norm_cond,1,9
Arabkir,120000,panelayin,1,1,3,1,93,0,good_cond,9,14
Arabkir,80000,qare,0,0,4,2,76,1,norm_cond,2,3
Arabkir,170000,monolit,0,1,3,2,120,1,bad_cond,6,8
Arabkir,55000,monolit,0,0,2,1,43,1,good_cond,2,5
Arabkir,95000,qare,0,0,4,1,78,1,good_cond,5,5
Arabkir,60000,monolit,1,1,2,1,43,0,good_cond,7,8
Arabkir,63000,qare,0,0,3,1,64,1,norm_cond,1,5
Arabkir,150000,monolit,1,1,4,2,123,1,good_cond,5,8
Arabkir,80000,qare,0,0,3,1,70,1,good_cond,5,5
Arabkir,75000,panelayin,0,1,2,1,63,1,norm_cond,11,12
Arabkir,55000,monolit,0,1,3,2,56,0,good_cond,1,9
Arabkir,44200,monolit,0,1,2,1,48,1,bad_cond,8,9
Arabkir,72000,qare,0,1,3,1,72,1,norm_cond,1,6
Arabkir,92000,monolit,1,1,3,1,62,1,good_cond,3,14
Arabkir,70000,qare,0,0,2,1,50,1,good_cond,1,3
Arabkir,55000,qare,0,0,3,1,47,0,good_cond,4,5
Arabkir,138000,qare,0,0,3,2,146,1,good_cond,3,5
Arabkir,110000,monolit,1,1,3,1,65,1,good_cond,2,20
Arabkir,63000,monolit,1,1,2,1,55,1,bad_cond,7,12
Arabkir,62000,qare,0,0,2,1,78,1,norm_cond,1,4
Arabkir,53000,aghyuse,0,0,2,1,45,0,norm_cond,1,5
Arabkir,67000,qare,0,0,3,2,92,1,good_cond,5,5
Arabkir,88000,qare,0,0,3,1,74,0,bad_cond,3,5
Arabkir,77000,panelayin,0,1,2,1,70,2,good_cond,8,9
Arabkir,167000,qare,0,0,3,1,94,0,bad_cond,5,5
Arabkir,85000,qare,0,0,2,1,60,1,good_cond,4,5
Arabkir,63000,panelayin,1,1,2,1,52,1,good_cond,3,9
Arabkir,23000,panelayin,0,1,1,1,22,1,norm_cond,6,6
Arabkir,105000,qare,0,0,3,2,90,1,norm_cond,2,4
Arabkir,70000,qare,1,1,3,2,62,0,good_cond,1,6
Arabkir,73000,panelayin,0,1,3,1,81,1,norm_cond,2,16
Arabkir,210000,qare,1,1,3,2,141,1,good_cond,6,16
Arabkir,78000,qare,0,0,2,1,63,1,good_cond,4,4
Arabkir,45000,qare,0,0,1,1,30,1,good_cond,3,4
Arabkir,103000,qare,0,0,3,2,137,1,good_cond,1,5
Arabkir,120000,panelayin,0,1,3,1,94,1,good_cond,8,9
Arabkir,150000,qare,0,1,4,2,132,0,good_cond,7,7
Arabkir,53000,qare,0,0,3,1,60,1,norm_cond,5,5
Arabkir,87000,panelayin,0,1,3,1,81,0,good_cond,5,14
Arabkir,133000,monolit,1,1,4,2,91,1,good_cond,10,12
Arabkir,67650,qare,0,0,2,1,55,1,good_cond,5,5
Arabkir,255000,monolit,1,1,3,2,119,2,good_cond,8,15
Arabkir,26000,qare,0,0,1,1,25,0,good_cond,4,4
Arabkir,65000,qare,0,1,2,1,48,0,good_cond,8,9
Arabkir,107000,qare,0,0,2,1,78,1,good_cond,3,4
Arabkir,110000,qare,0,0,4,1,99,1,good_cond,2,5
Arabkir,72000,panelayin,0,1,3,1,80,1,bad_cond,5,9
Arabkir,38000,panelayin,0,1,2,2,36,0,norm_cond,9,9
Arabkir,80000,qare,0,1,3,1,87,0,norm_cond,7,7
Arabkir,90000,panelayin,0,1,3,1,87,1,good_cond,14,16
Arabkir,110000,qare,0,0,6,1,130,1,norm_cond,2,3
Arabkir,87000,panelayin,0,1,3,1,82,0,norm_cond,5,14
Arabkir,140000,monolit,0,1,3,2,96,0,good_cond,2,7
Arabkir,56000,qare,0,0,1,1,45,0,good_cond,4,5
Arabkir,75000,panelayin,0,1,3,1,75,1,good_cond,2,9
Arabkir,140000,qare,0,0,5,1,135,1,norm_cond,4,5
Arabkir,78000,panelayin,0,1,4,1,82,0,norm_cond,4,9
Arabkir,185000,monolit,0,1,2,1,99,1,good_cond,8,9
Arabkir,80000,qare,0,0,1,1,53,1,norm_cond,1,4
Arabkir,60000,panelayin,0,1,2,1,45,1,good_cond,3,9
Arabkir,60000,panelayin,0,1,2,1,45,1,good_cond,1,9
Arabkir,78000,panelayin,0,1,3,2,80,1,norm_cond,6,9
Arabkir,145000,panelayin,0,1,3,1,105,2,good_cond,5,13
Arabkir,95000,qare,0,1,3,3,108,0,norm_cond,7,8
Arabkir,67650,qare,0,0,2,1,55,1,good_cond,5,5
Arabkir,70000,qare,0,0,2,1,56,1,good_cond,5,5
Arabkir,55000,qare,0,0,1,1,32,1,good_cond,4,5
Arabkir,52000,qare,0,0,1,1,41,1,norm_cond,5,5
Arabkir,160000,monolit,1,1,4,2,132,1,norm_cond,9,10
Arabkir,100000,qare,0,0,3,1,83,2,norm_cond,3,5
Arabkir,75000,monolit,0,0,3,1,70,0,bad_cond,4,4
Arabkir,62000,panelayin,0,1,2,1,54,0,good_cond,10,14
Arabkir,74000,panelayin,0,1,2,1,70,0,norm_cond,8,9
Arabkir,89000,qare,0,0,4,1,110,1,norm_cond,2,4
Arabkir,60000,qare,0,0,3,1,66,0,good_cond,2,3
Arabkir,160000,qare,0,0,3,1,98,1,norm_cond,2,3
Arabkir,90000,panelayin,0,1,3,2,82,2,good_cond,8,9
Arabkir,91000,panelayin,0,1,3,1,80,0,bad_cond,2,9
Arabkir,80000,qare,0,0,2,1,53,1,norm_cond,4,5
Arabkir,130000,monolit,1,1,2,1,67,1,good_cond,4,18
Arabkir,90000,panelayin,0,1,3,3,76,1,good_cond,6,9
Arabkir,85000,panelayin,0,1,2,1,65,0,good_cond,2,9
Arabkir,53000,qare,0,0,2,1,36,1,good_cond,2,5
Arabkir,63000,qare,0,0,2,1,49,1,good_cond,5,5
Arabkir,67000,monolit,1,1,2,1,49,0,good_cond,6,9
Arabkir,67000,monolit,1,1,2,1,49,0,good_cond,6,9
Arabkir,60000,panelayin,0,1,1,1,42,0,bad_cond,9,9
Arabkir,45000,qare,0,0,1,1,35,1,bad_cond,3,4
Arabkir,88000,qare,0,0,2,1,67,1,good_cond,4,5
Arabkir,72500,panelayin,0,1,2,1,70,1,good_cond,3,9
Arabkir,76500,panelayin,0,1,3,1,80,1,norm_cond,5,9
Arabkir,90000,qare,0,0,3,1,96,0,bad_cond,2,5
Arabkir,87000,panelayin,0,1,4,2,96,1,norm_cond,5,9
Arabkir,37000,qare,0,0,1,1,41,0,norm_cond,1,5
Arabkir,52000,panelayin,0,1,1,1,50,1,good_cond,11,16
Arabkir,58000,monolit,0,1,2,1,50,0,norm_cond,2,10
Arabkir,50000,qare,0,0,1,1,30,0,norm_cond,2,5
Arabkir,68000,qare,0,0,2,1,68,1,bad_cond,5,5
Arabkir,39000,qare,0,0,1,1,44,1,norm_cond,3,5
Arabkir,110000,monolit,1,0,3,2,100,1,norm_cond,4,4
Arabkir,48000,monolit,0,1,2,3,41,0,norm_cond,8,8
Arabkir,68000,monolit,1,0,2,1,43,1,bad_cond,2,3
Arabkir,64000,aghyuse,0,0,2,1,49,0,norm_cond,4,5
Arabkir,170000,monolit,1,1,4,2,118,2,good_cond,8,8
Arabkir,80000,qare,0,0,3,1,82,1,norm_cond,1,5
Arabkir,95000,panelayin,0,1,3,1,92,1,norm_cond,2,7
Arabkir,125000,qare,0,0,3,1,105,1,good_cond,5,5
Arabkir,81000,qare,0,0,2,1,60,1,good_cond,4,5
Arabkir,96000,panelayin,0,1,4,1,107,1,norm_cond,13,16
Arabkir,72500,qare,0,0,2,1,67,1,norm_cond,1,5
Arabkir,85000,qare,0,0,4,1,108,1,good_cond,1,3
Arabkir,85000,monolit,1,1,2,1,54,1,bad_cond,6,6
Arabkir,100000,qare,0,0,2,1,62,1,good_cond,2,5
Arabkir,75000,qare,0,0,3,1,90,1,norm_cond,1,3
Arabkir,60000,qare,0,0,3,1,67,1,good_cond,5,5
Arabkir,115000,monolit,0,1,2,1,50,0,bad_cond,16,18
Arabkir,73000,qare,0,0,2,1,64,1,good_cond,3,4
Arabkir,129000,monolit,1,1,3,2,118,1,bad_cond,13,17
Arabkir,77000,panelayin,0,1,3,1,88,2,norm_cond,5,12
Arabkir,35000,panelayin,0,1,1,1,40,0,norm_cond,6,6
Arabkir,225000,monolit,1,1,1,2,93,1,good_cond,14,17
Arabkir,70000,qare,0,0,2,1,62,1,good_cond,1,5
Arabkir,83000,panelayin,0,1,3,1,100,1,bad_cond,13,14
Arabkir,90000,qare,0,1,2,1,67,1,good_cond,2,9
Arabkir,92000,qare,0,0,3,2,81,0,good_cond,1,4
Arabkir,70000,qare,0,0,3,1,84,0,norm_cond,2,2
Arabkir,101000,qare,0,0,3,1,100,1,norm_cond,2,5
Arabkir,27000,qare,0,0,2,1,36,0,norm_cond,3,4
Arabkir,100000,panelayin,0,1,3,1,76,0,bad_cond,5,9
Arabkir,67000,qare,0,0,2,1,62,2,norm_cond,3,5
Arabkir,115000,qare,1,0,3,1,115,2,good_cond,3,5
Arabkir,75500,monolit,0,1,3,1,82,1,norm_cond,5,14
Arabkir,15700,qare,0,0,1,1,18,0,good_cond,2,5
Arabkir,75000,qare,0,0,1,1,37,1,norm_cond,1,5
Arabkir,67000,panelayin,0,1,1,1,54,1,good_cond,4,14
Arabkir,105000,qare,0,0,4,2,80,0,good_cond,3,4
Arabkir,75000,panelayin,0,1,2,1,68,1,good_cond,3,12
Arabkir,52000,qare,0,0,1,1,36,1,good_cond,2,5
Arabkir,52000,panelayin,0,1,2,1,45,1,good_cond,4,9
Arabkir,120000,monolit,1,1,2,1,73,1,good_cond,13,18
Arabkir,162000,qare,0,0,4,2,128,1,good_cond,2,4
Arabkir,67000,kasetayin,0,1,2,1,71,2,norm_cond,10,16
Arabkir,63000,qare,0,0,1,1,40,1,bad_cond,4,4
Arabkir,30000,qare,0,0,1,1,35,1,norm_cond,5,5
Arabkir,61000,panelayin,0,1,2,1,48,1,good_cond,5,9
Arabkir,145000,monolit,1,1,3,2,118,0,good_cond,2,10
Arabkir,89000,panelayin,0,1,4,2,90,0,good_cond,1,12
Arabkir,48000,panelayin,0,1,2,1,43,0,good_cond,1,12
Arabkir,150000,monolit,1,1,3,1,102,2,good_cond,9,10
Arabkir,180000,monolit,1,1,3,2,112,1,good_cond,5,12
Arabkir,120000,qare,0,0,5,1,109,0,norm_cond,1,2
Arabkir,65000,panelayin,0,1,2,1,63,0,norm_cond,2,12
Arabkir,115000,qare,0,0,3,2,92,1,good_cond,1,5
Arabkir,97000,panelayin,0,1,4,1,95,1,good_cond,6,9
Arabkir,100000,qare,0,1,3,1,76,0,norm_cond,3,9
Arabkir,80000,panelayin,0,1,2,1,77,1,norm_cond,2,16
Arabkir,55000,qare,0,0,1,1,41,1,good_cond,3,5
Arabkir,82000,qare,0,0,3,1,90,2,bad_cond,2,4
Arabkir,112000,qare,0,0,4,1,112,1,norm_cond,5,5
Arabkir,120000,monolit,1,1,3,1,87,2,good_cond,8,13
Arabkir,200000,monolit,1,1,4,2,135,1,good_cond,4,11
Arabkir,40500,qare,0,0,1,1,31,0,norm_cond,4,4
Arabkir,140000,panelayin,0,1,3,1,71,1,good_cond,1,9
Arabkir,49000,panelayin,0,1,2,1,46,1,norm_cond,1,9
Arabkir,75000,qare,0,0,2,1,56,2,norm_cond,5,5
Arabkir,110000,panelayin,0,1,4,1,106,0,norm_cond,8,16
Arabkir,75000,qare,0,0,2,1,62,0,good_cond,3,5
Arabkir,86000,qare,0,0,3,1,76,1,norm_cond,2,3
Arabkir,105000,qare,0,0,3,1,87,0,norm_cond,1,5
Arabkir,26000,qare,0,1,1,1,19,0,good_cond,4,6
Arabkir,75000,qare,0,0,3,1,55,2,good_cond,2,5
Arabkir,80000,qare,0,0,3,1,83,2,norm_cond,5,5
Arabkir,22000,monolit,0,0,1,1,20,1,good_cond,5,5
Arabkir,82000,panelayin,0,1,3,1,68,1,good_cond,7,9
Arabkir,80000,qare,0,0,3,1,76,1,norm_cond,2,5
Arabkir,76000,panelayin,0,1,3,3,88,1,norm_cond,5,12
Arabkir,65000,panelayin,0,1,3,1,67,0,good_cond,5,9
Arabkir,102000,monolit,1,1,3,2,80,1,bad_cond,16,16
Arabkir,57000,panelayin,0,1,2,1,40,1,good_cond,4,13
Arabkir,98000,panelayin,0,1,3,1,80,0,good_cond,8,9
Arabkir,85000,panelayin,0,1,3,1,73,1,good_cond,4,9
Arabkir,118000,qare,0,0,3,1,115,2,norm_cond,4,5
Arabkir,123000,panelayin,0,1,3,1,100,1,norm_cond,4,14
Arabkir,140000,monolit,0,1,3,2,87,1,good_cond,7,9
Arabkir,90000,qare,0,0,3,1,84,2,norm_cond,4,5
Arabkir,57000,qare,0,0,2,1,37,1,good_cond,2,5
Arabkir,120000,qare,0,0,4,1,135,1,good_cond,1,5
Arabkir,130000,qare,0,0,4,2,145,1,good_cond,4,5
Arabkir,56000,qare,0,0,2,1,48,0,good_cond,5,5
Arabkir,68000,panelayin,0,1,2,1,75,1,norm_cond,4,13
Arabkir,86000,qare,0,0,4,1,68,1,good_cond,3,5
Arabkir,120000,panelayin,0,1,3,1,94,1,good_cond,8,9
Arabkir,103000,qare,0,0,3,2,137,1,good_cond,1,5
Arabkir,150000,qare,0,1,4,2,132,0,good_cond,7,7
Arabkir,133000,monolit,1,1,4,2,91,1,good_cond,10,12
Arabkir,60000,monolit,1,1,2,1,55,1,bad_cond,3,12
Arabkir,67650,qare,0,0,2,1,55,1,good_cond,5,5
Arabkir,93000,qare,0,0,4,1,93,2,norm_cond,5,5
Arabkir,45000,qare,0,0,2,1,44,0,good_cond,1,5
Arabkir,80000,panelayin,1,1,4,2,85,1,good_cond,5,9
Arabkir,133000,qare,0,0,4,2,96,0,good_cond,2,3
Arabkir,55000,monolit,1,1,2,1,46,0,good_cond,2,8
Arabkir,290000,monolit,1,1,3,3,153,1,good_cond,5,6
Arabkir,125000,panelayin,0,1,3,1,94,1,good_cond,15,16
Arabkir,58000,qare,0,0,2,1,59,1,norm_cond,4,5
Arabkir,125000,monolit,0,1,3,1,98,1,good_cond,4,9
Arabkir,100000,qare,0,0,3,1,93,1,good_cond,5,5
Arabkir,53000,panelayin,0,1,3,1,66,1,bad_cond,7,9
Arabkir,95000,qare,0,0,2,1,72,0,good_cond,4,4
Arabkir,34000,qare,0,0,1,1,45,0,norm_cond,2,3
Arabkir,53000,qare,1,1,2,1,35,2,good_cond,5,9
Arabkir,67000,panelayin,0,1,2,1,43,1,good_cond,3,10
Arabkir,63000,panelayin,1,1,2,1,60,1,bad_cond,12,12
Arabkir,98000,panelayin,0,1,4,2,85,1,norm_cond,5,9
Arabkir,99000,monolit,1,1,3,1,75,0,bad_cond,8,9
Arabkir,125000,qare,1,1,3,1,68,1,good_cond,3,8
Arabkir,75000,monolit,0,1,3,1,75,1,good_cond,2,9
Arabkir,95000,qare,0,0,3,1,79,2,norm_cond,4,4
Arabkir,68000,qare,0,0,3,1,68,0,norm_cond,5,5
Arabkir,75000,panelayin,0,1,3,1,81,1,good_cond,2,9
Arabkir,115000,qare,0,0,5,1,120,1,good_cond,5,5
Arabkir,210000,qare,1,0,3,3,165,2,good_cond,2,5
Arabkir,169000,monolit,1,1,3,2,107,1,good_cond,14,16
Arabkir,62000,panelayin,0,1,3,1,74,0,norm_cond,9,16
Arabkir,80000,panelayin,0,1,3,1,98,1,good_cond,14,14
Arabkir,75000,qare,0,0,3,1,69,2,norm_cond,2,3
Arabkir,55000,qare,0,0,1,1,48,0,norm_cond,3,5
Arabkir,60000,panelayin,0,1,2,1,68,1,good_cond,9,9
Arabkir,55000,qare,0,0,1,1,48,1,norm_cond,5,5
Arabkir,48000,panelayin,0,1,1,1,42,0,bad_cond,9,9
Arabkir,68000,panelayin,0,1,2,1,65,0,bad_cond,1,9
Arabkir,95000,monolit,1,1,2,1,70,1,good_cond,12,19
Arabkir,58000,qare,0,0,1,1,50,1,norm_cond,1,5
Arabkir,58000,qare,0,0,2,1,51,1,bad_cond,2,5
Arabkir,60000,panelayin,0,1,2,1,43,0,norm_cond,5,9
Arabkir,142000,monolit,1,1,3,2,88,1,good_cond,3,8
Arabkir,83000,qare,0,0,3,1,77,2,norm_cond,4,5
Arabkir,120000,monolit,0,1,4,1,100,0,bad_cond,1,7
Arabkir,65000,monolit,1,1,1,1,47,1,good_cond,7,8
Arabkir,95000,panelayin,1,1,2,1,69,1,good_cond,4,16
Arabkir,162000,qare,0,1,5,1,156,1,norm_cond,2,6
Arabkir,92000,monolit,1,1,2,2,80,1,bad_cond,8,12
Arabkir,65000,qare,0,0,3,1,135,1,norm_cond,2,2
Arabkir,55000,qare,0,0,1,1,48,0,norm_cond,1,5
Arabkir,118000,monolit,0,1,3,1,95,0,bad_cond,4,7
Arabkir,43000,panelayin,0,1,1,1,42,0,norm_cond,10,10
Arabkir,64000,panelayin,0,1,3,2,78,0,norm_cond,13,15
Arabkir,93000,qare,0,1,3,1,90,2,good_cond,6,7
Arabkir,67000,qare,0,1,2,1,58,1,good_cond,3,6
Arabkir,130000,qare,0,0,3,1,102,1,good_cond,2,5
Arabkir,80000,qare,0,0,2,1,70,0,norm_cond,1,2
Arabkir,60000,qare,0,0,1,1,43,1,good_cond,4,5
Arabkir,75000,panelayin,0,1,2,2,61,1,good_cond,12,12
Arabkir,60000,qare,0,1,1,1,41,1,norm_cond,2,7
Arabkir,35000,panelayin,0,1,2,1,36,0,good_cond,6,9
Arabkir,245000,panelayin,1,1,5,1,203,1,bad_cond,8,15
Arabkir,100000,qare,0,0,2,1,67,0,good_cond,2,4
Arabkir,115000,qare,0,0,3,1,120,2,norm_cond,4,5
Arabkir,73000,qare,0,1,2,1,66,1,norm_cond,7,7
Arabkir,85000,qare,0,0,3,1,55,1,good_cond,3,5
Arabkir,78000,panelayin,0,1,3,1,83,2,good_cond,11,12
Arabkir,240000,monolit,1,1,3,2,150,1,bad_cond,5,7
Arabkir,80000,qare,0,0,4,1,80,1,good_cond,4,5
Arabkir,105000,qare,0,1,2,1,77,1,norm_cond,5,6
Arabkir,75000,qare,0,0,3,1,70,2,norm_cond,4,4
Arabkir,35000,qare,0,0,1,1,39,1,norm_cond,2,4
Arabkir,100000,monolit,0,1,3,1,67,0,bad_cond,5,18
Arabkir,298000,qare,0,0,3,1,291,1,bad_cond,1,1
Arabkir,298000,qare,0,0,3,1,280,1,bad_cond,1,1
Arabkir,89000,qare,0,0,5,1,114,0,norm_cond,4,5
Arabkir,75000,panelayin,0,1,2,1,49,0,norm_cond,1,12
Arabkir,55000,qare,0,0,1,1,33,0,good_cond,5,5
Arabkir,86000,qare,0,0,2,1,56,1,good_cond,3,5
Arabkir,180000,monolit,0,1,3,1,127,0,bad_cond,9,18
Arabkir,80000,qare,0,0,3,1,74,1,norm_cond,3,5
Arabkir,95000,panelayin,0,1,2,1,54,1,good_cond,6,14
Arabkir,75000,qare,0,0,3,1,87,1,norm_cond,1,4
Arabkir,83000,qare,0,0,3,1,79,0,norm_cond,5,5
Arabkir,120000,qare,0,0,2,1,74,0,good_cond,2,4
Arabkir,100000,panelayin,0,1,3,2,92,1,good_cond,2,7
Arabkir,76000,qare,0,0,3,1,80,2,norm_cond,5,5
Arabkir,110000,qare,1,1,3,2,70,1,good_cond,1,15
Arabkir,110000,panelayin,1,1,3,1,92,0,norm_cond,2,9
Arabkir,110000,qare,0,0,4,1,99,1,norm_cond,4,5
Arabkir,60000,monolit,1,1,2,1,55,1,bad_cond,3,12
Arabkir,67650,qare,0,0,2,1,55,1,good_cond,5,5
Arabkir,100000,qare,0,0,3,1,75,1,good_cond,2,5
Arabkir,88000,qare,0,0,2,1,67,1,good_cond,4,5
Arabkir,53000,qare,0,0,3,1,60,1,norm_cond,5,5
Arabkir,86000,qare,0,0,4,1,68,1,good_cond,3,5
Arabkir,85000,panelayin,0,1,3,1,88,1,norm_cond,5,14
Arabkir,87000,qare,0,0,4,1,107,1,good_cond,5,5
Arabkir,87000,panelayin,0,1,3,1,81,0,good_cond,5,14
Arabkir,70000,panelayin,0,1,3,1,72,2,norm_cond,2,12
Arabkir,110000,qare,0,0,3,2,100,2,good_cond,2,5
Arabkir,147000,qare,0,0,3,1,84,1,good_cond,4,5
Arabkir,95000,panelayin,0,1,3,2,85,0,norm_cond,2,10
Arabkir,29000,qare,0,0,3,1,70,0,bad_cond,1,4
Arabkir,110000,monolit,1,1,2,1,74,0,good_cond,2,18
Arabkir,145000,monolit,1,1,3,1,79,0,good_cond,2,18
Arabkir,55000,panelayin,0,1,1,1,43,1,good_cond,9,9
Arabkir,51000,panelayin,0,1,3,1,56,1,norm_cond,12,12
Arabkir,60000,monolit,0,1,2,1,54,1,good_cond,9,14
Arabkir,78000,qare,0,0,3,1,83,1,norm_cond,3,3
Arabkir,47000,qare,0,0,2,1,44,1,norm_cond,5,5
Arabkir,94000,qare,0,0,5,1,106,1,norm_cond,1,5
Arabkir,51000,qare,0,0,2,1,43,1,good_cond,5,5
Arabkir,70000,qare,0,0,4,1,108,1,norm_cond,1,4
Arabkir,140000,qare,0,0,4,1,90,1,good_cond,3,5
Arabkir,78000,qare,0,0,3,1,70,1,norm_cond,3,5
Arabkir,65000,panelayin,0,1,3,1,78,1,norm_cond,6,9
Arabkir,58000,qare,0,0,2,1,65,1,norm_cond,5,5
Arabkir,78000,monolit,0,1,2,1,60,1,good_cond,10,12
Arabkir,89000,panelayin,0,1,4,1,90,0,bad_cond,7,9
Arabkir,60000,qare,0,0,1,1,37,1,norm_cond,5,5
Arabkir,112000,qare,0,0,2,1,86,0,norm_cond,2,5
Arabkir,148000,monolit,1,1,3,1,92,1,good_cond,5,15
Arabkir,65000,qare,0,0,2,1,57,1,norm_cond,2,5
Arabkir,60000,qare,0,0,3,1,56,1,good_cond,5,5
Arabkir,65000,panelayin,0,1,3,1,84,1,norm_cond,8,14
Arabkir,80000,qare,0,0,2,1,68,1,norm_cond,2,5
Arabkir,62000,qare,0,0,2,1,48,1,good_cond,1,5
Arabkir,149000,panelayin,0,1,4,1,100,0,bad_cond,12,16
Arabkir,82000,qare,0,0,3,1,77,0,good_cond,5,5
Arabkir,165000,qare,1,1,3,2,92,1,good_cond,6,8
Arabkir,81000,qare,0,0,2,1,61,1,good_cond,2,5
Arabkir,67000,panelayin,0,1,2,1,60,1,good_cond,4,9
Arabkir,75000,qare,0,0,2,1,55,1,good_cond,5,5
Arabkir,116000,monolit,1,1,4,2,95,1,bad_cond,2,12
Arabkir,65000,qare,0,0,2,1,54,1,norm_cond,3,5
Arabkir,150000,monolit,1,1,3,1,109,1,good_cond,13,18
Arabkir,110000,qare,0,1,3,2,76,1,norm_cond,1,6
Arabkir,195000,monolit,1,1,4,1,138,1,good_cond,7,16
Arabkir,70000,qare,0,0,3,1,45,0,good_cond,4,5
Arabkir,90000,qare,0,0,5,1,130,1,norm_cond,3,3
Arabkir,95000,panelayin,0,1,3,1,68,1,good_cond,10,16
Arabkir,89000,panelayin,0,1,3,1,68,1,good_cond,10,16
Arabkir,85000,qare,0,0,3,1,78,1,norm_cond,3,5
Arabkir,82000,panelayin,0,1,3,1,90,0,bad_cond,2,14
Arabkir,65000,panelayin,0,0,3,1,76,1,norm_cond,1,5
Arabkir,115000,qare,0,0,3,2,142,1,good_cond,5,5
Arabkir,92000,panelayin,0,1,3,1,82,1,norm_cond,7,9
Arabkir,75000,panelayin,0,1,3,1,67,1,good_cond,9,9
Arabkir,37000,qare,0,1,1,1,40,0,good_cond,1,7
Arabkir,82000,panelayin,0,1,3,2,89,1,good_cond,7,14
Arabkir,77000,panelayin,0,1,3,1,82,0,good_cond,9,14
Arabkir,150000,qare,1,1,3,2,91,0,good_cond,2,8
Arabkir,160000,monolit,0,1,2,1,69,0,bad_cond,3,18
Arabkir,135000,qare,0,0,4,1,130,2,good_cond,5,5
Arabkir,46000,qare,0,1,3,1,92,1,bad_cond,2,7
Arabkir,84000,panelayin,0,1,4,1,102,2,norm_cond,10,14
Arabkir,175000,panelayin,0,1,4,2,130,2,good_cond,1,9
Arabkir,59000,qare,0,1,1,1,51,0,norm_cond,8,8
Arabkir,71000,panelayin,0,1,2,1,67,1,norm_cond,3,9
Arabkir,80000,panelayin,0,1,3,1,76,0,bad_cond,2,7
Arabkir,87000,qare,0,0,3,1,67,1,good_cond,1,5
Arabkir,85000,qare,0,0,5,1,105,1,norm_cond,3,5
Arabkir,115000,qare,0,0,4,1,110,1,good_cond,1,5
Arabkir,115000,monolit,1,1,4,2,95,1,good_cond,4,10
Arabkir,80000,qare,0,0,3,2,76,1,norm_cond,4,5
Arabkir,160000,monolit,0,1,2,1,67,0,bad_cond,3,18
Arabkir,70000,qare,0,0,4,1,74,0,good_cond,1,5
Arabkir,24000,monolit,1,0,1,1,20,0,norm_cond,1,3
Arabkir,68000,qare,0,0,3,1,68,2,norm_cond,3,5
Arabkir,78000,panelayin,0,1,3,1,70,0,bad_cond,13,16
Arabkir,87000,qare,0,0,2,1,70,1,good_cond,4,4
Arabkir,50000,monolit,0,1,1,1,47,1,norm_cond,3,16
Arabkir,76000,panelayin,0,1,3,1,64,0,good_cond,2,9
Arabkir,117000,qare,0,0,3,2,73,1,good_cond,2,5
Arabkir,100000,qare,0,1,3,2,90,1,norm_cond,3,8
Arabkir,127000,monolit,1,1,3,2,99,1,good_cond,3,8
Arabkir,198000,monolit,1,0,3,3,123,0,norm_cond,2,5
Arabkir,105000,panelayin,0,1,3,1,105,1,norm_cond,8,16
Arabkir,85000,monolit,0,1,2,1,73,1,norm_cond,5,9
Arabkir,110000,qare,0,0,3,1,95,1,norm_cond,3,5
Arabkir,87000,panelayin,0,1,3,1,81,0,good_cond,5,14
Arabkir,103000,qare,0,0,3,2,137,1,good_cond,1,5
Arabkir,67650,qare,0,0,2,1,55,1,good_cond,5,5
Arabkir,86000,qare,0,0,4,1,68,1,good_cond,3,5
Arabkir,87000,qare,0,0,4,1,107,1,good_cond,5,5
Arabkir,160000,qare,0,0,4,2,110,1,good_cond,4,5
Arabkir,135000,monolit,0,1,3,1,84,0,bad_cond,4,7
Arabkir,88000,panelayin,0,1,4,2,92,1,norm_cond,4,9
Arabkir,59000,qare,0,0,2,1,46,1,norm_cond,5,5
Arabkir,53750,monolit,1,0,1,1,43,1,bad_cond,2,5
Arabkir,60000,qare,0,0,2,1,34,1,good_cond,3,5
Arabkir,87000,monolit,1,1,3,2,79,1,bad_cond,9,12
Arabkir,76000,qare,0,0,2,1,64,1,good_cond,5,5
Arabkir,95000,kasetayin,0,1,3,1,82,1,good_cond,10,16
Arabkir,75000,panelayin,0,1,2,1,70,0,bad_cond,11,16
Arabkir,67000,panelayin,0,1,4,1,100,1,good_cond,2,9
Arabkir,57000,qare,0,0,2,1,37,1,good_cond,2,5
Arabkir,57000,qare,0,0,2,1,39,0,bad_cond,2,5
Arabkir,72000,qare,0,0,2,1,54,0,norm_cond,2,5
Arabkir,158000,qare,0,1,3,1,95,0,good_cond,3,6
Arabkir,150000,monolit,1,1,4,2,123,1,good_cond,2,15
Arabkir,60000,qare,0,0,1,1,45,1,good_cond,3,5
Arabkir,35000,qare,0,0,3,1,65,0,good_cond,3,3
Arabkir,90000,qare,0,0,3,1,120,0,bad_cond,3,3
Avan,25000,monolit,1,0,2,1,40,0,good_cond,1,4
Avan,55000,panelayin,0,1,2,1,56,0,norm_cond,1,14
Avan,110000,monolit,1,1,2,1,86,0,good_cond,7,14
Avan,60000,panelayin,0,1,3,1,87,1,norm_cond,13,14
Avan,75000,panelayin,0,1,3,1,74,1,good_cond,6,9
Avan,65000,panelayin,0,1,3,1,72,0,bad_cond,15,15
Avan,97000,panelayin,0,1,4,1,89,2,good_cond,2,9
Avan,56700,panelayin,0,1,3,1,62,1,good_cond,5,9
Avan,94000,panelayin,0,1,3,1,78,0,bad_cond,6,9
Avan,76000,panelayin,0,1,4,1,85,1,norm_cond,7,9
Avan,55000,panelayin,0,1,2,1,60,0,bad_cond,2,9
Avan,55000,panelayin,0,1,2,1,65,1,norm_cond,4,9
Avan,58000,panelayin,0,1,4,1,84,2,bad_cond,4,9
Avan,55000,panelayin,0,1,3,1,78,1,norm_cond,9,9
Avan,60000,panelayin,0,1,3,1,61,0,good_cond,9,9
Avan,65000,monolit,0,1,3,1,89,0,good_cond,14,14
Avan,70000,panelayin,0,1,4,1,87,1,good_cond,4,9
Avan,49000,panelayin,0,1,2,1,66,1,norm_cond,2,9
Avan,47000,panelayin,0,1,2,1,54,1,good_cond,5,9
Avan,135000,monolit,1,0,3,2,105,1,good_cond,2,3
Avan,77000,panelayin,0,0,4,1,95,1,good_cond,4,5
Avan,42000,qare,0,0,2,1,50,0,good_cond,1,4
Avan,125000,monolit,1,1,3,1,94,1,norm_cond,1,13
Avan,110000,qare,0,0,3,2,118,2,norm_cond,2,5
Avan,57000,panelayin,0,1,3,1,84,1,norm_cond,4,9
Avan,35000,panelayin,0,1,1,2,48,1,norm_cond,2,14
Avan,33500,monolit,1,0,2,1,40,1,bad_cond,2,4
Avan,84500,panelayin,0,1,3,1,80,2,good_cond,6,9
Avan,38000,panelayin,0,1,2,1,54,0,good_cond,1,14
Avan,99500,monolit,1,1,4,2,126,2,bad_cond,13,14
Avan,113000,monolit,1,1,3,2,98,2,good_cond,10,14
Avan,61000,panelayin,0,1,2,1,63,1,good_cond,5,9
Avan,107000,monolit,1,1,3,2,92,2,good_cond,1,13
Avan,84000,panelayin,0,1,4,2,90,1,norm_cond,4,9
Avan,67000,panelayin,0,1,4,1,83,1,good_cond,9,9
Avan,42500,panelayin,0,1,1,2,45,1,good_cond,1,9
Avan,78000,panelayin,0,1,3,1,80,0,bad_cond,6,9
Avan,40000,qare,0,0,2,1,31,0,bad_cond,2,4
Avan,68000,panelayin,0,1,3,2,80,1,good_cond,9,9
Avan,58000,panelayin,0,1,3,1,89,0,norm_cond,15,16
Avan,34000,qare,0,0,1,1,31,1,good_cond,2,5
Avan,88000,qare,0,0,5,1,140,1,good_cond,1,3
Avan,35000,panelayin,0,1,1,1,34,0,norm_cond,1,9
Avan,68000,panelayin,0,1,2,1,67,1,good_cond,8,9
Avan,46000,panelayin,0,1,1,1,54,1,norm_cond,3,9
Avan,76000,monolit,1,1,2,1,60,1,good_cond,8,13
Avan,45000,panelayin,0,1,3,1,66,1,good_cond,1,9
Avan,95000,panelayin,1,1,3,1,91,2,good_cond,8,9
Avan,84000,monolit,1,1,2,1,60,1,good_cond,4,14
Avan,55000,panelayin,0,1,3,1,74,1,norm_cond,9,9
Avan,120000,monolit,1,1,3,1,116,2,good_cond,4,9
Avan,137500,monolit,1,1,4,2,122,1,good_cond,13,14
Avan,67000,panelayin,1,1,3,1,62,2,good_cond,4,9
Avan,50000,panelayin,0,1,2,1,54,0,norm_cond,8,16
Avan,50000,panelayin,0,1,3,1,67,1,bad_cond,5,9
Avan,48000,panelayin,0,1,3,1,67,1,norm_cond,5,9
Avan,70000,panelayin,0,1,4,1,93,0,bad_cond,11,16
Avan,77000,panelayin,0,1,3,2,88,2,norm_cond,7,9
Avan,92000,panelayin,0,1,3,1,79,0,bad_cond,7,9
Avan,87000,panelayin,0,1,4,1,92,1,norm_cond,3,9
Avan,60000,panelayin,0,1,2,1,64,0,norm_cond,6,9
Avan,45000,qare,0,0,3,3,68,1,bad_cond,1,5
Avan,60000,panelayin,0,1,3,1,77,0,bad_cond,7,9
Avan,82000,panelayin,0,1,4,1,93,0,bad_cond,5,9
Avan,66000,qare,0,1,3,2,71,0,good_cond,1,14
Avan,54000,panelayin,0,1,3,1,76,1,norm_cond,9,9
Avan,78000,panelayin,0,1,3,1,80,0,good_cond,4,9
Avan,115000,panelayin,0,1,4,1,112,1,good_cond,2,13
Avan,145000,monolit,1,1,4,3,123,2,good_cond,1,14
Avan,30000,qare,0,0,2,1,60,1,norm_cond,2,4
Avan,70000,panelayin,0,1,2,1,80,0,bad_cond,2,9
Avan,35000,qare,0,0,1,1,50,0,good_cond,1,4
Avan,62000,panelayin,0,1,3,1,76,0,good_cond,13,14
Avan,75000,panelayin,0,1,3,1,78,0,bad_cond,9,9
Avan,60000,panelayin,0,1,3,1,78,0,bad_cond,9,9
Avan,60000,panelayin,0,1,3,1,78,1,norm_cond,9,9
Avan,34500,panelayin,0,1,1,1,47,1,norm_cond,2,14
Avan,35500,panelayin,0,1,1,1,47,1,norm_cond,2,14
Avan,35500,panelayin,0,1,1,1,47,1,norm_cond,2,14
Avan,35000,panelayin,0,1,1,1,47,1,norm_cond,2,14
Avan,68000,panelayin,0,1,4,1,88,1,good_cond,9,9
Avan,57000,panelayin,0,1,2,1,67,1,norm_cond,6,9
Avan,96000,panelayin,0,1,4,1,123,0,bad_cond,6,9
Avan,55000,monolit,1,0,2,1,50,2,good_cond,1,4
Avan,59500,panelayin,0,1,2,1,74,1,good_cond,15,15
Avan,65000,panelayin,1,1,3,1,80,1,good_cond,1,9
Avan,76000,panelayin,0,1,3,1,79,1,norm_cond,3,9
Avan,69000,panelayin,0,1,3,3,75,0,good_cond,6,9
Avan,75000,panelayin,0,1,3,1,96,1,good_cond,9,9
Avan,79000,monolit,1,1,2,1,60,1,good_cond,6,13
Avan,87000,panelayin,0,1,4,1,108,1,good_cond,8,9
Avan,68000,panelayin,0,1,3,1,70,1,good_cond,1,9
Avan,58500,panelayin,0,1,3,1,77,1,norm_cond,7,9
Avan,48000,panelayin,0,1,3,1,67,1,norm_cond,5,9
Avan,48000,panelayin,0,1,3,1,67,1,bad_cond,5,9
Avan,37000,panelayin,0,1,2,1,46,1,norm_cond,1,9
Avan,57000,panelayin,0,1,2,1,68,1,good_cond,5,9
Avan,45000,panelayin,0,1,2,1,48,1,good_cond,1,9
Avan,83000,panelayin,0,1,4,1,95,1,good_cond,9,9
Avan,56000,panelayin,0,1,3,1,80,1,norm_cond,9,9
Avan,69000,panelayin,0,1,3,1,90,0,bad_cond,8,9
Avan,42000,panelayin,0,1,2,2,52,1,norm_cond,5,14
Avan,200000,monolit,1,1,4,2,122,2,good_cond,8,14
Avan,69500,panelayin,0,1,3,1,150,0,good_cond,9,9
Avan,100000,panelayin,0,1,3,2,94,2,good_cond,6,13
Avan,35000,panelayin,0,1,1,1,47,0,norm_cond,6,12
Avan,75000,panelayin,0,1,4,1,98,0,bad_cond,12,16
Avan,52700,panelayin,0,1,2,1,67,1,norm_cond,6,9
Avan,65000,panelayin,0,1,3,1,79,1,norm_cond,11,14
Avan,110000,monolit,1,1,2,1,85,1,good_cond,5,14
Avan,45000,panelayin,0,1,1,1,55,1,norm_cond,3,9
Avan,35500,panelayin,0,1,1,1,42,0,bad_cond,7,9
Avan,132000,monolit,1,1,4,2,122,2,good_cond,11,14
Avan,85000,panelayin,0,1,3,1,80,1,good_cond,4,9
Avan,33000,qare,1,0,2,2,45,2,norm_cond,1,1
Avan,39000,panelayin,0,1,2,1,58,0,bad_cond,13,13
Avan,115000,panelayin,0,1,4,1,119,1,good_cond,10,14
Avan,55000,panelayin,0,1,2,1,67,1,good_cond,3,9
Avan,44000,qare,0,0,1,1,52,1,good_cond,1,5
Avan,58000,panelayin,0,1,3,1,100,1,bad_cond,13,14
Avan,70000,panelayin,0,1,4,1,66,0,good_cond,9,9
Avan,68000,panelayin,1,1,4,1,77,1,good_cond,8,9
Avan,50000,panelayin,0,1,2,1,67,1,good_cond,8,9
Avan,45000,qare,0,0,2,1,54,1,norm_cond,3,4
Avan,50000,panelayin,0,1,1,1,54,1,good_cond,5,9
Avan,85000,panelayin,0,1,2,1,120,1,bad_cond,9,9
Avan,55000,panelayin,0,1,2,1,62,0,bad_cond,4,9
Avan,75000,panelayin,0,1,3,1,90,1,norm_cond,4,14
Avan,100000,monolit,1,1,3,2,92,1,good_cond,1,14
Avan,32000,panelayin,0,1,2,1,36,1,norm_cond,6,9
Avan,63000,panelayin,1,1,3,1,85,1,norm_cond,3,12
Avan,132000,monolit,1,1,4,2,122,2,good_cond,11,14
Avan,75000,panelayin,0,1,3,2,83,2,good_cond,8,9
Avan,60000,panelayin,0,1,3,1,85,2,norm_cond,11,14
Avan,39000,qare,0,0,1,1,36,1,good_cond,5,5
Avan,57000,panelayin,0,1,2,1,58,0,good_cond,5,9
Avan,120000,monolit,1,1,3,1,96,1,good_cond,3,14
Avan,67000,panelayin,0,1,3,1,88,1,norm_cond,7,9
Avan,79000,panelayin,0,1,3,1,85,0,bad_cond,2,9
Avan,58000,panelayin,0,1,3,1,76,1,norm_cond,1,9
Avan,118000,qare,1,1,3,2,110,2,good_cond,7,12
Avan,46000,panelayin,0,1,3,1,54,1,good_cond,5,9
Avan,55000,panelayin,0,1,3,1,82,1,norm_cond,1,9
Avan,78000,panelayin,0,1,3,1,80,1,good_cond,3,9
Avan,35000,panelayin,0,1,1,1,47,1,norm_cond,5,14
Avan,63000,panelayin,0,1,3,1,90,1,good_cond,1,9
Avan,90000,panelayin,0,1,4,1,90,2,good_cond,9,9
Avan,44000,panelayin,0,1,2,1,60,1,norm_cond,3,9
Avan,70000,panelayin,1,0,4,2,120,1,good_cond,1,2
Avan,75000,panelayin,0,1,3,1,80,1,good_cond,8,9
Avan,62000,panelayin,0,1,3,1,81,1,norm_cond,1,9
Avan,53000,panelayin,0,1,4,1,95,1,bad_cond,9,9
Avan,102000,panelayin,0,1,3,1,112,1,good_cond,1,9
Avan,49000,panelayin,0,1,2,1,66,1,norm_cond,8,9
Avan,132000,monolit,0,1,3,2,110,1,good_cond,10,14
Avan,82000,panelayin,0,1,4,1,108,1,norm_cond,4,9
Avan,74000,panelayin,0,1,3,1,79,0,bad_cond,3,9
Avan,70000,qare,0,1,3,1,77,2,good_cond,6,9
Avan,155000,monolit,1,1,3,1,104,1,good_cond,6,10
Avan,47000,qare,0,0,3,1,126,0,bad_cond,1,1
Avan,95000,panelayin,0,1,4,2,105,1,good_cond,13,14
Avan,90000,panelayin,0,1,3,1,76,0,good_cond,9,9
Avan,73000,panelayin,0,1,3,1,90,0,bad_cond,13,14
Avan,55000,qare,0,1,2,1,64,1,good_cond,1,14
Avan,75000,panelayin,0,1,3,2,150,0,good_cond,14,15
Avan,65000,panelayin,0,1,3,2,78,1,good_cond,1,14
Avan,47000,panelayin,0,1,3,1,60,0,good_cond,3,9
Avan,63000,panelayin,0,1,3,1,75,1,good_cond,2,9
Avan,70000,panelayin,0,0,3,2,80,1,good_cond,1,2
Avan,63000,panelayin,0,1,3,1,75,1,norm_cond,6,9
Avan,50000,monolit,1,0,3,2,77,0,bad_cond,1,1
Avan,70000,panelayin,0,1,2,1,68,0,bad_cond,9,9
Avan,58000,panelayin,0,1,3,2,85,2,norm_cond,5,14
Avan,70000,panelayin,0,1,3,1,80,1,good_cond,6,9
Avan,70000,panelayin,0,1,4,2,100,1,good_cond,2,16
Avan,58000,panelayin,0,1,3,1,83,1,norm_cond,3,9
Avan,53000,panelayin,0,1,2,1,67,1,norm_cond,6,9
Avan,63000,panelayin,0,1,2,1,56,0,good_cond,4,14
Avan,55000,panelayin,0,1,3,1,75,0,bad_cond,1,9
Avan,30000,panelayin,0,1,3,1,58,1,good_cond,2,14
Avan,110000,monolit,1,1,3,1,94,2,good_cond,2,13
Avan,52000,panelayin,0,1,3,1,67,1,norm_cond,8,9
Avan,38000,panelayin,0,1,1,2,44,1,bad_cond,8,9
Avan,85000,panelayin,0,1,4,1,110,1,norm_cond,6,9
Avan,38600,qare,0,0,2,1,31,1,good_cond,2,5
Avan,55000,qare,0,0,2,2,58,1,good_cond,4,5
Avan,65000,panelayin,0,1,3,1,80,1,norm_cond,3,9
Avan,40000,panelayin,0,1,1,1,46,1,norm_cond,1,9
Avan,70000,panelayin,0,1,4,1,90,2,good_cond,6,9
Avan,60000,panelayin,0,1,3,1,86,0,bad_cond,7,14
Avan,82000,panelayin,0,1,3,1,86,1,good_cond,6,9
Avan,68000,panelayin,0,1,3,1,78,1,good_cond,5,9
Avan,62000,panelayin,0,1,3,2,78,1,norm_cond,4,14
Avan,46000,panelayin,0,1,3,1,54,0,bad_cond,5,9
Avan,67000,panelayin,0,1,4,1,82,0,bad_cond,2,9
Avan,65000,panelayin,0,1,3,1,60,0,good_cond,8,14
Avan,42000,panelayin,0,1,1,1,46,0,norm_cond,4,9
Avan,68000,panelayin,0,1,3,1,79,1,good_cond,8,9
Avan,62000,panelayin,0,1,3,2,80,1,norm_cond,4,14
Avan,85000,panelayin,0,1,4,1,120,1,good_cond,4,9
Avan,108000,monolit,1,1,3,1,86,2,good_cond,14,14
Avan,48000,panelayin,0,1,2,1,61,2,norm_cond,2,9
Avan,57000,panelayin,0,1,4,1,87,2,norm_cond,9,9
Avan,65000,panelayin,1,1,4,1,88,1,norm_cond,6,9
Avan,50000,panelayin,0,1,2,1,67,2,norm_cond,1,14
Avan,65000,panelayin,0,1,2,1,65,0,norm_cond,1,9
Avan,60000,panelayin,0,1,3,1,80,1,good_cond,9,9
Avan,55000,panelayin,0,1,3,1,70,1,norm_cond,9,9
Avan,55000,panelayin,0,1,2,1,70,1,norm_cond,9,9
Avan,48000,panelayin,0,1,1,1,42,1,norm_cond,1,9
Avan,40000,panelayin,0,1,1,1,47,1,good_cond,10,10
Avan,50000,panelayin,0,1,2,1,57,1,good_cond,6,9
Avan,72000,monolit,0,1,3,1,85,0,bad_cond,5,14
Avan,63000,panelayin,0,1,2,1,67,0,bad_cond,4,14
Avan,45000,qare,0,0,3,1,79,1,bad_cond,1,5
Avan,95000,panelayin,0,1,4,1,90,1,norm_cond,7,9
Avan,75000,monolit,1,0,2,1,61,1,good_cond,2,4
Avan,42000,panelayin,0,1,2,1,61,1,norm_cond,9,9
Avan,60000,panelayin,0,1,3,1,60,1,good_cond,3,14
Avan,37000,panelayin,0,0,2,1,48,1,norm_cond,5,5
Avan,40000,qare,0,0,1,1,45,1,good_cond,5,5
Avan,47500,panelayin,0,1,3,1,75,1,bad_cond,3,10
Avan,55000,monolit,0,1,4,1,82,1,bad_cond,1,9
Avan,70000,panelayin,0,1,3,1,84,1,norm_cond,8,9
Avan,70000,panelayin,0,1,4,1,90,1,good_cond,6,9
Avan,60000,panelayin,0,1,2,1,67,1,norm_cond,3,9
Avan,80000,panelayin,0,1,3,1,82,1,good_cond,6,16
Avan,78000,panelayin,0,1,3,1,97,1,good_cond,7,9
Avan,70000,panelayin,0,1,3,1,78,1,norm_cond,13,16
Avan,60000,panelayin,0,1,3,1,68,1,good_cond,6,9
Avan,60000,panelayin,0,1,3,1,64,0,good_cond,13,14
Avan,55000,panelayin,0,1,3,2,78,2,norm_cond,8,9
Avan,52000,panelayin,0,1,2,1,67,1,norm_cond,3,9
Avan,55000,panelayin,0,1,3,2,76,1,good_cond,9,9
Avan,45000,panelayin,0,1,1,1,50,1,good_cond,7,9
Avan,49000,panelayin,0,1,2,1,66,1,norm_cond,2,9
Avan,68000,panelayin,0,1,3,1,79,1,good_cond,1,9
Avan,44000,panelayin,0,1,1,1,48,1,norm_cond,1,9
Avan,62000,panelayin,0,1,2,1,72,2,norm_cond,7,14
Avan,70000,panelayin,0,1,3,1,77,0,bad_cond,6,9
Avan,56000,panelayin,0,1,4,1,80,1,norm_cond,9,9
Avan,46000,panelayin,0,1,1,1,54,0,norm_cond,3,9
Avan,65000,panelayin,0,1,3,1,65,0,norm_cond,13,14
Avan,50000,panelayin,0,1,2,1,66,1,norm_cond,12,16
Avan,50000,qare,0,0,3,1,52,0,good_cond,2,2
Avan,73000,monolit,1,0,6,2,280,1,norm_cond,2,2
Avan,49000,panelayin,0,1,2,1,66,1,norm_cond,2,9
Avan,49000,panelayin,0,1,2,1,64,1,bad_cond,2,14
Avan,70000,panelayin,0,1,3,1,83,0,bad_cond,3,9
Avan,70000,panelayin,0,1,4,1,97,1,good_cond,7,16
Avan,57000,panelayin,0,1,3,1,79,1,norm_cond,1,9
Avan,125000,monolit,1,1,3,2,94,2,good_cond,6,13
Avan,70000,panelayin,0,1,3,1,84,2,norm_cond,9,9
Avan,54000,qare,0,0,2,1,58,1,good_cond,4,5
Avan,127000,monolit,1,1,3,2,98,1,good_cond,9,15
Avan,63000,panelayin,0,1,2,1,55,0,bad_cond,2,9
Avan,56000,panelayin,1,1,2,1,68,1,bad_cond,8,14
Avan,53000,panelayin,0,1,3,1,66,1,good_cond,1,9
Avan,155000,monolit,1,1,4,2,152,2,bad_cond,5,10
Avan,68000,panelayin,0,1,4,1,87,0,bad_cond,2,9
Avan,70000,panelayin,0,1,4,1,86,0,bad_cond,2,9
Avan,59000,monolit,0,1,3,1,78,0,bad_cond,9,9
Avan,50000,panelayin,0,1,2,1,65,0,norm_cond,9,9
Avan,65000,panelayin,0,1,3,2,62,0,good_cond,7,9
Avan,51000,panelayin,0,1,1,1,54,0,good_cond,14,14
Avan,60000,panelayin,0,1,3,2,81,1,norm_cond,9,9
Avan,50000,panelayin,0,1,2,1,54,0,norm_cond,8,16
Avan,48000,panelayin,0,1,1,1,54,0,bad_cond,6,9
Avan,117000,monolit,1,1,3,2,96,2,good_cond,5,14
Avan,78000,panelayin,0,1,3,1,75,0,good_cond,2,9
Avan,60000,panelayin,0,1,3,1,78,0,norm_cond,2,9
Avan,110000,monolit,1,1,3,1,90,0,good_cond,4,9
Avan,105000,panelayin,0,1,4,2,120,0,good_cond,2,15
Avan,83000,panelayin,0,1,4,1,88,0,norm_cond,5,9
Avan,45000,panelayin,0,1,1,1,45,0,good_cond,7,9
Avan,65000,qare,0,1,3,3,80,0,bad_cond,5,9
Avan,31000,panelayin,0,0,1,1,34,1,norm_cond,3,4
Avan,100000,qare,0,0,5,1,140,0,good_cond,1,3
Avan,72000,panelayin,0,1,3,1,80,0,good_cond,4,9
Avan,50000,panelayin,0,1,2,1,58,0,norm_cond,12,14
Avan,120000,monolit,1,1,3,2,110,0,good_cond,3,14
Avan,45000,panelayin,0,1,1,1,50,0,good_cond,2,9
Avan,95000,panelayin,0,1,4,1,90,0,bad_cond,7,9
Avan,43000,panelayin,0,1,1,1,48,0,good_cond,9,14
Avan,145000,monolit,0,1,4,1,151,0,bad_cond,3,10
Avan,58000,panelayin,0,1,2,1,64,0,bad_cond,1,9
Avan,77000,panelayin,0,1,3,1,78,1,norm_cond,2,9
Avan,36000,qare,0,0,2,1,52,0,bad_cond,1,4
Avan,58000,panelayin,0,1,3,1,71,0,good_cond,1,9
Avan,78000,panelayin,0,1,3,1,86,0,bad_cond,11,16
Avan,45000,panelayin,0,1,1,1,54,0,norm_cond,5,9
Avan,150000,monolit,0,0,3,1,120,0,good_cond,1,3
Avan,90000,panelayin,0,1,3,1,85,1,good_cond,10,14
Avan,55000,panelayin,0,1,3,2,50,0,norm_cond,1,9
Avan,54000,panelayin,0,1,3,1,82,0,norm_cond,13,14
Avan,57000,panelayin,0,1,3,1,84,0,bad_cond,4,9
Avan,70000,panelayin,0,1,3,1,81,0,good_cond,6,9
Avan,39000,panelayin,0,1,1,1,45,0,bad_cond,5,14
Avan,85000,panelayin,0,1,3,1,80,0,bad_cond,5,9
Avan,132000,monolit,0,1,4,2,125,0,good_cond,3,14
Avan,70000,panelayin,0,1,2,1,68,0,bad_cond,9,9
Avan,60000,panelayin,0,1,2,1,64,0,good_cond,4,9
Avan,88000,monolit,0,1,2,1,72,0,good_cond,3,14
Avan,85000,panelayin,0,1,3,1,82,0,bad_cond,3,9
Avan,53000,panelayin,0,1,4,1,95,0,norm_cond,9,9
Avan,60000,panelayin,0,1,2,1,67,1,good_cond,4,9
Avan,167000,monolit,0,0,5,2,120,0,good_cond,4,4
Avan,50000,panelayin,0,1,1,1,48,0,bad_cond,2,9
Avan,66000,panelayin,0,1,3,1,94,0,bad_cond,1,9
Avan,96000,monolit,0,1,3,1,86,0,bad_cond,9,14
Avan,53000,panelayin,0,1,2,1,54,0,bad_cond,9,9
Avan,60000,panelayin,0,1,3,1,56,0,bad_cond,13,16
Avan,53000,panelayin,0,1,2,1,67,0,bad_cond,1,9
Avan,76500,panelayin,0,1,3,1,90,0,bad_cond,8,14
Avan,67000,qare,0,0,3,1,85,0,bad_cond,3,4
Avan,38000,panelayin,0,0,2,1,49,0,bad_cond,4,5
Avan,60000,panelayin,0,1,3,1,83,0,bad_cond,6,9
Avan,65000,panelayin,0,1,3,1,90,0,bad_cond,14,14
Avan,70000,panelayin,0,1,3,1,85,0,bad_cond,8,9
Avan,47000,panelayin,0,1,1,1,47,0,bad_cond,4,9
Avan,45000,panelayin,0,1,1,1,43,0,bad_cond,3,9
Avan,38000,panelayin,0,1,2,1,58,0,bad_cond,13,14
Avan,65000,panelayin,0,1,3,1,75,0,bad_cond,7,9
Avan,38000,qare,0,0,2,1,44,0,bad_cond,4,4
Avan,47000,panelayin,0,1,1,1,47,0,bad_cond,4,9
Avan,70000,panelayin,0,1,3,1,88,0,bad_cond,2,9
Avan,55000,qare,0,0,2,1,52,0,bad_cond,2,5
Avan,65000,panelayin,0,1,2,1,67,0,bad_cond,7,9
Avan,50000,qare,0,1,3,1,81,0,bad_cond,13,14
Avan,50000,qare,0,1,3,1,81,0,bad_cond,13,14
Avan,70000,monolit,1,1,2,1,56,1,good_cond,3,10
Avan,80000,monolit,0,1,2,1,60,0,bad_cond,2,10
Avan,150000,monolit,0,0,3,1,80,0,bad_cond,2,3
Avan,95000,qare,0,1,3,1,83,0,bad_cond,10,15
Avan,124000,monolit,0,1,3,1,117,0,bad_cond,9,14
Avan,125000,qare,0,0,3,1,74,0,bad_cond,2,3
Avan,30000,panelayin,0,0,2,1,40,0,bad_cond,2,5
Avan,50000,panelayin,0,1,2,1,70,1,norm_cond,1,9
Davitashen,61500,panelayin,0,1,3,1,99,2,bad_cond,5,14
Davitashen,115000,panelayin,0,1,3,2,97,1,good_cond,3,9
Davitashen,45600,panelayin,0,1,2,1,51,1,good_cond,1,14
Davitashen,44500,monolit,0,1,1,1,41,0,good_cond,10,16
Davitashen,25500,panelayin,0,1,1,1,26,0,norm_cond,2,8
Davitashen,70000,panelayin,0,1,3,1,78,1,norm_cond,3,9
Davitashen,110000,monolit,1,1,4,2,74,0,good_cond,14,15
Davitashen,63000,panelayin,0,1,3,1,75,1,good_cond,9,9
Davitashen,63000,panelayin,0,1,3,1,75,0,good_cond,9,9
Davitashen,41000,qare,0,1,2,1,40,1,norm_cond,3,6
Davitashen,84000,panelayin,0,1,4,2,97,1,good_cond,7,9
Davitashen,48500,panelayin,0,1,2,2,46,1,norm_cond,6,9
Davitashen,60000,panelayin,0,1,2,1,58,1,norm_cond,1,9
Davitashen,65000,qare,0,0,3,1,85,1,good_cond,1,3
Davitashen,83000,panelayin,0,1,4,2,93,1,norm_cond,8,9
Davitashen,85000,panelayin,0,1,4,1,91,0,bad_cond,14,14
Davitashen,143000,qare,1,1,2,1,80,0,good_cond,8,11
Davitashen,47000,panelayin,0,1,2,1,57,0,good_cond,14,14
Davitashen,97000,monolit,1,1,3,1,85,1,good_cond,8,15
Davitashen,82500,panelayin,0,1,3,1,98,1,norm_cond,6,9
Davitashen,84000,panelayin,0,1,4,1,97,1,good_cond,4,9
Davitashen,90000,qare,0,1,3,1,78,0,bad_cond,1,9
Davitashen,145000,monolit,0,1,5,1,150,0,bad_cond,4,11
Davitashen,78000,panelayin,0,1,3,3,97,1,good_cond,2,9
Davitashen,79000,qare,1,1,2,1,78,1,bad_cond,12,15
Davitashen,35000,panelayin,0,0,2,2,46,0,good_cond,5,5
Davitashen,67000,qare,0,1,2,1,70,0,bad_cond,11,14
Davitashen,82000,panelayin,0,1,3,1,77,1,norm_cond,5,9
Davitashen,72000,panelayin,0,1,3,1,78,1,norm_cond,5,9
Davitashen,70000,qare,0,1,3,1,69,1,good_cond,1,14
Davitashen,85000,qare,0,1,4,2,120,2,norm_cond,3,9
Davitashen,69000,panelayin,0,1,3,1,76,2,good_cond,4,9
Davitashen,84000,panelayin,0,1,3,1,75,2,good_cond,2,9
Davitashen,65800,monolit,1,1,3,1,62,1,good_cond,6,11
Davitashen,68000,monolit,1,0,2,1,47,0,good_cond,4,4
Davitashen,105000,panelayin,0,1,3,1,100,1,good_cond,4,9
Davitashen,90000,panelayin,0,1,2,1,80,1,good_cond,8,9
Davitashen,140000,monolit,1,1,3,1,71,1,good_cond,13,15
Davitashen,56000,qare,0,0,1,1,34,0,bad_cond,2,4
Davitashen,55000,panelayin,0,1,2,1,65,1,norm_cond,3,14
Davitashen,95000,panelayin,0,1,3,1,88,0,good_cond,10,14
Davitashen,85000,panelayin,0,1,4,1,95,0,norm_cond,7,9
Davitashen,112000,panelayin,0,1,4,2,76,1,good_cond,7,9
Davitashen,71000,monolit,1,0,2,1,62,2,bad_cond,5,5
Davitashen,75000,qare,0,1,3,1,96,0,bad_cond,3,9
Davitashen,68000,panelayin,0,1,3,3,72,1,bad_cond,1,9
Davitashen,90000,monolit,1,1,3,2,110,1,good_cond,3,12
Davitashen,53000,monolit,1,0,2,1,40,0,good_cond,2,5
Davitashen,75000,monolit,1,1,2,1,50,1,bad_cond,2,16
Davitashen,78000,panelayin,0,1,4,1,105,0,bad_cond,6,14
Davitashen,70000,monolit,1,0,2,1,50,0,good_cond,4,4
Davitashen,140000,monolit,1,1,3,2,97,1,norm_cond,4,17
Davitashen,87000,panelayin,0,1,3,2,125,1,good_cond,10,11
Davitashen,83000,panelayin,0,1,3,1,99,1,norm_cond,3,9
Davitashen,75000,panelayin,0,1,3,1,73,0,good_cond,6,9
Davitashen,165000,monolit,0,1,3,1,130,0,bad_cond,11,11
Davitashen,80000,monolit,1,0,3,2,83,0,bad_cond,1,5
Davitashen,70000,panelayin,0,1,3,1,98,1,bad_cond,9,10
Davitashen,73000,panelayin,0,1,3,1,77,0,bad_cond,7,14
Davitashen,107000,monolit,1,1,3,1,70,1,good_cond,13,19
Davitashen,105000,panelayin,0,1,3,1,103,1,norm_cond,1,9
Davitashen,183000,monolit,1,1,4,2,117,1,good_cond,14,14
Davitashen,68000,panelayin,0,1,2,1,80,1,bad_cond,5,9
Davitashen,75000,qare,1,1,3,2,82,1,good_cond,6,14
Davitashen,75000,panelayin,0,1,3,1,105,2,good_cond,1,9
Davitashen,63000,panelayin,0,1,3,1,100,2,bad_cond,1,9
Davitashen,140000,panelayin,0,1,3,1,100,0,bad_cond,1,9
Davitashen,60000,panelayin,1,1,3,2,67,1,good_cond,9,9
Davitashen,60000,panelayin,1,1,3,1,68,1,good_cond,9,9
Davitashen,70000,panelayin,0,1,3,1,80,0,good_cond,9,14
Davitashen,50000,panelayin,0,1,2,1,54,0,norm_cond,12,14
Davitashen,87000,monolit,1,1,2,1,70,1,bad_cond,7,15
Davitashen,65000,monolit,1,0,3,1,72,1,norm_cond,3,5
Davitashen,65000,panelayin,0,1,3,1,79,1,norm_cond,13,14
Davitashen,135000,monolit,1,1,4,2,138,1,good_cond,12,15
Davitashen,90000,panelayin,0,1,4,1,95,1,norm_cond,7,9
Davitashen,175000,monolit,1,1,4,3,123,1,bad_cond,5,16
Davitashen,39000,panelayin,0,0,2,1,39,0,bad_cond,3,5
Davitashen,45000,qare,0,1,3,1,56,0,good_cond,2,6
Davitashen,12900,qare,0,0,1,1,31,1,norm_cond,1,4
Davitashen,78000,panelayin,0,1,3,1,76,1,good_cond,3,9
Davitashen,75000,panelayin,0,1,4,1,97,2,norm_cond,3,9
Davitashen,80000,panelayin,0,1,3,1,83,0,good_cond,13,14
Davitashen,61000,panelayin,0,1,2,1,60,1,norm_cond,5,9
Davitashen,60000,qare,1,0,3,1,70,0,good_cond,3,3
Davitashen,105000,monolit,1,1,2,1,71,1,good_cond,6,11
Davitashen,39000,monolit,1,0,2,1,46,2,good_cond,4,5
Davitashen,39000,qare,1,0,3,1,41,2,good_cond,4,5
Davitashen,70000,panelayin,0,1,3,1,70,1,norm_cond,9,9
Davitashen,82000,panelayin,1,1,2,1,71,1,norm_cond,7,13
Davitashen,95000,panelayin,0,1,4,1,120,1,bad_cond,8,9
Davitashen,90000,panelayin,0,1,4,1,120,0,norm_cond,2,14
Davitashen,49000,panelayin,0,1,2,1,50,0,norm_cond,9,9
Davitashen,80000,panelayin,0,1,3,1,96,1,good_cond,3,9
Davitashen,115000,panelayin,0,1,3,2,98,2,good_cond,9,9
Davitashen,83000,monolit,0,1,3,1,73,0,good_cond,9,14
Davitashen,77000,panelayin,0,1,4,1,94,0,bad_cond,2,9
Davitashen,80000,panelayin,0,1,3,1,78,0,bad_cond,8,14
Davitashen,20500,panelayin,0,1,1,1,22,1,norm_cond,2,8
Davitashen,72000,panelayin,0,1,2,1,66,0,bad_cond,4,9
Davitashen,85000,panelayin,0,1,4,1,97,0,bad_cond,6,16
Davitashen,72000,panelayin,0,1,4,1,110,2,norm_cond,12,16
Davitashen,106000,monolit,1,1,3,2,94,1,good_cond,3,12
Davitashen,72000,panelayin,0,1,4,1,111,2,norm_cond,12,16
Davitashen,150000,monolit,1,1,4,2,105,1,good_cond,8,15
Davitashen,100000,panelayin,0,1,3,1,100,0,bad_cond,4,9
Davitashen,45000,qare,0,0,3,1,54,0,bad_cond,4,5
Davitashen,85000,panelayin,0,1,3,1,80,1,good_cond,5,9
Davitashen,72000,panelayin,0,1,4,1,110,1,norm_cond,14,14
Davitashen,118000,panelayin,0,1,4,1,95,1,good_cond,4,9
Davitashen,260000,monolit,1,1,5,3,168,2,good_cond,2,16
Davitashen,72000,panelayin,0,1,3,1,67,0,good_cond,3,9
Davitashen,75000,panelayin,0,1,3,1,82,0,good_cond,13,14
Davitashen,89000,panelayin,0,1,3,1,98,2,norm_cond,4,9
Davitashen,84000,monolit,0,1,4,1,97,0,good_cond,7,9
Davitashen,84000,panelayin,0,1,2,1,77,1,good_cond,1,9
Davitashen,88000,monolit,0,1,3,1,91,0,bad_cond,4,15
Davitashen,54000,panelayin,0,1,1,1,52,0,good_cond,14,14
Davitashen,99900,panelayin,0,1,4,2,110,1,good_cond,7,16
Davitashen,65000,monolit,1,1,2,1,55,0,good_cond,2,11
Davitashen,68000,panelayin,0,1,3,1,97,1,bad_cond,10,14
Davitashen,90000,monolit,0,1,3,1,98,0,bad_cond,4,11
Davitashen,82000,panelayin,0,1,3,1,96,1,good_cond,1,9
Davitashen,65000,panelayin,0,1,3,1,73,1,norm_cond,1,9
Davitashen,120000,qare,1,0,3,2,89,1,good_cond,3,4
Davitashen,80000,panelayin,0,1,3,1,100,0,norm_cond,4,9
Davitashen,90000,monolit,1,1,3,2,101,1,good_cond,6,11
Davitashen,69500,monolit,1,1,3,1,65,0,good_cond,7,11
Davitashen,69000,panelayin,0,0,3,1,120,1,good_cond,1,2
Davitashen,72000,panelayin,0,1,2,1,74,1,norm_cond,2,9
Davitashen,125000,monolit,1,1,4,2,145,1,bad_cond,3,12
Davitashen,250000,monolit,1,1,5,3,195,2,good_cond,4,11
Davitashen,105000,panelayin,0,1,3,1,115,0,bad_cond,2,9
Davitashen,77000,panelayin,0,1,3,1,97,1,norm_cond,7,9
Davitashen,130000,monolit,1,1,2,1,68,1,good_cond,2,11
Davitashen,80000,monolit,1,1,2,1,66,1,norm_cond,10,13
Davitashen,121000,monolit,1,1,3,1,68,1,good_cond,3,16
Davitashen,76000,panelayin,0,1,4,1,92,0,norm_cond,7,9
Davitashen,60000,panelayin,0,1,2,1,53,0,good_cond,8,9
Davitashen,85000,panelayin,0,1,3,1,96,2,good_cond,8,9
Davitashen,90000,monolit,1,1,2,1,67,1,good_cond,6,6
Davitashen,95000,panelayin,0,1,4,1,120,2,norm_cond,8,9
Davitashen,95000,panelayin,0,1,3,1,97,2,norm_cond,9,9
Davitashen,51000,panelayin,0,1,1,1,54,1,good_cond,4,9
Davitashen,69000,panelayin,0,1,3,1,68,1,good_cond,2,9
Davitashen,77000,panelayin,0,1,3,1,80,1,norm_cond,7,9
Davitashen,65000,monolit,0,0,3,3,74,1,norm_cond,4,4
Davitashen,160000,monolit,0,1,3,1,140,0,bad_cond,14,16
Davitashen,160000,monolit,0,1,3,1,140,0,bad_cond,14,15
Davitashen,90000,panelayin,0,1,2,1,67,0,bad_cond,7,9
Davitashen,70000,panelayin,0,1,4,1,88,1,norm_cond,9,9
Davitashen,63000,panelayin,0,1,3,1,67,0,bad_cond,6,9
Davitashen,63000,panelayin,0,1,2,1,68,0,bad_cond,6,9
Davitashen,72000,panelayin,0,1,3,1,78,1,good_cond,1,9
Davitashen,90000,panelayin,0,1,3,1,100,1,norm_cond,5,9
Davitashen,80000,monolit,1,1,3,2,87,1,bad_cond,4,14
Davitashen,73000,panelayin,0,1,4,1,96,2,norm_cond,12,14
Davitashen,84999,monolit,1,1,3,1,81,1,good_cond,10,11
Davitashen,92000,panelayin,0,1,4,1,114,1,good_cond,5,9
Davitashen,110000,panelayin,0,1,4,1,90,1,good_cond,8,9
Davitashen,95000,panelayin,0,1,3,1,78,0,norm_cond,5,9
Davitashen,67000,panelayin,0,1,3,1,75,1,norm_cond,5,9
Davitashen,70000,panelayin,0,1,3,1,70,1,norm_cond,9,9
Davitashen,77000,monolit,0,1,3,2,75,0,good_cond,7,9
Davitashen,55000,panelayin,1,1,2,1,67,1,norm_cond,1,9
Davitashen,100000,monolit,1,1,3,1,83,0,good_cond,9,11
Davitashen,290000,qare,1,1,4,3,143,1,good_cond,11,15
Davitashen,92000,monolit,1,1,3,1,83,1,good_cond,12,16
Davitashen,68000,panelayin,0,1,3,1,80,1,norm_cond,2,9
Davitashen,62500,panelayin,0,1,2,1,65,0,good_cond,1,14
Davitashen,95000,panelayin,0,1,3,1,76,0,good_cond,1,9
Davitashen,77000,monolit,0,1,3,1,68,0,bad_cond,6,11
Davitashen,70000,panelayin,0,1,3,1,90,0,bad_cond,10,14
Davitashen,110000,monolit,1,1,4,1,115,1,good_cond,11,11
Davitashen,58000,panelayin,0,1,3,1,80,1,norm_cond,14,14
Davitashen,70000,panelayin,0,1,3,1,74,0,bad_cond,9,9
Davitashen,85000,monolit,1,1,2,1,63,1,good_cond,3,16
Davitashen,72000,panelayin,0,1,3,1,67,1,good_cond,7,9
Davitashen,70000,panelayin,0,1,3,1,76,1,norm_cond,3,9
Davitashen,70000,panelayin,0,1,3,1,76,1,norm_cond,3,9
Davitashen,90000,monolit,0,1,2,1,80,1,good_cond,8,9
Davitashen,87000,panelayin,0,1,3,1,76,0,bad_cond,8,9
Davitashen,109000,monolit,1,1,3,1,117,1,norm_cond,13,13
Davitashen,73000,panelayin,0,1,4,1,93,1,norm_cond,9,9
Davitashen,70000,panelayin,0,1,3,1,78,1,good_cond,13,14
Davitashen,117000,monolit,1,1,3,1,107,1,good_cond,8,10
Davitashen,72000,monolit,1,1,2,1,66,1,good_cond,2,10
Davitashen,103000,panelayin,0,1,3,1,73,1,good_cond,1,9
Davitashen,68000,panelayin,0,1,3,1,74,1,bad_cond,8,9
Davitashen,62000,monolit,1,1,2,1,60,0,good_cond,10,11
Davitashen,70000,panelayin,0,0,3,1,180,0,norm_cond,2,3
Davitashen,70000,panelayin,0,1,3,1,82,0,good_cond,13,14
Davitashen,67000,panelayin,0,1,2,1,70,1,good_cond,14,16
Davitashen,73000,monolit,1,1,2,2,78,1,norm_cond,7,12
Davitashen,37000,panelayin,0,1,1,1,39,0,norm_cond,7,9
Davitashen,50000,panelayin,0,1,1,1,53,0,bad_cond,1,9
Davitashen,94000,panelayin,0,1,3,1,87,0,bad_cond,7,11
Davitashen,110000,qare,0,0,2,1,80,2,bad_cond,4,5
Davitashen,37000,panelayin,0,1,3,1,50,1,norm_cond,6,8
Davitashen,65000,monolit,1,0,2,1,60,0,norm_cond,2,4
Davitashen,75000,panelayin,0,1,3,1,94,1,norm_cond,6,9
Davitashen,81000,panelayin,1,1,3,1,74,1,good_cond,7,9
Davitashen,78000,panelayin,0,1,4,1,105,0,bad_cond,6,14
Davitashen,70000,panelayin,0,1,3,1,73,1,norm_cond,2,9
Davitashen,190000,monolit,1,1,4,2,114,1,good_cond,7,16
Davitashen,140000,monolit,1,1,3,2,74,0,good_cond,12,15
Davitashen,140000,monolit,1,1,3,2,74,0,good_cond,12,15
Davitashen,78000,monolit,1,1,2,1,59,1,norm_cond,6,14
Davitashen,175000,monolit,1,1,4,2,123,2,bad_cond,8,18
Davitashen,80000,panelayin,0,1,3,1,76,1,norm_cond,5,9
Davitashen,120000,qare,1,1,3,1,77,1,good_cond,7,11
Davitashen,63000,panelayin,0,1,3,2,81,0,norm_cond,12,14
Davitashen,61000,qare,0,1,3,1,62,0,bad_cond,1,14
Davitashen,72000,panelayin,0,1,2,1,64,1,norm_cond,9,14
Davitashen,77000,panelayin,0,1,3,1,96,0,norm_cond,8,9
Davitashen,185000,monolit,1,1,3,1,75,0,good_cond,8,18
Davitashen,50000,panelayin,0,1,1,1,70,0,norm_cond,13,16
Davitashen,65000,panelayin,0,1,2,1,80,0,norm_cond,3,9
Davitashen,57000,qare,0,1,2,1,58,0,norm_cond,1,9
Davitashen,80000,panelayin,0,1,3,1,75,0,good_cond,5,9
Davitashen,75000,qare,0,0,4,1,108,0,norm_cond,1,3
Davitashen,80000,panelayin,0,1,3,1,82,0,norm_cond,9,14
Davitashen,54000,qare,0,1,3,1,93,0,norm_cond,16,16
Davitashen,89000,panelayin,0,1,3,1,96,0,norm_cond,4,9
Davitashen,250000,monolit,1,1,4,1,114,0,good_cond,8,14
Davitashen,54000,panelayin,0,1,1,1,53,0,norm_cond,5,9
Davitashen,68000,panelayin,0,1,2,1,68,0,norm_cond,3,9
Davitashen,70000,panelayin,0,1,2,1,67,0,norm_cond,5,9
Davitashen,65000,monolit,0,1,2,1,50,0,good_cond,6,9
Davitashen,46000,panelayin,0,0,3,3,60,0,good_cond,1,5
Davitashen,130000,monolit,0,0,4,2,110,0,good_cond,4,4
Davitashen,57000,panelayin,0,1,2,1,70,0,norm_cond,12,16
Davitashen,125000,monolit,0,1,2,2,111,0,good_cond,13,16
Davitashen,68000,qare,0,1,3,1,75,0,bad_cond,8,9
Davitashen,73000,panelayin,0,1,3,1,80,0,bad_cond,1,9
Davitashen,30000,qare,0,0,3,1,60,0,bad_cond,3,3
Davitashen,42000,panelayin,0,1,1,3,20,0,norm_cond,1,9
Davitashen,93000,panelayin,0,1,4,1,111,0,norm_cond,14,16
Davitashen,110000,monolit,0,1,3,1,78,0,bad_cond,4,11
Davitashen,89000,panelayin,0,1,3,1,74,0,bad_cond,6,9
Davitashen,77000,panelayin,0,1,3,1,86,0,bad_cond,8,10
Davitashen,120000,monolit,0,1,3,1,64,0,bad_cond,6,7
Davitashen,85000,panelayin,0,1,3,1,100,0,bad_cond,9,11
Davitashen,72000,panelayin,0,1,3,1,80,0,bad_cond,14,14
Davitashen,90000,monolit,0,1,2,1,48,0,bad_cond,12,16
Davitashen,80000,panelayin,0,1,3,1,97,0,bad_cond,7,9
Davitashen,75000,panelayin,0,1,3,1,75,0,norm_cond,3,9
Davitashen,58000,qare,0,0,3,1,73,0,bad_cond,3,5
Davitashen,100000,panelayin,0,1,4,1,110,0,bad_cond,5,14
Davitashen,67500,panelayin,0,1,3,1,80,0,bad_cond,13,14
Davitashen,50000,panelayin,0,1,2,1,50,0,bad_cond,12,14
Davitashen,100000,panelayin,0,1,3,1,94,0,bad_cond,3,9
Davitashen,82000,panelayin,0,1,3,1,75,0,bad_cond,3,9
Davitashen,72000,panelayin,0,1,3,1,79,0,bad_cond,14,14
Davitashen,90000,monolit,0,1,3,1,90,0,bad_cond,3,7
Davitashen,154000,monolit,0,1,4,1,125,0,bad_cond,2,11
Erebuni,42000,qare,0,0,2,1,55,1,bad_cond,3,5
Erebuni,65000,qare,0,0,2,1,58,0,good_cond,4,5
Erebuni,63000,qare,0,0,3,1,61,0,good_cond,5,5
Erebuni,45000,panelayin,0,1,2,1,61,1,bad_cond,7,9
Erebuni,30000,qare,0,0,1,1,31,1,bad_cond,3,4
Erebuni,63000,panelayin,0,1,4,1,90,1,norm_cond,6,9
Erebuni,75000,panelayin,0,1,3,1,80,1,good_cond,6,14
Erebuni,49000,qare,0,0,2,1,45,0,good_cond,1,5
Erebuni,62000,panelayin,0,1,4,2,82,1,good_cond,2,9
Erebuni,58000,panelayin,0,1,3,1,76,1,norm_cond,6,9
Erebuni,75000,qare,0,0,3,1,79,1,good_cond,2,5
Erebuni,35000,panelayin,1,1,3,2,60,0,norm_cond,5,9
Erebuni,56000,qare,0,1,3,1,73,0,bad_cond,7,9
Erebuni,24000,qare,0,0,1,1,31,1,bad_cond,3,5
Erebuni,63000,panelayin,0,1,4,1,84,1,norm_cond,1,9
Erebuni,62000,panelayin,0,1,3,1,77,1,good_cond,8,9
Erebuni,52500,panelayin,0,1,2,1,47,0,good_cond,6,9
Erebuni,53000,qare,1,0,3,1,124,1,good_cond,1,2
Erebuni,53000,qare,0,0,2,1,56,1,norm_cond,2,5
Erebuni,56000,monolit,0,0,2,1,50,1,good_cond,1,4
Erebuni,63000,qare,0,0,3,2,86,2,good_cond,2,5
Erebuni,63000,qare,0,0,3,2,86,2,good_cond,2,5
Erebuni,54000,panelayin,0,1,2,1,65,1,norm_cond,8,9
Erebuni,58000,panelayin,0,1,4,1,82,0,norm_cond,6,9
Erebuni,12500,qare,0,0,1,1,14,0,bad_cond,2,5
Erebuni,57000,qare,0,0,3,1,85,0,good_cond,3,5
Erebuni,60000,qare,0,0,2,1,70,1,good_cond,5,5
Erebuni,58000,qare,0,0,2,1,75,1,good_cond,3,5
Erebuni,40000,qare,0,0,1,1,40,1,norm_cond,5,5
Erebuni,39500,panelayin,0,0,3,1,80,0,norm_cond,2,2
Erebuni,30000,panelayin,0,1,1,1,44,1,norm_cond,8,9
Erebuni,55000,qare,0,0,3,1,87,1,norm_cond,1,5
Erebuni,13000,panelayin,0,1,1,1,18,0,norm_cond,3,8
Erebuni,67000,panelayin,0,1,4,1,100,2,norm_cond,6,16
Erebuni,50000,qare,0,0,2,1,65,2,good_cond,2,5
Erebuni,72000,panelayin,0,1,3,1,76,1,norm_cond,4,14
Erebuni,45000,panelayin,0,1,2,1,65,1,norm_cond,10,12
Erebuni,57000,panelayin,0,1,3,1,73,1,norm_cond,4,9
Erebuni,17900,panelayin,0,1,1,1,17,0,bad_cond,6,8
Erebuni,76000,qare,0,0,3,1,96,2,norm_cond,3,5
Erebuni,117000,qare,0,0,3,1,100,0,good_cond,5,5
Erebuni,75000,qare,0,0,3,1,63,1,good_cond,2,5
Erebuni,60000,qare,0,1,3,1,88,0,bad_cond,9,14
Erebuni,28000,qare,0,0,1,1,28,0,bad_cond,2,5
Erebuni,70000,qare,0,0,3,1,70,1,good_cond,3,5
Erebuni,67000,qare,0,0,4,3,92,1,norm_cond,5,5
Erebuni,62000,panelayin,0,1,4,1,80,0,bad_cond,1,9
Erebuni,82000,monolit,1,1,4,2,82,1,good_cond,6,12
Erebuni,31500,qare,0,0,2,1,44,1,good_cond,3,3
Erebuni,45000,qare,0,0,2,1,42,0,norm_cond,1,4
Erebuni,30000,panelayin,0,1,2,1,56,0,norm_cond,9,9
Erebuni,56000,panelayin,0,1,4,1,81,1,norm_cond,4,9
Erebuni,16000,panelayin,0,1,1,1,17,0,good_cond,5,8
Erebuni,65000,qare,0,0,4,2,156,1,good_cond,2,5
Erebuni,65000,panelayin,0,1,3,1,80,1,good_cond,6,9
Erebuni,82000,panelayin,0,1,3,1,95,1,norm_cond,6,10
Erebuni,51000,panelayin,0,1,2,1,64,0,good_cond,9,9
Erebuni,55000,qare,0,0,3,1,80,0,norm_cond,1,2
Erebuni,55000,qare,0,0,2,1,44,1,bad_cond,3,4
Erebuni,60000,panelayin,0,1,3,2,93,0,norm_cond,10,12
Erebuni,52000,panelayin,0,1,3,1,60,0,good_cond,7,9
Erebuni,38000,qare,0,0,2,1,46,0,norm_cond,1,5
Erebuni,60000,panelayin,0,1,2,1,63,1,good_cond,8,14
Erebuni,46000,qare,0,0,4,1,69,1,norm_cond,1,4
Erebuni,35000,qare,0,0,1,1,30,0,good_cond,2,4
Erebuni,75000,qare,0,0,5,2,84,2,good_cond,4,4
Erebuni,75000,qare,0,0,3,1,84,1,norm_cond,4,4
Erebuni,16000,qare,0,0,1,1,15,0,good_cond,4,4
Erebuni,60000,qare,0,0,2,1,71,0,bad_cond,5,5
Erebuni,60000,qare,0,0,3,1,66,1,good_cond,1,5
Erebuni,55000,qare,0,0,2,1,55,1,good_cond,4,5
Erebuni,58000,qare,0,1,3,1,62,0,good_cond,1,6
Erebuni,81000,qare,0,0,3,1,90,2,good_cond,2,5
Erebuni,70000,panelayin,0,1,3,1,80,1,good_cond,2,14
Erebuni,61000,panelayin,0,1,5,1,99,1,norm_cond,9,9
Erebuni,36500,panelayin,0,1,2,1,45,0,norm_cond,6,6
Erebuni,58000,panelayin,0,1,3,1,67,1,good_cond,9,9
Erebuni,55000,panelayin,0,1,4,1,82,0,bad_cond,6,9
Erebuni,15000,qare,0,0,1,1,18,0,bad_cond,1,5
Erebuni,58000,panelayin,0,1,3,1,64,0,good_cond,9,9
Erebuni,80000,panelayin,0,1,4,1,82,1,good_cond,7,9
Erebuni,53000,qare,0,0,2,1,80,1,norm_cond,4,4
Erebuni,130000,qare,0,0,3,3,109,1,good_cond,3,4
Erebuni,55000,panelayin,0,1,3,1,73,1,norm_cond,2,9
Erebuni,55000,qare,0,0,4,2,98,1,bad_cond,1,5
Erebuni,120000,monolit,1,0,2,1,74,0,good_cond,3,3
Erebuni,120000,qare,0,0,3,1,93,1,good_cond,4,4
Erebuni,45000,panelayin,0,1,2,1,64,1,bad_cond,6,14
Erebuni,40000,qare,0,0,4,1,150,0,bad_cond,1,2
Erebuni,65000,panelayin,0,1,4,1,90,1,good_cond,3,9
Erebuni,62000,qare,0,0,5,1,110,2,norm_cond,1,4
Erebuni,34000,qare,0,0,2,1,47,1,good_cond,2,5
Erebuni,70000,qare,0,0,3,1,70,1,good_cond,3,5
Erebuni,79000,panelayin,0,1,3,1,91,0,bad_cond,10,10
Erebuni,55000,qare,0,0,2,1,60,1,norm_cond,2,5
Erebuni,55000,qare,0,0,2,1,60,0,norm_cond,2,5
Erebuni,55000,panelayin,0,1,2,1,66,0,norm_cond,9,9
Erebuni,40000,qare,0,0,3,1,57,0,norm_cond,2,3
Erebuni,72000,qare,0,0,3,1,90,0,good_cond,3,3
Erebuni,50000,panelayin,0,1,3,1,67,1,good_cond,7,9
Erebuni,70000,panelayin,0,1,3,1,65,0,bad_cond,8,14
Erebuni,36000,panelayin,0,1,1,1,42,1,bad_cond,7,9
Erebuni,50000,panelayin,0,1,4,1,81,1,norm_cond,4,9
Erebuni,64000,panelayin,1,1,3,1,67,1,good_cond,1,9
Erebuni,70000,qare,0,0,3,1,70,1,good_cond,3,5
Erebuni,40000,qare,0,0,2,1,45,1,good_cond,2,2
Erebuni,90000,panelayin,0,1,3,1,93,0,good_cond,7,9
Erebuni,57000,monolit,0,0,3,1,80,1,norm_cond,5,5
Erebuni,70000,qare,0,0,3,1,70,1,good_cond,3,5
Erebuni,70000,panelayin,0,1,3,1,90,2,norm_cond,4,14
Erebuni,46000,panelayin,0,1,4,2,79,0,good_cond,6,9
Erebuni,39000,panelayin,0,1,3,1,60,0,good_cond,8,9
Erebuni,74000,qare,0,0,3,1,90,0,good_cond,5,5
Erebuni,65000,qare,0,0,5,2,106,0,bad_cond,1,4
Erebuni,50000,qare,1,0,2,2,60,1,norm_cond,1,1
Erebuni,25000,panelayin,0,1,1,1,18,0,norm_cond,1,8
Erebuni,50000,qare,0,0,1,1,42,1,good_cond,1,5
Erebuni,65000,qare,0,0,3,1,78,0,bad_cond,3,5
Erebuni,50000,panelayin,0,0,4,1,104,1,norm_cond,4,4
Erebuni,95000,panelayin,0,1,5,1,103,2,good_cond,2,9
Erebuni,60000,qare,0,0,3,1,65,1,good_cond,3,4
Erebuni,35000,panelayin,0,1,2,1,60,0,norm_cond,9,9
Erebuni,46000,qare,0,0,3,1,54,1,norm_cond,4,5
Erebuni,79000,qare,0,0,3,1,80,1,good_cond,1,5
Erebuni,81000,qare,0,0,3,1,90,2,good_cond,2,5
Erebuni,46000,qare,0,0,3,1,73,1,bad_cond,2,4
Erebuni,67000,panelayin,0,1,4,1,100,1,norm_cond,3,9
Erebuni,100000,qare,0,0,4,1,100,1,good_cond,2,5
Erebuni,43000,qare,0,0,1,1,48,1,norm_cond,5,5
Erebuni,36700,qare,0,1,2,1,60,1,norm_cond,7,9
Erebuni,58000,panelayin,0,1,3,1,75,1,norm_cond,7,9
Erebuni,80000,monolit,1,1,2,1,88,1,good_cond,5,12
Erebuni,65000,qare,0,0,4,1,96,0,bad_cond,2,5
Erebuni,45000,panelayin,0,1,2,1,45,0,good_cond,3,9
Erebuni,62000,panelayin,0,1,4,1,100,1,good_cond,7,9
Erebuni,55000,qare,1,0,2,1,50,1,good_cond,4,5
Erebuni,31000,qare,0,0,1,1,40,1,norm_cond,5,5
Erebuni,53000,qare,0,0,3,1,124,0,good_cond,1,2
Erebuni,59000,qare,0,0,3,1,72,0,good_cond,3,4
Erebuni,35000,panelayin,0,0,4,1,68,0,good_cond,1,4
Erebuni,30000,qare,0,0,1,1,25,0,norm_cond,2,5
Erebuni,60000,qare,0,0,2,1,57,1,good_cond,1,5
Erebuni,55000,qare,0,0,3,1,74,1,norm_cond,3,5
Erebuni,29000,qare,0,0,1,1,31,0,bad_cond,5,5
Erebuni,29500,qare,0,0,1,1,31,1,norm_cond,5,5
Erebuni,70000,qare,0,0,3,1,70,1,good_cond,3,5
Erebuni,32000,qare,0,0,3,1,48,0,bad_cond,5,5
Erebuni,81000,qare,0,0,3,1,90,2,good_cond,2,5
Erebuni,27500,qare,0,0,1,1,28,0,norm_cond,2,5
Erebuni,55000,qare,0,0,2,1,53,0,norm_cond,4,5
Erebuni,75000,qare,0,0,3,1,80,0,bad_cond,1,5
Erebuni,55000,qare,0,1,3,1,78,1,norm_cond,4,9
Erebuni,65000,qare,0,0,3,1,80,0,bad_cond,5,5
Erebuni,72000,qare,0,0,3,1,86,0,bad_cond,1,5
Erebuni,55000,panelayin,0,1,2,1,66,0,bad_cond,9,9
Erebuni,29000,qare,0,0,1,1,29,0,norm_cond,1,5
Erebuni,45000,qare,1,0,1,1,44,1,good_cond,4,5
Erebuni,63000,panelayin,1,1,3,1,77,1,norm_cond,3,14
Erebuni,140000,qare,0,0,6,2,160,1,good_cond,2,3
Erebuni,30000,qare,0,0,1,1,32,1,norm_cond,5,5
Erebuni,55000,panelayin,0,1,3,1,80,1,norm_cond,5,9
Erebuni,60000,qare,0,0,3,1,82,2,bad_cond,3,5
Erebuni,45000,panelayin,0,1,3,1,74,0,bad_cond,9,9
Erebuni,15000,panelayin,0,1,1,1,17,0,good_cond,5,8
Erebuni,67000,panelayin,0,1,3,1,61,1,good_cond,4,9
Erebuni,80000,panelayin,0,1,4,1,106,0,good_cond,2,12
Erebuni,85000,qare,0,0,4,1,130,2,norm_cond,4,4
Erebuni,75000,qare,0,0,3,1,78,1,norm_cond,3,5
Erebuni,76000,qare,0,0,3,1,74,0,norm_cond,5,5
Erebuni,56000,panelayin,0,1,3,1,77,1,norm_cond,12,14
Erebuni,62000,monolit,0,1,2,1,70,1,norm_cond,6,9
Erebuni,43000,qare,0,0,2,1,51,0,norm_cond,5,5
Erebuni,44000,qare,0,0,2,2,51,0,good_cond,5,5
Erebuni,55000,panelayin,0,1,4,1,80,1,bad_cond,4,9
Erebuni,52000,qare,0,0,3,1,78,1,good_cond,1,5
Erebuni,55000,panelayin,0,0,2,1,42,1,norm_cond,4,5
Erebuni,71000,panelayin,0,1,3,1,78,1,good_cond,8,9
Erebuni,74000,qare,0,0,3,1,78,1,good_cond,4,5
Erebuni,85000,qare,0,0,4,1,100,0,bad_cond,2,3
Erebuni,51000,panelayin,0,1,3,1,74,0,bad_cond,3,9
Erebuni,41000,qare,1,0,1,1,33,1,good_cond,1,5
Erebuni,68000,qare,0,0,3,1,80,0,norm_cond,5,5
Erebuni,67000,panelayin,0,1,4,1,80,0,norm_cond,5,9
Erebuni,37000,qare,0,0,1,1,32,1,good_cond,4,5
Erebuni,70000,panelayin,0,1,3,1,79,1,good_cond,7,9
Erebuni,34000,panelayin,0,1,1,1,43,1,bad_cond,3,9
Erebuni,60000,qare,0,0,3,1,80,0,norm_cond,1,2
Erebuni,75000,qare,0,0,3,1,57,0,good_cond,1,5
Erebuni,38000,qare,0,0,1,1,48,0,bad_cond,3,5
Erebuni,58000,qare,0,0,3,3,71,1,good_cond,5,5
Erebuni,60000,panelayin,0,1,3,1,74,1,norm_cond,9,9
Erebuni,56000,qare,0,0,2,1,67,0,norm_cond,4,5
Erebuni,55000,qare,0,0,2,1,58,0,bad_cond,2,5
Erebuni,12500,qare,0,0,1,1,14,0,bad_cond,2,5
Erebuni,77000,qare,1,0,3,1,82,1,good_cond,3,3
Erebuni,36000,qare,0,0,2,1,34,0,bad_cond,5,5
Erebuni,70000,panelayin,0,1,3,1,92,1,good_cond,7,9
Erebuni,60000,panelayin,0,1,4,1,83,2,good_cond,7,9
Erebuni,59500,qare,0,0,3,1,78,1,norm_cond,4,5
Erebuni,56000,panelayin,0,1,3,1,63,1,good_cond,2,9
Erebuni,65000,panelayin,1,1,4,1,90,0,good_cond,9,9
Erebuni,85000,panelayin,0,1,4,1,90,0,good_cond,6,9
Erebuni,52000,panelayin,0,1,3,1,73,1,norm_cond,6,9
Erebuni,58000,qare,0,0,4,2,102,2,bad_cond,5,5
Erebuni,38000,panelayin,0,0,3,1,60,0,norm_cond,3,4
Erebuni,52000,qare,0,0,2,1,58,1,norm_cond,2,5
Erebuni,38000,qare,0,0,3,1,64,1,good_cond,4,4
Erebuni,50000,panelayin,0,1,1,1,48,1,good_cond,9,9
Erebuni,43000,qare,0,0,4,1,126,0,bad_cond,2,2
Erebuni,70000,qare,0,0,3,1,65,0,bad_cond,4,4
Erebuni,56000,qare,0,0,1,1,50,1,good_cond,1,4
Erebuni,68000,monolit,0,1,1,2,52,1,norm_cond,3,12
Erebuni,65000,panelayin,0,1,3,1,91,0,bad_cond,8,9
Erebuni,56500,qare,0,0,2,2,72,1,good_cond,3,5
Erebuni,53000,panelayin,0,1,2,1,45,1,good_cond,5,9
Erebuni,68000,panelayin,0,1,3,1,80,1,good_cond,6,9
Erebuni,28000,qare,0,0,1,1,30,1,bad_cond,5,5
Erebuni,100000,qare,0,0,3,1,82,0,good_cond,2,5
Erebuni,65000,qare,0,0,3,1,79,1,norm_cond,2,5
Erebuni,46000,qare,0,0,4,1,69,1,norm_cond,1,4
Erebuni,37000,panelayin,0,1,1,1,41,1,norm_cond,8,9
Erebuni,48500,panelayin,0,1,3,1,75,0,good_cond,8,9
Erebuni,82000,qare,0,0,3,1,87,1,bad_cond,3,5
Erebuni,40000,qare,0,0,3,1,82,2,norm_cond,5,5
Erebuni,45000,qare,0,0,3,1,50,1,norm_cond,3,4
Erebuni,90000,panelayin,0,1,5,1,130,0,bad_cond,3,9
Erebuni,96000,qare,0,0,4,3,110,1,good_cond,2,4
Erebuni,60000,panelayin,0,1,4,1,86,1,good_cond,8,9
Erebuni,57000,panelayin,0,1,4,1,90,1,good_cond,1,9
Erebuni,57000,qare,0,0,4,1,65,0,bad_cond,1,3
Erebuni,65000,panelayin,0,1,3,1,73,0,norm_cond,5,9
Erebuni,58000,panelayin,0,1,2,1,59,1,good_cond,9,9
Erebuni,78000,qare,0,0,3,1,68,0,bad_cond,5,5
Erebuni,35000,panelayin,0,1,1,1,51,1,norm_cond,5,9
Erebuni,80000,qare,0,0,3,1,100,0,bad_cond,1,5
Erebuni,72000,qare,0,0,3,1,82,1,good_cond,2,5
Erebuni,75000,qare,0,0,3,1,55,0,good_cond,2,5
Erebuni,57000,panelayin,0,1,2,1,67,1,norm_cond,9,9
Erebuni,68000,panelayin,0,1,4,1,100,0,norm_cond,6,12
Erebuni,63000,qare,0,0,3,1,87,0,norm_cond,2,5
Erebuni,100000,qare,1,0,4,1,105,1,good_cond,4,5
Erebuni,100000,qare,1,0,4,1,100,1,good_cond,4,5
Erebuni,71000,panelayin,0,1,3,1,72,0,good_cond,6,9
Erebuni,78000,panelayin,0,1,3,2,95,1,good_cond,2,9
Erebuni,45000,panelayin,0,1,3,1,72,1,norm_cond,7,9
Erebuni,15000,qare,0,1,1,1,17,0,norm_cond,7,8
Erebuni,100000,kasetayin,0,1,3,1,76,0,good_cond,6,9
Erebuni,64000,monolit,0,1,2,1,68,2,good_cond,7,14
Erebuni,41000,panelayin,0,1,3,1,72,1,norm_cond,1,9
Erebuni,57000,panelayin,0,1,2,1,60,1,norm_cond,8,9
Erebuni,49000,panelayin,0,1,3,1,73,1,norm_cond,9,9
Erebuni,52000,panelayin,0,1,3,1,72,1,norm_cond,8,9
Erebuni,49000,panelayin,0,1,2,1,67,1,good_cond,7,9
Erebuni,48000,qare,0,0,2,3,70,1,good_cond,5,5
Erebuni,48000,qare,0,0,4,3,70,1,good_cond,5,5
Erebuni,48000,qare,0,0,2,3,70,1,good_cond,5,5
Erebuni,30000,qare,0,0,1,1,30,0,norm_cond,5,5
Erebuni,80000,panelayin,1,0,4,1,100,1,good_cond,5,5
Erebuni,40000,qare,0,1,1,1,41,1,bad_cond,3,9
Erebuni,35500,panelayin,0,1,1,1,45,1,norm_cond,5,9
Erebuni,72000,qare,0,0,3,1,76,0,bad_cond,2,3
Erebuni,38000,qare,0,0,2,1,46,0,norm_cond,1,5
Erebuni,72000,panelayin,0,1,3,1,93,2,norm_cond,4,9
Erebuni,35000,panelayin,0,1,1,1,41,1,norm_cond,4,9
Erebuni,60000,panelayin,0,1,2,1,38,1,good_cond,6,9
Erebuni,58000,qare,0,0,3,1,90,1,norm_cond,5,5
Erebuni,48000,qare,0,0,2,1,57,1,norm_cond,2,5
Erebuni,54000,qare,0,0,2,1,54,0,good_cond,5,5
Erebuni,65000,panelayin,0,1,3,2,80,1,good_cond,8,9
Erebuni,50000,qare,0,0,2,1,67,1,good_cond,1,5
Erebuni,35000,panelayin,0,1,1,1,52,1,norm_cond,5,9
Erebuni,63000,panelayin,0,1,3,2,77,1,good_cond,8,9
Erebuni,30000,monolit,0,1,2,2,50,1,norm_cond,2,14
Erebuni,36000,qare,0,0,1,1,35,1,norm_cond,4,5
Erebuni,45000,panelayin,0,1,1,1,54,1,norm_cond,7,9
Erebuni,55000,panelayin,0,1,3,1,73,1,norm_cond,6,9
Erebuni,80000,qare,0,0,4,1,125,0,bad_cond,1,1
Erebuni,90000,qare,0,0,3,1,110,0,bad_cond,3,3
Erebuni,49000,qare,0,0,2,1,45,0,good_cond,3,3
Erebuni,52000,qare,0,0,4,1,100,0,norm_cond,5,5
Erebuni,35000,monolit,0,1,2,1,42,1,good_cond,4,9
Erebuni,15000,qare,0,0,1,1,11,1,good_cond,2,4
Erebuni,68000,qare,0,0,4,1,80,0,good_cond,1,5
Erebuni,40000,qare,0,0,2,1,64,1,norm_cond,2,5
Erebuni,50000,qare,1,0,1,1,35,1,good_cond,5,5
Erebuni,60000,qare,0,0,3,1,65,1,good_cond,3,4
Erebuni,39000,panelayin,0,1,2,1,44,1,good_cond,6,9
Erebuni,55000,qare,0,0,3,1,74,2,bad_cond,5,5
Erebuni,63000,panelayin,0,1,4,3,90,1,good_cond,3,14
Erebuni,27500,qare,0,0,1,1,28,0,norm_cond,2,5
Erebuni,66000,qare,0,0,4,1,107,1,norm_cond,3,4
Erebuni,38000,panelayin,0,1,1,1,43,0,good_cond,8,9
Erebuni,92000,qare,0,0,4,1,106,0,bad_cond,3,5
Erebuni,28000,qare,0,0,2,1,33,0,good_cond,1,2
Erebuni,65000,panelayin,1,1,3,1,72,0,good_cond,7,9
Erebuni,47000,qare,0,0,2,1,67,0,good_cond,3,5
Erebuni,35000,qare,0,0,3,1,50,0,bad_cond,5,5
Erebuni,38000,qare,1,0,1,2,38,0,norm_cond,2,4
Erebuni,55000,panelayin,0,1,3,1,90,0,bad_cond,9,9
Erebuni,39000,qare,0,0,1,1,46,0,bad_cond,4,4
Erebuni,70000,panelayin,0,1,4,1,105,0,good_cond,13,14
Erebuni,40000,qare,0,0,2,1,44,0,bad_cond,5,5
Erebuni,40000,qare,0,0,2,1,44,0,bad_cond,5,5
Erebuni,38000,panelayin,0,1,2,1,60,0,norm_cond,9,9
Erebuni,18000,panelayin,0,1,1,1,17,0,norm_cond,3,9
Erebuni,70000,qare,0,0,4,1,74,0,good_cond,3,5
Erebuni,35000,qare,0,0,3,2,67,0,norm_cond,2,5
Erebuni,36000,qare,0,0,2,1,35,0,norm_cond,1,2
Erebuni,45000,qare,0,0,3,1,87,0,norm_cond,2,2
Erebuni,67000,qare,0,0,3,1,75,0,bad_cond,1,2
Erebuni,25000,panelayin,0,1,2,1,40,0,bad_cond,5,6
Erebuni,40000,qare,0,0,1,1,48,0,bad_cond,4,5
Erebuni,56000,qare,0,0,3,1,75,0,good_cond,1,5
Erebuni,35000,panelayin,0,0,3,1,60,0,good_cond,3,4
Erebuni,30000,qare,0,0,1,1,32,0,norm_cond,2,3
Erebuni,50000,panelayin,0,1,3,2,71,0,norm_cond,5,9
Erebuni,110000,panelayin,0,1,3,1,98,0,good_cond,5,9
Erebuni,60000,qare,0,0,4,1,98,0,good_cond,3,5
Erebuni,56000,qare,0,0,3,1,75,0,good_cond,1,5
Erebuni,85000,qare,0,0,3,1,130,0,bad_cond,5,5
Erebuni,55000,qare,0,0,3,1,140,0,good_cond,1,1
Erebuni,24000,panelayin,0,0,1,1,31,0,good_cond,1,5
Erebuni,33000,qare,0,0,3,1,79,0,norm_cond,5,5
Erebuni,55000,qare,0,0,4,1,93,0,norm_cond,2,5
Erebuni,60000,qare,0,1,3,2,70,0,bad_cond,8,9
Erebuni,58500,panelayin,0,1,3,1,83,0,bad_cond,5,9
Erebuni,26000,qare,0,0,2,1,32,0,good_cond,3,3
Erebuni,30000,qare,0,0,3,1,49,0,bad_cond,1,1
Erebuni,80000,qare,0,0,5,1,205,0,bad_cond,1,2
Erebuni,53000,qare,0,0,3,1,53,0,bad_cond,5,5
Erebuni,38000,panelayin,0,1,1,1,42,0,bad_cond,4,9
Erebuni,60000,qare,0,0,3,1,78,0,bad_cond,2,2
Erebuni,89000,qare,0,0,3,1,60,0,bad_cond,1,5
Erebuni,53000,panelayin,0,1,3,1,60,0,bad_cond,7,9
Erebuni,46000,panelayin,0,1,2,1,50,0,bad_cond,8,9
Erebuni,68000,panelayin,0,1,2,1,70,0,bad_cond,3,10
Erebuni,43999,qare,0,0,1,1,40,0,bad_cond,2,5
Erebuni,68000,panelayin,0,1,3,1,76,0,bad_cond,7,9
Erebuni,33000,panelayin,0,1,2,1,44,0,bad_cond,2,9
Erebuni,40000,qare,0,0,4,1,200,1,norm_cond,1,1
Erebuni,75000,panelayin,0,1,4,1,100,0,bad_cond,6,6
Erebuni,58000,qare,1,0,3,1,74,0,norm_cond,3,5
Erebuni,50000,panelayin,0,1,2,1,64,0,bad_cond,4,14
Erebuni,75000,panelayin,0,1,3,1,83,0,bad_cond,6,9
Erebuni,68000,panelayin,0,1,4,1,108,0,bad_cond,9,12
Erebuni,36500,qare,0,0,1,1,31,0,bad_cond,4,5
Erebuni,52000,panelayin,0,1,3,1,73,0,bad_cond,6,9
Erebuni,65000,qare,0,0,4,1,98,0,bad_cond,1,5
Erebuni,41000,qare,0,0,1,1,33,0,bad_cond,1,5
Erebuni,60000,panelayin,0,1,4,1,108,0,bad_cond,14,14
Erebuni,45000,panelayin,0,1,2,1,67,0,bad_cond,7,9
Erebuni,45000,qare,0,0,2,1,70,0,bad_cond,5,5
Erebuni,45000,qare,0,1,2,1,48,0,bad_cond,3,9
Erebuni,73000,panelayin,0,1,3,1,83,0,bad_cond,6,9
Erebuni,52000,qare,0,1,2,1,62,0,bad_cond,5,9
Erebuni,48000,panelayin,0,1,4,1,72,0,bad_cond,8,9
Erebuni,75000,panelayin,0,1,2,1,72,0,bad_cond,6,9
Erebuni,46000,qare,0,0,2,1,50,0,bad_cond,5,5
Erebuni,130000,qare,0,0,4,1,74,0,bad_cond,1,2
Erebuni,22000,qare,0,0,1,1,34,0,bad_cond,3,5
Erebuni,46000,monolit,0,0,2,1,48,0,bad_cond,5,5
Erebuni,85000,panelayin,0,1,3,1,86,0,bad_cond,6,14
Erebuni,70000,qare,0,0,3,1,78,0,bad_cond,5,5
Erebuni,50000,panelayin,0,1,2,1,64,0,bad_cond,4,14
Erebuni,73000,qare,0,0,2,1,72,0,bad_cond,1,2
Erebuni,60000,qare,0,0,1,1,40,0,bad_cond,2,5
Erebuni,33000,panelayin,0,1,1,1,43,0,bad_cond,6,9
Erebuni,65000,qare,0,0,3,1,58,0,bad_cond,3,3
Qanaqer Zeytun,71500,monolit,1,1,2,1,65,1,bad_cond,5,16
Qanaqer Zeytun,56500,panelayin,0,0,3,1,55,1,good_cond,4,4
Qanaqer Zeytun,75000,qare,0,0,3,1,63,1,good_cond,5,5
Qanaqer Zeytun,75000,qare,1,1,4,1,84,1,norm_cond,10,11
Qanaqer Zeytun,61000,panelayin,0,1,3,1,64,0,good_cond,9,9
Qanaqer Zeytun,83000,monolit,1,1,2,1,73,1,good_cond,15,15
Qanaqer Zeytun,67000,panelayin,0,1,3,1,78,0,good_cond,2,9
Qanaqer Zeytun,72000,qare,0,0,4,1,150,2,norm_cond,2,3
Qanaqer Zeytun,110000,panelayin,1,1,3,2,96,1,good_cond,6,9
Qanaqer Zeytun,39999,panelayin,0,0,1,1,30,1,good_cond,1,4
Qanaqer Zeytun,69600,monolit,1,1,2,1,58,1,good_cond,5,15
Qanaqer Zeytun,52000,panelayin,0,0,2,1,80,0,good_cond,2,5
Qanaqer Zeytun,70000,qare,0,0,4,1,81,1,good_cond,2,2
Qanaqer Zeytun,63000,panelayin,0,0,4,1,87,1,norm_cond,1,4
Qanaqer Zeytun,57000,panelayin,0,0,3,1,79,2,good_cond,3,4
Qanaqer Zeytun,80000,qare,0,0,3,1,120,1,norm_cond,1,5
Qanaqer Zeytun,110000,qare,0,1,3,1,84,0,bad_cond,1,6
Qanaqer Zeytun,55000,panelayin,0,0,2,1,58,0,good_cond,4,4
Qanaqer Zeytun,36000,qare,0,0,1,1,32,1,norm_cond,4,4
Qanaqer Zeytun,175000,monolit,1,1,4,2,146,2,good_cond,12,15
Qanaqer Zeytun,52000,panelayin,1,1,2,1,68,2,norm_cond,10,10
Qanaqer Zeytun,80000,panelayin,0,1,3,1,70,1,good_cond,4,9
Qanaqer Zeytun,150000,monolit,1,1,5,2,160,2,good_cond,5,6
Qanaqer Zeytun,72000,qare,0,0,3,2,87,1,good_cond,4,4
Qanaqer Zeytun,57000,panelayin,0,1,2,1,65,1,good_cond,9,9
Qanaqer Zeytun,58000,panelayin,0,0,2,1,64,2,good_cond,1,4
Qanaqer Zeytun,68500,qare,0,0,3,1,93,1,norm_cond,3,5
Qanaqer Zeytun,80000,qare,0,0,4,1,107,2,good_cond,5,5
Qanaqer Zeytun,65000,panelayin,0,1,5,2,96,2,good_cond,9,9
Qanaqer Zeytun,105000,panelayin,0,1,3,3,90,2,good_cond,1,9
Qanaqer Zeytun,42000,qare,0,0,3,1,65,0,norm_cond,1,1
Qanaqer Zeytun,75000,qare,1,0,2,2,66,1,bad_cond,4,5
Qanaqer Zeytun,85000,qare,1,0,3,3,88,1,bad_cond,5,5
Qanaqer Zeytun,72000,qare,0,1,2,1,53,1,good_cond,1,11
Qanaqer Zeytun,40000,panelayin,1,1,1,1,41,1,norm_cond,8,10
Qanaqer Zeytun,27000,qare,0,0,2,1,54,0,norm_cond,1,4
Qanaqer Zeytun,54000,panelayin,0,0,3,1,60,1,good_cond,3,4
Qanaqer Zeytun,47000,panelayin,0,0,2,1,56,0,bad_cond,3,4
Qanaqer Zeytun,65000,panelayin,0,1,3,1,80,1,good_cond,8,9
Qanaqer Zeytun,59900,panelayin,0,1,4,1,93,1,norm_cond,7,9
Qanaqer Zeytun,109000,monolit,0,1,4,1,100,0,bad_cond,3,8
Qanaqer Zeytun,32000,panelayin,0,0,1,1,32,1,norm_cond,2,4
Qanaqer Zeytun,70000,qare,0,0,4,1,140,2,norm_cond,1,2
Qanaqer Zeytun,135000,monolit,0,1,4,1,120,0,good_cond,4,11
Qanaqer Zeytun,72000,panelayin,0,1,3,1,93,2,norm_cond,9,9
Qanaqer Zeytun,55000,monolit,1,1,4,1,83,0,norm_cond,13,16
Qanaqer Zeytun,52000,panelayin,0,1,3,1,78,1,good_cond,1,9
Qanaqer Zeytun,80000,monolit,1,1,2,1,68,1,bad_cond,10,18
Qanaqer Zeytun,33000,panelayin,1,0,1,1,33,2,norm_cond,4,4
Qanaqer Zeytun,21000,panelayin,0,1,1,1,18,0,good_cond,6,7
Qanaqer Zeytun,52000,monolit,0,1,3,1,79,2,norm_cond,4,16
Qanaqer Zeytun,80000,panelayin,0,0,4,1,87,1,good_cond,2,4
Qanaqer Zeytun,39000,panelayin,0,0,1,1,36,1,good_cond,1,4
Qanaqer Zeytun,95000,monolit,0,1,3,1,70,1,good_cond,8,9
Qanaqer Zeytun,55000,panelayin,0,1,2,1,65,0,bad_cond,9,16
Qanaqer Zeytun,70000,panelayin,1,1,3,1,80,0,good_cond,2,9
Qanaqer Zeytun,60000,qare,0,1,1,1,53,1,good_cond,3,7
Qanaqer Zeytun,46000,panelayin,0,0,3,1,65,1,norm_cond,4,4
Qanaqer Zeytun,55000,panelayin,0,1,3,2,80,1,norm_cond,8,9
Qanaqer Zeytun,68500,panelayin,0,1,3,1,79,2,good_cond,4,16
Qanaqer Zeytun,21000,qare,0,0,1,1,28,0,norm_cond,1,2
Qanaqer Zeytun,38000,panelayin,0,0,2,1,37,0,good_cond,4,4
Qanaqer Zeytun,55000,qare,0,0,4,1,90,1,norm_cond,1,4
Qanaqer Zeytun,75000,qare,0,0,3,1,82,1,good_cond,1,4
Qanaqer Zeytun,55000,panelayin,0,0,3,1,68,1,good_cond,4,4
Qanaqer Zeytun,112000,panelayin,0,1,3,1,100,1,good_cond,8,9
Qanaqer Zeytun,42000,qare,0,0,3,1,91,0,norm_cond,1,5
Qanaqer Zeytun,85000,qare,0,0,3,1,78,1,good_cond,5,5
Qanaqer Zeytun,46000,qare,0,0,1,1,47,1,bad_cond,3,5
Qanaqer Zeytun,65000,panelayin,0,1,2,2,67,1,good_cond,9,9
Qanaqer Zeytun,100000,panelayin,0,1,3,1,90,2,good_cond,13,16
Qanaqer Zeytun,47000,panelayin,0,0,2,1,59,0,good_cond,1,4
Qanaqer Zeytun,170000,qare,0,0,5,2,140,2,good_cond,2,4
Qanaqer Zeytun,43000,qare,0,0,2,1,43,1,good_cond,3,5
Qanaqer Zeytun,80000,qare,0,0,4,1,100,1,good_cond,5,5
Qanaqer Zeytun,33000,qare,0,0,1,1,32,1,norm_cond,3,5
Qanaqer Zeytun,40000,panelayin,1,1,1,1,41,1,norm_cond,7,10
Qanaqer Zeytun,80000,panelayin,0,1,2,1,70,1,good_cond,2,9
Qanaqer Zeytun,65000,qare,0,0,3,2,76,2,bad_cond,3,5
Qanaqer Zeytun,80000,panelayin,0,1,3,1,90,0,bad_cond,12,13
Qanaqer Zeytun,46000,panelayin,0,1,1,1,46,0,bad_cond,11,11
Qanaqer Zeytun,57000,panelayin,0,1,1,1,62,0,good_cond,3,16
Qanaqer Zeytun,60000,panelayin,0,0,4,3,100,1,norm_cond,2,2
Qanaqer Zeytun,93000,panelayin,0,1,3,1,95,0,bad_cond,3,12
Qanaqer Zeytun,52000,panelayin,0,0,2,1,80,0,good_cond,2,5
Qanaqer Zeytun,47500,qare,0,0,2,1,57,1,norm_cond,4,4
Qanaqer Zeytun,85000,qare,0,1,3,1,80,1,good_cond,4,6
Qanaqer Zeytun,65500,qare,0,0,2,2,60,1,good_cond,2,5
Qanaqer Zeytun,110000,monolit,1,1,3,2,97,2,good_cond,2,14
Qanaqer Zeytun,75000,qare,0,0,3,1,64,0,good_cond,1,5
Qanaqer Zeytun,65000,qare,0,1,3,1,64,2,good_cond,7,7
Qanaqer Zeytun,60000,qare,0,0,5,1,96,1,good_cond,1,5
Qanaqer Zeytun,58500,panelayin,0,1,3,2,78,1,good_cond,4,9
Qanaqer Zeytun,33000,qare,0,0,2,1,39,0,good_cond,1,4
Qanaqer Zeytun,75000,panelayin,0,1,3,1,95,2,norm_cond,11,13
Qanaqer Zeytun,41000,panelayin,0,1,1,1,43,1,good_cond,6,9
Qanaqer Zeytun,28000,qare,0,0,1,1,35,0,norm_cond,5,5
Qanaqer Zeytun,105000,panelayin,0,1,3,1,95,0,good_cond,7,9
Qanaqer Zeytun,85000,monolit,0,1,3,1,76,2,good_cond,4,9
Qanaqer Zeytun,55000,monolit,0,1,3,1,67,1,good_cond,7,9
Qanaqer Zeytun,69000,panelayin,0,1,2,1,55,1,good_cond,7,13
Qanaqer Zeytun,69000,panelayin,0,1,2,1,55,1,good_cond,7,13
Qanaqer Zeytun,51000,qare,0,0,2,1,56,0,good_cond,3,4
Qanaqer Zeytun,80000,qare,0,0,3,1,80,1,good_cond,4,4
Qanaqer Zeytun,75000,panelayin,0,1,3,1,94,1,good_cond,15,16
Qanaqer Zeytun,33000,qare,0,0,2,1,39,0,good_cond,1,4
Qanaqer Zeytun,29900,panelayin,0,0,1,1,31,1,norm_cond,2,4
Qanaqer Zeytun,75000,monolit,0,1,5,1,90,0,bad_cond,5,16
Qanaqer Zeytun,58000,panelayin,0,1,4,1,92,1,good_cond,15,16
Qanaqer Zeytun,48000,panelayin,0,1,2,1,70,1,norm_cond,5,9
Qanaqer Zeytun,45000,qare,0,0,2,1,48,1,good_cond,4,5
Qanaqer Zeytun,65500,qare,0,0,2,2,60,1,good_cond,2,5
Qanaqer Zeytun,32000,panelayin,0,0,1,1,32,0,norm_cond,1,5
Qanaqer Zeytun,56000,qare,0,1,2,1,50,0,good_cond,4,7
Qanaqer Zeytun,55000,panelayin,0,0,3,1,73,0,bad_cond,2,4
Qanaqer Zeytun,43000,panelayin,0,1,3,2,68,2,norm_cond,5,9
Qanaqer Zeytun,70000,monolit,1,1,3,1,90,1,good_cond,1,11
Qanaqer Zeytun,55000,panelayin,0,1,3,1,80,1,norm_cond,3,9
Qanaqer Zeytun,51000,qare,0,0,1,1,48,0,good_cond,3,5
Qanaqer Zeytun,72000,panelayin,0,1,4,1,90,1,good_cond,1,9
Qanaqer Zeytun,65000,monolit,1,1,2,1,65,1,good_cond,2,11
Qanaqer Zeytun,62000,qare,0,1,3,3,69,1,good_cond,5,6
Qanaqer Zeytun,65000,panelayin,0,1,3,1,70,0,bad_cond,1,16
Qanaqer Zeytun,77000,panelayin,0,1,3,1,80,1,norm_cond,9,9
Qanaqer Zeytun,120000,qare,0,1,5,1,134,0,norm_cond,5,6
Qanaqer Zeytun,51000,kasetayin,0,0,3,1,77,1,norm_cond,3,4
Qanaqer Zeytun,52000,qare,0,1,2,1,60,0,bad_cond,2,7
Qanaqer Zeytun,89000,qare,0,0,4,1,120,1,good_cond,2,5
Qanaqer Zeytun,89000,panelayin,0,0,3,1,121,1,good_cond,2,4
Qanaqer Zeytun,65000,qare,0,0,3,2,78,1,norm_cond,2,5
Qanaqer Zeytun,114000,qare,1,0,3,3,100,1,bad_cond,4,5
Qanaqer Zeytun,105000,panelayin,0,1,5,2,153,2,good_cond,1,9
Qanaqer Zeytun,65000,panelayin,0,1,2,1,67,1,good_cond,9,9
Qanaqer Zeytun,75000,panelayin,0,0,2,1,54,1,good_cond,3,5
Qanaqer Zeytun,61500,qare,0,0,2,1,53,1,good_cond,5,5
Qanaqer Zeytun,91000,qare,0,0,4,1,97,2,good_cond,4,5
Qanaqer Zeytun,29000,panelayin,0,0,1,1,31,1,bad_cond,1,4
Qanaqer Zeytun,34000,panelayin,0,0,1,1,32,1,good_cond,2,4
Qanaqer Zeytun,85000,qare,0,0,4,1,110,2,norm_cond,3,5
Qanaqer Zeytun,73000,panelayin,0,1,3,1,72,1,good_cond,5,9
Qanaqer Zeytun,55000,panelayin,0,0,2,1,55,1,good_cond,4,4
Qanaqer Zeytun,55000,panelayin,0,0,2,1,55,1,good_cond,4,4
Qanaqer Zeytun,50000,panelayin,0,1,4,1,87,2,bad_cond,2,9
Qanaqer Zeytun,55000,panelayin,0,0,3,1,65,1,good_cond,4,4
Qanaqer Zeytun,49000,panelayin,0,1,2,1,60,1,good_cond,1,9
Qanaqer Zeytun,81000,monolit,1,1,2,2,67,1,bad_cond,8,18
Qanaqer Zeytun,32000,panelayin,0,0,1,1,32,1,norm_cond,2,4
Qanaqer Zeytun,77000,panelayin,0,1,3,3,80,1,good_cond,9,9
Qanaqer Zeytun,45000,panelayin,0,0,2,1,62,2,norm_cond,3,4
Qanaqer Zeytun,48000,panelayin,0,0,2,1,50,1,norm_cond,1,4
Qanaqer Zeytun,145000,monolit,1,0,3,2,160,1,good_cond,5,5
Qanaqer Zeytun,125000,qare,0,0,5,2,125,1,good_cond,4,5
Qanaqer Zeytun,33000,qare,0,0,2,1,48,0,good_cond,4,4
Qanaqer Zeytun,175000,monolit,1,1,4,2,145,1,good_cond,5,15
Qanaqer Zeytun,36000,qare,0,0,1,1,36,1,norm_cond,4,5
Qanaqer Zeytun,75000,panelayin,0,1,4,1,96,0,good_cond,8,9
Qanaqer Zeytun,110000,qare,0,0,4,1,116,1,good_cond,1,5
Qanaqer Zeytun,95000,panelayin,0,1,4,2,91,1,norm_cond,4,9
Qanaqer Zeytun,52000,panelayin,0,0,3,1,75,1,bad_cond,4,4
Qanaqer Zeytun,45000,qare,0,0,3,1,70,0,good_cond,1,5
Qanaqer Zeytun,135000,qare,0,1,3,1,93,1,good_cond,2,7
Qanaqer Zeytun,75000,monolit,1,1,2,1,50,1,good_cond,13,15
Qanaqer Zeytun,82000,qare,0,1,3,3,82,2,good_cond,5,6
Qanaqer Zeytun,70000,qare,0,0,2,2,65,1,bad_cond,4,4
Qanaqer Zeytun,70000,panelayin,0,1,3,1,90,0,bad_cond,2,16
Qanaqer Zeytun,50000,qare,0,0,1,1,40,1,norm_cond,3,5
Qanaqer Zeytun,63000,qare,0,0,4,1,75,2,norm_cond,2,2
Qanaqer Zeytun,34000,panelayin,0,0,1,1,33,1,good_cond,2,4
Qanaqer Zeytun,32000,panelayin,0,0,1,1,32,1,norm_cond,2,4
Qanaqer Zeytun,42500,panelayin,0,0,2,1,55,1,bad_cond,3,4
Qanaqer Zeytun,42500,panelayin,0,0,2,1,55,1,bad_cond,3,4
Qanaqer Zeytun,75000,panelayin,0,1,3,1,70,1,good_cond,3,9
Qanaqer Zeytun,58000,panelayin,0,1,3,1,76,1,bad_cond,8,9
Qanaqer Zeytun,89000,qare,1,1,2,1,77,1,good_cond,5,8
Qanaqer Zeytun,67000,panelayin,0,0,3,1,74,0,bad_cond,2,4
Qanaqer Zeytun,52000,panelayin,0,0,2,3,58,1,norm_cond,2,4
Qanaqer Zeytun,57000,panelayin,0,1,2,1,68,1,norm_cond,2,9
Qanaqer Zeytun,58000,panelayin,1,0,3,1,66,1,good_cond,3,4
Qanaqer Zeytun,65500,qare,0,0,2,2,60,1,good_cond,2,5
Qanaqer Zeytun,75000,panelayin,0,0,3,1,73,1,norm_cond,2,5
Qanaqer Zeytun,51000,qare,0,0,3,1,47,1,good_cond,4,5
Qanaqer Zeytun,50000,qare,0,0,2,1,47,0,bad_cond,1,5
Qanaqer Zeytun,128000,panelayin,0,1,3,1,180,1,good_cond,9,9
Qanaqer Zeytun,123000,monolit,1,1,3,2,96,1,good_cond,14,15
Qanaqer Zeytun,130000,monolit,0,1,4,2,120,1,good_cond,8,9
Qanaqer Zeytun,80000,panelayin,0,1,3,1,98,1,norm_cond,16,16
Qanaqer Zeytun,73000,qare,0,0,4,1,93,1,good_cond,4,4
Qanaqer Zeytun,53000,panelayin,0,1,3,1,78,1,good_cond,12,16
Qanaqer Zeytun,67000,panelayin,0,1,3,1,65,1,good_cond,1,9
Qanaqer Zeytun,49000,panelayin,0,1,3,1,78,1,bad_cond,1,9
Qanaqer Zeytun,80000,qare,0,0,4,1,100,0,bad_cond,2,5
Qanaqer Zeytun,36000,qare,0,0,2,1,54,0,good_cond,1,5
Qanaqer Zeytun,91000,qare,0,0,4,1,97,2,good_cond,4,5
Qanaqer Zeytun,85000,panelayin,0,1,3,1,93,2,good_cond,9,9
Qanaqer Zeytun,75000,panelayin,0,1,4,1,78,1,norm_cond,1,9
Qanaqer Zeytun,76000,panelayin,0,1,3,2,78,1,good_cond,1,9
Qanaqer Zeytun,49000,panelayin,0,0,2,1,50,1,good_cond,4,4
Qanaqer Zeytun,52000,qare,0,0,2,1,55,0,good_cond,4,4
Qanaqer Zeytun,59000,qare,0,1,2,1,51,1,bad_cond,3,6
Qanaqer Zeytun,55000,qare,0,0,3,1,63,0,good_cond,1,5
Qanaqer Zeytun,62000,qare,0,1,3,1,69,1,good_cond,5,6
Qanaqer Zeytun,82000,qare,0,0,3,1,77,1,norm_cond,4,5
Qanaqer Zeytun,55000,panelayin,0,0,2,1,55,1,good_cond,4,4
Qanaqer Zeytun,55000,panelayin,0,0,2,1,55,1,good_cond,4,4
Qanaqer Zeytun,75000,qare,0,0,3,1,72,0,norm_cond,2,5
Qanaqer Zeytun,70000,qare,1,0,4,1,100,1,good_cond,2,2
Qanaqer Zeytun,35900,panelayin,0,1,1,1,54,1,good_cond,14,16
Qanaqer Zeytun,78000,monolit,0,1,4,1,116,0,bad_cond,6,6
Qanaqer Zeytun,82000,qare,1,1,2,1,55,0,good_cond,7,11
Qanaqer Zeytun,62000,panelayin,0,1,2,1,75,2,norm_cond,3,12
Qanaqer Zeytun,55000,panelayin,0,1,4,3,92,1,good_cond,15,16
Qanaqer Zeytun,16000,qare,0,1,1,1,17,0,norm_cond,2,7
Qanaqer Zeytun,90000,panelayin,0,1,4,1,110,0,norm_cond,1,9
Qanaqer Zeytun,91999,qare,0,0,3,1,73,2,good_cond,4,4
Qanaqer Zeytun,16000,qare,0,1,1,1,17,0,good_cond,2,6
Qanaqer Zeytun,60000,panelayin,0,1,3,1,78,1,norm_cond,2,9
Qanaqer Zeytun,61800,panelayin,0,1,3,1,77,1,good_cond,6,9
Qanaqer Zeytun,95000,panelayin,0,1,4,1,90,1,good_cond,5,9
Qanaqer Zeytun,69000,panelayin,0,1,2,1,57,1,good_cond,7,13
Qanaqer Zeytun,55000,panelayin,0,1,3,1,72,2,good_cond,9,9
Qanaqer Zeytun,52000,panelayin,0,1,4,1,86,1,norm_cond,3,9
Qanaqer Zeytun,43000,qare,0,0,2,1,43,0,good_cond,1,5
Qanaqer Zeytun,57000,qare,0,0,3,1,59,1,good_cond,2,4
Qanaqer Zeytun,90000,panelayin,0,1,4,1,90,1,good_cond,3,9
Qanaqer Zeytun,58000,panelayin,0,1,2,1,68,2,good_cond,9,16
Qanaqer Zeytun,76000,panelayin,0,1,2,2,72,1,norm_cond,8,9
Qanaqer Zeytun,42000,qare,0,0,1,1,48,1,bad_cond,3,5
Qanaqer Zeytun,32000,panelayin,0,1,2,1,67,1,bad_cond,16,16
Qanaqer Zeytun,86500,monolit,0,1,2,1,70,1,good_cond,3,15
Qanaqer Zeytun,73000,panelayin,0,1,2,1,51,1,good_cond,2,12
Qanaqer Zeytun,71000,panelayin,0,0,3,1,72,1,good_cond,1,4
Qanaqer Zeytun,59000,panelayin,0,1,3,1,63,1,good_cond,1,9
Qanaqer Zeytun,55000,panelayin,0,1,3,1,78,1,bad_cond,3,9
Qanaqer Zeytun,75000,qare,0,0,3,1,87,1,norm_cond,1,4
Qanaqer Zeytun,90000,qare,0,0,3,1,80,1,good_cond,4,4
Qanaqer Zeytun,55000,panelayin,0,0,3,1,71,1,norm_cond,3,4
Qanaqer Zeytun,89000,panelayin,0,1,3,1,74,1,good_cond,6,9
Qanaqer Zeytun,60000,qare,0,0,3,1,82,0,bad_cond,4,4
Qanaqer Zeytun,85000,qare,0,0,4,1,105,1,norm_cond,5,5
Qanaqer Zeytun,168000,monolit,0,1,4,1,127,0,bad_cond,11,15
Qanaqer Zeytun,42000,panelayin,1,1,2,3,68,1,good_cond,5,16
Qanaqer Zeytun,70000,qare,0,0,4,2,103,1,good_cond,4,5
Qanaqer Zeytun,45000,panelayin,1,1,2,1,49,1,good_cond,2,10
Qanaqer Zeytun,58000,panelayin,0,1,2,1,68,1,norm_cond,5,9
Qanaqer Zeytun,68000,panelayin,0,1,4,1,100,1,norm_cond,6,9
Qanaqer Zeytun,42000,qare,0,0,1,1,48,1,norm_cond,3,5
Qanaqer Zeytun,70000,panelayin,0,1,3,1,75,1,norm_cond,10,12
Qanaqer Zeytun,43000,panelayin,0,0,2,1,52,0,good_cond,4,4
Qanaqer Zeytun,39500,panelayin,0,0,2,1,36,0,good_cond,2,4
Qanaqer Zeytun,57000,panelayin,0,1,2,1,62,1,good_cond,3,16
Qanaqer Zeytun,120000,panelayin,0,1,3,1,73,1,good_cond,6,9
Qanaqer Zeytun,78000,panelayin,0,1,3,2,96,1,good_cond,3,9
Qanaqer Zeytun,78000,panelayin,0,1,3,2,96,1,good_cond,3,9
Qanaqer Zeytun,85000,panelayin,0,1,4,1,92,0,bad_cond,6,9
Qanaqer Zeytun,49500,panelayin,0,0,2,1,52,1,good_cond,1,4
Qanaqer Zeytun,61000,panelayin,0,0,2,2,60,1,good_cond,2,5
Qanaqer Zeytun,125000,panelayin,0,1,3,1,100,1,good_cond,6,12
Qanaqer Zeytun,46000,kasetayin,0,0,2,1,54,1,norm_cond,3,4
Qanaqer Zeytun,150000,monolit,1,1,3,1,90,1,good_cond,8,15
Qanaqer Zeytun,90000,monolit,1,1,2,1,70,1,good_cond,4,14
Qanaqer Zeytun,38000,panelayin,0,0,2,1,33,1,good_cond,4,5
Qanaqer Zeytun,80000,panelayin,0,1,2,1,70,1,good_cond,2,9
Qanaqer Zeytun,90000,qare,0,0,3,1,80,1,good_cond,5,5
Qanaqer Zeytun,125000,monolit,1,1,3,2,110,1,good_cond,3,15
Qanaqer Zeytun,42000,panelayin,0,1,2,1,55,1,good_cond,9,9
Qanaqer Zeytun,60000,qare,0,1,2,1,61,0,norm_cond,8,9
Qanaqer Zeytun,71000,panelayin,1,1,3,1,80,1,norm_cond,5,9
Qanaqer Zeytun,64000,panelayin,0,0,2,3,60,2,good_cond,2,4
Qanaqer Zeytun,75000,monolit,0,1,3,1,75,1,norm_cond,3,9
Qanaqer Zeytun,120000,qare,0,1,4,2,130,1,norm_cond,5,7
Qanaqer Zeytun,62000,qare,0,0,3,1,78,1,norm_cond,2,5
Qanaqer Zeytun,62000,qare,1,1,2,1,50,2,good_cond,5,9
Qanaqer Zeytun,105000,monolit,1,1,3,2,98,1,bad_cond,10,15
Qanaqer Zeytun,58000,panelayin,0,1,3,1,76,1,bad_cond,8,9
Qanaqer Zeytun,85000,panelayin,0,1,3,1,93,2,norm_cond,8,9
Qanaqer Zeytun,35000,qare,0,0,1,1,32,1,good_cond,5,5
Qanaqer Zeytun,58000,qare,0,0,3,1,75,1,norm_cond,4,5
Qanaqer Zeytun,65000,qare,0,0,3,1,72,1,norm_cond,3,5
Qanaqer Zeytun,89000,monolit,1,1,3,1,70,1,good_cond,6,14
Qanaqer Zeytun,68000,panelayin,0,1,3,1,92,0,bad_cond,7,13
Qanaqer Zeytun,39000,monolit,1,1,1,1,46,1,good_cond,3,10
Qanaqer Zeytun,75000,qare,0,0,3,1,65,0,good_cond,1,5
Qanaqer Zeytun,60000,qare,0,0,2,1,52,0,norm_cond,1,5
Qanaqer Zeytun,55000,panelayin,0,1,4,1,92,1,norm_cond,3,9
Qanaqer Zeytun,80000,qare,0,0,3,2,86,1,good_cond,2,2
Qanaqer Zeytun,42000,monolit,0,0,1,1,32,0,good_cond,1,3
Qanaqer Zeytun,45000,panelayin,0,1,2,1,40,0,good_cond,7,9
Qanaqer Zeytun,54000,panelayin,0,1,2,1,68,0,good_cond,4,9
Qanaqer Zeytun,110000,monolit,0,1,3,1,97,0,bad_cond,2,9
Qanaqer Zeytun,70000,panelayin,0,1,2,1,76,1,good_cond,2,9
Qanaqer Zeytun,60000,panelayin,0,0,3,1,80,1,norm_cond,4,4
Qanaqer Zeytun,123000,qare,0,0,4,2,119,1,good_cond,2,2
Qanaqer Zeytun,75000,qare,0,1,3,1,145,2,norm_cond,2,6
Qanaqer Zeytun,52000,panelayin,0,0,2,1,61,1,norm_cond,1,4
Qanaqer Zeytun,80000,monolit,0,1,3,1,85,1,good_cond,7,11
Qanaqer Zeytun,90000,monolit,1,1,2,1,70,1,good_cond,9,12
Qanaqer Zeytun,93000,qare,0,1,3,1,95,0,good_cond,4,7
Qanaqer Zeytun,65000,qare,0,0,2,1,56,0,bad_cond,2,4
Qanaqer Zeytun,127000,monolit,0,1,4,1,127,0,bad_cond,10,14
Qanaqer Zeytun,58000,kasetayin,0,0,2,1,50,1,good_cond,3,4
Qanaqer Zeytun,90000,panelayin,0,1,3,1,80,0,bad_cond,3,9
Qanaqer Zeytun,85000,qare,0,0,5,1,105,0,bad_cond,4,5
Qanaqer Zeytun,60000,panelayin,0,1,3,1,72,1,good_cond,9,9
Qanaqer Zeytun,60000,panelayin,0,1,3,1,80,1,good_cond,5,9
Qanaqer Zeytun,60000,panelayin,0,1,3,1,90,0,good_cond,9,9
Qanaqer Zeytun,85000,panelayin,0,1,3,2,93,2,norm_cond,8,9
Qanaqer Zeytun,56500,panelayin,0,1,4,1,100,2,norm_cond,7,9
Qanaqer Zeytun,60000,qare,0,0,2,1,59,0,bad_cond,5,5
Qanaqer Zeytun,62000,panelayin,0,0,3,1,73,1,norm_cond,4,4
Qanaqer Zeytun,36500,qare,0,0,2,1,48,0,norm_cond,3,4
Qanaqer Zeytun,65000,panelayin,0,1,3,1,80,1,good_cond,6,9
Qanaqer Zeytun,60000,panelayin,0,0,3,1,75,2,norm_cond,3,4
Qanaqer Zeytun,110000,panelayin,0,1,3,1,65,0,bad_cond,4,9
Qanaqer Zeytun,34000,panelayin,0,0,2,1,38,0,norm_cond,1,5
Qanaqer Zeytun,33000,panelayin,0,0,1,1,38,0,bad_cond,1,5
Qanaqer Zeytun,58000,qare,0,0,4,1,100,2,norm_cond,3,5
Qanaqer Zeytun,70000,qare,0,0,3,1,65,0,good_cond,1,5
Qanaqer Zeytun,125000,monolit,0,1,3,1,93,1,good_cond,9,9
Qanaqer Zeytun,62000,panelayin,1,1,3,1,86,2,good_cond,9,10
Qanaqer Zeytun,37000,qare,0,0,1,1,33,1,norm_cond,5,5
Qanaqer Zeytun,51000,panelayin,0,1,2,1,68,0,bad_cond,7,9
Qanaqer Zeytun,60000,qare,0,0,3,1,82,2,norm_cond,5,5
Qanaqer Zeytun,170000,qare,0,1,3,1,124,0,bad_cond,4,8
Qanaqer Zeytun,56000,qare,0,0,2,1,71,0,good_cond,1,5
Qanaqer Zeytun,67000,panelayin,0,1,3,1,70,0,good_cond,5,9
Qanaqer Zeytun,68000,panelayin,0,0,3,1,75,1,good_cond,4,4
Qanaqer Zeytun,51000,panelayin,0,1,3,1,81,1,bad_cond,6,16
Qanaqer Zeytun,58000,panelayin,0,0,3,1,74,0,bad_cond,3,5
Qanaqer Zeytun,185000,monolit,1,1,4,2,147,2,good_cond,12,15
Qanaqer Zeytun,65000,panelayin,0,1,3,1,75,0,bad_cond,7,9
Qanaqer Zeytun,60000,panelayin,0,1,2,1,65,1,good_cond,9,9
Qanaqer Zeytun,49000,panelayin,0,1,3,1,79,2,norm_cond,8,9
Qanaqer Zeytun,39500,qare,0,0,1,1,34,1,good_cond,3,4
Qanaqer Zeytun,39000,panelayin,0,0,2,1,36,0,good_cond,4,4
Qanaqer Zeytun,41000,panelayin,0,1,3,1,79,1,norm_cond,13,16
Qanaqer Zeytun,90000,qare,0,0,3,1,96,0,bad_cond,2,5
Qanaqer Zeytun,48000,qare,0,0,1,1,37,1,good_cond,3,5
Qanaqer Zeytun,39000,panelayin,0,1,1,1,40,1,norm_cond,9,9
Qanaqer Zeytun,48500,panelayin,0,1,2,1,73,1,norm_cond,2,9
Qanaqer Zeytun,122000,monolit,1,1,3,1,112,1,good_cond,8,13
Qanaqer Zeytun,55000,panelayin,0,1,3,1,73,2,bad_cond,1,9
Qanaqer Zeytun,95000,qare,0,0,5,1,121,1,norm_cond,3,5
Qanaqer Zeytun,110000,qare,0,1,3,2,98,0,good_cond,3,7
Qanaqer Zeytun,44000,qare,0,0,1,1,45,0,norm_cond,5,5
Qanaqer Zeytun,50000,qare,0,0,3,1,65,0,norm_cond,1,2
Qanaqer Zeytun,18000,qare,0,1,1,1,18,0,norm_cond,4,7
Qanaqer Zeytun,60000,panelayin,0,1,2,1,65,0,bad_cond,2,16
Qanaqer Zeytun,32000,qare,0,0,2,1,42,0,norm_cond,1,5
Qanaqer Zeytun,110000,monolit,1,1,3,1,84,1,good_cond,4,13
Qanaqer Zeytun,45000,panelayin,0,1,1,1,53,0,bad_cond,9,13
Qanaqer Zeytun,74000,qare,0,1,3,1,69,0,good_cond,7,7
Qanaqer Zeytun,56000,panelayin,0,0,2,1,54,0,norm_cond,1,5
Qanaqer Zeytun,85000,qare,0,0,4,1,103,0,bad_cond,2,5
Qanaqer Zeytun,73000,panelayin,0,1,2,1,67,0,good_cond,3,9
Qanaqer Zeytun,30000,panelayin,0,0,1,1,32,0,good_cond,4,4
Qanaqer Zeytun,55000,monolit,0,1,4,1,86,0,norm_cond,15,17
Qanaqer Zeytun,155000,monolit,1,1,3,2,98,0,good_cond,12,15
Qanaqer Zeytun,60000,qare,0,0,3,1,72,1,norm_cond,3,5
Qanaqer Zeytun,63000,panelayin,0,1,4,1,90,0,norm_cond,6,9
Qanaqer Zeytun,72000,qare,0,0,4,1,122,0,norm_cond,2,4
Qanaqer Zeytun,35000,panelayin,0,0,1,1,32,0,good_cond,2,4
Qanaqer Zeytun,63000,panelayin,0,1,3,1,76,0,good_cond,9,9
Qanaqer Zeytun,65000,qare,0,0,3,1,77,0,norm_cond,4,5
Qanaqer Zeytun,57400,panelayin,0,0,2,2,72,0,good_cond,3,5
Qanaqer Zeytun,27000,qare,0,0,3,1,77,0,bad_cond,1,2
Qanaqer Zeytun,50000,panelayin,1,1,2,1,50,0,good_cond,7,11
Qanaqer Zeytun,47000,qare,0,0,2,1,58,0,norm_cond,4,4
Qanaqer Zeytun,48000,panelayin,0,0,2,1,59,0,bad_cond,4,4
Qanaqer Zeytun,70000,qare,0,1,2,1,68,0,norm_cond,11,12
Qanaqer Zeytun,70000,qare,0,0,3,1,80,0,norm_cond,5,5
Qanaqer Zeytun,54000,panelayin,0,0,2,1,54,0,good_cond,3,5
Qanaqer Zeytun,113000,monolit,1,1,4,2,124,2,good_cond,3,8
Qanaqer Zeytun,85000,qare,0,1,3,2,92,0,norm_cond,3,6
Qanaqer Zeytun,35000,panelayin,0,0,1,1,33,0,norm_cond,2,5
Qanaqer Zeytun,70000,panelayin,0,1,4,1,100,0,norm_cond,9,9
Qanaqer Zeytun,39000,panelayin,0,1,2,1,37,0,bad_cond,9,9
Qanaqer Zeytun,61000,panelayin,0,1,3,1,74,0,bad_cond,7,13
Qanaqer Zeytun,123000,qare,1,1,6,2,154,0,good_cond,5,6
Qanaqer Zeytun,38000,kasetayin,0,0,2,1,36,0,good_cond,2,4
Qanaqer Zeytun,55000,panelayin,0,0,3,1,68,0,good_cond,4,4
Qanaqer Zeytun,75000,panelayin,0,1,3,1,84,0,bad_cond,10,14
Qanaqer Zeytun,67000,panelayin,0,1,3,2,73,0,good_cond,7,9
Qanaqer Zeytun,75000,panelayin,0,1,2,2,62,1,norm_cond,5,9
Qanaqer Zeytun,75000,qare,0,0,3,1,110,0,good_cond,2,5
Qanaqer Zeytun,70000,panelayin,0,0,3,1,80,0,good_cond,5,5
Qanaqer Zeytun,63000,panelayin,0,0,3,1,72,0,good_cond,2,4
Qanaqer Zeytun,45000,panelayin,0,0,3,1,59,0,norm_cond,2,4
Qanaqer Zeytun,47000,panelayin,0,1,2,1,55,0,good_cond,9,9
Qanaqer Zeytun,26000,panelayin,0,0,1,1,32,1,bad_cond,4,4
Qanaqer Zeytun,55000,panelayin,0,0,3,1,76,0,good_cond,5,5
Qanaqer Zeytun,50000,panelayin,0,1,4,1,87,0,bad_cond,2,9
Qanaqer Zeytun,60000,panelayin,0,1,2,1,50,0,good_cond,9,12
Qanaqer Zeytun,55000,panelayin,0,1,1,1,46,0,norm_cond,9,9
Qanaqer Zeytun,35000,panelayin,0,1,2,1,67,0,bad_cond,16,16
Qanaqer Zeytun,29000,kasetayin,0,0,1,1,31,0,good_cond,1,4
Qanaqer Zeytun,70000,qare,0,0,3,1,90,0,good_cond,1,4
Qanaqer Zeytun,140000,qare,0,0,3,1,90,0,bad_cond,3,5
Qanaqer Zeytun,60000,panelayin,0,1,3,1,83,0,good_cond,12,16
Qanaqer Zeytun,53000,panelayin,0,0,2,2,60,0,good_cond,2,2
Qanaqer Zeytun,85000,panelayin,0,1,3,1,117,0,bad_cond,1,9
Qanaqer Zeytun,100000,qare,0,0,6,1,100,0,bad_cond,3,5
Qanaqer Zeytun,60000,panelayin,0,0,3,1,67,0,bad_cond,3,4
Qanaqer Zeytun,85000,qare,0,0,4,1,105,0,bad_cond,2,5
Qanaqer Zeytun,100000,panelayin,0,1,3,1,78,0,bad_cond,7,9
Qanaqer Zeytun,95000,qare,0,0,3,1,98,0,bad_cond,3,5
Qanaqer Zeytun,90000,qare,0,0,4,1,84,0,bad_cond,1,4
Qanaqer Zeytun,50000,qare,0,0,2,1,51,0,bad_cond,5,5
Qanaqer Zeytun,50000,qare,0,0,3,1,65,0,bad_cond,1,5
Qanaqer Zeytun,53000,panelayin,0,1,2,1,68,0,bad_cond,3,9
Qanaqer Zeytun,67000,panelayin,0,1,3,1,80,0,bad_cond,2,9
Qanaqer Zeytun,59000,panelayin,0,1,2,1,77,0,bad_cond,2,12
Qanaqer Zeytun,55000,qare,0,0,4,1,107,0,bad_cond,5,5
Qanaqer Zeytun,116000,qare,0,0,4,1,83,0,bad_cond,1,4
Qanaqer Zeytun,52000,qare,0,0,2,1,50,0,bad_cond,3,4
Qanaqer Zeytun,155000,monolit,0,1,3,1,90,0,bad_cond,7,8
Qanaqer Zeytun,65000,qare,0,0,3,1,105,0,norm_cond,3,5
Qanaqer Zeytun,35000,qare,0,0,1,1,31,0,bad_cond,2,4
Qanaqer Zeytun,75000,monolit,0,0,3,1,90,0,bad_cond,2,2
Qanaqer Zeytun,57000,qare,0,1,3,1,58,0,bad_cond,5,6
Qanaqer Zeytun,65000,panelayin,0,1,3,1,80,0,bad_cond,4,9
Qanaqer Zeytun,63000,panelayin,0,1,3,1,95,0,bad_cond,4,12
Qanaqer Zeytun,34000,panelayin,0,0,1,1,36,0,bad_cond,4,4
Qanaqer Zeytun,150000,monolit,0,1,3,1,90,0,bad_cond,7,8
Qanaqer Zeytun,80000,qare,0,0,4,1,131,0,bad_cond,4,4
Qanaqer Zeytun,65000,qare,0,0,5,1,106,0,bad_cond,1,5
Qanaqer Zeytun,50000,panelayin,0,0,2,1,50,0,bad_cond,1,4
Qanaqer Zeytun,68000,qare,0,0,4,1,90,0,bad_cond,1,1
Qanaqer Zeytun,49500,panelayin,0,1,2,1,54,0,bad_cond,3,12
Qanaqer Zeytun,85000,panelayin,0,1,3,1,63,0,bad_cond,5,9
Qanaqer Zeytun,72000,qare,0,0,3,1,92,0,bad_cond,3,5
Qanaqer Zeytun,60000,qare,0,0,4,1,100,0,bad_cond,3,5
Qanaqer Zeytun,56000,panelayin,0,0,3,1,73,0,bad_cond,4,4
Qanaqer Zeytun,62000,panelayin,0,0,3,1,82,0,bad_cond,4,4
Qanaqer Zeytun,67000,panelayin,0,1,4,1,104,0,bad_cond,2,9
Qanaqer Zeytun,85000,qare,0,0,3,1,110,0,bad_cond,1,5
Qanaqer Zeytun,58000,panelayin,0,0,2,1,60,0,bad_cond,3,4
Qanaqer Zeytun,50000,panelayin,0,1,2,1,70,0,bad_cond,8,9
Qanaqer Zeytun,70000,panelayin,0,1,3,1,96,0,bad_cond,9,9
Qanaqer Zeytun,70000,panelayin,0,1,4,1,92,0,bad_cond,3,9
Qanaqer Zeytun,75000,panelayin,0,1,3,1,69,0,bad_cond,7,9
Qanaqer Zeytun,55000,panelayin,0,1,4,1,83,0,bad_cond,9,9
Qanaqer Zeytun,80000,panelayin,0,1,4,1,105,0,bad_cond,2,9
Qanaqer Zeytun,75000,qare,0,0,4,1,107,0,bad_cond,4,5
Qanaqer Zeytun,45000,qare,0,0,3,1,79,0,bad_cond,1,5
Qanaqer Zeytun,69500,monolit,0,1,3,1,87,0,bad_cond,12,16
Qanaqer Zeytun,35500,qare,0,0,1,1,37,0,bad_cond,4,4
Qanaqer Zeytun,80000,qare,0,0,3,1,100,0,bad_cond,5,5
Qanaqer Zeytun,33000,qare,0,1,2,1,43,0,bad_cond,7,7
Qanaqer Zeytun,174150,monolit,0,1,4,1,129,0,bad_cond,9,12
Qanaqer Zeytun,58000,panelayin,0,1,4,1,96,0,bad_cond,10,16
Qanaqer Zeytun,73000,panelayin,0,0,2,1,60,0,bad_cond,1,4
Qanaqer Zeytun,55000,qare,0,0,2,1,48,0,bad_cond,4,4
Qanaqer Zeytun,89000,qare,0,0,3,1,110,0,bad_cond,2,5
Qanaqer Zeytun,52000,qare,0,0,3,1,72,0,bad_cond,1,4
Qanaqer Zeytun,53000,aghyuse,0,0,2,1,53,0,bad_cond,2,5
Qanaqer Zeytun,67000,panelayin,0,0,3,1,74,0,bad_cond,1,5
Qanaqer Zeytun,80000,qare,0,0,3,1,84,0,bad_cond,2,5
Qanaqer Zeytun,90000,qare,0,1,3,1,80,0,bad_cond,5,6
Qanaqer Zeytun,38000,qare,0,0,1,1,47,0,bad_cond,5,5
Qanaqer Zeytun,45000,panelayin,0,0,2,1,58,0,bad_cond,4,4
Qanaqer Zeytun,85000,qare,0,0,5,1,126,0,bad_cond,4,5
Qanaqer Zeytun,55000,panelayin,0,0,3,1,72,0,bad_cond,3,5
Qanaqer Zeytun,85000,monolit,0,1,2,1,70,0,bad_cond,7,15
Qanaqer Zeytun,67000,panelayin,0,1,3,1,75,0,bad_cond,6,12
Kentron,138000,qare,0,0,3,1,106,0,good_cond,1,4
Kentron,126000,qare,1,0,3,1,72,1,norm_cond,5,5
Kentron,53000,qare,0,0,3,1,73,1,norm_cond,1,5
Kentron,143000,monolit,1,1,4,2,117,2,good_cond,12,14
Kentron,144900,qare,0,0,4,1,120,1,bad_cond,5,5
Kentron,36000,qare,0,0,2,1,44,1,bad_cond,2,2
Kentron,150000,qare,0,0,5,1,118,2,norm_cond,5,5
Kentron,68000,qare,0,0,4,1,105,0,bad_cond,4,4
Kentron,160000,qare,0,0,3,1,95,0,good_cond,3,5
Kentron,120000,qare,0,0,5,1,115,0,bad_cond,1,4
Kentron,240000,monolit,1,1,3,2,88,0,good_cond,9,21
Kentron,185000,qare,0,0,4,1,100,2,good_cond,5,5
Kentron,56000,panelayin,0,1,1,1,44,1,norm_cond,5,9
Kentron,56000,panelayin,0,1,2,1,44,1,norm_cond,5,9
Kentron,138000,panelayin,0,1,3,1,82,0,bad_cond,2,9
Kentron,68500,monolit,1,1,2,1,54,1,good_cond,14,14
Kentron,60000,panelayin,0,1,1,1,49,1,norm_cond,1,9
Kentron,112000,monolit,1,1,2,2,68,2,bad_cond,9,16
Kentron,275000,qare,0,0,3,1,110,2,good_cond,2,3
Kentron,120000,monolit,0,1,3,2,70,1,good_cond,8,10
Kentron,299000,qare,1,0,5,2,165,1,good_cond,3,5
Kentron,153000,qare,0,0,3,1,90,0,bad_cond,4,4
Kentron,65000,qare,0,1,1,1,50,1,norm_cond,6,7
Kentron,138000,monolit,0,1,3,3,125,0,good_cond,1,9
Kentron,150000,monolit,0,1,1,1,48,1,good_cond,7,9
Kentron,87000,qare,0,1,3,1,82,0,bad_cond,5,6
Kentron,250000,monolit,1,1,3,1,80,1,good_cond,6,18
Kentron,55000,monolit,1,1,1,1,37,1,good_cond,12,14
Kentron,65500,qare,0,0,2,1,58,1,norm_cond,1,5
Kentron,260000,qare,0,0,4,2,180,1,good_cond,3,3
Kentron,88000,panelayin,0,1,2,2,43,0,good_cond,2,8
Kentron,110000,qare,1,1,4,2,147,1,bad_cond,3,7
Kentron,280000,monolit,1,1,3,3,150,0,good_cond,4,10
Kentron,158000,monolit,1,1,1,1,43,1,good_cond,12,18
Kentron,159000,monolit,1,1,1,1,41,1,good_cond,11,17
Kentron,255000,monolit,1,1,4,2,102,1,good_cond,7,9
Kentron,114500,monolit,0,1,2,1,64,0,bad_cond,2,15
Kentron,100000,qare,0,0,4,1,103,2,bad_cond,5,5
Kentron,92000,monolit,1,0,2,1,57,0,good_cond,1,5
Kentron,149000,qare,0,0,3,1,90,1,good_cond,3,4
Kentron,58000,monolit,1,1,1,1,36,1,good_cond,5,14
Kentron,165000,qare,0,0,4,2,90,2,good_cond,4,4
Kentron,135000,qare,0,0,3,1,80,0,good_cond,5,5
Kentron,120000,qare,1,0,3,3,92,1,good_cond,5,5
Kentron,75000,panelayin,0,1,2,1,74,1,good_cond,14,16
Kentron,160000,qare,0,1,3,1,70,1,good_cond,2,6
Kentron,81000,panelayin,0,1,1,1,40,1,good_cond,6,10
Kentron,140000,qare,0,0,3,2,125,1,norm_cond,1,5
Kentron,179000,qare,0,0,3,1,80,0,good_cond,2,4
Kentron,240000,qare,0,0,3,1,75,0,good_cond,3,5
Kentron,270000,qare,1,0,5,2,151,1,good_cond,1,3
Kentron,250000,qare,0,0,3,1,95,0,bad_cond,4,4
Kentron,70000,qare,0,0,3,1,78,0,bad_cond,3,5
Kentron,135000,qare,0,1,3,1,94,1,norm_cond,4,6
Kentron,41000,panelayin,0,1,2,1,60,1,good_cond,2,9
Kentron,110000,monolit,0,1,1,1,31,0,bad_cond,4,12
Kentron,67000,qare,0,0,2,1,44,1,norm_cond,4,4
Kentron,125000,panelayin,0,1,3,1,64,0,bad_cond,7,9
Kentron,120000,qare,0,0,3,1,75,1,norm_cond,2,5
Kentron,93000,qare,0,0,3,1,65,1,good_cond,4,4
Kentron,145000,monolit,1,0,3,2,130,1,good_cond,3,5
Kentron,110000,monolit,0,1,2,1,60,1,good_cond,4,9
Kentron,45000,qare,0,0,1,1,30,0,norm_cond,2,4
Kentron,145000,monolit,1,1,2,1,65,1,good_cond,9,14
Kentron,76000,qare,0,0,2,2,41,1,good_cond,4,4
Kentron,75000,monolit,0,1,2,1,44,1,bad_cond,3,10
Kentron,105000,monolit,1,1,3,1,80,1,good_cond,5,16
Kentron,82000,panelayin,0,1,3,1,96,0,bad_cond,5,12
Kentron,89000,qare,0,0,3,2,70,0,good_cond,2,4
Kentron,190000,qare,0,0,4,2,133,1,good_cond,2,5
Kentron,135000,monolit,1,0,3,1,60,1,good_cond,5,5
Kentron,135000,monolit,1,0,3,1,55,1,good_cond,5,5
Kentron,120000,panelayin,0,1,3,1,87,0,bad_cond,1,9
Kentron,57000,qare,0,0,4,1,88,2,norm_cond,5,5
Kentron,155000,qare,0,0,2,1,50,1,good_cond,1,5
Kentron,105000,panelayin,0,1,3,1,84,1,good_cond,13,16
Kentron,105000,panelayin,0,1,3,1,85,1,good_cond,13,17
Kentron,138000,qare,0,0,3,1,100,1,good_cond,3,5
Kentron,90000,qare,0,0,3,3,100,0,norm_cond,1,4
Kentron,148000,qare,1,0,3,2,138,2,good_cond,3,5
Kentron,95000,panelayin,0,1,2,1,43,0,good_cond,2,10
Kentron,79000,qare,0,0,3,1,103,1,norm_cond,3,5
Kentron,180000,qare,0,0,3,2,80,2,norm_cond,2,4
Kentron,60000,panelayin,0,1,1,1,40,0,good_cond,11,14
Kentron,198000,monolit,1,1,3,2,123,1,good_cond,8,14
Kentron,118000,qare,0,1,3,1,73,2,good_cond,6,6
Kentron,79900,panelayin,0,1,3,1,66,1,bad_cond,6,9
Kentron,130000,monolit,0,1,2,1,65,0,bad_cond,7,9
Kentron,75000,qare,0,1,2,1,40,0,good_cond,5,6
Kentron,74000,panelayin,0,1,2,1,61,0,good_cond,2,9
Kentron,78000,panelayin,0,1,4,1,110,1,good_cond,1,12
Kentron,120000,qare,0,0,3,1,70,1,good_cond,2,5
Kentron,74900,monolit,1,1,2,1,52,0,good_cond,2,14
Kentron,245000,qare,0,0,3,1,95,2,good_cond,3,4
Kentron,155000,qare,0,0,3,1,105,0,bad_cond,4,4
Kentron,82000,monolit,0,1,3,1,48,0,good_cond,7,10
Kentron,68000,qare,0,0,1,1,35,1,good_cond,2,5
Kentron,50000,qare,0,0,2,2,49,1,norm_cond,2,4
Kentron,140000,qare,0,0,3,1,100,2,norm_cond,3,3
Kentron,200000,qare,0,0,3,1,85,1,bad_cond,1,5
Kentron,145000,monolit,0,1,3,1,104,0,bad_cond,9,14
Kentron,170000,qare,0,0,2,1,36,1,good_cond,5,5
Kentron,75000,monolit,0,1,2,1,44,1,good_cond,4,9
Kentron,150000,monolit,1,1,4,1,264,2,bad_cond,6,6
Kentron,110000,monolit,0,1,3,1,61,0,bad_cond,3,9
Kentron,67500,panelayin,0,1,1,1,45,0,norm_cond,1,9
Kentron,78000,qare,0,0,2,2,65,2,good_cond,4,5
Kentron,140000,qare,0,0,3,1,105,0,bad_cond,5,5
Kentron,67000,monolit,0,1,2,1,45,0,bad_cond,13,14
Kentron,85000,monolit,0,1,2,1,50,0,bad_cond,4,14
Kentron,200000,qare,0,0,3,1,137,1,good_cond,4,4
Kentron,123000,monolit,1,1,2,1,58,0,good_cond,2,6
Kentron,77000,panelayin,0,1,3,1,70,1,good_cond,9,9
Kentron,87000,monolit,0,1,3,1,94,1,norm_cond,4,8
Kentron,79000,qare,0,1,2,1,52,1,good_cond,4,6
Kentron,150000,qare,0,0,2,1,70,0,norm_cond,2,5
Kentron,195000,panelayin,0,1,3,3,94,1,good_cond,3,10
Kentron,65000,qare,0,1,3,1,68,0,good_cond,1,14
Kentron,90000,panelayin,1,1,3,1,73,2,good_cond,7,9
Kentron,39000,panelayin,0,1,1,1,45,1,norm_cond,7,9
Kentron,120000,qare,0,1,3,1,93,1,good_cond,4,11
Kentron,45000,panelayin,0,1,2,1,43,1,good_cond,13,14
Kentron,45000,panelayin,0,1,2,1,49,1,bad_cond,13,16
Kentron,60000,monolit,1,1,2,1,50,1,good_cond,12,13
Kentron,130000,monolit,0,1,2,1,103,1,norm_cond,3,8
Kentron,63000,qare,1,0,2,1,62,1,good_cond,1,3
Kentron,93000,qare,1,0,3,1,82,1,good_cond,1,3
Kentron,51500,panelayin,0,1,3,1,76,1,good_cond,7,9
Kentron,200000,monolit,1,1,2,1,63,1,good_cond,6,17
Kentron,75000,panelayin,0,1,3,1,65,0,bad_cond,1,9
Kentron,210000,qare,0,0,5,1,120,1,good_cond,3,5
Kentron,78000,qare,0,0,1,1,43,0,bad_cond,1,5
Kentron,55000,qare,0,0,2,1,63,0,bad_cond,1,5
Kentron,130000,qare,0,1,3,1,107,0,bad_cond,7,16
Kentron,124200,monolit,1,1,3,2,108,1,bad_cond,7,12
Kentron,59000,qare,0,0,4,2,124,0,bad_cond,5,5
Kentron,123000,qare,0,0,4,2,100,2,bad_cond,3,3
Kentron,88000,qare,0,0,3,1,76,0,norm_cond,2,4
Kentron,120000,monolit,1,1,3,2,80,1,bad_cond,5,13
Kentron,155000,monolit,1,1,3,2,112,2,bad_cond,4,13
Kentron,90000,monolit,1,1,2,1,48,0,good_cond,6,13
Kentron,110000,panelayin,0,1,2,1,70,1,good_cond,10,10
Kentron,100000,monolit,0,1,3,1,80,2,good_cond,3,10
Kentron,133000,monolit,0,1,3,1,90,0,bad_cond,5,18
Kentron,130000,panelayin,0,1,3,1,80,1,good_cond,10,12
Kentron,135000,monolit,1,1,3,2,76,0,good_cond,9,15
Kentron,97000,panelayin,0,1,2,1,71,1,norm_cond,7,9
Kentron,180000,qare,0,1,3,1,100,2,norm_cond,1,6
Kentron,190000,monolit,1,1,3,2,134,2,good_cond,7,10
Kentron,110000,qare,0,1,2,1,52,0,good_cond,4,10
Kentron,88000,panelayin,0,1,4,2,91,1,good_cond,1,12
Kentron,150000,monolit,0,1,3,1,88,0,bad_cond,8,10
Kentron,85000,qare,0,0,3,1,70,1,good_cond,1,5
Kentron,51700,monolit,1,1,2,1,27,1,good_cond,6,6
Kentron,105000,panelayin,0,1,2,1,67,1,good_cond,4,9
Kentron,80000,monolit,0,1,2,1,53,0,bad_cond,6,14
Kentron,93000,qare,0,1,2,1,58,1,good_cond,5,9
Kentron,60000,qare,0,0,3,1,73,1,norm_cond,3,5
Kentron,128000,panelayin,0,1,3,1,90,1,norm_cond,7,9
Kentron,77000,qare,0,0,2,1,42,1,good_cond,5,5
Kentron,250000,qare,0,0,3,2,102,1,good_cond,2,3
Kentron,69000,qare,0,0,2,1,62,0,good_cond,4,5
Kentron,130000,monolit,1,1,2,1,46,1,good_cond,14,17
Kentron,95000,panelayin,0,1,1,1,56,0,good_cond,4,10
Kentron,205000,qare,0,0,2,1,107,1,good_cond,3,5
Kentron,74000,panelayin,0,1,1,1,45,1,good_cond,5,9
Kentron,33000,qare,0,0,1,1,27,0,norm_cond,3,4
Kentron,85000,panelayin,0,1,1,1,45,0,good_cond,10,11
Kentron,110000,panelayin,0,1,2,1,70,1,good_cond,10,10
Kentron,89000,qare,0,0,1,1,40,0,bad_cond,2,3
Kentron,165000,qare,0,0,3,2,75,1,good_cond,2,4
Kentron,75000,qare,1,0,3,1,65,1,good_cond,1,5
Kentron,220000,qare,0,0,3,1,96,0,bad_cond,3,5
Kentron,105000,panelayin,0,1,3,1,66,0,good_cond,8,8
Kentron,58000,panelayin,1,0,2,2,52,1,good_cond,5,5
Kentron,103000,qare,0,1,2,1,66,0,bad_cond,11,11
Kentron,120000,qare,0,1,3,1,105,1,bad_cond,6,6
Kentron,89000,qare,0,0,2,1,40,0,bad_cond,3,4
Kentron,130000,monolit,0,1,2,1,45,0,bad_cond,5,11
Kentron,265000,monolit,0,1,3,1,78,0,bad_cond,9,10
Kentron,195000,qare,0,0,3,1,82,0,bad_cond,2,5
Kentron,134000,panelayin,0,1,4,2,97,1,good_cond,6,12
Kentron,57000,qare,0,0,2,1,60,1,norm_cond,5,5
Kentron,110000,qare,0,0,2,1,65,1,good_cond,3,3
Kentron,130000,panelayin,0,1,3,1,100,0,bad_cond,5,9
Kentron,130000,panelayin,0,1,3,1,100,0,bad_cond,5,9
Kentron,135000,qare,0,0,2,1,70,0,good_cond,5,5
Kentron,88000,panelayin,0,1,3,1,75,1,good_cond,7,9
Kentron,110000,qare,0,1,3,1,81,0,good_cond,14,16
Kentron,200000,qare,0,0,5,1,75,0,good_cond,1,5
Kentron,168000,panelayin,0,1,3,1,75,1,good_cond,4,9
Kentron,199000,monolit,1,1,3,1,70,1,good_cond,7,10
Kentron,100000,qare,0,0,1,2,45,0,good_cond,3,5
Kentron,72000,panelayin,0,1,2,1,53,0,good_cond,5,13
Kentron,220000,qare,0,0,3,1,100,0,bad_cond,2,4
Kentron,125000,monolit,1,1,3,2,106,2,good_cond,14,14
Kentron,175000,panelayin,0,1,3,1,90,1,good_cond,7,9
Kentron,80000,qare,0,0,2,1,50,1,good_cond,3,3
Kentron,116000,monolit,0,1,2,1,51,0,norm_cond,3,11
Kentron,100000,qare,0,0,4,1,103,2,bad_cond,5,5
Kentron,85000,monolit,0,1,3,1,97,1,bad_cond,9,9
Kentron,65000,qare,0,0,3,1,86,1,norm_cond,2,2
Kentron,99000,panelayin,0,1,3,1,71,1,good_cond,8,10
Kentron,65000,qare,0,1,3,1,95,1,good_cond,1,9
Kentron,77000,qare,0,0,4,1,80,1,norm_cond,2,5
Kentron,250000,monolit,1,1,3,1,80,1,good_cond,6,10
Kentron,45000,panelayin,0,1,2,2,43,0,good_cond,13,14
Kentron,128000,panelayin,0,1,4,1,115,0,norm_cond,9,14
Kentron,160000,monolit,1,1,3,2,91,1,norm_cond,12,13
Kentron,120000,monolit,1,1,2,1,67,1,good_cond,8,10
Kentron,172000,qare,0,0,3,1,80,1,norm_cond,4,5
Kentron,89700,monolit,1,1,1,1,40,1,good_cond,5,7
Kentron,90000,monolit,1,1,1,1,39,1,good_cond,5,7
Kentron,157000,panelayin,0,1,4,1,121,2,good_cond,12,16
Kentron,102000,qare,0,1,2,1,44,0,bad_cond,1,7
Kentron,88000,panelayin,0,1,1,1,44,1,norm_cond,6,11
Kentron,85000,qare,0,0,2,1,71,1,good_cond,3,4
Kentron,85500,qare,0,0,1,1,41,1,bad_cond,5,5
Kentron,98000,qare,0,0,3,1,84,0,bad_cond,1,4
Kentron,83000,qare,0,0,2,1,48,0,bad_cond,2,5
Kentron,115000,qare,1,0,3,1,85,1,good_cond,2,4
Kentron,110000,qare,0,0,3,1,55,1,good_cond,1,3
Kentron,130000,panelayin,0,1,2,1,44,0,good_cond,5,11
Kentron,133000,panelayin,0,1,3,1,78,1,good_cond,5,9
Kentron,145000,monolit,0,1,3,1,104,0,bad_cond,9,14
Kentron,115000,qare,0,0,2,1,55,1,good_cond,3,5
Kentron,229000,qare,0,0,4,2,100,1,good_cond,1,3
Kentron,13000,qare,0,0,2,1,60,0,bad_cond,2,2
Kentron,86000,panelayin,0,1,4,1,102,0,bad_cond,8,16
Kentron,120000,qare,0,1,2,1,74,0,bad_cond,2,6
Kentron,235000,monolit,1,1,4,2,115,0,good_cond,2,9
Kentron,55000,panelayin,0,1,3,1,78,1,norm_cond,1,9
Kentron,60000,panelayin,0,1,1,1,51,0,bad_cond,8,9
Kentron,67000,qare,0,0,2,1,40,1,norm_cond,4,4
Kentron,72000,qare,0,0,2,1,38,0,good_cond,2,5
Kentron,80000,qare,0,0,2,1,50,1,good_cond,4,4
Kentron,200000,qare,1,0,6,2,250,1,good_cond,4,5
Kentron,130000,panelayin,0,1,4,1,100,0,bad_cond,13,14
Kentron,122000,qare,0,0,4,1,103,2,good_cond,3,3
Kentron,150000,panelayin,0,1,3,2,81,0,good_cond,3,13
Kentron,105000,qare,0,1,2,1,66,0,bad_cond,6,6
Kentron,80000,panelayin,0,1,2,1,44,0,good_cond,3,10
Kentron,130000,qare,0,1,3,1,96,1,norm_cond,5,6
Kentron,205000,monolit,1,1,2,1,50,1,good_cond,10,17
Kentron,110000,qare,0,0,3,1,98,0,bad_cond,4,4
Kentron,160000,qare,0,0,3,3,113,2,good_cond,5,5
Kentron,265000,monolit,1,1,4,2,111,1,good_cond,10,15
Kentron,170000,qare,0,0,3,1,88,1,good_cond,4,5
Kentron,95000,qare,0,1,3,3,70,1,good_cond,3,9
Kentron,180000,qare,0,0,3,1,66,0,bad_cond,3,4
Kentron,169000,qare,0,0,4,2,90,1,good_cond,4,4
Kentron,250000,qare,0,0,4,1,205,1,bad_cond,5,5
Kentron,140000,monolit,0,1,3,1,73,0,bad_cond,7,11
Kentron,77000,qare,0,0,2,1,68,1,bad_cond,3,4
Kentron,55000,panelayin,0,1,2,1,39,0,good_cond,12,14
Kentron,80000,monolit,0,1,2,1,72,1,good_cond,6,11
Kentron,130000,qare,0,0,2,1,60,0,bad_cond,4,5
Kentron,139000,panelayin,0,1,2,1,60,1,good_cond,5,9
Kentron,134000,panelayin,0,1,2,1,67,0,good_cond,3,9
Kentron,75000,qare,0,0,3,1,116,1,norm_cond,2,2
Kentron,72000,panelayin,0,1,2,1,50,0,good_cond,3,13
Kentron,144000,monolit,1,1,2,1,39,0,good_cond,5,18
Kentron,77000,panelayin,0,1,3,1,81,1,norm_cond,4,14
Kentron,240000,monolit,1,1,3,2,121,1,good_cond,3,14
Kentron,80000,panelayin,0,1,1,1,55,1,norm_cond,6,9
Kentron,127000,qare,0,0,3,1,86,0,bad_cond,5,5
Kentron,215000,qare,0,0,4,2,132,1,norm_cond,3,5
Kentron,110000,panelayin,0,1,1,1,70,1,good_cond,10,10
Kentron,61000,kasetayin,0,1,2,1,68,1,good_cond,9,9
Kentron,75000,panelayin,0,1,2,1,67,1,norm_cond,2,14
Kentron,95000,panelayin,0,1,3,1,85,1,good_cond,12,12
Kentron,120000,panelayin,0,1,3,1,60,1,good_cond,3,9
Kentron,147500,monolit,0,1,3,1,118,0,bad_cond,13,14
Kentron,55000,qare,0,1,2,1,43,1,norm_cond,5,6
Kentron,210000,monolit,0,1,3,1,86,0,bad_cond,5,13
Kentron,88000,monolit,1,1,2,1,65,0,good_cond,7,14
Kentron,75000,qare,0,1,3,1,45,0,good_cond,3,9
Kentron,100000,panelayin,0,1,1,1,42,1,good_cond,2,10
Kentron,72000,monolit,0,1,2,1,50,0,good_cond,3,14
Kentron,110000,panelayin,0,1,1,1,54,1,good_cond,10,10
Kentron,35000,qare,0,0,2,1,48,0,norm_cond,1,4
Kentron,90000,panelayin,0,1,3,3,88,1,good_cond,7,9
Kentron,85000,panelayin,0,1,2,1,64,1,good_cond,8,12
Kentron,100000,panelayin,0,1,3,1,87,2,good_cond,10,11
Kentron,150000,panelayin,0,1,3,1,90,1,good_cond,9,11
Kentron,85000,qare,1,1,2,2,44,1,good_cond,3,9
Kentron,135000,panelayin,0,1,3,1,88,0,good_cond,8,9
Kentron,72000,qare,0,0,2,1,70,1,bad_cond,3,5
Kentron,95000,panelayin,0,1,3,1,104,1,good_cond,1,16
Kentron,65000,panelayin,0,1,1,1,42,1,norm_cond,11,11
Kentron,87000,qare,0,0,2,1,45,0,good_cond,2,5
Kentron,28000,qare,0,0,1,1,28,0,norm_cond,2,5
Kentron,175000,monolit,1,1,2,2,86,1,good_cond,5,9
Kentron,123000,qare,0,1,3,1,100,0,bad_cond,5,6
Kentron,95000,qare,0,0,3,1,100,1,good_cond,5,5
Kentron,85000,qare,0,0,3,1,60,1,good_cond,4,5
Kentron,169000,qare,0,0,3,1,85,0,bad_cond,4,5
Kentron,34000,panelayin,0,1,1,1,43,1,norm_cond,3,9
Kentron,105000,panelayin,0,1,4,2,108,1,norm_cond,2,10
Kentron,180000,qare,0,0,3,2,98,1,good_cond,3,4
Kentron,117000,qare,0,1,3,1,73,0,good_cond,5,8
Kentron,150000,qare,0,0,3,1,138,0,bad_cond,2,4
Kentron,130000,panelayin,0,1,3,1,110,0,bad_cond,14,16
Kentron,80000,monolit,0,1,2,1,74,0,bad_cond,10,10
Kentron,77000,qare,0,0,2,1,30,1,good_cond,4,4
Kentron,72000,panelayin,0,1,2,1,75,0,bad_cond,8,10
Kentron,125000,panelayin,0,1,3,1,78,1,norm_cond,5,14
Kentron,147000,panelayin,1,1,3,2,77,1,good_cond,7,11
Kentron,147000,panelayin,0,1,3,2,77,1,good_cond,6,11
Kentron,122000,qare,0,0,2,1,53,0,bad_cond,4,4
Kentron,123000,qare,0,0,4,2,145,2,good_cond,5,5
Kentron,187000,monolit,1,1,3,2,100,1,good_cond,9,11
Kentron,149000,panelayin,1,1,3,2,77,1,good_cond,7,11
Kentron,187000,monolit,1,1,3,2,100,1,good_cond,9,11
Kentron,150000,panelayin,0,1,3,2,108,2,norm_cond,10,10
Kentron,138000,monolit,1,1,3,1,66,1,good_cond,8,10
Kentron,82000,monolit,1,1,2,1,55,1,bad_cond,2,15
Kentron,120000,panelayin,0,1,4,1,105,0,good_cond,4,16
Kentron,97000,panelayin,0,1,2,1,58,0,good_cond,3,10
Kentron,169000,qare,0,0,5,2,103,0,good_cond,1,1
Kentron,105000,monolit,1,1,3,1,73,2,good_cond,4,14
Kentron,93000,qare,0,0,3,1,65,1,good_cond,4,4
Kentron,75000,panelayin,0,1,2,1,67,1,norm_cond,2,14
Kentron,135000,monolit,0,1,3,2,72,1,good_cond,4,9
Kentron,60000,monolit,0,1,1,1,37,0,bad_cond,5,14
Kentron,130000,qare,0,0,4,1,126,2,good_cond,4,4
Kentron,130000,qare,1,0,4,2,110,0,bad_cond,1,4
Kentron,130000,qare,0,1,3,1,115,1,good_cond,2,6
Kentron,210000,qare,0,0,3,1,59,0,bad_cond,4,5
Kentron,70000,monolit,1,1,2,2,80,0,bad_cond,7,7
Kentron,110000,panelayin,0,1,3,1,95,1,good_cond,8,10
Kentron,175000,monolit,1,1,2,1,83,0,bad_cond,5,10
Kentron,125000,monolit,1,1,3,2,106,2,good_cond,14,14
Kentron,53000,panelayin,0,1,3,1,80,2,good_cond,5,16
Kentron,110000,qare,0,1,3,1,70,0,norm_cond,6,6
Kentron,58000,panelayin,0,1,1,1,45,1,norm_cond,7,9
Kentron,79000,panelayin,1,1,4,1,107,1,good_cond,5,10
Kentron,150000,qare,0,0,3,1,100,1,good_cond,3,5
Kentron,22000,qare,0,0,1,1,29,0,norm_cond,3,3
Kentron,79500,qare,0,0,3,2,60,0,good_cond,1,5
Kentron,70000,qare,0,0,2,1,60,1,norm_cond,5,5
Kentron,258000,qare,0,1,3,1,100,2,good_cond,7,7
Kentron,122000,monolit,0,1,3,1,88,1,good_cond,11,11
Kentron,110000,qare,0,0,2,1,40,0,bad_cond,2,5
Kentron,115000,panelayin,1,1,4,1,93,0,good_cond,14,14
Kentron,73000,qare,0,0,1,1,36,1,bad_cond,2,5
Kentron,82000,qare,0,0,2,1,60,1,good_cond,3,4
Kentron,129000,monolit,1,1,2,1,44,0,good_cond,5,11
Kentron,115000,qare,0,0,4,1,85,0,good_cond,2,4
Kentron,97000,qare,0,0,2,1,62,0,good_cond,2,5
Kentron,56000,qare,0,0,2,1,52,1,good_cond,1,4
Kentron,100000,qare,0,1,3,1,91,1,good_cond,6,6
Kentron,157000,qare,0,0,3,2,98,1,good_cond,4,5
Kentron,105000,qare,0,0,3,1,178,1,norm_cond,1,5
Kentron,92000,panelayin,0,1,3,1,92,1,good_cond,5,10
Kentron,268000,monolit,1,1,2,1,84,1,bad_cond,5,10
Kentron,85000,panelayin,0,1,1,1,40,1,good_cond,8,10
Kentron,70000,monolit,1,1,2,1,44,1,good_cond,5,11
Kentron,92000,panelayin,0,1,3,1,80,1,good_cond,5,9
Kentron,120000,panelayin,0,1,3,1,77,1,norm_cond,1,10
Kentron,67000,qare,0,0,1,1,35,0,norm_cond,3,4
Kentron,77000,panelayin,0,1,3,2,80,1,good_cond,11,14
Kentron,205000,panelayin,1,1,3,2,125,1,bad_cond,3,6
Kentron,100000,qare,1,0,3,2,75,0,good_cond,3,3
Kentron,85000,panelayin,0,1,3,1,78,1,norm_cond,4,10
Kentron,55000,qare,0,1,2,1,42,0,good_cond,4,11
Kentron,120000,qare,0,0,3,1,96,1,good_cond,5,5
Kentron,63000,qare,0,0,4,1,100,1,bad_cond,1,1
Kentron,127000,qare,0,0,2,1,60,1,bad_cond,3,5
Kentron,48000,panelayin,0,1,1,1,36,0,bad_cond,9,11
Kentron,198000,monolit,1,1,3,2,123,1,good_cond,8,14
Kentron,45000,qare,0,0,1,1,30,0,good_cond,1,5
Kentron,125000,qare,0,0,3,2,85,1,good_cond,5,5
Kentron,145000,monolit,1,0,3,2,85,1,norm_cond,3,4
Kentron,220000,monolit,1,1,3,2,100,1,bad_cond,17,19
Kentron,85000,monolit,1,0,2,2,51,1,norm_cond,2,4
Kentron,85000,panelayin,0,1,3,1,88,1,bad_cond,4,10
Kentron,130000,qare,0,0,4,1,100,0,bad_cond,4,5
Kentron,140000,monolit,0,1,4,1,120,0,bad_cond,14,14
Kentron,180000,qare,0,0,3,1,104,2,norm_cond,3,4
Kentron,120000,panelayin,0,1,2,1,43,0,good_cond,9,9
Kentron,99000,qare,0,0,3,1,95,2,norm_cond,3,5
Kentron,40000,qare,0,0,2,1,33,0,norm_cond,2,4
Kentron,109000,panelayin,0,1,3,1,81,0,good_cond,11,14
Kentron,82500,qare,0,1,3,1,70,1,norm_cond,9,11
Kentron,157000,monolit,0,1,2,1,64,0,good_cond,10,12
Kentron,90000,qare,0,0,2,1,65,2,norm_cond,5,5
Kentron,55000,monolit,0,1,3,1,93,0,bad_cond,5,7
Kentron,65000,panelayin,0,1,2,1,44,1,good_cond,3,9
Kentron,80000,qare,0,0,2,1,50,1,good_cond,4,4
Kentron,200000,qare,0,0,3,1,110,1,bad_cond,3,3
Kentron,270000,qare,0,0,4,1,109,0,norm_cond,2,4
Kentron,150000,monolit,1,1,2,1,45,1,good_cond,10,18
Kentron,175000,monolit,0,1,2,1,57,0,bad_cond,6,18
Kentron,108000,panelayin,0,1,2,1,70,0,bad_cond,8,11
Kentron,127000,qare,0,0,2,1,68,2,good_cond,2,4
Kentron,165000,qare,0,0,3,1,69,1,good_cond,5,5
Kentron,170000,monolit,1,1,5,2,160,2,good_cond,10,14
Kentron,63000,qare,0,0,1,1,38,0,good_cond,4,5
Kentron,71000,panelayin,0,1,2,1,71,1,bad_cond,14,16
Kentron,115000,panelayin,0,1,3,1,65,1,good_cond,1,12
Kentron,80000,panelayin,0,1,2,1,43,0,good_cond,3,10
Kentron,115000,qare,0,0,3,1,70,1,good_cond,2,5
Kentron,15000,panelayin,0,0,1,1,20,0,norm_cond,1,4
Kentron,82000,panelayin,0,1,4,1,92,0,bad_cond,15,16
Kentron,41000,panelayin,0,1,1,1,40,1,norm_cond,3,9
Kentron,105000,panelayin,0,1,3,1,96,1,norm_cond,1,15
Kentron,150000,monolit,0,1,2,1,50,0,bad_cond,13,13
Kentron,135000,qare,1,0,3,1,144,1,good_cond,1,1
Kentron,75000,panelayin,0,1,2,1,70,0,good_cond,8,9
Kentron,95000,panelayin,0,1,1,1,56,0,good_cond,4,10
Kentron,115000,qare,0,0,3,1,82,0,bad_cond,1,4
Kentron,237000,monolit,1,1,2,2,71,1,good_cond,11,11
Kentron,133000,qare,0,0,2,1,50,0,good_cond,2,5
Kentron,105000,monolit,1,1,2,1,54,1,bad_cond,13,17
Kentron,130000,panelayin,0,1,3,1,87,1,bad_cond,5,9
Kentron,72500,monolit,0,1,2,1,52,0,good_cond,9,14
Kentron,130000,qare,0,0,4,1,200,1,bad_cond,1,2
Kentron,86000,panelayin,0,1,3,1,96,1,norm_cond,10,16
Kentron,270000,qare,0,0,5,2,160,2,norm_cond,4,5
Kentron,108000,panelayin,0,1,3,1,92,1,good_cond,8,9
Kentron,200000,qare,0,0,5,1,75,0,good_cond,1,4
Kentron,120000,panelayin,0,1,3,1,93,1,norm_cond,10,11
Kentron,129000,panelayin,0,1,3,1,90,1,norm_cond,9,11
Kentron,80000,panelayin,0,1,3,1,75,1,bad_cond,10,10
Kentron,93000,monolit,0,1,2,1,58,1,good_cond,5,9
Kentron,140000,qare,0,0,2,1,68,0,bad_cond,2,5
Kentron,55000,qare,0,0,4,2,160,0,norm_cond,2,4
Kentron,225000,monolit,0,1,3,1,137,0,bad_cond,9,14
Kentron,225000,monolit,0,1,3,1,137,0,bad_cond,9,14
Kentron,225000,monolit,1,1,3,2,136,2,good_cond,9,13
Kentron,225000,monolit,1,1,3,2,137,2,good_cond,9,14
Kentron,52000,panelayin,0,0,2,1,63,0,good_cond,5,5
Kentron,155000,monolit,0,1,2,1,58,0,bad_cond,3,12
Kentron,198000,monolit,1,1,3,1,120,1,bad_cond,10,13
Kentron,110000,monolit,0,0,4,1,106,0,bad_cond,2,4
Kentron,77000,qare,0,0,2,1,68,0,bad_cond,3,4
Kentron,73000,panelayin,0,1,2,1,50,0,good_cond,4,14
Kentron,84000,panelayin,0,1,3,2,84,1,good_cond,10,10
Kentron,195000,panelayin,0,1,6,3,195,1,good_cond,10,10
Kentron,110000,panelayin,0,1,2,1,48,1,good_cond,4,10
Kentron,165000,qare,0,0,3,1,95,2,good_cond,1,5
Kentron,75000,qare,0,0,4,2,123,0,bad_cond,4,4
Kentron,83000,panelayin,0,1,3,1,95,1,good_cond,3,9
Kentron,155000,panelayin,0,1,4,2,115,1,good_cond,8,16
Kentron,162000,monolit,0,1,3,1,77,0,bad_cond,4,10
Kentron,100000,qare,0,1,3,1,81,2,bad_cond,2,6
Kentron,90000,qare,0,0,1,1,43,0,bad_cond,2,3
Kentron,250000,qare,0,0,3,1,80,2,good_cond,4,5
Kentron,85000,panelayin,0,1,2,1,40,0,good_cond,5,9
Kentron,110000,qare,0,0,2,1,46,0,norm_cond,1,3
Kentron,58000,panelayin,0,1,1,1,51,0,norm_cond,11,13
Kentron,55000,qare,0,1,2,1,43,1,norm_cond,5,6
Kentron,52000,qare,0,0,1,1,34,0,good_cond,5,5
Kentron,77000,panelayin,0,1,3,2,80,1,good_cond,11,14
Kentron,180000,qare,0,0,3,3,85,1,bad_cond,4,5
Kentron,80000,qare,0,0,4,1,66,0,good_cond,1,4
Kentron,51700,monolit,1,1,2,1,26,1,good_cond,7,7
Kentron,109000,qare,0,0,3,1,80,1,norm_cond,2,5
Kentron,51500,panelayin,0,1,3,1,76,1,good_cond,7,9
Kentron,98000,panelayin,0,1,3,2,93,1,good_cond,9,10
Kentron,32000,qare,0,0,2,1,32,0,bad_cond,3,5
Kentron,77900,panelayin,0,1,2,1,48,0,good_cond,1,9
Kentron,150000,qare,0,0,3,1,115,0,bad_cond,1,1
Kentron,140000,qare,0,0,2,1,67,0,good_cond,2,4
Kentron,75900,panelayin,0,1,2,1,51,0,good_cond,1,9
Kentron,77900,panelayin,0,1,2,1,51,0,good_cond,1,10
Kentron,118000,qare,0,0,5,1,116,1,good_cond,4,4
Kentron,73700,panelayin,0,1,3,1,61,0,bad_cond,12,14
Kentron,85000,qare,0,1,1,1,45,1,good_cond,10,11
Kentron,105000,qare,0,0,2,1,62,0,good_cond,5,5
Kentron,105000,qare,0,1,2,1,50,0,good_cond,4,9
Kentron,272000,qare,0,0,3,1,78,0,bad_cond,2,4
Kentron,105000,qare,0,1,4,1,100,0,norm_cond,1,14
Kentron,140000,monolit,0,0,3,1,76,0,bad_cond,3,3
Kentron,79000,panelayin,0,1,2,1,79,1,norm_cond,7,12
Kentron,64500,qare,0,0,1,1,38,1,norm_cond,4,5
Kentron,88000,monolit,0,0,1,1,42,0,bad_cond,3,3
Kentron,100000,monolit,0,1,3,1,64,1,good_cond,9,9
Kentron,239000,qare,0,0,3,1,83,1,good_cond,3,5
Kentron,107000,panelayin,0,1,3,1,70,1,good_cond,8,10
Kentron,114000,qare,0,0,3,1,70,0,bad_cond,5,5
Kentron,90000,panelayin,0,1,3,1,70,0,good_cond,12,16
Kentron,48000,panelayin,0,1,1,1,40,0,bad_cond,8,10
Kentron,75000,monolit,0,1,2,1,52,1,good_cond,4,14
Kentron,47000,panelayin,0,1,2,1,50,0,norm_cond,14,16
Kentron,159500,monolit,1,1,3,1,71,1,good_cond,8,13
Kentron,110000,panelayin,0,1,2,1,42,0,good_cond,7,9
Kentron,89000,monolit,1,1,2,1,53,1,good_cond,12,14
Kentron,62000,monolit,1,1,2,1,42,0,good_cond,2,12
Kentron,148000,qare,0,1,3,1,114,0,bad_cond,8,11
Kentron,95000,panelayin,0,1,3,1,90,1,norm_cond,7,9
Kentron,92000,qare,0,0,3,1,88,2,norm_cond,4,4
Kentron,105000,monolit,0,1,3,1,96,1,norm_cond,2,10
Kentron,150000,panelayin,0,1,3,1,96,1,norm_cond,5,11
Kentron,120000,panelayin,0,1,4,2,92,1,good_cond,7,9
Kentron,57000,qare,0,0,2,1,55,1,bad_cond,1,5
Kentron,105000,panelayin,0,1,3,1,80,1,norm_cond,5,9
Kentron,170000,monolit,1,1,2,1,87,0,good_cond,5,14
Kentron,118000,panelayin,0,1,2,1,62,0,good_cond,2,14
Kentron,79000,qare,0,0,1,1,36,1,good_cond,3,4
Kentron,80000,qare,0,0,1,1,50,0,good_cond,2,4
Kentron,35000,qare,0,0,2,1,70,1,norm_cond,2,2
Kentron,77000,panelayin,0,1,3,2,80,1,good_cond,11,14
Kentron,70000,panelayin,0,1,3,1,66,1,norm_cond,3,9
Kentron,140000,panelayin,0,1,4,1,93,0,norm_cond,3,9
Kentron,46000,panelayin,0,1,1,1,40,1,norm_cond,2,9
Kentron,280000,monolit,1,1,5,1,215,2,good_cond,7,7
Kentron,120000,qare,0,0,3,1,95,0,bad_cond,4,4
Kentron,165000,qare,0,0,4,1,138,1,norm_cond,4,4
Kentron,200000,panelayin,0,1,3,1,96,1,good_cond,1,12
Kentron,145000,qare,0,0,4,1,130,1,good_cond,1,5
Kentron,155000,qare,0,0,2,1,41,1,good_cond,3,5
Kentron,270000,qare,0,0,3,1,92,1,good_cond,1,4
Kentron,150000,panelayin,0,1,4,2,81,1,good_cond,2,9
Kentron,163000,qare,0,0,4,2,113,1,good_cond,5,5
Kentron,250000,monolit,1,1,3,2,113,1,good_cond,6,8
Kentron,88000,monolit,1,1,2,2,69,1,good_cond,2,13
Kentron,182000,monolit,0,1,4,2,100,1,good_cond,9,9
Kentron,98000,panelayin,0,1,4,3,83,1,norm_cond,8,9
Kentron,116000,monolit,1,1,3,2,112,1,bad_cond,9,14
Kentron,237000,monolit,1,1,4,1,123,0,bad_cond,9,11
Kentron,120000,panelayin,0,1,1,1,45,0,good_cond,3,10
Kentron,72000,panelayin,0,1,2,1,55,0,good_cond,3,13
Kentron,115000,panelayin,1,1,4,1,90,2,good_cond,11,12
Kentron,155000,qare,0,0,3,2,86,0,good_cond,1,4
Kentron,60000,qare,0,0,2,1,48,1,norm_cond,1,5
Kentron,160000,qare,0,0,3,1,78,1,norm_cond,3,5
Kentron,70000,qare,0,0,2,1,57,1,bad_cond,3,5
Kentron,145000,monolit,0,1,4,1,112,0,bad_cond,5,14
Kentron,53000,monolit,0,1,1,1,37,0,bad_cond,1,14
Kentron,66500,monolit,1,1,2,1,54,1,good_cond,12,14
Kentron,22000,qare,0,0,1,1,37,1,norm_cond,3,4
Kentron,100000,panelayin,0,1,3,1,90,1,norm_cond,7,10
Kentron,100000,panelayin,0,1,3,1,90,1,norm_cond,7,10
Kentron,107000,monolit,1,1,2,1,47,0,bad_cond,6,17
Kentron,285000,monolit,1,1,4,2,143,2,bad_cond,6,16
Kentron,150000,aghyuse,0,1,3,1,80,0,bad_cond,3,9
Kentron,80000,monolit,0,1,1,1,40,0,good_cond,4,9
Kentron,82000,panelayin,0,1,2,1,81,2,norm_cond,12,12
Kentron,62000,qare,0,0,3,1,70,1,bad_cond,5,5
Kentron,140000,monolit,1,1,2,1,46,1,good_cond,11,18
Kentron,83000,monolit,1,1,2,1,63,2,norm_cond,6,9
Kentron,67500,qare,1,0,1,1,45,0,good_cond,3,3
Kentron,110000,panelayin,0,1,1,1,48,1,good_cond,4,10
Kentron,130000,qare,0,1,5,2,106,2,norm_cond,7,16
Kentron,60000,panelayin,0,1,1,1,45,1,good_cond,4,10
Kentron,53000,panelayin,0,1,3,1,66,1,bad_cond,7,9
Kentron,80000,qare,0,0,2,1,43,0,bad_cond,1,3
Kentron,87000,panelayin,0,1,2,1,50,0,good_cond,4,11
Kentron,140000,panelayin,0,1,2,1,80,0,bad_cond,4,9
Kentron,80000,panelayin,0,1,3,1,80,1,good_cond,9,9
Kentron,105000,qare,0,0,3,1,85,1,good_cond,3,3
Kentron,80000,qare,0,0,3,1,100,2,good_cond,2,3
Kentron,109000,panelayin,0,1,3,1,66,1,good_cond,6,11
Kentron,85000,monolit,1,1,1,1,39,1,good_cond,5,7
Kentron,89900,monolit,1,1,1,1,40,1,good_cond,5,7
Kentron,81000,qare,0,0,2,1,61,1,good_cond,2,5
Kentron,86000,monolit,0,1,2,2,70,1,norm_cond,3,11
Kentron,73000,qare,0,0,1,1,34,1,good_cond,4,4
Kentron,150000,panelayin,0,1,3,1,71,0,good_cond,2,10
Kentron,220000,qare,0,1,4,2,140,2,norm_cond,3,6
Kentron,130000,qare,0,1,3,1,107,0,bad_cond,7,16
Kentron,110000,monolit,1,1,2,1,54,0,good_cond,5,10
Kentron,90000,qare,0,1,4,1,79,2,good_cond,6,6
Kentron,125000,qare,0,0,2,1,45,1,good_cond,2,5
Kentron,80000,panelayin,0,1,2,1,40,0,bad_cond,5,10
Kentron,100000,qare,0,0,1,1,41,1,good_cond,5,5
Kentron,230000,qare,0,0,3,2,93,1,good_cond,3,4
Kentron,95000,panelayin,0,1,3,2,85,1,good_cond,9,10
Kentron,120000,qare,0,0,1,1,35,1,bad_cond,2,5
Kentron,63000,monolit,0,1,2,1,42,0,bad_cond,6,9
Kentron,89000,qare,0,0,1,1,38,1,norm_cond,3,4
Kentron,72000,panelayin,0,1,2,1,53,0,bad_cond,2,9
Kentron,87000,qare,0,1,1,1,40,1,good_cond,3,6
Kentron,140000,panelayin,0,1,3,1,70,0,good_cond,11,11
Kentron,100000,monolit,0,1,2,1,74,1,norm_cond,1,9
Kentron,210000,qare,0,0,4,2,82,1,norm_cond,1,4
Kentron,87000,panelayin,0,1,2,1,52,0,good_cond,7,10
Kentron,107000,qare,0,0,4,1,130,1,good_cond,1,5
Kentron,120000,panelayin,0,1,4,1,96,0,good_cond,2,14
Kentron,88000,panelayin,0,1,3,1,110,1,norm_cond,3,9
Kentron,200000,panelayin,0,1,2,2,68,1,good_cond,9,11
Kentron,105000,qare,0,0,1,1,42,0,good_cond,5,5
Kentron,115000,qare,0,1,4,2,150,2,good_cond,7,10
Kentron,85000,monolit,1,1,2,1,86,1,good_cond,2,10
Kentron,150000,qare,0,0,2,1,76,2,norm_cond,5,5
Kentron,77000,panelayin,0,1,2,1,69,0,bad_cond,2,11
Kentron,160000,qare,0,1,3,2,88,0,good_cond,5,6
Kentron,80000,qare,0,0,1,1,31,1,good_cond,3,5
Kentron,63000,panelayin,0,1,1,1,43,1,good_cond,6,10
Kentron,72000,qare,0,0,1,1,44,1,good_cond,2,4
Kentron,80000,monolit,0,1,2,1,52,0,bad_cond,2,14
Kentron,95000,monolit,0,1,2,1,72,0,bad_cond,2,10
Kentron,130000,monolit,1,1,2,1,58,1,bad_cond,3,18
Kentron,100000,panelayin,0,1,2,1,54,2,good_cond,13,14
Kentron,147000,qare,0,0,2,1,56,0,bad_cond,3,5
Kentron,160000,monolit,0,1,2,1,58,0,good_cond,5,18
Kentron,183000,monolit,1,1,3,2,105,2,good_cond,3,10
Kentron,130000,qare,0,0,4,1,100,2,norm_cond,4,5
Kentron,88000,panelayin,0,1,2,1,80,0,good_cond,5,15
Kentron,105000,panelayin,0,1,2,1,65,1,good_cond,4,9
Kentron,100000,qare,0,0,3,1,90,0,good_cond,4,5
Kentron,95000,monolit,0,1,2,1,50,0,bad_cond,6,13
Kentron,109000,qare,0,0,2,1,55,1,good_cond,3,4
Kentron,139000,monolit,0,1,2,1,70,0,bad_cond,2,13
Kentron,106000,monolit,1,1,3,2,74,1,good_cond,6,9
Kentron,128500,panelayin,0,1,3,1,90,1,bad_cond,6,11
Kentron,150000,qare,0,0,3,1,75,1,norm_cond,2,5
Kentron,88000,panelayin,0,1,3,1,77,1,norm_cond,9,9
Kentron,139000,panelayin,0,1,4,1,120,2,bad_cond,3,16
Kentron,130000,qare,0,0,2,1,51,1,norm_cond,4,4
Kentron,45000,qare,0,0,1,1,34,1,norm_cond,1,5
Kentron,35000,qare,0,0,2,1,48,0,good_cond,1,4
Kentron,190000,qare,0,0,3,1,115,1,norm_cond,3,5
Kentron,195000,qare,0,1,6,2,250,2,norm_cond,1,7
Kentron,129000,monolit,0,1,3,1,67,0,bad_cond,8,9
Kentron,80500,qare,0,0,2,1,34,1,good_cond,5,5
Kentron,52000,qare,0,0,1,1,35,0,good_cond,1,5
Kentron,110000,panelayin,0,1,1,1,55,1,good_cond,10,10
Kentron,75000,panelayin,0,1,1,1,42,0,good_cond,3,11
Kentron,125000,panelayin,0,1,3,1,74,1,good_cond,8,10
Kentron,80000,panelayin,0,1,2,1,44,2,good_cond,3,10
Kentron,200000,monolit,1,1,1,1,51,1,good_cond,12,15
Kentron,105000,panelayin,0,1,2,1,72,1,good_cond,5,10
Kentron,150000,qare,0,1,2,1,56,2,bad_cond,5,6
Kentron,118000,panelayin,0,1,3,1,82,1,norm_cond,6,9
Kentron,92000,qare,0,1,3,1,77,0,bad_cond,5,6
Kentron,79000,qare,0,0,1,1,33,1,good_cond,3,5
Kentron,85000,qare,0,0,2,1,45,1,good_cond,2,4
Kentron,209000,qare,0,0,4,2,108,1,good_cond,2,3
Kentron,199000,qare,0,0,4,1,85,1,good_cond,2,4
Kentron,185000,qare,0,1,3,1,98,1,good_cond,4,9
Kentron,105000,monolit,0,1,3,1,66,1,norm_cond,7,16
Kentron,62000,panelayin,0,1,3,1,68,1,good_cond,9,9
Kentron,56000,panelayin,0,1,1,1,41,0,good_cond,5,9
Kentron,135000,monolit,1,1,2,1,64,1,good_cond,2,10
Kentron,95000,panelayin,0,1,2,1,44,0,bad_cond,5,8
Kentron,87000,panelayin,0,1,2,1,43,0,bad_cond,10,11
Kentron,70000,qare,0,1,2,1,58,0,bad_cond,3,10
Kentron,190000,qare,0,0,3,1,92,1,norm_cond,3,5
Kentron,130000,panelayin,0,1,3,1,70,1,good_cond,6,10
Kentron,130000,monolit,0,1,2,1,63,1,good_cond,9,10
Kentron,235000,monolit,0,1,4,1,162,0,bad_cond,2,17
Kentron,133000,monolit,1,1,3,1,83,0,bad_cond,9,16
Kentron,90000,panelayin,0,1,3,1,94,2,good_cond,4,12
Kentron,122000,qare,0,0,4,3,84,0,good_cond,2,5
Kentron,15000,qare,0,0,2,1,40,0,bad_cond,1,1
Kentron,112000,panelayin,0,1,4,1,96,1,good_cond,8,9
Kentron,145000,qare,0,0,3,1,70,0,good_cond,3,4
Kentron,272000,monolit,1,1,3,1,75,1,good_cond,6,10
Kentron,120000,qare,0,0,3,1,75,0,good_cond,4,5
Kentron,275000,qare,0,0,5,1,196,0,bad_cond,5,5
Kentron,179000,monolit,1,1,6,2,167,2,bad_cond,12,13
Kentron,56000,qare,0,0,2,1,73,1,norm_cond,1,5
Kentron,62000,qare,0,0,3,1,70,1,bad_cond,5,5
Kentron,135000,qare,0,0,4,2,99,1,good_cond,4,4
Kentron,90000,qare,0,0,3,1,92,0,bad_cond,4,4
Kentron,116000,monolit,1,1,2,1,78,0,good_cond,4,11
Kentron,116000,monolit,1,1,2,1,79,0,good_cond,4,11
Kentron,95000,qare,0,0,2,1,40,0,bad_cond,4,4
Kentron,95000,panelayin,0,1,1,1,56,0,good_cond,10,10
Kentron,210000,qare,0,0,3,1,72,1,good_cond,1,4
Kentron,132500,monolit,1,1,2,1,45,0,good_cond,5,10
Kentron,51000,monolit,1,1,1,1,38,1,good_cond,4,14
Kentron,137000,monolit,1,1,2,1,67,1,good_cond,3,6
Kentron,143000,qare,0,0,3,2,94,1,good_cond,1,3
Kentron,80000,qare,0,0,2,1,62,1,norm_cond,5,5
Kentron,249000,qare,0,0,4,2,160,2,good_cond,4,4
Kentron,160000,panelayin,0,1,3,1,98,1,good_cond,6,11
Kentron,110000,panelayin,0,1,2,1,58,1,good_cond,10,10
Kentron,50000,panelayin,1,1,1,1,40,0,good_cond,6,12
Kentron,126000,monolit,1,1,5,2,133,2,norm_cond,3,12
Kentron,155000,qare,0,0,4,2,115,2,good_cond,3,4
Kentron,150000,qare,0,0,3,1,105,0,bad_cond,5,5
Kentron,86000,qare,0,1,3,1,70,1,norm_cond,5,7
Kentron,128000,panelayin,0,1,3,1,70,1,good_cond,13,16
Kentron,136000,qare,0,0,3,1,70,0,bad_cond,5,5
Kentron,80000,monolit,0,1,3,1,63,1,good_cond,6,9
Kentron,47000,qare,0,0,1,1,18,0,bad_cond,3,3
Kentron,170000,monolit,1,1,3,1,70,0,good_cond,2,10
Kentron,127000,qare,0,0,2,1,50,1,good_cond,2,5
Kentron,49500,monolit,1,1,1,1,38,1,good_cond,4,13
Kentron,149000,panelayin,0,1,3,2,77,2,good_cond,7,11
Kentron,260000,panelayin,0,1,4,2,121,0,good_cond,3,11
Kentron,52000,qare,0,0,1,1,26,0,bad_cond,2,4
Kentron,99000,qare,0,0,3,1,95,0,bad_cond,3,5
Kentron,92000,panelayin,0,1,4,1,92,1,norm_cond,7,9
Kentron,295000,qare,1,1,4,1,140,1,good_cond,7,17
Kentron,75000,panelayin,0,1,2,1,42,1,norm_cond,2,9
Kentron,62000,qare,0,0,3,1,70,1,norm_cond,5,5
Kentron,62000,qare,0,0,3,1,70,1,bad_cond,5,5
Kentron,100000,qare,0,0,2,1,50,0,bad_cond,5,5
Kentron,75000,qare,0,0,3,2,73,1,norm_cond,4,5
Kentron,100000,qare,0,0,4,1,90,2,good_cond,1,5
Kentron,80000,qare,0,0,3,1,120,0,good_cond,3,3
Kentron,62000,monolit,1,1,2,1,46,0,good_cond,2,12
Kentron,167000,monolit,1,1,2,1,56,0,good_cond,3,8
Kentron,68500,monolit,1,1,3,1,54,1,good_cond,14,14
Kentron,280000,qare,1,1,2,1,97,1,good_cond,4,7
Kentron,148000,panelayin,0,1,3,1,90,0,good_cond,9,10
Kentron,140000,qare,0,0,3,1,100,1,good_cond,4,4
Kentron,105000,panelayin,0,1,3,2,80,1,good_cond,2,9
Kentron,220000,monolit,1,1,3,2,105,1,good_cond,3,21
Kentron,180000,panelayin,0,0,3,1,82,0,norm_cond,1,2
Kentron,77000,panelayin,1,1,1,2,64,1,norm_cond,8,8
Kentron,75000,panelayin,1,1,2,1,40,0,good_cond,8,8
Kentron,52000,qare,0,0,1,1,40,1,norm_cond,4,4
Kentron,180000,monolit,0,1,3,1,111,0,bad_cond,5,8
Kentron,70000,panelayin,0,1,2,1,68,2,norm_cond,8,9
Kentron,210000,monolit,1,1,2,2,105,1,bad_cond,8,14
Kentron,135000,qare,0,1,2,1,71,2,norm_cond,5,8
Kentron,50000,qare,0,1,2,1,52,1,good_cond,1,6
Kentron,135000,panelayin,0,1,3,1,92,2,good_cond,5,11
Kentron,90000,panelayin,0,1,3,1,90,1,norm_cond,7,10
Kentron,75000,qare,0,0,5,1,85,0,bad_cond,2,2
Kentron,60000,monolit,1,1,1,1,40,1,good_cond,13,14
Kentron,95000,panelayin,0,1,2,1,48,0,good_cond,2,10
Kentron,170000,panelayin,0,1,3,1,98,0,good_cond,6,11
Kentron,242500,monolit,1,0,3,2,202,1,bad_cond,1,5
Kentron,120000,monolit,1,1,3,1,76,1,good_cond,10,16
Kentron,112000,qare,1,0,3,2,107,0,good_cond,3,5
Kentron,85000,panelayin,0,1,1,1,55,1,norm_cond,15,16
Kentron,62000,panelayin,0,1,2,1,67,1,norm_cond,8,10
Kentron,160000,monolit,0,1,2,1,60,0,good_cond,5,16
Kentron,225000,qare,0,0,5,1,116,0,bad_cond,1,5
Kentron,65000,qare,0,0,5,1,89,0,bad_cond,2,2
Kentron,135000,qare,0,0,3,1,96,1,good_cond,3,5
Kentron,145000,panelayin,0,1,4,2,110,0,good_cond,10,11
Kentron,100000,qare,0,0,3,2,82,1,norm_cond,3,4
Kentron,65000,monolit,0,1,2,1,40,0,good_cond,11,11
Kentron,120000,panelayin,0,1,2,1,70,0,bad_cond,8,11
Kentron,59000,monolit,0,1,1,2,40,0,norm_cond,5,11
Kentron,178000,qare,0,0,4,1,90,1,good_cond,4,5
Kentron,110000,qare,0,1,2,1,75,0,good_cond,5,6
Kentron,89000,qare,0,0,3,1,68,1,good_cond,3,4
Kentron,57000,panelayin,0,1,2,1,42,1,good_cond,6,11
Kentron,58000,panelayin,0,1,2,1,45,1,good_cond,4,11
Kentron,127000,monolit,0,1,2,1,65,1,good_cond,7,9
Kentron,160000,monolit,1,1,3,1,106,2,good_cond,3,13
Kentron,210000,qare,0,0,3,1,98,0,bad_cond,4,4
Kentron,210000,monolit,1,1,4,2,130,2,good_cond,15,17
Kentron,157000,qare,0,0,2,3,83,1,bad_cond,2,5
Kentron,80000,qare,0,0,3,1,77,0,good_cond,1,2
Kentron,125000,qare,0,0,3,1,82,0,bad_cond,1,5
Kentron,139000,qare,0,0,4,1,126,1,good_cond,5,5
Kentron,66000,panelayin,0,1,2,1,76,1,norm_cond,13,13
Kentron,200000,monolit,1,1,2,1,72,1,good_cond,2,10
Kentron,112000,panelayin,0,1,3,1,68,1,good_cond,8,9
Kentron,250000,qare,0,0,5,2,140,1,good_cond,3,4
Kentron,92000,panelayin,0,1,4,3,87,1,good_cond,9,9
Kentron,140000,monolit,1,1,2,1,70,1,bad_cond,4,17
Kentron,130000,panelayin,0,1,3,1,100,1,norm_cond,5,9
Kentron,110000,qare,0,0,2,1,56,1,good_cond,4,5
Kentron,52000,qare,0,0,2,1,54,0,good_cond,2,5
Kentron,85000,panelayin,1,1,3,1,65,1,bad_cond,9,14
Kentron,175000,monolit,1,1,3,1,98,2,good_cond,13,14
Kentron,123000,monolit,0,1,2,1,72,0,bad_cond,9,14
Kentron,95000,qare,0,1,2,1,48,0,bad_cond,8,10
Kentron,250000,qare,1,1,5,2,135,1,good_cond,3,11
Kentron,86000,monolit,0,1,1,2,41,0,good_cond,4,10
Kentron,120000,panelayin,0,1,2,1,65,1,norm_cond,8,10
Kentron,140000,panelayin,1,1,4,1,100,0,good_cond,8,14
Kentron,190000,monolit,1,1,2,1,63,0,good_cond,12,14
Kentron,80000,qare,0,0,3,1,77,0,bad_cond,2,5
Kentron,122000,monolit,1,1,2,1,57,1,good_cond,3,10
Kentron,250000,qare,0,0,5,2,140,1,good_cond,3,4
Kentron,235000,qare,0,0,4,1,100,2,good_cond,4,4
Kentron,147500,qare,0,0,3,1,67,1,norm_cond,2,3
Kentron,105000,panelayin,0,1,3,1,60,0,bad_cond,8,16
Kentron,115000,qare,0,0,2,1,66,0,good_cond,2,5
Kentron,89000,panelayin,0,1,4,1,86,1,norm_cond,7,9
Kentron,210000,qare,0,1,3,1,87,1,norm_cond,5,6
Kentron,70000,qare,0,0,2,1,65,0,norm_cond,2,3
Kentron,230000,panelayin,0,1,4,1,121,0,bad_cond,6,10
Kentron,89000,panelayin,0,1,4,1,98,1,norm_cond,7,9
Kentron,89000,qare,0,1,3,1,106,2,norm_cond,3,7
Kentron,150000,qare,0,0,2,1,72,0,bad_cond,3,5
Kentron,135000,monolit,0,1,3,1,80,1,norm_cond,10,10
Kentron,147000,panelayin,0,1,3,1,93,0,good_cond,2,11
Kentron,165000,monolit,0,1,1,1,51,0,bad_cond,1,10
Kentron,79000,qare,0,0,3,1,103,0,bad_cond,3,5
Kentron,135000,monolit,1,0,3,2,104,1,norm_cond,3,3
Kentron,120000,panelayin,0,1,2,1,41,0,good_cond,7,9
Kentron,92000,monolit,0,1,2,1,64,2,norm_cond,3,9
Kentron,152000,monolit,1,1,2,1,79,1,good_cond,13,14
Kentron,106000,panelayin,0,1,3,1,104,0,bad_cond,6,16
Kentron,62000,panelayin,0,1,1,1,52,1,norm_cond,11,13
Kentron,180000,monolit,1,1,3,1,64,1,good_cond,4,16
Kentron,198000,qare,0,0,5,2,139,2,good_cond,3,3
Kentron,45000,qare,0,0,1,1,22,0,good_cond,1,4
Kentron,109000,qare,0,0,2,1,70,1,norm_cond,3,4
Kentron,89500,qare,0,0,3,2,90,1,bad_cond,4,4
Kentron,150000,qare,0,0,3,1,105,0,bad_cond,4,4
Kentron,93000,qare,0,0,2,1,94,1,norm_cond,4,4
Kentron,180000,qare,0,0,4,1,110,0,bad_cond,5,5
Kentron,120000,panelayin,0,1,3,1,92,0,bad_cond,7,9
Kentron,182000,qare,0,0,2,1,73,0,bad_cond,4,5
Kentron,159700,monolit,1,1,3,1,71,1,good_cond,8,14
Kentron,75000,panelayin,0,1,2,1,70,0,good_cond,7,9
Kentron,74000,qare,0,0,2,1,60,1,good_cond,4,4
Kentron,135000,monolit,1,1,2,1,120,1,good_cond,3,9
Kentron,180000,qare,0,0,2,2,63,1,good_cond,2,5
Kentron,150000,qare,0,0,4,1,96,0,good_cond,3,5
Kentron,80000,panelayin,0,1,3,1,73,0,bad_cond,4,9
Kentron,85000,panelayin,0,1,3,1,90,1,good_cond,12,12
Kentron,75000,qare,0,1,2,1,41,1,good_cond,6,6
Kentron,135000,panelayin,0,1,5,2,130,2,good_cond,7,12
Kentron,135000,panelayin,0,1,5,2,130,2,good_cond,7,12
Kentron,75000,monolit,1,1,2,1,50,1,good_cond,14,14
Kentron,110000,panelayin,0,1,2,1,70,1,good_cond,10,10
Kentron,168000,qare,0,1,3,1,80,0,bad_cond,3,6
Kentron,180000,qare,0,0,2,1,67,0,norm_cond,2,5
Kentron,160000,panelayin,0,1,3,1,107,1,norm_cond,1,11
Kentron,249000,monolit,0,1,3,1,78,0,good_cond,9,10
Kentron,118000,panelayin,0,1,3,1,90,1,norm_cond,1,9
Kentron,200000,monolit,1,1,2,1,72,2,good_cond,2,10
Kentron,90000,panelayin,0,1,3,1,64,1,good_cond,2,9
Kentron,178000,monolit,1,1,3,2,120,2,good_cond,11,14
Kentron,46000,panelayin,0,1,1,1,40,0,good_cond,4,9
Kentron,155000,panelayin,0,1,4,2,90,1,bad_cond,1,9
Kentron,175000,qare,0,1,3,1,80,1,good_cond,8,9
Kentron,139000,aghyuse,0,0,3,1,80,1,good_cond,2,2
Kentron,215000,monolit,0,1,5,2,100,0,good_cond,9,9
Kentron,160000,monolit,1,1,3,2,110,2,good_cond,11,16
Kentron,120000,qare,0,1,2,1,71,2,bad_cond,5,8
Kentron,93000,qare,0,0,3,1,94,1,norm_cond,4,4
Kentron,110000,panelayin,0,1,2,1,80,1,norm_cond,12,12
Kentron,185000,qare,0,0,3,1,125,2,norm_cond,3,4
Kentron,120000,panelayin,1,1,4,2,88,0,good_cond,4,9
Kentron,120000,qare,0,0,3,1,92,2,norm_cond,2,4
Kentron,116000,monolit,0,1,2,1,50,1,good_cond,3,10
Kentron,85000,panelayin,0,1,2,1,70,1,good_cond,8,10
Kentron,99000,panelayin,0,1,3,1,90,1,norm_cond,9,11
Kentron,125000,panelayin,0,1,3,1,92,0,good_cond,7,10
Kentron,62000,panelayin,0,1,2,1,73,0,norm_cond,5,9
Kentron,155000,panelayin,0,1,3,1,93,2,good_cond,2,11
Kentron,56000,qare,0,0,1,1,40,1,good_cond,3,5
Kentron,67000,qare,0,0,3,2,130,1,good_cond,2,3
Kentron,170000,qare,0,0,3,1,112,1,norm_cond,2,3
Kentron,82000,panelayin,0,1,3,1,80,1,good_cond,2,9
Kentron,95000,panelayin,0,1,2,1,70,0,good_cond,9,11
Kentron,69900,panelayin,0,1,2,1,67,1,norm_cond,9,9
Kentron,140000,monolit,1,1,3,1,55,1,good_cond,5,6
Kentron,142000,monolit,1,1,2,1,54,1,good_cond,6,6
Kentron,95000,panelayin,0,1,2,2,70,0,good_cond,9,11
Kentron,83000,qare,1,0,2,2,75,0,good_cond,2,5
Kentron,55000,qare,1,0,2,1,56,0,bad_cond,2,4
Kentron,237000,monolit,1,1,5,2,123,1,bad_cond,9,11
Kentron,133000,panelayin,0,1,3,1,77,1,good_cond,10,12
Kentron,74000,panelayin,0,1,3,1,86,1,norm_cond,9,10
Kentron,160000,qare,0,0,3,1,67,1,norm_cond,2,3
Kentron,160000,panelayin,0,1,3,1,90,0,bad_cond,3,9
Kentron,71000,panelayin,0,1,1,1,36,0,norm_cond,9,11
Kentron,109900,panelayin,0,1,3,1,90,0,good_cond,15,16
Kentron,295000,monolit,0,1,4,1,90,0,bad_cond,7,16
Kentron,145000,monolit,1,1,3,1,104,0,good_cond,9,14
Kentron,115000,panelayin,0,1,3,1,85,0,bad_cond,6,10
Kentron,77000,panelayin,0,1,3,1,87,0,norm_cond,14,14
Kentron,110000,panelayin,0,1,3,1,85,0,bad_cond,6,16
Kentron,250000,qare,1,1,5,3,200,0,good_cond,6,7
Kentron,78000,monolit,1,1,2,1,54,0,norm_cond,12,14
Kentron,86000,panelayin,0,1,4,1,90,0,good_cond,3,9
Kentron,82000,qare,0,0,3,1,52,0,norm_cond,4,5
Kentron,140000,qare,1,0,3,1,77,0,good_cond,5,5
Kentron,155000,qare,0,1,4,1,102,0,good_cond,4,7
Kentron,170000,qare,0,0,4,1,88,0,good_cond,4,4
Kentron,175000,monolit,1,1,3,2,94,0,good_cond,7,9
Kentron,70000,panelayin,0,1,1,2,44,0,norm_cond,5,10
Kentron,170000,monolit,1,1,3,2,109,0,good_cond,3,13
Kentron,50000,qare,0,0,2,1,64,0,norm_cond,2,2
Kentron,157000,panelayin,0,1,3,1,87,0,good_cond,2,10
Kentron,115000,qare,0,0,4,1,100,0,bad_cond,3,3
Kentron,150000,monolit,0,1,3,1,114,0,bad_cond,8,8
Kentron,90000,qare,0,0,2,1,62,0,good_cond,1,5
Kentron,100000,monolit,1,1,2,1,46,0,bad_cond,16,18
Kentron,75000,qare,0,0,3,1,57,0,norm_cond,2,5
Kentron,130000,qare,0,0,3,1,88,0,good_cond,5,5
Kentron,85000,panelayin,0,1,3,1,87,0,good_cond,9,9
Kentron,89000,panelayin,0,1,3,1,75,0,bad_cond,10,11
Kentron,215000,monolit,0,1,4,2,125,0,good_cond,7,8
Kentron,123000,panelayin,0,1,3,2,80,0,norm_cond,3,9
Kentron,185000,panelayin,0,1,3,1,100,0,bad_cond,5,12
Kentron,280000,qare,0,0,4,1,165,1,good_cond,5,5
Kentron,80000,qare,0,0,4,1,102,0,bad_cond,1,2
Kentron,135000,qare,0,0,2,1,75,0,norm_cond,5,5
Kentron,150000,qare,0,0,3,2,94,0,good_cond,3,5
Kentron,62000,panelayin,0,1,2,2,73,0,norm_cond,5,9
Kentron,94000,panelayin,0,1,4,2,96,0,good_cond,2,10
Kentron,92000,monolit,1,1,2,2,51,0,good_cond,2,7
Kentron,185000,monolit,1,1,3,2,80,0,good_cond,6,9
Kentron,89000,qare,1,1,1,1,40,0,good_cond,5,6
Kentron,92000,panelayin,0,1,3,1,96,0,norm_cond,15,16
Kentron,100000,qare,0,1,2,1,52,0,good_cond,4,10
Kentron,130000,panelayin,0,1,2,1,80,0,good_cond,10,12
Kentron,75000,panelayin,0,1,3,1,103,0,good_cond,12,14
Kentron,110000,panelayin,0,1,3,1,80,0,bad_cond,8,9
Kentron,117000,qare,0,1,3,1,86,0,good_cond,1,9
Kentron,80000,monolit,0,1,2,1,54,0,bad_cond,11,14
Kentron,62000,panelayin,0,1,2,1,73,0,bad_cond,5,9
Kentron,232000,monolit,1,1,4,2,165,0,good_cond,15,17
Kentron,60000,monolit,1,1,1,1,37,0,good_cond,5,14
Kentron,120000,panelayin,0,1,2,1,48,0,good_cond,6,9
Kentron,100000,monolit,1,1,2,1,57,0,good_cond,3,10
Kentron,105000,qare,0,1,3,1,78,0,good_cond,8,8
Kentron,85000,monolit,1,1,2,1,70,0,good_cond,4,17
Kentron,140000,panelayin,0,1,3,1,75,0,good_cond,3,11
Kentron,120000,panelayin,0,1,3,1,82,0,good_cond,4,16
Kentron,150000,qare,0,0,2,1,80,0,good_cond,1,5
Kentron,195000,panelayin,0,1,3,1,95,0,good_cond,2,9
Kentron,112000,qare,0,0,3,2,91,0,norm_cond,2,5
Kentron,90000,monolit,0,1,1,1,41,0,bad_cond,2,8
Kentron,95000,monolit,0,1,3,1,96,0,good_cond,5,16
Kentron,95000,monolit,0,1,3,1,96,0,good_cond,5,16
Kentron,85000,monolit,1,1,2,1,54,0,good_cond,5,14
Kentron,67000,panelayin,0,1,1,1,43,0,good_cond,8,9
Kentron,70000,panelayin,0,1,3,1,110,0,norm_cond,9,12
Kentron,69000,panelayin,0,1,3,1,80,0,bad_cond,10,13
Kentron,55000,qare,0,1,1,1,42,0,good_cond,4,11
Kentron,74000,monolit,0,1,2,1,62,0,bad_cond,2,9
Kentron,62000,panelayin,0,1,2,1,74,0,bad_cond,5,9
Kentron,62000,panelayin,0,1,2,1,73,0,bad_cond,5,9
Kentron,129000,qare,0,1,1,1,45,0,good_cond,5,6
Kentron,129000,qare,0,1,1,1,45,0,good_cond,5,6
Kentron,205000,qare,0,0,3,1,99,0,good_cond,5,5
Kentron,115000,qare,0,0,3,1,110,0,good_cond,1,5
Kentron,55000,qare,0,0,2,1,50,0,good_cond,3,4
Kentron,145000,panelayin,0,1,2,1,110,0,bad_cond,1,11
Kentron,98000,panelayin,0,1,2,1,80,0,good_cond,2,16
Kentron,123000,panelayin,0,1,3,1,76,0,good_cond,6,10
Kentron,35000,qare,0,0,1,1,24,0,norm_cond,4,4
Kentron,210000,monolit,0,1,2,1,85,0,good_cond,2,14
Kentron,100000,monolit,0,0,3,2,80,0,good_cond,2,4
Kentron,205000,monolit,0,1,3,2,111,0,bad_cond,13,14
Kentron,255000,qare,0,0,5,2,185,0,norm_cond,3,5
Kentron,150000,panelayin,0,1,4,2,116,0,norm_cond,3,9
Kentron,100000,qare,0,1,3,1,85,0,bad_cond,6,6
Kentron,63000,panelayin,0,1,3,1,74,0,norm_cond,8,9
Kentron,200000,monolit,0,1,3,1,92,0,bad_cond,6,10
Kentron,140000,panelayin,0,1,3,1,94,0,good_cond,9,10
Kentron,55000,monolit,0,1,1,1,36,0,good_cond,2,14
Kentron,65000,monolit,0,0,2,2,45,0,bad_cond,5,5
Kentron,110000,qare,0,0,3,3,77,0,norm_cond,4,4
Kentron,120000,qare,0,0,3,2,85,0,good_cond,3,5
Kentron,130000,panelayin,0,1,3,2,80,0,good_cond,10,12
Kentron,121000,qare,0,0,2,1,39,0,good_cond,3,4
Kentron,65000,qare,0,0,1,1,40,0,good_cond,1,4
Kentron,85000,qare,0,0,2,1,78,0,norm_cond,4,4
Kentron,80000,panelayin,0,1,2,1,43,0,good_cond,6,10
Kentron,60000,panelayin,0,1,2,1,54,0,norm_cond,9,9
Kentron,97000,qare,0,0,2,1,49,0,bad_cond,4,5
Kentron,53000,monolit,0,1,1,1,48,0,good_cond,4,16
Kentron,80000,qare,0,1,2,1,51,0,good_cond,7,9
Kentron,75000,panelayin,0,1,2,1,70,0,good_cond,3,9
Kentron,280000,monolit,0,1,3,1,93,0,good_cond,15,15
Kentron,280000,monolit,0,1,3,1,93,0,good_cond,15,15
Kentron,115000,qare,0,0,2,1,63,0,bad_cond,2,5
Kentron,165000,monolit,0,1,2,1,60,0,bad_cond,5,15
Kentron,120000,monolit,0,1,3,1,70,0,bad_cond,3,10
Kentron,93000,qare,0,0,3,1,74,0,good_cond,4,4
Kentron,136500,monolit,0,1,3,1,91,0,bad_cond,13,18
Kentron,295000,qare,0,1,3,1,106,0,bad_cond,6,10
Kentron,110000,monolit,0,0,4,2,110,0,good_cond,2,4
Kentron,93000,panelayin,0,1,3,2,103,0,norm_cond,16,16
Kentron,250000,monolit,0,1,4,1,115,0,bad_cond,7,17
Kentron,170000,panelayin,0,1,3,1,66,0,good_cond,8,10
Kentron,165000,qare,0,0,3,1,80,0,norm_cond,4,5
Kentron,80000,panelayin,0,1,2,1,62,0,norm_cond,2,9
Kentron,210000,monolit,0,1,3,1,111,0,good_cond,9,15
Kentron,80000,panelayin,0,1,2,1,40,0,good_cond,2,10
Kentron,133000,panelayin,0,1,2,1,62,0,good_cond,9,9
Kentron,130000,panelayin,0,1,2,1,80,0,good_cond,10,12
Kentron,74000,qare,0,0,3,1,74,0,bad_cond,4,5
Kentron,60000,monolit,0,1,1,1,40,0,good_cond,7,10
Kentron,110000,qare,0,0,2,2,80,0,good_cond,2,5
Kentron,68000,panelayin,0,1,3,1,78,0,good_cond,7,9
Kentron,155000,qare,0,0,6,1,128,0,bad_cond,3,3
Kentron,53000,panelayin,0,1,1,1,47,0,bad_cond,3,12
Kentron,75000,qare,0,1,1,1,34,0,bad_cond,5,6
Kentron,79000,panelayin,0,1,2,1,54,0,good_cond,11,14
Kentron,130000,panelayin,0,1,2,1,80,0,bad_cond,10,12
Kentron,135000,panelayin,0,1,3,1,72,0,bad_cond,10,10
Kentron,54000,panelayin,0,1,1,1,40,0,bad_cond,8,9
Kentron,100000,panelayin,0,1,3,1,78,0,bad_cond,8,10
Kentron,110000,monolit,0,1,1,1,51,0,bad_cond,5,9
Kentron,185000,qare,0,0,3,1,150,0,bad_cond,5,5
Kentron,55000,monolit,0,1,1,1,36,0,bad_cond,1,10
Kentron,47000,qare,0,0,2,1,59,0,bad_cond,3,5
Kentron,63000,qare,0,0,3,1,55,0,bad_cond,3,5
Kentron,30000,qare,0,0,1,1,31,0,bad_cond,1,2
Kentron,83000,qare,0,0,2,1,68,0,bad_cond,3,4
Kentron,227000,qare,0,0,4,1,130,0,bad_cond,2,4
Kentron,125000,panelayin,0,1,2,1,60,0,bad_cond,4,11
Kentron,160000,qare,0,1,3,1,88,0,bad_cond,5,6
Kentron,90000,panelayin,0,1,1,1,53,0,bad_cond,10,12
Kentron,85000,qare,0,0,2,1,68,0,norm_cond,2,5
Kentron,110000,qare,0,0,3,1,74,0,bad_cond,1,5
Kentron,46000,panelayin,0,1,1,1,42,0,bad_cond,9,10
Kentron,36000,qare,0,0,1,1,30,0,bad_cond,1,4
Kentron,110000,panelayin,0,1,3,1,97,0,bad_cond,5,9
Kentron,130000,panelayin,0,1,4,1,80,0,bad_cond,10,12
Kentron,270000,qare,0,0,4,1,102,0,bad_cond,2,4
Kentron,110000,panelayin,0,1,3,1,95,0,bad_cond,2,10
Kentron,86000,qare,0,0,3,1,73,0,bad_cond,3,5
Kentron,100000,qare,0,0,3,1,120,0,bad_cond,2,2
Kentron,200000,monolit,0,1,3,1,92,0,bad_cond,2,9
Kentron,150000,monolit,0,1,2,1,78,0,bad_cond,6,14
Kentron,140000,monolit,0,1,3,1,74,0,bad_cond,9,13
Kentron,90000,panelayin,0,1,1,1,53,0,bad_cond,10,12
Kentron,90000,panelayin,0,1,1,1,53,0,bad_cond,10,12
Kentron,55000,monolit,0,1,1,1,37,0,bad_cond,2,9
Kentron,95000,qare,0,0,3,1,74,0,bad_cond,5,5
Kentron,130000,qare,0,0,4,1,90,0,bad_cond,2,4
Kentron,183000,panelayin,0,1,3,1,90,0,bad_cond,7,11
Kentron,79000,qare,0,0,1,1,41,0,bad_cond,5,5
Kentron,240000,qare,0,0,4,1,133,0,bad_cond,3,5
Kentron,140000,monolit,0,1,2,1,84,0,bad_cond,2,22
Kentron,110000,panelayin,0,1,3,1,72,0,bad_cond,5,9
Kentron,74000,qare,0,0,2,1,55,0,bad_cond,5,5
Kentron,53000,qare,0,0,2,1,70,0,bad_cond,3,5
Kentron,70000,panelayin,0,1,2,1,70,0,bad_cond,2,9
Kentron,110000,panelayin,0,1,3,1,64,0,bad_cond,10,10
Kentron,178000,qare,0,0,4,1,90,0,good_cond,4,5
Kentron,81000,panelayin,0,1,3,1,81,0,bad_cond,1,9
Kentron,85000,panelayin,0,1,1,1,41,0,bad_cond,6,11
Kentron,128000,panelayin,0,1,2,1,70,0,bad_cond,8,11
Kentron,130000,panelayin,0,1,2,1,65,0,bad_cond,2,10
Kentron,80000,qare,0,0,2,1,50,0,bad_cond,4,4
Kentron,80000,qare,0,0,2,1,50,0,bad_cond,4,4
Kentron,115000,qare,0,1,3,1,112,0,bad_cond,8,12
Kentron,150000,panelayin,0,1,3,1,100,0,bad_cond,11,12
Kentron,72000,panelayin,0,1,2,1,66,0,bad_cond,3,10
Kentron,45000,qare,0,0,5,1,292,0,bad_cond,2,2
Kentron,90000,monolit,0,1,3,1,80,0,bad_cond,1,7
Kentron,69000,qare,0,0,2,1,59,0,bad_cond,3,5
Kentron,135000,panelayin,0,1,3,1,70,0,bad_cond,11,16
Kentron,90000,qare,0,1,3,1,100,0,bad_cond,3,12
Kentron,168000,qare,0,0,4,1,100,0,bad_cond,2,4
Kentron,137000,qare,0,0,4,1,125,0,bad_cond,3,3
Kentron,150000,panelayin,0,1,2,1,68,0,bad_cond,6,11
Kentron,32000,panelayin,0,1,1,1,44,0,bad_cond,1,9
Kentron,185000,monolit,0,1,3,1,80,0,bad_cond,6,9
Kentron,52000,qare,0,0,2,1,40,0,bad_cond,1,2
Kentron,60000,qare,0,0,1,1,41,0,bad_cond,1,5
Kentron,66000,panelayin,0,1,2,1,61,0,bad_cond,3,9
Kentron,70000,qare,0,0,3,1,78,0,bad_cond,5,5
Kentron,260000,monolit,0,1,3,1,143,0,bad_cond,12,13
Kentron,240000,qare,0,1,3,1,100,0,bad_cond,3,20
Kentron,110000,qare,0,0,3,1,108,0,bad_cond,1,3
Kentron,205000,monolit,0,1,3,1,70,0,bad_cond,7,10
Kentron,110000,qare,0,1,3,1,82,0,bad_cond,14,14
Kentron,48000,panelayin,0,0,2,1,51,0,bad_cond,4,5
Kentron,85000,qare,0,1,2,1,51,0,bad_cond,2,10
Kentron,130000,qare,0,0,3,1,85,0,bad_cond,4,5
Kentron,155000,qare,0,0,3,1,82,0,bad_cond,5,5
Kentron,113000,monolit,1,1,2,1,73,0,bad_cond,5,13
Kentron,82000,panelayin,0,1,1,1,41,0,bad_cond,4,10
Kentron,50000,qare,0,0,4,1,88,0,bad_cond,2,2
Kentron,27000,qare,0,0,3,1,100,0,bad_cond,1,5
Kentron,88000,qare,0,0,2,1,34,0,bad_cond,3,5
Kentron,190000,qare,0,1,3,1,88,0,bad_cond,6,9
Kentron,86500,panelayin,0,1,2,1,78,0,bad_cond,7,10
Kentron,150000,qare,0,0,3,1,73,0,bad_cond,4,4
Kentron,240000,monolit,0,1,3,1,98,0,bad_cond,5,14
Kentron,77000,panelayin,0,1,3,1,82,0,bad_cond,12,14
Kentron,95000,panelayin,0,1,3,1,90,1,good_cond,12,16
Kentron,75000,qare,0,0,3,1,70,0,bad_cond,1,2
Kentron,120000,qare,0,1,2,1,46,0,bad_cond,4,6
Kentron,52000,qare,0,0,2,1,34,0,bad_cond,3,5
Kentron,155000,qare,0,0,5,2,161,2,good_cond,4,5
Kentron,75000,panelayin,0,1,2,1,66,0,bad_cond,2,9
Kentron,115000,qare,0,1,3,1,101,0,bad_cond,6,6
Kentron,75000,monolit,0,1,2,1,52,0,bad_cond,9,14
Kentron,100000,panelayin,0,1,3,1,73,0,bad_cond,2,10
Kentron,93000,panelayin,0,1,3,1,98,0,bad_cond,2,10
Kentron,72000,panelayin,0,1,2,1,63,0,bad_cond,5,9
Kentron,75000,panelayin,0,1,2,1,45,0,bad_cond,10,11
Kentron,115000,qare,0,0,3,1,78,0,bad_cond,2,5
Kentron,130000,panelayin,0,1,3,1,68,0,bad_cond,12,12
Kentron,90000,qare,0,1,1,1,45,0,bad_cond,4,9
Kentron,90000,monolit,0,1,2,1,45,0,bad_cond,4,9
Kentron,155000,monolit,0,1,3,1,72,0,bad_cond,2,8
Kentron,130000,monolit,0,1,4,1,104,0,bad_cond,11,14
Kentron,125000,qare,0,0,2,1,63,0,bad_cond,4,5
Kentron,150000,panelayin,0,1,3,1,93,0,bad_cond,2,9
Kentron,120000,panelayin,0,1,2,1,72,0,bad_cond,3,10
Kentron,102000,panelayin,0,1,3,1,45,0,bad_cond,10,10
Kentron,210000,qare,0,1,4,1,150,0,bad_cond,3,8
Kentron,150000,aghyuse,0,0,3,1,74,0,bad_cond,5,5
Kentron,85000,monolit,0,1,2,1,40,0,bad_cond,8,8
Kentron,130000,qare,0,1,3,1,77,0,bad_cond,6,6
Kentron,78000,monolit,0,1,2,1,67,0,bad_cond,2,15
Kentron,85000,panelayin,0,1,1,1,52,0,bad_cond,11,11
Kentron,85000,qare,0,0,1,1,40,0,bad_cond,4,5
Kentron,130000,qare,0,0,2,1,51,0,bad_cond,4,4
Kentron,79000,monolit,0,1,2,1,51,0,bad_cond,7,9
Kentron,86000,qare,0,0,3,1,73,0,bad_cond,3,5
Kentron,67000,panelayin,0,1,2,1,62,0,bad_cond,14,16
Kentron,250000,qare,0,0,5,1,250,0,bad_cond,1,5
Kentron,135000,monolit,0,1,4,1,108,0,bad_cond,8,13
Kentron,80000,qare,0,1,2,1,40,0,good_cond,6,6
Kentron,110000,qare,0,0,2,1,75,0,bad_cond,4,5
Kentron,250000,qare,0,0,4,1,170,0,bad_cond,2,5
Kentron,63000,panelayin,0,1,1,1,45,0,bad_cond,9,9
Kentron,42000,qare,0,0,1,1,35,0,bad_cond,2,5
Malatia Sebastia,65000,panelayin,0,1,3,1,90,0,norm_cond,13,14
Malatia Sebastia,69900,panelayin,0,1,4,1,103,1,good_cond,8,9
Malatia Sebastia,57500,panelayin,0,1,3,2,73,0,norm_cond,8,9
Malatia Sebastia,64000,panelayin,0,0,4,1,102,1,good_cond,2,3
Malatia Sebastia,41000,panelayin,0,1,2,1,47,1,norm_cond,6,9
Malatia Sebastia,43000,panelayin,0,1,2,1,63,1,bad_cond,8,9
Malatia Sebastia,79000,qare,0,0,5,1,105,1,good_cond,4,5
Malatia Sebastia,77000,panelayin,0,1,4,2,116,1,good_cond,9,9
Malatia Sebastia,48000,panelayin,1,1,3,1,54,1,norm_cond,6,9
Malatia Sebastia,85000,qare,0,0,4,1,98,0,norm_cond,1,4
Malatia Sebastia,85000,qare,0,0,4,1,98,2,norm_cond,1,4
Malatia Sebastia,56000,panelayin,0,1,3,2,68,1,good_cond,8,9
Malatia Sebastia,63000,panelayin,0,1,4,1,88,1,norm_cond,8,9
Malatia Sebastia,50000,panelayin,0,0,3,2,72,0,norm_cond,4,4
Malatia Sebastia,61500,qare,0,0,3,1,84,2,good_cond,3,5
Malatia Sebastia,27500,panelayin,0,1,3,1,75,0,good_cond,1,9
Malatia Sebastia,65000,qare,0,0,3,1,94,0,norm_cond,4,5
Malatia Sebastia,90000,panelayin,0,1,4,1,90,1,good_cond,7,9
Malatia Sebastia,65000,monolit,0,1,2,1,50,0,bad_cond,6,7
Malatia Sebastia,65000,panelayin,0,1,3,1,74,1,good_cond,9,9
Malatia Sebastia,70000,qare,0,1,3,1,74,0,bad_cond,4,6
Malatia Sebastia,79000,panelayin,0,1,4,2,116,1,good_cond,9,9
Malatia Sebastia,72000,qare,0,0,3,1,100,0,bad_cond,1,5
Malatia Sebastia,63000,panelayin,0,1,3,1,83,1,norm_cond,12,14
Malatia Sebastia,43000,panelayin,0,1,3,1,64,0,norm_cond,1,14
Malatia Sebastia,42000,qare,0,0,1,1,48,1,bad_cond,3,5
Malatia Sebastia,53000,qare,0,0,3,1,64,0,bad_cond,5,5
Malatia Sebastia,63000,panelayin,0,1,3,1,80,0,good_cond,10,15
Malatia Sebastia,52000,qare,0,0,2,1,64,2,norm_cond,4,5
Malatia Sebastia,57000,panelayin,0,1,2,1,66,1,norm_cond,9,9
Malatia Sebastia,54500,qare,0,0,2,1,68,1,bad_cond,1,5
Malatia Sebastia,60000,panelayin,0,1,3,1,76,1,norm_cond,9,9
Malatia Sebastia,53000,panelayin,0,1,3,1,64,0,bad_cond,2,14
Malatia Sebastia,65000,panelayin,0,1,3,2,83,2,norm_cond,9,9
Malatia Sebastia,45000,panelayin,0,1,3,1,66,1,norm_cond,6,9
Malatia Sebastia,68000,panelayin,0,1,5,1,95,2,good_cond,1,9
Malatia Sebastia,30000,qare,0,0,1,1,28,0,norm_cond,1,4
Malatia Sebastia,60000,panelayin,0,1,3,1,62,1,good_cond,1,9
Malatia Sebastia,75000,panelayin,0,1,2,1,71,1,good_cond,9,10
Malatia Sebastia,59000,panelayin,0,1,3,1,80,1,good_cond,8,9
Malatia Sebastia,75000,panelayin,0,1,4,2,126,0,good_cond,9,9
Malatia Sebastia,58000,panelayin,0,1,2,1,62,1,good_cond,7,9
Malatia Sebastia,60000,qare,0,1,3,1,78,0,good_cond,1,14
Malatia Sebastia,61500,panelayin,0,1,2,1,70,1,good_cond,4,9
Malatia Sebastia,75000,panelayin,0,1,3,1,105,0,norm_cond,16,16
Malatia Sebastia,67000,qare,1,0,5,1,136,0,bad_cond,1,1
Malatia Sebastia,50000,panelayin,0,1,2,1,50,1,good_cond,14,14
Malatia Sebastia,55000,panelayin,0,1,3,1,63,2,norm_cond,7,16
Malatia Sebastia,55000,qare,1,0,3,1,78,1,norm_cond,5,5
Malatia Sebastia,80000,panelayin,0,1,3,1,72,1,norm_cond,8,9
Malatia Sebastia,70000,panelayin,0,1,3,1,100,2,good_cond,1,9
Malatia Sebastia,49000,qare,0,0,2,1,69,0,bad_cond,1,4
Malatia Sebastia,70000,panelayin,0,1,3,1,100,2,norm_cond,7,9
Malatia Sebastia,37500,panelayin,0,1,2,1,52,1,norm_cond,13,14
Malatia Sebastia,47000,panelayin,0,1,2,1,54,1,good_cond,1,9
Malatia Sebastia,70000,panelayin,0,1,3,2,80,1,good_cond,1,9
Malatia Sebastia,70000,panelayin,0,1,3,1,72,1,norm_cond,4,9
Malatia Sebastia,32000,panelayin,0,1,1,1,42,1,good_cond,6,9
Malatia Sebastia,65000,panelayin,0,1,4,1,90,1,norm_cond,8,9
Malatia Sebastia,70000,panelayin,0,1,3,1,98,1,good_cond,1,9
Malatia Sebastia,59000,panelayin,0,1,3,1,75,1,good_cond,4,9
Malatia Sebastia,66000,panelayin,0,1,3,2,100,2,bad_cond,6,9
Malatia Sebastia,62000,panelayin,0,1,3,1,86,2,norm_cond,6,9
Malatia Sebastia,65000,qare,0,0,3,1,102,2,norm_cond,4,5
Malatia Sebastia,67000,panelayin,0,1,3,1,76,1,good_cond,9,9
Malatia Sebastia,87000,qare,0,0,3,1,85,0,good_cond,1,5
Malatia Sebastia,60000,panelayin,0,1,4,3,85,1,good_cond,13,14
Malatia Sebastia,44000,panelayin,0,1,2,1,52,1,norm_cond,1,9
Malatia Sebastia,72000,panelayin,0,1,4,1,130,0,bad_cond,15,16
Malatia Sebastia,46500,panelayin,0,1,1,1,45,1,good_cond,4,9
Malatia Sebastia,40000,panelayin,0,1,1,1,51,1,norm_cond,1,9
Malatia Sebastia,73000,panelayin,0,1,3,1,80,2,good_cond,6,9
Malatia Sebastia,65000,panelayin,0,1,2,1,67,0,bad_cond,8,9
Malatia Sebastia,56000,panelayin,0,1,3,2,68,1,good_cond,8,9
Malatia Sebastia,93000,monolit,0,1,6,2,110,1,good_cond,9,10
Malatia Sebastia,68000,panelayin,0,1,4,1,140,1,good_cond,9,9
Malatia Sebastia,50000,panelayin,0,1,1,1,58,1,good_cond,2,9
Malatia Sebastia,52000,panelayin,0,1,2,1,67,1,good_cond,14,14
Malatia Sebastia,65000,qare,0,1,3,1,84,2,norm_cond,6,9
Malatia Sebastia,33000,panelayin,0,1,3,1,63,0,good_cond,10,10
Malatia Sebastia,60000,panelayin,0,1,3,1,76,0,norm_cond,9,9
Malatia Sebastia,59500,panelayin,0,1,3,1,73,1,good_cond,8,9
Malatia Sebastia,70000,panelayin,0,1,4,1,86,1,good_cond,3,9
Malatia Sebastia,55000,panelayin,0,1,2,2,54,1,good_cond,1,9
Malatia Sebastia,70000,qare,0,0,2,1,69,1,good_cond,3,5
Malatia Sebastia,62000,qare,0,0,3,1,91,1,norm_cond,5,5
Malatia Sebastia,65000,panelayin,0,1,3,1,80,2,good_cond,8,9
Malatia Sebastia,65000,panelayin,0,1,3,1,80,2,good_cond,8,9
Malatia Sebastia,65000,panelayin,0,1,4,1,110,0,bad_cond,15,15
Malatia Sebastia,62000,panelayin,0,1,3,1,61,0,good_cond,6,12
Malatia Sebastia,70000,panelayin,0,1,3,1,73,0,norm_cond,9,9
Malatia Sebastia,58000,panelayin,0,1,3,1,80,0,good_cond,5,9
Malatia Sebastia,55000,panelayin,0,1,3,1,73,1,good_cond,9,9
Malatia Sebastia,50000,panelayin,0,1,2,1,63,0,bad_cond,8,9
Malatia Sebastia,52000,qare,0,0,3,3,80,1,norm_cond,5,5
Malatia Sebastia,35000,qare,0,0,2,1,35,0,good_cond,4,4
Malatia Sebastia,68000,panelayin,0,1,4,1,87,2,good_cond,9,9
Malatia Sebastia,49999,panelayin,0,1,2,1,62,1,norm_cond,7,16
Malatia Sebastia,60000,panelayin,0,1,3,2,80,2,norm_cond,13,14
Malatia Sebastia,45000,panelayin,0,1,1,1,50,1,norm_cond,4,9
Malatia Sebastia,68000,panelayin,0,1,3,1,85,0,good_cond,4,14
Malatia Sebastia,62000,panelayin,0,1,3,1,79,1,norm_cond,9,9
Malatia Sebastia,40000,qare,0,0,3,1,62,1,good_cond,1,2
Malatia Sebastia,44000,panelayin,0,1,1,1,52,1,good_cond,1,9
Malatia Sebastia,55000,monolit,1,1,2,1,36,1,good_cond,1,8
Malatia Sebastia,55000,panelayin,0,1,6,1,120,0,bad_cond,2,9
Malatia Sebastia,55000,panelayin,0,1,3,1,68,1,good_cond,3,9
Malatia Sebastia,27000,qare,0,0,1,1,45,0,norm_cond,5,5
Malatia Sebastia,68000,panelayin,1,1,3,1,74,0,good_cond,7,9
Malatia Sebastia,79000,panelayin,0,1,4,1,85,1,good_cond,7,9
Malatia Sebastia,75000,panelayin,0,1,3,1,68,0,bad_cond,12,15
Malatia Sebastia,52000,panelayin,0,1,3,1,70,1,norm_cond,9,9
Malatia Sebastia,55000,panelayin,0,1,3,1,78,1,bad_cond,2,9
Malatia Sebastia,78000,panelayin,0,1,4,1,104,1,norm_cond,11,14
Malatia Sebastia,56000,panelayin,0,1,2,1,65,0,norm_cond,10,15
Malatia Sebastia,41000,qare,0,0,1,1,45,1,norm_cond,5,5
Malatia Sebastia,60000,panelayin,0,1,2,1,61,1,norm_cond,10,10
Malatia Sebastia,75000,panelayin,0,1,4,1,90,1,good_cond,2,9
Malatia Sebastia,45000,qare,1,0,1,1,47,1,norm_cond,5,5
Malatia Sebastia,60000,qare,0,1,4,1,97,0,good_cond,1,10
Malatia Sebastia,48000,panelayin,0,1,3,1,84,0,norm_cond,9,9
Malatia Sebastia,46000,panelayin,0,1,3,1,70,1,norm_cond,7,9
Malatia Sebastia,65000,panelayin,0,1,3,1,78,1,bad_cond,7,14
Malatia Sebastia,67000,panelayin,0,1,4,1,83,0,good_cond,4,9
Malatia Sebastia,94000,panelayin,0,0,3,1,75,0,bad_cond,3,5
Malatia Sebastia,25000,qare,0,0,2,1,47,0,norm_cond,1,5
Malatia Sebastia,61000,panelayin,1,1,3,1,72,1,good_cond,2,9
Malatia Sebastia,88000,qare,0,0,5,1,85,0,good_cond,1,5
Malatia Sebastia,55000,panelayin,0,1,3,1,73,1,norm_cond,8,9
Malatia Sebastia,70000,panelayin,0,1,4,1,78,1,good_cond,3,9
Malatia Sebastia,60000,panelayin,0,1,3,1,85,1,norm_cond,3,14
Malatia Sebastia,73000,panelayin,0,1,3,1,74,0,norm_cond,6,9
Malatia Sebastia,50000,panelayin,0,1,2,1,49,1,good_cond,3,9
Malatia Sebastia,69000,panelayin,0,1,3,1,83,1,good_cond,5,14
Malatia Sebastia,71990,panelayin,0,1,4,1,90,1,norm_cond,8,9
Malatia Sebastia,78000,panelayin,0,1,3,1,135,0,bad_cond,9,9
Malatia Sebastia,45000,panelayin,0,1,3,1,66,1,norm_cond,6,9
Malatia Sebastia,65000,panelayin,0,1,4,2,90,1,norm_cond,6,9
Malatia Sebastia,65000,panelayin,0,1,3,1,71,0,norm_cond,5,9
Malatia Sebastia,42000,panelayin,0,1,1,1,50,1,good_cond,1,9
Malatia Sebastia,47000,monolit,0,1,3,1,74,1,norm_cond,9,9
Malatia Sebastia,45000,panelayin,0,1,2,1,67,1,bad_cond,5,9
Malatia Sebastia,32000,panelayin,0,1,1,1,42,1,good_cond,6,9
Malatia Sebastia,36900,panelayin,0,1,1,1,46,1,norm_cond,2,9
Malatia Sebastia,56000,panelayin,0,1,3,1,84,0,bad_cond,13,16
Malatia Sebastia,65000,panelayin,0,1,2,1,60,0,good_cond,3,9
Malatia Sebastia,61000,panelayin,0,1,3,1,85,0,bad_cond,7,14
Malatia Sebastia,67000,panelayin,0,1,3,1,88,0,good_cond,8,14
Malatia Sebastia,75000,monolit,1,1,2,1,70,1,good_cond,5,6
Malatia Sebastia,48000,panelayin,0,1,4,1,86,0,good_cond,9,9
Malatia Sebastia,42000,qare,0,0,2,1,50,0,good_cond,5,5
Malatia Sebastia,78000,panelayin,0,1,4,1,92,1,good_cond,2,9
Malatia Sebastia,75000,panelayin,0,1,4,2,98,1,norm_cond,6,9
Malatia Sebastia,85000,panelayin,0,1,3,1,100,0,bad_cond,3,14
Malatia Sebastia,65000,qare,0,0,3,1,82,2,norm_cond,1,5
Malatia Sebastia,55000,panelayin,0,1,3,1,71,1,norm_cond,2,9
Malatia Sebastia,78000,panelayin,0,1,4,1,110,1,norm_cond,11,14
Malatia Sebastia,64000,panelayin,0,1,3,1,80,0,good_cond,14,14
Malatia Sebastia,67000,panelayin,0,1,3,1,96,0,norm_cond,7,14
Malatia Sebastia,68000,panelayin,0,1,3,1,82,0,good_cond,9,14
Malatia Sebastia,62000,qare,0,1,3,1,110,0,good_cond,1,9
Malatia Sebastia,67000,panelayin,0,1,3,1,80,1,norm_cond,10,14
Malatia Sebastia,71000,panelayin,0,1,3,1,90,0,norm_cond,8,11
Malatia Sebastia,73000,panelayin,0,1,3,1,85,0,good_cond,12,15
Malatia Sebastia,68000,panelayin,0,1,3,2,80,1,good_cond,15,16
Malatia Sebastia,77000,panelayin,0,1,3,1,75,0,bad_cond,1,9
Malatia Sebastia,46500,panelayin,0,1,2,1,62,2,bad_cond,3,9
Malatia Sebastia,62000,panelayin,0,1,3,1,74,1,good_cond,9,9
Malatia Sebastia,60000,panelayin,0,1,2,2,62,1,good_cond,8,9
Malatia Sebastia,65000,panelayin,0,1,3,1,82,1,norm_cond,10,14
Malatia Sebastia,70000,panelayin,0,1,3,1,89,1,norm_cond,10,14
Malatia Sebastia,47000,panelayin,0,1,1,1,55,1,good_cond,4,9
Malatia Sebastia,48000,qare,0,0,3,1,63,2,norm_cond,3,5
Malatia Sebastia,80000,panelayin,0,1,3,1,74,1,good_cond,7,9
Malatia Sebastia,63000,panelayin,0,1,3,1,81,0,good_cond,14,14
Malatia Sebastia,50000,panelayin,0,1,2,2,66,1,norm_cond,7,9
Malatia Sebastia,65000,panelayin,0,1,3,1,84,1,norm_cond,9,9
Malatia Sebastia,44000,panelayin,0,1,1,1,52,1,good_cond,1,9
Malatia Sebastia,78000,qare,0,0,4,2,110,1,good_cond,3,5
Malatia Sebastia,80000,panelayin,1,1,3,1,90,0,good_cond,3,14
Malatia Sebastia,73000,panelayin,0,1,4,1,88,1,norm_cond,5,9
Malatia Sebastia,63000,qare,0,0,3,1,78,0,bad_cond,5,5
Malatia Sebastia,68000,panelayin,0,1,3,1,78,1,norm_cond,5,9
Malatia Sebastia,50000,qare,0,0,3,2,78,1,bad_cond,5,5
Malatia Sebastia,60000,panelayin,0,1,2,1,67,0,bad_cond,5,9
Malatia Sebastia,68000,qare,1,1,3,1,74,1,bad_cond,2,9
Malatia Sebastia,79000,panelayin,0,1,4,1,85,1,good_cond,7,9
Malatia Sebastia,63000,qare,1,1,3,3,84,1,norm_cond,4,9
Malatia Sebastia,59000,panelayin,0,0,3,1,70,1,good_cond,1,1
Malatia Sebastia,67000,panelayin,0,1,3,1,78,1,norm_cond,5,9
Malatia Sebastia,60000,panelayin,0,1,3,1,80,2,good_cond,6,9
Malatia Sebastia,47900,qare,0,1,3,1,64,1,norm_cond,2,10
Malatia Sebastia,100000,panelayin,0,1,3,1,90,1,good_cond,4,14
Malatia Sebastia,70000,qare,0,0,2,2,60,0,good_cond,1,5
Malatia Sebastia,38500,panelayin,0,1,2,1,45,1,norm_cond,5,9
Malatia Sebastia,56000,panelayin,0,1,3,1,65,0,norm_cond,9,14
Malatia Sebastia,45000,panelayin,0,1,3,1,60,0,good_cond,9,9
Malatia Sebastia,55000,panelayin,0,1,2,1,61,1,good_cond,3,9
Malatia Sebastia,48000,qare,0,0,2,1,72,1,norm_cond,4,5
Malatia Sebastia,28650,qare,0,0,1,1,28,1,good_cond,3,4
Malatia Sebastia,57000,panelayin,0,1,3,1,65,1,good_cond,14,14
Malatia Sebastia,44000,panelayin,0,1,1,1,50,1,good_cond,6,9
Malatia Sebastia,68000,panelayin,0,1,3,1,75,0,good_cond,1,9
Malatia Sebastia,58000,panelayin,0,1,3,2,83,2,norm_cond,7,14
Malatia Sebastia,62000,panelayin,0,1,3,1,75,0,bad_cond,3,9
Malatia Sebastia,63000,qare,0,0,3,1,80,1,good_cond,4,4
Malatia Sebastia,110000,monolit,1,1,3,2,82,1,good_cond,4,8
Malatia Sebastia,57000,panelayin,0,1,4,1,90,1,norm_cond,2,9
Malatia Sebastia,75000,panelayin,0,1,3,1,84,1,good_cond,5,14
Malatia Sebastia,50000,panelayin,0,1,4,1,89,1,norm_cond,9,9
Malatia Sebastia,49000,panelayin,0,1,2,1,63,2,good_cond,8,9
Malatia Sebastia,85000,panelayin,0,1,4,1,95,0,good_cond,6,9
Malatia Sebastia,137000,qare,1,1,5,2,134,1,good_cond,5,6
Malatia Sebastia,60000,panelayin,0,1,3,1,73,1,bad_cond,9,9
Malatia Sebastia,33500,qare,0,0,2,1,36,1,good_cond,4,4
Malatia Sebastia,35000,qare,0,0,1,1,38,0,norm_cond,3,4
Malatia Sebastia,57000,panelayin,0,1,3,1,75,0,bad_cond,6,9
Malatia Sebastia,68000,qare,0,0,4,1,82,1,norm_cond,5,5
Malatia Sebastia,54000,monolit,0,1,3,2,65,1,good_cond,8,10
Malatia Sebastia,123000,qare,1,1,3,1,121,1,bad_cond,4,6
Malatia Sebastia,56000,panelayin,0,1,3,1,70,1,good_cond,3,9
Malatia Sebastia,51500,panelayin,0,1,3,1,76,1,good_cond,9,9
Malatia Sebastia,65000,panelayin,0,1,4,1,64,0,norm_cond,7,10
Malatia Sebastia,69900,panelayin,0,1,3,1,82,0,bad_cond,2,9
Malatia Sebastia,52000,qare,0,0,2,1,57,1,norm_cond,3,5
Malatia Sebastia,100000,qare,0,0,3,3,120,0,good_cond,2,5
Malatia Sebastia,100000,qare,0,0,3,3,120,0,good_cond,2,5
Malatia Sebastia,60000,panelayin,0,1,3,2,73,1,norm_cond,4,9
Malatia Sebastia,45000,panelayin,0,1,1,1,44,1,good_cond,4,9
Malatia Sebastia,59000,panelayin,0,1,2,1,70,1,norm_cond,6,14
Malatia Sebastia,56000,panelayin,0,1,3,1,78,2,norm_cond,1,9
Malatia Sebastia,68000,panelayin,0,1,4,1,100,0,good_cond,8,9
Malatia Sebastia,64000,panelayin,0,1,3,1,80,0,bad_cond,14,15
Malatia Sebastia,67000,panelayin,0,1,3,1,88,0,good_cond,8,14
Malatia Sebastia,100000,panelayin,0,1,4,2,92,1,norm_cond,7,9
Malatia Sebastia,54000,panelayin,0,1,2,1,67,0,norm_cond,3,9
Malatia Sebastia,75000,panelayin,0,1,3,1,80,2,good_cond,4,9
Malatia Sebastia,63000,panelayin,0,1,4,1,83,1,norm_cond,9,9
Malatia Sebastia,115000,monolit,1,1,3,2,86,2,good_cond,9,14
Malatia Sebastia,50000,qare,0,0,3,1,72,1,norm_cond,5,5
Malatia Sebastia,75000,panelayin,0,1,3,1,78,0,good_cond,6,14
Malatia Sebastia,60000,qare,0,0,2,1,62,1,good_cond,4,5
Malatia Sebastia,48500,panelayin,0,1,3,1,75,1,norm_cond,1,9
Malatia Sebastia,50000,panelayin,0,1,3,1,77,1,good_cond,6,9
Malatia Sebastia,52000,qare,0,0,3,1,120,1,norm_cond,5,5
Malatia Sebastia,65000,panelayin,0,1,2,1,69,1,good_cond,2,9
Malatia Sebastia,87000,qare,0,0,5,1,112,1,good_cond,5,5
Malatia Sebastia,140000,panelayin,0,1,4,1,142,2,good_cond,4,9
Malatia Sebastia,65000,monolit,1,1,1,1,33,1,good_cond,13,32
Malatia Sebastia,45000,panelayin,0,1,1,1,41,1,good_cond,10,10
Malatia Sebastia,57000,panelayin,0,1,3,1,74,1,bad_cond,3,9
Malatia Sebastia,43000,panelayin,0,1,3,1,49,1,good_cond,1,9
Malatia Sebastia,38000,qare,0,0,1,1,44,1,good_cond,4,5
Malatia Sebastia,53000,panelayin,0,1,3,3,83,1,norm_cond,12,14
Malatia Sebastia,53000,panelayin,0,1,3,3,83,1,norm_cond,12,14
Malatia Sebastia,70000,panelayin,0,1,3,1,83,1,norm_cond,8,9
Malatia Sebastia,65000,panelayin,0,1,4,1,88,1,norm_cond,2,9
Malatia Sebastia,55000,panelayin,0,1,3,1,80,2,norm_cond,7,9
Malatia Sebastia,70000,panelayin,0,1,4,1,110,2,good_cond,9,9
Malatia Sebastia,38000,qare,0,0,1,1,48,1,bad_cond,3,5
Malatia Sebastia,60000,panelayin,0,1,4,1,100,0,bad_cond,14,14
Malatia Sebastia,62000,panelayin,0,1,3,1,70,1,good_cond,1,9
Malatia Sebastia,68000,panelayin,0,1,4,1,91,1,good_cond,9,9
Malatia Sebastia,51500,panelayin,0,1,3,1,78,2,norm_cond,9,9
Malatia Sebastia,42000,qare,0,0,2,1,33,0,good_cond,3,5
Malatia Sebastia,60000,panelayin,0,1,3,1,72,1,good_cond,5,9
Malatia Sebastia,56000,panelayin,0,1,2,2,57,1,good_cond,9,14
Malatia Sebastia,70000,panelayin,0,1,4,1,84,1,norm_cond,9,14
Malatia Sebastia,70000,panelayin,0,1,4,1,78,1,good_cond,3,9
Malatia Sebastia,50000,panelayin,0,1,1,1,58,1,good_cond,2,9
Malatia Sebastia,40000,qare,1,0,3,1,62,0,bad_cond,1,5
Malatia Sebastia,40000,qare,1,0,3,1,62,0,bad_cond,1,5
Malatia Sebastia,37000,panelayin,0,1,1,2,54,1,norm_cond,1,9
Malatia Sebastia,35000,panelayin,0,1,1,1,50,1,norm_cond,1,9
Malatia Sebastia,50000,panelayin,0,1,4,1,65,1,norm_cond,6,9
Malatia Sebastia,75000,qare,0,1,4,1,90,0,bad_cond,8,9
Malatia Sebastia,72000,panelayin,0,1,4,1,93,1,norm_cond,5,9
Malatia Sebastia,60000,qare,0,0,4,1,110,0,bad_cond,1,5
Malatia Sebastia,44000,panelayin,0,1,2,1,62,1,norm_cond,8,9
Malatia Sebastia,60500,panelayin,0,1,3,2,65,1,good_cond,8,10
Malatia Sebastia,54000,panelayin,0,1,3,2,65,1,good_cond,8,10
Malatia Sebastia,110000,panelayin,0,1,3,1,80,0,good_cond,5,14
Malatia Sebastia,79000,qare,0,0,5,1,105,1,good_cond,4,5
Malatia Sebastia,42000,panelayin,0,1,2,1,56,1,good_cond,1,9
Malatia Sebastia,79000,panelayin,0,1,4,1,108,0,good_cond,3,14
Malatia Sebastia,85000,panelayin,0,1,3,2,93,0,good_cond,4,16
Malatia Sebastia,51000,panelayin,0,1,2,1,63,2,norm_cond,8,10
Malatia Sebastia,32000,qare,0,0,1,1,28,0,good_cond,3,4
Malatia Sebastia,52500,panelayin,0,1,3,1,80,2,norm_cond,8,9
Malatia Sebastia,57000,panelayin,0,1,3,1,80,0,bad_cond,1,9
Malatia Sebastia,37500,panelayin,0,1,1,1,47,1,norm_cond,9,9
Malatia Sebastia,58000,panelayin,1,1,2,1,67,0,good_cond,2,14
Malatia Sebastia,60000,panelayin,0,1,4,1,88,1,norm_cond,8,9
Malatia Sebastia,54500,panelayin,0,1,3,1,67,1,good_cond,8,9
Malatia Sebastia,54000,qare,0,0,2,1,50,1,norm_cond,5,5
Malatia Sebastia,55000,panelayin,0,1,3,1,77,0,bad_cond,1,9
Malatia Sebastia,48000,panelayin,0,1,2,1,66,1,bad_cond,13,16
Malatia Sebastia,39500,panelayin,1,1,2,2,44,1,norm_cond,5,9
Malatia Sebastia,40000,qare,0,1,2,1,52,0,good_cond,1,16
Malatia Sebastia,65000,panelayin,0,1,3,1,87,1,good_cond,3,14
Malatia Sebastia,55000,panelayin,0,1,3,1,76,1,norm_cond,6,9
Malatia Sebastia,47000,panelayin,0,1,2,1,46,1,good_cond,5,9
Malatia Sebastia,57000,panelayin,0,1,3,1,72,1,norm_cond,4,9
Malatia Sebastia,65000,panelayin,0,1,4,1,87,1,norm_cond,6,9
Malatia Sebastia,84000,panelayin,0,1,4,2,120,1,good_cond,10,16
Malatia Sebastia,53000,panelayin,1,1,4,1,86,0,good_cond,1,10
Malatia Sebastia,60000,panelayin,0,1,4,1,130,0,bad_cond,10,11
Malatia Sebastia,54000,monolit,0,1,3,2,65,1,good_cond,8,10
Malatia Sebastia,70000,panelayin,0,1,3,1,78,1,good_cond,7,9
Malatia Sebastia,65000,panelayin,0,1,4,3,87,2,good_cond,9,9
Malatia Sebastia,75000,panelayin,0,1,3,1,82,1,good_cond,12,14
Malatia Sebastia,50000,qare,0,0,5,1,100,0,bad_cond,3,5
Malatia Sebastia,57000,panelayin,0,1,3,1,83,1,bad_cond,10,14
Malatia Sebastia,68000,panelayin,0,1,2,1,60,0,good_cond,6,9
Malatia Sebastia,78000,panelayin,1,1,2,1,70,1,good_cond,7,10
Malatia Sebastia,67000,panelayin,0,1,4,1,147,0,good_cond,1,9
Malatia Sebastia,80000,panelayin,0,1,3,1,83,1,good_cond,10,15
Malatia Sebastia,52500,panelayin,0,1,3,1,64,1,good_cond,8,10
Malatia Sebastia,65000,panelayin,0,1,4,1,90,0,good_cond,9,9
Malatia Sebastia,55000,qare,0,0,3,1,70,1,norm_cond,5,5
Malatia Sebastia,62000,panelayin,0,1,3,2,86,1,bad_cond,13,14
Malatia Sebastia,59500,qare,0,0,2,1,58,1,good_cond,5,5
Malatia Sebastia,67000,panelayin,0,1,4,1,101,1,bad_cond,6,9
Malatia Sebastia,41000,qare,0,0,2,1,59,1,bad_cond,1,5
Malatia Sebastia,66000,panelayin,0,1,3,2,83,1,good_cond,5,14
Malatia Sebastia,90000,panelayin,0,1,4,1,90,0,bad_cond,9,9
Malatia Sebastia,47000,panelayin,0,1,2,1,54,1,good_cond,13,14
Malatia Sebastia,70000,qare,0,0,3,1,73,1,norm_cond,4,5
Malatia Sebastia,65000,panelayin,0,1,3,1,80,1,good_cond,5,9
Malatia Sebastia,31000,panelayin,0,1,1,1,31,0,norm_cond,1,16
Malatia Sebastia,70000,panelayin,0,1,3,1,90,0,good_cond,9,9
Malatia Sebastia,70000,panelayin,0,1,3,1,85,1,norm_cond,4,14
Malatia Sebastia,48900,monolit,0,1,3,1,67,2,norm_cond,15,16
Malatia Sebastia,67000,panelayin,0,1,4,1,90,0,bad_cond,5,9
Malatia Sebastia,38000,monolit,0,1,1,1,43,0,norm_cond,2,9
Malatia Sebastia,70000,qare,0,0,4,1,108,2,bad_cond,5,5
Malatia Sebastia,80000,qare,0,0,3,1,108,2,good_cond,4,5
Malatia Sebastia,62000,panelayin,0,1,3,1,67,0,good_cond,9,9
Malatia Sebastia,60000,panelayin,0,1,4,1,87,1,bad_cond,2,9
Malatia Sebastia,55000,panelayin,0,1,3,1,70,1,norm_cond,13,14
Malatia Sebastia,50000,panelayin,0,1,1,1,57,1,norm_cond,2,9
Malatia Sebastia,55000,panelayin,0,1,2,1,55,1,good_cond,9,14
Malatia Sebastia,65000,panelayin,0,1,3,1,80,1,good_cond,1,9
Malatia Sebastia,40000,panelayin,0,1,1,1,50,0,good_cond,8,9
Malatia Sebastia,60000,qare,0,0,2,1,59,0,good_cond,2,5
Malatia Sebastia,63000,qare,0,0,3,1,78,0,good_cond,5,5
Malatia Sebastia,77000,panelayin,0,1,4,1,86,1,good_cond,5,14
Malatia Sebastia,55000,panelayin,0,1,2,1,67,0,good_cond,4,10
Malatia Sebastia,38000,monolit,1,0,1,1,32,1,good_cond,2,4
Malatia Sebastia,50000,panelayin,0,1,2,1,70,0,bad_cond,7,9
Malatia Sebastia,71000,panelayin,0,1,3,1,84,0,good_cond,2,14
Malatia Sebastia,70000,panelayin,0,1,4,2,90,1,norm_cond,5,9
Malatia Sebastia,67000,panelayin,1,1,4,3,92,1,good_cond,8,8
Malatia Sebastia,60000,qare,0,0,4,1,198,0,bad_cond,1,2
Malatia Sebastia,56000,panelayin,0,1,3,1,78,1,norm_cond,5,9
Malatia Sebastia,47000,panelayin,0,1,2,1,55,1,good_cond,5,9
Malatia Sebastia,92000,qare,1,0,4,2,225,1,good_cond,1,1
Malatia Sebastia,46000,panelayin,0,1,2,1,64,1,norm_cond,6,9
Malatia Sebastia,65000,panelayin,0,1,3,1,63,1,good_cond,7,10
Malatia Sebastia,62000,qare,0,0,3,1,73,1,good_cond,4,5
Malatia Sebastia,46000,panelayin,0,1,1,1,53,1,norm_cond,1,9
Malatia Sebastia,45500,panelayin,1,1,2,1,44,1,norm_cond,7,9
Malatia Sebastia,50000,panelayin,0,1,2,1,48,0,bad_cond,6,9
Malatia Sebastia,79800,panelayin,0,1,3,1,92,1,good_cond,4,14
Malatia Sebastia,55000,panelayin,0,1,2,1,67,0,norm_cond,8,9
Malatia Sebastia,85000,qare,1,0,5,3,135,1,good_cond,1,5
Malatia Sebastia,75000,panelayin,0,1,3,1,70,1,good_cond,5,9
Malatia Sebastia,78000,panelayin,0,1,4,1,100,1,good_cond,6,9
Malatia Sebastia,45000,panelayin,0,1,3,2,70,0,norm_cond,1,15
Malatia Sebastia,100000,qare,0,0,4,3,120,1,good_cond,4,5
Malatia Sebastia,70000,panelayin,0,1,3,1,84,1,good_cond,9,9
Malatia Sebastia,27500,panelayin,1,1,3,1,75,0,good_cond,1,9
Malatia Sebastia,140000,panelayin,0,1,4,1,180,0,bad_cond,2,9
Malatia Sebastia,65000,panelayin,0,1,3,3,140,2,good_cond,1,9
Malatia Sebastia,100000,monolit,0,1,5,1,100,1,good_cond,6,8
Malatia Sebastia,55000,panelayin,0,1,2,1,66,0,bad_cond,2,9
Malatia Sebastia,57000,panelayin,0,1,2,1,73,1,norm_cond,10,16
Malatia Sebastia,65000,panelayin,0,1,3,1,73,0,good_cond,4,9
Malatia Sebastia,61000,panelayin,0,1,4,1,87,1,bad_cond,6,9
Malatia Sebastia,81000,qare,0,0,5,1,95,0,good_cond,4,5
Malatia Sebastia,60000,panelayin,0,1,4,1,96,1,norm_cond,7,9
Malatia Sebastia,67000,panelayin,0,1,3,1,76,1,good_cond,4,9
Malatia Sebastia,85000,qare,0,1,3,1,94,1,good_cond,1,9
Malatia Sebastia,60000,panelayin,0,1,3,1,84,0,bad_cond,14,14
Malatia Sebastia,46000,panelayin,0,1,1,1,55,0,good_cond,2,9
Malatia Sebastia,77000,monolit,1,1,2,1,60,1,good_cond,6,6
Malatia Sebastia,63500,panelayin,0,0,3,1,76,1,good_cond,5,5
Malatia Sebastia,70000,panelayin,0,1,3,2,90,0,good_cond,9,9
Malatia Sebastia,60000,panelayin,0,1,3,1,76,2,bad_cond,4,9
Malatia Sebastia,63000,qare,0,1,3,1,78,1,good_cond,4,9
Malatia Sebastia,39000,qare,0,0,1,1,48,1,bad_cond,3,5
Malatia Sebastia,67000,qare,0,1,3,3,150,1,norm_cond,1,9
Malatia Sebastia,63000,qare,0,0,4,1,100,1,bad_cond,3,5
Malatia Sebastia,67000,panelayin,0,1,3,1,82,1,good_cond,3,14
Malatia Sebastia,86000,panelayin,0,1,4,2,125,1,good_cond,10,16
Malatia Sebastia,40000,qare,0,0,1,2,49,1,norm_cond,4,5
Malatia Sebastia,75000,panelayin,1,1,3,1,97,2,norm_cond,2,9
Malatia Sebastia,85000,qare,0,0,4,1,140,1,good_cond,4,4
Malatia Sebastia,135000,monolit,1,1,3,1,132,1,bad_cond,9,11
Malatia Sebastia,49900,panelayin,0,1,2,1,62,0,bad_cond,5,9
Malatia Sebastia,70000,panelayin,0,1,3,1,68,1,norm_cond,1,9
Malatia Sebastia,41000,panelayin,0,0,1,1,46,0,bad_cond,5,5
Malatia Sebastia,60000,panelayin,0,1,3,2,82,1,norm_cond,4,14
Malatia Sebastia,72000,panelayin,0,1,3,1,80,1,good_cond,6,14
Malatia Sebastia,37000,panelayin,0,1,2,1,54,1,norm_cond,2,9
Malatia Sebastia,55000,kasetayin,0,1,3,2,77,1,norm_cond,8,16
Malatia Sebastia,70000,panelayin,0,1,3,1,95,1,norm_cond,11,14
Malatia Sebastia,45000,panelayin,0,0,2,1,58,0,bad_cond,3,5
Malatia Sebastia,58000,panelayin,0,1,4,1,74,1,norm_cond,8,9
Malatia Sebastia,79000,qare,1,0,5,2,200,1,good_cond,2,2
Malatia Sebastia,62000,panelayin,0,1,3,1,77,1,good_cond,9,14
Malatia Sebastia,49000,qare,0,0,3,2,62,0,norm_cond,1,5
Malatia Sebastia,69000,panelayin,0,1,3,1,73,1,norm_cond,6,9
Malatia Sebastia,57000,panelayin,0,1,1,1,55,0,good_cond,7,9
Malatia Sebastia,43000,panelayin,0,1,2,1,47,1,good_cond,8,9
Malatia Sebastia,48000,panelayin,0,1,3,1,74,1,norm_cond,9,9
Malatia Sebastia,50000,panelayin,0,1,2,1,48,0,bad_cond,4,9
Malatia Sebastia,45000,panelayin,0,1,2,1,52,1,norm_cond,1,9
Malatia Sebastia,60000,panelayin,0,1,3,1,78,0,bad_cond,1,14
Malatia Sebastia,38500,panelayin,0,1,1,1,43,0,norm_cond,8,9
Malatia Sebastia,60000,panelayin,0,1,3,1,80,2,norm_cond,1,9
Malatia Sebastia,54000,panelayin,0,1,2,2,64,1,good_cond,9,9
Malatia Sebastia,58000,qare,0,0,2,1,60,0,good_cond,2,5
Malatia Sebastia,49000,panelayin,0,1,3,1,57,1,good_cond,8,9
Malatia Sebastia,65000,panelayin,0,1,3,1,75,1,bad_cond,4,9
Malatia Sebastia,73000,qare,0,1,3,1,92,2,norm_cond,1,9
Malatia Sebastia,51000,panelayin,0,1,2,1,64,1,norm_cond,5,14
Malatia Sebastia,75000,panelayin,0,1,4,1,100,1,good_cond,3,9
Malatia Sebastia,32000,qare,0,0,2,1,50,0,bad_cond,2,5
Malatia Sebastia,31000,qare,0,0,1,1,48,0,good_cond,5,5
Malatia Sebastia,55000,monolit,0,1,2,1,46,0,bad_cond,14,17
Malatia Sebastia,50000,qare,0,0,2,1,50,1,good_cond,4,5
Malatia Sebastia,62000,panelayin,0,1,3,1,75,1,norm_cond,8,9
Malatia Sebastia,60000,panelayin,0,1,3,1,65,0,bad_cond,9,9
Malatia Sebastia,67500,panelayin,0,1,4,1,96,0,norm_cond,7,9
Malatia Sebastia,38000,qare,0,0,1,1,48,1,bad_cond,3,5
Malatia Sebastia,60000,panelayin,0,1,3,1,89,0,bad_cond,8,14
Malatia Sebastia,56000,panelayin,0,1,4,1,83,2,norm_cond,12,14
Malatia Sebastia,90000,qare,0,0,3,1,90,0,good_cond,3,4
Malatia Sebastia,54000,qare,0,1,2,1,57,1,norm_cond,4,6
Malatia Sebastia,65000,monolit,1,1,2,1,67,1,norm_cond,6,10
Malatia Sebastia,74000,panelayin,0,1,4,1,88,2,norm_cond,5,9
Malatia Sebastia,37000,panelayin,0,1,1,1,38,0,good_cond,6,9
Malatia Sebastia,61000,panelayin,0,1,3,1,73,1,norm_cond,2,9
Malatia Sebastia,50000,panelayin,0,1,3,1,67,1,good_cond,9,10
Malatia Sebastia,55000,panelayin,0,1,3,1,74,1,norm_cond,9,9
Malatia Sebastia,63000,panelayin,0,0,2,1,63,1,good_cond,2,5
Malatia Sebastia,60000,panelayin,0,1,3,1,62,1,good_cond,1,9
Malatia Sebastia,45000,qare,0,0,1,1,50,1,norm_cond,2,5
Malatia Sebastia,55000,qare,0,0,2,1,55,1,norm_cond,2,3
Malatia Sebastia,35000,panelayin,0,1,3,1,78,1,norm_cond,1,14
Malatia Sebastia,70000,panelayin,0,1,3,1,67,0,good_cond,5,14
Malatia Sebastia,47000,panelayin,1,1,2,1,67,1,bad_cond,6,9
Malatia Sebastia,53000,qare,0,0,4,1,67,0,bad_cond,5,5
Malatia Sebastia,65000,panelayin,0,1,3,1,85,1,norm_cond,8,14
Malatia Sebastia,55000,panelayin,0,1,3,3,80,1,norm_cond,9,9
Malatia Sebastia,40000,panelayin,0,1,1,1,57,0,bad_cond,9,9
Malatia Sebastia,75000,panelayin,0,1,4,1,90,1,good_cond,7,9
Malatia Sebastia,36000,qare,0,1,2,1,58,0,good_cond,2,6
Malatia Sebastia,52000,panelayin,0,1,2,1,46,1,good_cond,3,9
Malatia Sebastia,58000,panelayin,0,1,4,1,92,0,bad_cond,7,9
Malatia Sebastia,31000,qare,0,0,1,1,48,0,good_cond,5,5
Malatia Sebastia,53000,panelayin,0,1,3,1,74,0,norm_cond,8,9
Malatia Sebastia,58500,qare,0,0,2,1,57,0,bad_cond,4,4
Malatia Sebastia,77000,panelayin,0,1,4,1,100,1,good_cond,6,9
Malatia Sebastia,45000,panelayin,0,1,2,1,42,0,bad_cond,9,9
Malatia Sebastia,78000,panelayin,0,1,3,1,96,0,good_cond,8,14
Malatia Sebastia,80000,panelayin,0,1,3,1,96,0,good_cond,8,14
Malatia Sebastia,55000,panelayin,0,1,3,1,67,0,norm_cond,9,9
Malatia Sebastia,60000,panelayin,0,1,3,1,90,0,norm_cond,3,14
Malatia Sebastia,53000,panelayin,0,1,2,1,62,0,bad_cond,5,9
Malatia Sebastia,70000,panelayin,0,1,3,1,78,0,norm_cond,6,9
Malatia Sebastia,85000,panelayin,0,1,3,1,80,0,norm_cond,1,11
Malatia Sebastia,48000,panelayin,0,1,2,1,48,0,good_cond,4,9
Malatia Sebastia,65000,panelayin,0,1,4,1,87,0,bad_cond,8,14
Malatia Sebastia,63000,panelayin,0,1,3,1,80,0,bad_cond,9,14
Malatia Sebastia,65000,qare,0,0,3,1,104,0,norm_cond,4,5
Malatia Sebastia,60000,panelayin,0,1,3,1,76,0,norm_cond,4,9
Malatia Sebastia,62000,panelayin,0,1,3,1,75,0,good_cond,9,9
Malatia Sebastia,60000,panelayin,0,1,2,1,68,0,bad_cond,12,14
Malatia Sebastia,51000,panelayin,0,1,2,1,64,0,norm_cond,14,14
Malatia Sebastia,165000,qare,0,0,3,1,80,0,good_cond,2,5
Malatia Sebastia,65000,panelayin,0,1,3,1,78,0,bad_cond,6,9
Malatia Sebastia,60000,monolit,1,1,1,1,33,0,good_cond,13,32
Malatia Sebastia,55000,panelayin,0,1,3,1,78,0,norm_cond,9,9
Malatia Sebastia,43000,qare,0,0,1,1,48,0,norm_cond,5,5
Malatia Sebastia,50000,panelayin,0,1,2,1,56,0,good_cond,9,9
Malatia Sebastia,54000,qare,0,0,1,1,54,0,bad_cond,3,5
Malatia Sebastia,90000,panelayin,0,1,4,1,90,0,good_cond,7,9
Malatia Sebastia,40000,panelayin,0,1,1,1,42,0,norm_cond,8,10
Malatia Sebastia,45000,panelayin,0,1,2,1,60,0,norm_cond,9,9
Malatia Sebastia,55000,panelayin,0,1,4,1,78,0,norm_cond,13,14
Malatia Sebastia,78000,qare,0,0,4,1,140,0,norm_cond,2,5
Malatia Sebastia,55000,qare,1,0,3,1,68,0,norm_cond,3,5
Malatia Sebastia,100000,monolit,0,0,2,1,57,0,good_cond,1,5
Malatia Sebastia,75000,panelayin,0,1,4,1,100,0,good_cond,2,9
Malatia Sebastia,64000,qare,0,1,2,1,57,1,good_cond,4,6
Malatia Sebastia,65000,panelayin,0,1,3,3,80,0,norm_cond,5,9
Malatia Sebastia,32000,qare,0,0,1,1,28,0,good_cond,3,4
Malatia Sebastia,48500,panelayin,0,0,3,1,80,0,norm_cond,1,1
Malatia Sebastia,70000,panelayin,0,1,4,1,90,0,norm_cond,5,9
Malatia Sebastia,48000,panelayin,0,1,2,1,53,0,good_cond,9,9
Malatia Sebastia,60000,qare,0,0,3,1,106,0,bad_cond,4,5
Malatia Sebastia,70000,panelayin,0,1,3,1,86,0,good_cond,4,14
Malatia Sebastia,65000,qare,0,0,2,1,67,0,norm_cond,3,3
Malatia Sebastia,64000,panelayin,0,1,3,1,70,0,good_cond,8,16
Malatia Sebastia,80000,panelayin,0,1,3,1,76,0,good_cond,3,9
Malatia Sebastia,55000,panelayin,0,1,3,1,69,0,norm_cond,9,10
Malatia Sebastia,55000,panelayin,0,1,2,1,63,0,good_cond,8,9
Malatia Sebastia,38000,qare,0,0,2,1,44,0,good_cond,4,5
Malatia Sebastia,56000,panelayin,0,1,3,1,83,0,bad_cond,2,9
Malatia Sebastia,56000,panelayin,0,1,3,1,89,0,norm_cond,12,14
Malatia Sebastia,51000,panelayin,0,1,2,1,65,0,norm_cond,1,9
Malatia Sebastia,63000,qare,0,1,3,2,93,0,norm_cond,1,14
Malatia Sebastia,63000,qare,0,1,3,2,93,0,norm_cond,1,14
Malatia Sebastia,69000,panelayin,0,1,3,1,79,0,good_cond,1,9
Malatia Sebastia,69000,panelayin,0,1,2,1,72,0,bad_cond,2,9
Malatia Sebastia,75000,panelayin,0,1,3,1,75,0,norm_cond,8,9
Malatia Sebastia,67000,panelayin,0,1,3,1,78,0,bad_cond,2,14
Malatia Sebastia,56000,panelayin,0,1,3,1,82,0,good_cond,8,14
Malatia Sebastia,54900,panelayin,0,1,3,1,78,0,good_cond,9,9
Malatia Sebastia,60000,panelayin,0,1,3,1,78,0,bad_cond,3,9
Malatia Sebastia,63000,qare,0,0,4,1,100,0,bad_cond,1,1
Malatia Sebastia,20000,qare,0,0,2,1,37,0,bad_cond,2,3
Malatia Sebastia,51000,aghyuse,0,0,4,1,100,0,bad_cond,2,2
Malatia Sebastia,75000,monolit,0,1,3,2,94,0,bad_cond,2,11
Malatia Sebastia,62000,panelayin,0,1,2,1,59,0,bad_cond,5,9
Malatia Sebastia,85000,qare,0,0,4,1,98,0,bad_cond,1,4
Malatia Sebastia,126000,monolit,0,1,3,1,84,0,bad_cond,2,6
Malatia Sebastia,93000,panelayin,0,1,3,1,81,0,bad_cond,9,9
Malatia Sebastia,85000,panelayin,0,1,3,1,86,0,bad_cond,4,14
Malatia Sebastia,50000,panelayin,0,1,2,1,65,0,bad_cond,6,9
Malatia Sebastia,90000,panelayin,0,1,3,1,90,0,bad_cond,2,10
Malatia Sebastia,60000,panelayin,0,1,3,1,76,0,bad_cond,1,9
Malatia Sebastia,55000,qare,0,0,2,1,66,0,bad_cond,5,5
Malatia Sebastia,62000,panelayin,0,1,4,1,82,0,bad_cond,6,9
Malatia Sebastia,64000,panelayin,0,1,3,1,76,0,bad_cond,9,14
Malatia Sebastia,62000,panelayin,0,1,3,1,69,0,bad_cond,6,9
Malatia Sebastia,60000,panelayin,0,1,2,1,67,0,bad_cond,5,10
Malatia Sebastia,67000,panelayin,0,1,3,1,100,2,bad_cond,6,9
Malatia Sebastia,72000,panelayin,0,1,4,1,86,0,bad_cond,6,9
Malatia Sebastia,90000,panelayin,0,1,3,1,87,0,bad_cond,3,14
Malatia Sebastia,42000,panelayin,0,1,2,1,50,0,good_cond,1,9
Malatia Sebastia,60000,panelayin,0,1,3,1,75,0,bad_cond,2,9
Malatia Sebastia,64000,qare,0,0,3,1,76,0,bad_cond,3,5
Malatia Sebastia,60000,qare,0,0,3,1,80,0,bad_cond,1,5
Malatia Sebastia,58000,panelayin,0,1,2,1,70,0,bad_cond,10,16
Malatia Sebastia,71000,panelayin,0,1,4,1,103,0,bad_cond,6,9
Malatia Sebastia,40000,panelayin,0,1,2,1,51,0,bad_cond,14,14
Malatia Sebastia,50000,panelayin,0,1,1,1,50,0,bad_cond,5,9
Malatia Sebastia,40000,panelayin,0,1,1,1,48,0,bad_cond,5,9
Malatia Sebastia,70000,qare,0,0,4,1,100,0,bad_cond,1,1
Malatia Sebastia,36000,qare,0,1,4,1,88,0,bad_cond,1,9
Malatia Sebastia,45000,panelayin,0,1,2,1,65,0,bad_cond,1,9
Malatia Sebastia,35000,monolit,0,1,1,1,48,0,bad_cond,6,9
Malatia Sebastia,48000,panelayin,0,1,2,1,42,0,bad_cond,7,9
Malatia Sebastia,55000,panelayin,0,1,4,1,83,0,norm_cond,10,14
Malatia Sebastia,49000,monolit,0,1,2,1,67,0,bad_cond,8,10
Malatia Sebastia,85000,panelayin,0,1,3,1,85,0,bad_cond,2,9
Malatia Sebastia,58000,panelayin,0,1,4,1,82,0,bad_cond,5,9
Malatia Sebastia,37000,panelayin,0,1,1,1,53,0,bad_cond,8,9
Malatia Sebastia,100000,qare,0,0,5,1,100,0,bad_cond,5,5
Malatia Sebastia,40000,monolit,0,0,2,1,90,0,bad_cond,1,1
Malatia Sebastia,54000,qare,0,0,3,1,78,0,bad_cond,5,5
Malatia Sebastia,65000,panelayin,0,1,3,1,78,0,bad_cond,1,9
Malatia Sebastia,56000,panelayin,0,1,2,1,40,0,bad_cond,5,6
Malatia Sebastia,64000,panelayin,0,1,3,1,80,0,bad_cond,1,9
Malatia Sebastia,53000,panelayin,0,1,3,1,74,0,norm_cond,8,9
Malatia Sebastia,75000,qare,0,1,3,1,74,0,bad_cond,1,9
Malatia Sebastia,78000,monolit,0,1,3,1,85,0,bad_cond,12,14
Malatia Sebastia,54000,panelayin,0,1,3,1,80,0,bad_cond,1,9
Malatia Sebastia,60000,panelayin,0,1,4,1,97,0,bad_cond,2,9
Malatia Sebastia,73000,qare,0,0,3,1,66,2,norm_cond,4,5
Malatia Sebastia,60000,panelayin,0,1,3,1,65,0,bad_cond,1,9
Malatia Sebastia,36500,panelayin,0,1,1,1,47,0,bad_cond,6,9
Malatia Sebastia,65000,panelayin,0,1,3,1,82,0,bad_cond,9,14
Malatia Sebastia,110000,panelayin,0,1,4,1,125,0,bad_cond,2,9
Malatia Sebastia,52000,panelayin,0,1,3,1,67,0,bad_cond,9,9
Malatia Sebastia,73000,panelayin,0,1,4,1,88,0,bad_cond,6,9
Malatia Sebastia,75000,panelayin,0,1,4,1,78,0,bad_cond,1,9
Malatia Sebastia,60000,panelayin,0,1,3,1,73,0,bad_cond,6,9
Malatia Sebastia,40000,qare,0,1,2,1,50,0,bad_cond,1,9
Malatia Sebastia,49500,panelayin,0,1,3,1,70,0,bad_cond,9,9
Malatia Sebastia,47000,panelayin,0,1,1,1,42,0,good_cond,5,10
Malatia Sebastia,41000,panelayin,0,1,1,1,42,0,bad_cond,5,10
Malatia Sebastia,36000,panelayin,0,1,1,1,42,0,bad_cond,6,9
Malatia Sebastia,87000,panelayin,0,1,3,1,98,0,bad_cond,2,9
Malatia Sebastia,75000,panelayin,0,1,3,1,80,0,bad_cond,5,9
Malatia Sebastia,55000,panelayin,0,1,3,1,74,2,good_cond,1,9
Malatia Sebastia,42000,qare,0,0,3,1,82,0,bad_cond,1,5
Malatia Sebastia,55000,panelayin,0,1,2,1,62,0,bad_cond,4,9
Malatia Sebastia,62000,panelayin,0,1,4,1,105,0,bad_cond,10,10
Nor Norq,46000,qare,0,0,1,1,48,1,good_cond,2,5
Nor Norq,36500,panelayin,0,1,1,1,40,0,good_cond,9,12
Nor Norq,53000,qare,0,0,3,1,73,0,good_cond,1,5
Nor Norq,59900,panelayin,0,1,3,1,78,1,good_cond,9,9
Nor Norq,79500,monolit,1,0,3,1,71,0,good_cond,2,4
Nor Norq,45900,panelayin,0,0,2,1,63,1,good_cond,1,5
Nor Norq,54000,panelayin,0,1,3,1,79,1,good_cond,8,9
Nor Norq,80000,qare,0,0,3,1,67,1,good_cond,3,5
Nor Norq,64900,panelayin,0,1,3,1,76,1,good_cond,7,9
Nor Norq,61000,panelayin,0,1,4,1,100,0,bad_cond,1,9
Nor Norq,43000,panelayin,0,1,2,1,67,0,good_cond,2,9
Nor Norq,70000,panelayin,0,1,3,1,85,1,good_cond,1,9
Nor Norq,60000,panelayin,0,1,4,1,90,0,bad_cond,3,9
Nor Norq,47000,qare,0,0,2,1,56,1,good_cond,5,5
Nor Norq,46000,qare,0,0,1,1,53,1,good_cond,5,5
Nor Norq,49000,monolit,0,1,3,1,60,0,norm_cond,12,12
Nor Norq,31900,monolit,1,0,3,1,58,1,bad_cond,2,3
Nor Norq,42000,qare,0,0,2,1,45,0,good_cond,5,5
Nor Norq,14200,qare,0,1,1,1,18,0,good_cond,4,8
Nor Norq,80000,monolit,1,1,2,2,76,2,good_cond,6,14
Nor Norq,63000,qare,0,0,3,1,76,2,norm_cond,4,5
Nor Norq,60000,panelayin,0,0,3,1,62,1,good_cond,1,5
Nor Norq,180000,panelayin,0,1,3,1,100,1,bad_cond,7,10
Nor Norq,105000,qare,0,0,3,1,106,1,good_cond,3,5
Nor Norq,53000,panelayin,1,1,3,1,68,0,norm_cond,6,12
Nor Norq,47000,panelayin,0,1,3,1,76,2,norm_cond,6,9
Nor Norq,75000,qare,0,0,3,1,87,0,norm_cond,3,5
Nor Norq,50000,qare,1,0,3,2,65,0,good_cond,1,3
Nor Norq,58000,panelayin,0,1,2,2,67,1,bad_cond,1,9
Nor Norq,52000,qare,0,0,2,1,61,0,good_cond,1,5
Nor Norq,66500,qare,0,0,3,1,78,0,good_cond,2,5
Nor Norq,66000,panelayin,0,1,4,1,100,1,norm_cond,5,9
Nor Norq,43000,panelayin,0,1,2,1,57,1,good_cond,6,9
Nor Norq,150000,monolit,0,1,3,1,141,0,bad_cond,9,16
Nor Norq,65000,qare,0,0,4,1,80,0,norm_cond,5,5
Nor Norq,56000,panelayin,0,0,3,1,74,1,good_cond,5,5
Nor Norq,68000,panelayin,0,1,4,1,98,2,norm_cond,4,9
Nor Norq,63000,qare,0,0,1,1,74,1,good_cond,4,5
Nor Norq,45000,panelayin,0,0,3,1,50,1,good_cond,1,5
Nor Norq,59000,qare,0,0,2,1,60,1,good_cond,4,5
Nor Norq,41000,panelayin,0,0,1,1,40,0,good_cond,1,5
Nor Norq,45000,kasetayin,0,0,2,1,58,0,bad_cond,1,4
Nor Norq,70000,qare,0,0,2,1,60,0,good_cond,1,5
Nor Norq,49000,panelayin,0,0,2,1,52,0,bad_cond,5,5
Nor Norq,49000,panelayin,0,0,3,1,52,0,bad_cond,5,5
Nor Norq,47000,panelayin,0,1,2,1,66,1,good_cond,9,9
Nor Norq,53000,panelayin,0,1,2,1,67,1,good_cond,9,9
Nor Norq,50000,panelayin,0,0,2,1,61,1,norm_cond,5,5
Nor Norq,50000,panelayin,0,0,3,1,74,1,norm_cond,1,5
Nor Norq,32000,monolit,1,1,2,1,39,1,bad_cond,7,9
Nor Norq,65000,qare,0,0,3,1,74,1,norm_cond,3,5
Nor Norq,87000,panelayin,0,1,4,1,103,0,bad_cond,2,9
Nor Norq,79000,monolit,0,1,3,1,102,1,good_cond,2,16
Nor Norq,19650,monolit,1,0,1,1,33,1,bad_cond,2,3
Nor Norq,65000,panelayin,0,0,3,1,68,1,good_cond,4,5
Nor Norq,80000,qare,0,0,6,2,150,1,norm_cond,1,5
Nor Norq,36000,panelayin,0,1,2,1,54,1,norm_cond,9,9
Nor Norq,77000,qare,0,0,4,1,95,2,norm_cond,4,5
Nor Norq,58500,panelayin,0,1,4,1,99,1,norm_cond,4,9
Nor Norq,43500,qare,0,0,2,1,56,0,norm_cond,1,5
Nor Norq,65000,qare,0,0,3,1,79,2,norm_cond,4,5
Nor Norq,37000,panelayin,0,1,2,1,54,1,norm_cond,6,9
Nor Norq,46500,panelayin,0,1,3,1,78,1,norm_cond,8,9
Nor Norq,66500,panelayin,0,1,3,1,99,2,good_cond,4,9
Nor Norq,62000,qare,0,0,3,1,85,2,good_cond,5,5
Nor Norq,40000,qare,0,0,2,1,43,0,good_cond,4,4
Nor Norq,74000,panelayin,0,1,4,1,91,0,bad_cond,7,9
Nor Norq,60000,monolit,0,1,3,1,80,2,norm_cond,8,16
Nor Norq,51000,panelayin,0,1,4,1,90,1,norm_cond,7,9
Nor Norq,58000,panelayin,0,1,4,1,90,2,bad_cond,6,9
Nor Norq,46000,panelayin,0,1,3,1,74,1,norm_cond,1,9
Nor Norq,41000,panelayin,0,1,2,2,60,1,good_cond,4,9
Nor Norq,53000,panelayin,0,0,3,1,64,1,bad_cond,3,5
Nor Norq,21000,qare,0,1,1,1,18,0,good_cond,4,8
Nor Norq,55000,monolit,0,1,3,1,94,0,bad_cond,9,9
Nor Norq,59000,panelayin,0,1,3,1,77,0,bad_cond,7,9
Nor Norq,42000,qare,0,1,1,1,73,0,norm_cond,4,8
Nor Norq,68000,panelayin,0,1,3,1,78,1,norm_cond,9,9
Nor Norq,13000,qare,0,1,1,1,18,0,norm_cond,2,8
Nor Norq,70000,panelayin,0,1,5,1,100,0,norm_cond,1,14
Nor Norq,82000,monolit,1,1,3,1,69,1,good_cond,8,8
Nor Norq,58500,qare,0,1,3,1,97,1,norm_cond,3,6
Nor Norq,53000,kasetayin,0,0,3,1,65,1,norm_cond,5,5
Nor Norq,140000,qare,0,0,3,1,75,0,norm_cond,1,1
Nor Norq,43500,panelayin,0,0,2,1,60,0,bad_cond,3,5
Nor Norq,55000,panelayin,0,1,3,1,67,1,good_cond,3,9
Nor Norq,62000,qare,0,0,3,1,85,0,good_cond,5,5
Nor Norq,57000,panelayin,0,1,3,1,78,1,norm_cond,1,9
Nor Norq,55000,panelayin,1,0,2,1,58,1,good_cond,3,5
Nor Norq,59900,panelayin,0,0,2,1,64,0,bad_cond,1,5
Nor Norq,51000,panelayin,0,0,2,1,62,0,bad_cond,4,5
Nor Norq,75000,qare,0,0,4,1,96,1,norm_cond,4,5
Nor Norq,47000,panelayin,0,1,3,1,76,2,good_cond,8,9
Nor Norq,112000,monolit,1,0,4,2,111,1,good_cond,4,4
Nor Norq,69000,monolit,1,0,3,2,67,0,good_cond,1,3
Nor Norq,70000,qare,1,0,3,2,67,0,good_cond,1,3
Nor Norq,80000,qare,0,0,3,1,93,1,norm_cond,2,5
Nor Norq,57000,panelayin,0,1,4,1,68,0,good_cond,5,9
Nor Norq,65000,panelayin,0,1,3,1,80,1,good_cond,13,16
Nor Norq,52000,qare,0,1,2,1,54,0,good_cond,1,13
Nor Norq,44000,panelayin,0,1,3,1,76,2,good_cond,9,9
Nor Norq,40000,kasetayin,0,0,2,1,52,1,bad_cond,5,5
Nor Norq,40000,panelayin,0,0,2,1,37,0,good_cond,1,5
Nor Norq,65000,qare,0,0,3,1,70,1,norm_cond,1,5
Nor Norq,40500,panelayin,0,0,2,1,37,0,bad_cond,5,5
Nor Norq,63000,panelayin,0,0,3,1,72,2,norm_cond,2,5
Nor Norq,65000,panelayin,0,0,3,1,67,1,good_cond,3,5
Nor Norq,84000,qare,0,0,3,1,84,1,norm_cond,2,5
Nor Norq,57000,qare,0,0,3,1,68,1,good_cond,1,5
Nor Norq,51500,panelayin,0,1,3,2,74,1,good_cond,7,9
Nor Norq,75600,panelayin,0,1,3,2,78,1,good_cond,1,9
Nor Norq,51000,kasetayin,0,0,3,1,70,1,norm_cond,5,5
Nor Norq,62000,qare,0,1,3,1,99,1,bad_cond,3,6
Nor Norq,52000,qare,0,0,2,1,61,0,good_cond,1,5
Nor Norq,42500,panelayin,0,0,2,2,53,1,norm_cond,2,5
Nor Norq,50000,panelayin,0,1,3,1,76,1,norm_cond,2,9
Nor Norq,56000,panelayin,0,1,3,2,80,1,good_cond,1,9
Nor Norq,43000,qare,0,0,3,1,45,1,good_cond,5,5
Nor Norq,45000,monolit,0,1,3,1,63,1,norm_cond,5,12
Nor Norq,69000,qare,0,0,3,2,80,1,norm_cond,3,5
Nor Norq,75000,kasetayin,0,1,3,2,80,1,good_cond,1,9
Nor Norq,74000,monolit,0,1,3,1,80,1,good_cond,5,16
Nor Norq,65000,panelayin,0,0,2,2,63,1,good_cond,2,5
Nor Norq,74000,qare,0,0,4,1,76,1,good_cond,4,5
Nor Norq,53500,panelayin,0,0,3,1,64,1,good_cond,5,5
Nor Norq,63000,panelayin,0,0,3,1,78,2,norm_cond,4,5
Nor Norq,55000,panelayin,0,1,2,1,65,2,norm_cond,7,9
Nor Norq,72000,panelayin,0,1,3,1,78,1,good_cond,7,9
Nor Norq,72000,panelayin,0,1,3,1,120,1,good_cond,1,9
Nor Norq,56000,qare,0,0,3,1,78,1,norm_cond,4,5
Nor Norq,70000,qare,0,0,3,1,112,1,bad_cond,5,5
Nor Norq,41000,qare,0,0,1,1,50,0,good_cond,5,5
Nor Norq,71000,panelayin,0,1,3,1,73,1,good_cond,5,9
Nor Norq,41000,panelayin,0,1,2,1,66,1,bad_cond,3,9
Nor Norq,33000,panelayin,0,1,1,1,37,0,norm_cond,1,6
Nor Norq,88000,qare,0,0,3,2,79,1,good_cond,3,5
Nor Norq,60000,panelayin,0,1,2,1,85,2,bad_cond,7,14
Nor Norq,30000,qare,0,1,2,1,33,0,good_cond,4,8
Nor Norq,47000,panelayin,0,0,2,1,62,1,norm_cond,4,5
Nor Norq,45000,panelayin,0,1,2,1,66,1,norm_cond,8,9
Nor Norq,42000,qare,0,0,1,1,43,0,good_cond,2,5
Nor Norq,41500,panelayin,0,1,2,2,46,1,good_cond,1,9
Nor Norq,55000,panelayin,0,0,3,1,91,1,bad_cond,1,2
Nor Norq,70000,panelayin,0,1,3,1,79,1,good_cond,3,9
Nor Norq,37000,kasetayin,0,0,1,1,36,1,norm_cond,2,5
Nor Norq,50000,panelayin,0,0,2,2,53,0,good_cond,1,5
Nor Norq,22000,qare,0,0,2,1,49,0,norm_cond,1,1
Nor Norq,76000,qare,0,0,3,1,76,2,good_cond,2,5
Nor Norq,66000,panelayin,0,1,3,1,76,1,good_cond,8,9
Nor Norq,56000,kasetayin,0,0,3,1,64,1,good_cond,5,5
Nor Norq,33500,panelayin,0,1,1,1,39,1,norm_cond,11,12
Nor Norq,72000,monolit,0,1,3,1,79,2,good_cond,3,9
Nor Norq,50000,panelayin,0,1,3,1,65,1,norm_cond,5,9
Nor Norq,43000,panelayin,0,0,2,1,56,0,norm_cond,5,5
Nor Norq,45000,kasetayin,0,0,4,1,70,0,norm_cond,1,5
Nor Norq,115000,monolit,0,1,4,1,114,0,bad_cond,3,8
Nor Norq,44000,monolit,0,1,2,1,39,0,good_cond,9,10
Nor Norq,55000,panelayin,0,1,3,2,74,1,norm_cond,3,9
Nor Norq,31000,panelayin,0,0,1,1,33,1,norm_cond,5,5
Nor Norq,65000,panelayin,0,1,4,1,101,1,norm_cond,8,9
Nor Norq,44000,kasetayin,0,0,2,1,55,1,good_cond,1,5
Nor Norq,60000,panelayin,0,0,3,1,75,1,bad_cond,4,5
Nor Norq,43500,panelayin,0,0,2,1,54,1,good_cond,5,5
Nor Norq,54000,monolit,0,1,3,1,62,1,good_cond,2,12
Nor Norq,75000,monolit,0,0,4,1,200,0,bad_cond,2,2
Nor Norq,52000,kasetayin,0,0,3,2,66,1,norm_cond,5,5
Nor Norq,45000,kasetayin,0,0,2,1,58,0,norm_cond,1,4
Nor Norq,77000,panelayin,0,1,3,1,90,1,norm_cond,3,12
Nor Norq,62000,panelayin,0,0,3,1,72,1,good_cond,4,5
Nor Norq,83000,panelayin,0,1,4,1,87,1,good_cond,5,9
Nor Norq,65000,panelayin,0,0,3,1,68,1,good_cond,1,5
Nor Norq,57000,panelayin,0,1,2,1,68,1,good_cond,9,9
Nor Norq,34500,kasetayin,0,0,1,1,37,1,good_cond,3,5
Nor Norq,38000,panelayin,0,1,1,1,45,1,norm_cond,4,12
Nor Norq,41000,panelayin,0,1,2,1,74,1,norm_cond,16,16
Nor Norq,127000,monolit,1,1,3,1,86,2,good_cond,2,8
Nor Norq,30000,panelayin,0,1,1,1,37,0,norm_cond,1,9
Nor Norq,62000,panelayin,0,1,3,2,81,2,good_cond,7,16
Nor Norq,72000,qare,0,0,3,1,81,1,good_cond,2,5
Nor Norq,43000,qare,0,0,1,1,48,1,norm_cond,1,5
Nor Norq,40000,kasetayin,0,0,2,1,53,0,bad_cond,4,5
Nor Norq,50000,qare,0,0,2,1,59,1,good_cond,5,5
Nor Norq,65000,panelayin,0,1,3,1,98,2,good_cond,7,9
Nor Norq,63000,qare,0,0,3,1,76,0,bad_cond,2,5
Nor Norq,49999,kasetayin,0,0,3,1,64,1,good_cond,1,5
Nor Norq,70000,panelayin,0,1,3,1,78,1,good_cond,1,9
Nor Norq,44000,panelayin,0,1,2,1,54,1,good_cond,7,9
Nor Norq,33000,panelayin,0,1,1,1,54,1,norm_cond,9,9
Nor Norq,75000,panelayin,0,1,3,1,82,0,good_cond,8,9
Nor Norq,55000,qare,0,0,2,1,60,1,good_cond,5,5
Nor Norq,60000,qare,0,0,3,1,79,1,norm_cond,1,5
Nor Norq,12000,qare,0,0,1,1,18,0,bad_cond,3,4
Nor Norq,61000,panelayin,0,0,3,1,75,2,norm_cond,2,5
Nor Norq,75000,monolit,1,1,2,1,57,0,good_cond,9,14
Nor Norq,32000,panelayin,0,1,2,1,40,0,norm_cond,1,9
Nor Norq,55000,panelayin,0,0,2,1,51,0,good_cond,4,5
Nor Norq,46500,panelayin,0,0,3,1,64,1,good_cond,1,5
Nor Norq,63000,monolit,0,1,3,1,80,1,norm_cond,7,17
Nor Norq,39500,panelayin,0,1,2,1,44,1,good_cond,6,12
Nor Norq,55000,qare,0,0,2,1,72,1,norm_cond,3,3
Nor Norq,34000,panelayin,0,1,1,1,39,0,bad_cond,6,12
Nor Norq,52000,panelayin,0,1,3,1,78,1,good_cond,2,9
Nor Norq,62000,panelayin,0,1,2,1,63,1,good_cond,8,12
Nor Norq,47000,panelayin,0,0,2,1,51,1,good_cond,4,5
Nor Norq,70000,kasetayin,0,0,3,1,63,0,good_cond,2,5
Nor Norq,50000,qare,0,0,2,1,55,0,bad_cond,5,5
Nor Norq,80000,panelayin,0,0,3,1,73,1,norm_cond,1,5
Nor Norq,45000,qare,0,0,2,1,50,1,norm_cond,5,5
Nor Norq,30000,panelayin,0,1,2,1,45,1,bad_cond,13,18
Nor Norq,67500,qare,0,0,3,1,68,1,norm_cond,2,5
Nor Norq,50000,panelayin,0,1,2,1,66,1,good_cond,5,9
Nor Norq,50000,qare,0,0,2,1,51,1,good_cond,3,5
Nor Norq,70000,qare,0,0,4,1,80,0,good_cond,1,2
Nor Norq,130000,monolit,0,1,3,2,120,0,good_cond,3,7
Nor Norq,75000,qare,1,0,3,1,70,1,good_cond,4,5
Nor Norq,44000,panelayin,0,1,2,1,63,0,norm_cond,7,9
Nor Norq,85000,monolit,0,1,4,1,104,1,good_cond,10,16
Nor Norq,60000,panelayin,0,1,4,1,95,1,good_cond,3,9
Nor Norq,57000,qare,0,0,3,1,68,1,good_cond,1,5
Nor Norq,65000,panelayin,0,1,3,1,80,1,good_cond,3,9
Nor Norq,135000,qare,0,1,5,1,218,2,good_cond,5,6
Nor Norq,44500,panelayin,0,0,4,1,73,0,norm_cond,5,5
Nor Norq,69000,qare,1,0,3,2,67,0,good_cond,1,3
Nor Norq,37000,panelayin,0,0,1,1,37,0,norm_cond,4,4
Nor Norq,57000,panelayin,0,1,3,1,80,2,good_cond,3,16
Nor Norq,43500,panelayin,0,0,2,1,51,1,good_cond,5,5
Nor Norq,41000,panelayin,0,1,1,1,50,1,bad_cond,8,9
Nor Norq,43000,panelayin,0,1,2,1,63,2,bad_cond,3,9
Nor Norq,75000,panelayin,0,1,3,1,72,0,good_cond,5,9
Nor Norq,65000,panelayin,0,1,3,1,61,0,good_cond,9,9
Nor Norq,85000,qare,0,0,3,1,82,2,good_cond,4,5
Nor Norq,53000,panelayin,0,1,3,1,86,0,norm_cond,4,9
Nor Norq,48000,panelayin,0,1,3,1,73,2,norm_cond,1,9
Nor Norq,75000,monolit,0,1,3,1,90,1,good_cond,12,12
Nor Norq,49000,panelayin,0,1,3,1,80,1,norm_cond,9,9
Nor Norq,52000,qare,0,0,2,1,61,0,good_cond,1,5
Nor Norq,46000,qare,0,0,2,1,61,2,norm_cond,2,5
Nor Norq,51000,monolit,0,1,2,1,63,1,norm_cond,3,12
Nor Norq,65000,qare,0,1,3,1,67,1,norm_cond,9,12
Nor Norq,47000,qare,0,0,2,1,55,1,norm_cond,4,4
Nor Norq,33000,panelayin,0,1,2,1,40,0,norm_cond,1,9
Nor Norq,40000,panelayin,0,1,2,1,68,1,norm_cond,5,9
Nor Norq,56000,panelayin,0,1,3,1,67,0,norm_cond,11,12
Nor Norq,79000,qare,0,1,6,2,74,1,good_cond,1,9
Nor Norq,45000,panelayin,0,0,2,1,51,1,norm_cond,5,5
Nor Norq,125000,monolit,1,1,3,1,95,1,good_cond,2,16
Nor Norq,38000,panelayin,0,1,1,1,42,1,norm_cond,4,12
Nor Norq,48000,panelayin,0,1,1,1,41,0,good_cond,3,12
Nor Norq,82000,monolit,0,1,3,1,84,1,good_cond,2,12
Nor Norq,65000,panelayin,0,1,3,2,77,1,good_cond,5,9
Nor Norq,54000,panelayin,0,1,4,1,86,1,good_cond,9,9
Nor Norq,68000,qare,0,0,3,1,88,1,norm_cond,2,5
Nor Norq,45000,panelayin,0,1,3,1,74,0,bad_cond,8,9
Nor Norq,61000,qare,0,0,2,1,63,1,good_cond,3,5
Nor Norq,62000,qare,0,0,3,1,97,1,norm_cond,5,5
Nor Norq,65000,qare,0,0,3,1,75,1,good_cond,1,5
Nor Norq,48000,qare,0,0,3,1,73,1,norm_cond,2,3
Nor Norq,71000,panelayin,0,1,3,1,95,1,norm_cond,2,16
Nor Norq,46000,panelayin,0,0,2,1,56,1,norm_cond,5,5
Nor Norq,17000,qare,0,1,1,1,18,0,good_cond,5,8
Nor Norq,72000,qare,0,0,4,1,127,2,norm_cond,1,5
Nor Norq,62000,qare,1,0,2,1,74,1,norm_cond,4,4
Nor Norq,65000,qare,0,0,4,1,88,2,good_cond,5,5
Nor Norq,75000,qare,0,0,3,1,75,1,good_cond,1,5
Nor Norq,34000,panelayin,0,0,1,1,37,1,good_cond,5,5
Nor Norq,61000,qare,1,0,4,1,68,1,good_cond,3,3
Nor Norq,63000,panelayin,0,1,3,1,83,1,norm_cond,4,9
Nor Norq,38000,panelayin,0,1,2,1,54,0,good_cond,8,9
Nor Norq,57000,panelayin,0,0,3,2,75,1,good_cond,1,5
Nor Norq,51000,panelayin,1,1,3,1,67,1,norm_cond,8,9
Nor Norq,62000,qare,0,0,3,1,88,1,norm_cond,2,5
Nor Norq,49000,panelayin,0,0,3,1,67,1,norm_cond,1,5
Nor Norq,25000,panelayin,0,1,2,1,50,0,norm_cond,1,9
Nor Norq,37000,monolit,0,1,2,1,38,0,good_cond,8,9
Nor Norq,47000,panelayin,0,0,2,1,54,1,good_cond,5,5
Nor Norq,74000,qare,0,0,3,1,72,2,good_cond,4,5
Nor Norq,53000,qare,0,0,4,1,108,1,norm_cond,5,5
Nor Norq,44000,panelayin,0,1,2,1,70,0,bad_cond,6,16
Nor Norq,39000,qare,0,0,1,1,48,1,bad_cond,5,5
Nor Norq,55400,monolit,0,1,4,2,93,1,norm_cond,9,9
Nor Norq,55400,monolit,0,1,3,2,94,1,norm_cond,9,9
Nor Norq,90000,monolit,0,1,4,1,120,1,good_cond,5,14
Nor Norq,41000,panelayin,0,0,2,1,51,1,norm_cond,5,5
Nor Norq,65000,panelayin,1,1,3,1,78,1,norm_cond,2,9
Nor Norq,50000,panelayin,0,0,3,1,76,1,norm_cond,3,5
Nor Norq,50000,monolit,0,1,3,1,71,1,good_cond,13,16
Nor Norq,63000,panelayin,0,1,3,1,80,1,good_cond,5,9
Nor Norq,46000,panelayin,0,1,3,1,75,2,norm_cond,6,9
Nor Norq,50000,panelayin,0,1,2,1,68,1,good_cond,2,9
Nor Norq,56000,panelayin,0,1,4,2,108,1,norm_cond,9,9
Nor Norq,67000,panelayin,0,1,3,1,73,1,good_cond,1,9
Nor Norq,87000,panelayin,0,1,4,1,87,0,good_cond,5,9
Nor Norq,52000,monolit,0,1,2,1,64,1,good_cond,12,12
Nor Norq,60000,panelayin,0,0,3,1,63,0,good_cond,4,5
Nor Norq,53000,panelayin,0,1,3,1,76,0,bad_cond,1,9
Nor Norq,62000,kasetayin,0,0,3,1,53,0,good_cond,3,5
Nor Norq,13000,qare,0,1,1,1,18,0,norm_cond,6,8
Nor Norq,48000,panelayin,0,1,4,1,91,2,norm_cond,9,9
Nor Norq,67000,panelayin,0,1,3,1,87,1,good_cond,8,9
Nor Norq,225000,panelayin,1,1,3,1,117,2,good_cond,1,14
Nor Norq,44000,qare,0,0,1,1,50,1,norm_cond,5,5
Nor Norq,60000,qare,0,0,3,1,55,1,good_cond,5,5
Nor Norq,44500,panelayin,0,0,4,1,73,1,norm_cond,5,5
Nor Norq,70000,panelayin,0,1,3,1,80,2,good_cond,6,14
Nor Norq,38000,monolit,0,1,2,1,38,0,good_cond,8,9
Nor Norq,52500,qare,0,0,4,1,87,0,bad_cond,5,5
Nor Norq,42000,panelayin,0,0,2,1,58,1,norm_cond,4,4
Nor Norq,45000,panelayin,0,0,2,1,48,0,good_cond,4,4
Nor Norq,46000,qare,0,0,2,1,50,1,good_cond,2,5
Nor Norq,145000,qare,0,0,5,2,118,1,good_cond,3,5
Nor Norq,110000,panelayin,0,1,4,2,86,0,good_cond,6,9
Nor Norq,67000,panelayin,0,0,3,1,74,1,good_cond,3,5
Nor Norq,65000,panelayin,0,0,3,1,74,1,good_cond,4,5
Nor Norq,48000,panelayin,0,0,2,1,62,0,good_cond,5,5
Nor Norq,75000,panelayin,1,1,3,1,64,2,good_cond,6,8
Nor Norq,77000,monolit,1,1,3,1,87,1,good_cond,8,13
Nor Norq,53000,kasetayin,0,0,3,1,65,1,bad_cond,1,5
Nor Norq,41000,qare,0,0,1,1,50,0,good_cond,5,5
Nor Norq,44000,panelayin,0,1,2,1,70,0,norm_cond,15,16
Nor Norq,60000,qare,0,0,2,1,64,1,good_cond,1,5
Nor Norq,59000,panelayin,0,0,3,1,72,0,bad_cond,2,5
Nor Norq,56000,panelayin,0,1,2,1,63,0,bad_cond,6,12
Nor Norq,70000,monolit,0,1,3,1,80,1,good_cond,9,9
Nor Norq,52000,panelayin,0,0,2,1,57,1,good_cond,1,4
Nor Norq,43000,qare,1,0,3,1,65,0,good_cond,4,4
Nor Norq,53000,kasetayin,0,0,3,2,64,1,bad_cond,5,5
Nor Norq,68000,panelayin,0,0,3,1,73,1,good_cond,2,5
Nor Norq,52000,monolit,1,0,2,1,60,1,good_cond,3,5
Nor Norq,45000,monolit,1,0,2,1,60,1,bad_cond,4,5
Nor Norq,46000,panelayin,0,1,3,1,68,0,norm_cond,5,7
Nor Norq,47000,panelayin,0,1,3,1,76,1,norm_cond,2,9
Nor Norq,50000,qare,0,0,2,1,60,1,norm_cond,5,5
Nor Norq,65000,panelayin,0,1,3,1,80,1,good_cond,6,9
Nor Norq,67000,qare,0,0,3,1,87,1,norm_cond,4,5
Nor Norq,34000,kasetayin,0,0,1,1,36,0,norm_cond,5,5
Nor Norq,75000,panelayin,0,1,4,1,101,1,norm_cond,5,9
Nor Norq,50000,qare,0,0,2,1,54,0,bad_cond,5,5
Nor Norq,63000,panelayin,0,1,3,2,77,1,good_cond,6,9
Nor Norq,41000,panelayin,0,1,1,1,54,0,norm_cond,8,9
Nor Norq,55000,kasetayin,0,0,3,1,65,1,good_cond,5,5
Nor Norq,23000,panelayin,0,1,1,1,32,0,bad_cond,1,14
Nor Norq,73000,qare,0,0,2,2,52,1,norm_cond,1,4
Nor Norq,53000,panelayin,0,1,3,1,71,0,good_cond,13,16
Nor Norq,50000,qare,0,0,2,1,61,0,good_cond,1,5
Nor Norq,57000,monolit,0,1,3,1,63,1,norm_cond,9,12
Nor Norq,42000,panelayin,0,1,1,1,50,1,good_cond,7,9
Nor Norq,65000,panelayin,0,1,3,1,80,1,norm_cond,8,9
Nor Norq,36000,kasetayin,0,0,1,1,38,0,bad_cond,4,5
Nor Norq,50000,panelayin,0,0,2,1,62,0,bad_cond,5,5
Nor Norq,50000,panelayin,0,0,2,1,62,0,bad_cond,5,5
Nor Norq,47000,qare,0,0,3,1,60,0,bad_cond,2,3
Nor Norq,45000,kasetayin,0,0,2,1,58,0,bad_cond,2,5
Nor Norq,54500,qare,0,0,2,1,58,1,good_cond,5,5
Nor Norq,65000,qare,0,0,3,1,77,2,norm_cond,3,5
Nor Norq,38500,panelayin,0,0,1,1,37,0,good_cond,5,5
Nor Norq,41000,panelayin,0,0,2,1,50,1,bad_cond,3,5
Nor Norq,61000,panelayin,0,0,3,1,64,1,norm_cond,5,5
Nor Norq,47000,kasetayin,0,0,2,2,50,1,good_cond,2,5
Nor Norq,80000,qare,0,0,4,1,101,0,bad_cond,2,5
Nor Norq,60000,panelayin,0,1,4,1,90,1,good_cond,9,9
Nor Norq,45000,panelayin,0,1,2,1,53,0,good_cond,3,9
Nor Norq,57000,qare,0,0,3,1,68,1,good_cond,1,5
Nor Norq,57000,qare,0,0,1,1,68,0,good_cond,1,5
Nor Norq,81500,qare,0,0,3,1,80,1,good_cond,3,5
Nor Norq,55000,panelayin,0,0,3,1,74,1,norm_cond,5,5
Nor Norq,37700,panelayin,0,0,2,1,53,1,good_cond,5,5
Nor Norq,42500,panelayin,0,0,2,1,57,1,norm_cond,2,5
Nor Norq,52000,monolit,0,1,3,1,64,1,good_cond,12,12
Nor Norq,72000,panelayin,0,1,3,1,78,1,norm_cond,3,9
Nor Norq,35000,qare,0,0,2,1,80,0,norm_cond,1,5
Nor Norq,26000,qare,0,1,1,1,36,0,norm_cond,7,8
Nor Norq,44000,panelayin,0,0,2,1,51,1,good_cond,4,5
Nor Norq,59000,panelayin,0,1,2,1,66,1,good_cond,9,9
Nor Norq,43000,qare,0,0,3,1,45,1,good_cond,5,5
Nor Norq,56000,panelayin,0,1,3,1,76,1,bad_cond,6,9
Nor Norq,58000,panelayin,0,1,3,1,76,1,bad_cond,9,9
Nor Norq,59000,panelayin,0,1,2,1,67,1,norm_cond,7,9
Nor Norq,62000,panelayin,0,1,3,2,84,1,bad_cond,1,9
Nor Norq,71900,qare,0,0,4,1,98,1,norm_cond,5,5
Nor Norq,66000,panelayin,0,1,3,2,80,1,good_cond,4,9
Nor Norq,66000,panelayin,0,1,3,1,80,1,good_cond,4,9
Nor Norq,43000,panelayin,0,1,1,1,46,0,norm_cond,6,9
Nor Norq,65000,panelayin,0,1,3,1,77,1,norm_cond,3,9
Nor Norq,56000,panelayin,0,1,2,1,61,0,good_cond,7,9
Nor Norq,50500,monolit,0,1,2,1,64,0,good_cond,11,12
Nor Norq,58000,panelayin,0,1,3,1,87,2,norm_cond,1,9
Nor Norq,41000,panelayin,0,0,1,1,38,1,good_cond,1,5
Nor Norq,41000,qare,0,0,1,1,48,0,bad_cond,4,5
Nor Norq,80000,monolit,1,1,4,2,89,1,good_cond,5,9
Nor Norq,80000,qare,1,1,4,2,89,1,good_cond,5,9
Nor Norq,62000,panelayin,0,1,3,1,80,1,norm_cond,9,9
Nor Norq,82000,qare,0,0,3,2,68,1,norm_cond,1,5
Nor Norq,80000,qare,1,1,3,1,104,2,norm_cond,12,14
Nor Norq,65000,panelayin,0,1,3,1,81,1,norm_cond,7,9
Nor Norq,63000,qare,0,0,4,1,80,1,norm_cond,1,5
Nor Norq,49000,qare,0,1,1,1,51,0,good_cond,2,6
Nor Norq,47500,panelayin,0,0,2,1,54,0,bad_cond,5,5
Nor Norq,80000,panelayin,0,1,4,1,92,1,good_cond,8,9
Nor Norq,34000,panelayin,0,1,1,1,56,1,norm_cond,1,9
Nor Norq,106000,monolit,1,1,3,1,83,0,good_cond,5,15
Nor Norq,62000,qare,0,0,3,1,74,1,good_cond,3,5
Nor Norq,43000,kasetayin,1,0,2,1,52,1,good_cond,2,5
Nor Norq,45000,panelayin,0,0,2,1,38,0,good_cond,5,5
Nor Norq,49000,panelayin,0,0,2,1,61,1,norm_cond,5,5
Nor Norq,38000,qare,0,0,2,1,44,0,good_cond,1,5
Nor Norq,70000,panelayin,0,1,4,1,88,0,good_cond,7,9
Nor Norq,45000,panelayin,0,0,2,2,56,1,good_cond,1,4
Nor Norq,71000,qare,0,0,4,1,94,2,norm_cond,5,5
Nor Norq,32000,qare,0,0,1,1,33,1,norm_cond,5,5
Nor Norq,61000,monolit,1,1,3,1,61,0,good_cond,4,9
Nor Norq,15000,qare,0,1,1,1,18,0,norm_cond,2,8
Nor Norq,22000,qare,0,1,1,1,20,0,good_cond,3,8
Nor Norq,55000,panelayin,0,1,3,1,100,1,norm_cond,1,9
Nor Norq,43000,kasetayin,0,0,2,1,50,0,bad_cond,5,5
Nor Norq,65000,panelayin,0,1,4,1,85,1,good_cond,5,9
Nor Norq,25000,qare,0,1,2,1,36,0,good_cond,2,9
Nor Norq,27000,qare,0,0,3,1,76,1,norm_cond,1,5
Nor Norq,56000,qare,0,0,3,1,73,0,bad_cond,1,5
Nor Norq,39000,panelayin,0,1,1,1,50,1,norm_cond,1,9
Nor Norq,58000,panelayin,0,0,2,1,57,0,good_cond,3,4
Nor Norq,58000,panelayin,0,1,3,1,78,1,norm_cond,5,9
Nor Norq,45000,panelayin,0,1,1,1,54,2,norm_cond,7,16
Nor Norq,36500,monolit,0,1,1,1,46,1,norm_cond,4,9
Nor Norq,64000,panelayin,0,1,4,1,103,1,good_cond,9,9
Nor Norq,37500,panelayin,0,1,1,1,41,1,norm_cond,11,12
Nor Norq,85000,qare,0,0,2,1,73,1,norm_cond,2,2
Nor Norq,60000,qare,0,0,3,1,80,0,norm_cond,1,5
Nor Norq,56000,monolit,0,1,3,2,106,1,good_cond,16,16
Nor Norq,45000,panelayin,0,0,2,1,65,0,good_cond,1,4
Nor Norq,49500,panelayin,0,1,2,1,58,1,norm_cond,8,9
Nor Norq,50000,panelayin,0,1,2,1,54,1,good_cond,8,9
Nor Norq,50000,panelayin,0,1,2,1,54,1,good_cond,8,9
Nor Norq,43000,panelayin,0,1,2,1,64,1,good_cond,9,16
Nor Norq,76000,monolit,0,1,3,1,93,0,norm_cond,7,16
Nor Norq,75000,kasetayin,0,0,4,1,88,0,good_cond,2,5
Nor Norq,35000,panelayin,0,0,1,1,38,0,good_cond,2,5
Nor Norq,58000,panelayin,0,1,3,1,97,2,norm_cond,9,9
Nor Norq,37000,panelayin,0,0,1,1,33,1,good_cond,3,5
Nor Norq,90000,monolit,0,1,3,1,95,0,bad_cond,6,15
Nor Norq,58000,qare,0,1,3,1,64,0,bad_cond,1,6
Nor Norq,40000,panelayin,0,1,1,1,50,0,good_cond,9,9
Nor Norq,75000,qare,0,1,3,1,70,0,bad_cond,6,9
Nor Norq,44000,panelayin,0,1,2,1,54,1,good_cond,7,9
Nor Norq,53000,panelayin,0,1,3,1,80,1,good_cond,8,9
Nor Norq,63000,monolit,1,1,2,1,65,1,bad_cond,2,16
Nor Norq,54000,monolit,1,1,2,1,56,0,bad_cond,2,16
Nor Norq,79000,qare,0,0,3,1,90,1,good_cond,3,5
Nor Norq,62000,qare,1,0,4,1,68,1,good_cond,3,3
Nor Norq,58000,panelayin,0,1,3,1,83,1,good_cond,10,16
Nor Norq,43000,panelayin,0,0,2,1,51,0,norm_cond,1,5
Nor Norq,52000,panelayin,0,1,3,1,76,0,bad_cond,2,9
Nor Norq,81000,panelayin,0,1,3,1,97,2,good_cond,7,9
Nor Norq,53000,qare,0,0,2,1,58,1,good_cond,3,5
Nor Norq,66000,qare,0,0,4,1,70,0,good_cond,2,5
Nor Norq,45000,kasetayin,0,0,3,1,56,0,bad_cond,1,4
Nor Norq,49000,qare,0,0,2,1,66,2,norm_cond,2,4
Nor Norq,62000,kasetayin,0,0,3,1,52,0,good_cond,3,5
Nor Norq,63000,panelayin,0,1,3,1,77,0,bad_cond,4,9
Nor Norq,45000,kasetayin,0,0,3,1,67,1,bad_cond,1,5
Nor Norq,63000,panelayin,0,1,3,2,78,1,norm_cond,2,9
Nor Norq,40000,qare,0,0,1,1,44,1,norm_cond,1,5
Nor Norq,100000,qare,0,0,4,1,141,2,good_cond,1,5
Nor Norq,60000,panelayin,0,1,4,2,117,0,good_cond,1,9
Nor Norq,120000,qare,0,0,4,1,92,1,good_cond,4,5
Nor Norq,46000,panelayin,0,1,3,1,67,1,good_cond,6,9
Nor Norq,65000,monolit,0,1,2,1,71,0,bad_cond,4,10
Nor Norq,120000,panelayin,0,1,4,2,100,0,good_cond,4,9
Nor Norq,70000,panelayin,0,1,4,1,94,1,bad_cond,9,16
Nor Norq,50000,panelayin,0,0,3,1,73,1,norm_cond,4,5
Nor Norq,41000,panelayin,0,1,1,1,54,0,norm_cond,8,9
Nor Norq,60000,qare,0,0,4,2,78,1,norm_cond,1,5
Nor Norq,66000,monolit,1,1,3,1,86,1,norm_cond,2,10
Nor Norq,64999,panelayin,0,1,3,2,80,1,good_cond,6,9
Nor Norq,57000,panelayin,0,1,3,1,77,1,good_cond,6,9
Nor Norq,65000,panelayin,0,1,4,1,80,0,good_cond,7,9
Nor Norq,58500,panelayin,0,0,3,1,74,0,bad_cond,1,5
Nor Norq,58500,panelayin,0,0,3,1,74,0,bad_cond,1,5
Nor Norq,150000,qare,0,1,4,1,130,0,bad_cond,4,8
Nor Norq,55000,panelayin,0,0,3,1,75,0,bad_cond,4,4
Nor Norq,54000,panelayin,0,0,3,1,65,0,bad_cond,5,5
Nor Norq,35000,panelayin,0,1,1,1,34,1,norm_cond,1,9
Nor Norq,60000,qare,0,0,4,1,85,2,bad_cond,5,5
Nor Norq,51000,panelayin,0,1,2,1,67,1,norm_cond,4,9
Nor Norq,82000,monolit,1,1,3,1,70,0,good_cond,2,7
Nor Norq,48000,panelayin,0,1,2,1,44,0,good_cond,9,9
Nor Norq,55000,panelayin,0,1,2,1,68,1,norm_cond,3,9
Nor Norq,42000,panelayin,0,1,2,1,46,0,bad_cond,1,16
Nor Norq,49000,qare,0,0,2,1,42,0,good_cond,2,5
Nor Norq,45000,qare,0,0,2,1,63,1,bad_cond,4,5
Nor Norq,48000,panelayin,0,1,2,1,64,1,norm_cond,5,9
Nor Norq,62000,panelayin,0,1,4,1,90,2,norm_cond,2,9
Nor Norq,85000,qare,0,0,4,1,98,2,norm_cond,4,5
Nor Norq,73000,panelayin,0,1,3,1,78,1,good_cond,1,9
Nor Norq,62000,panelayin,0,1,3,1,83,1,norm_cond,1,14
Nor Norq,55000,panelayin,0,1,2,1,64,1,norm_cond,6,12
Nor Norq,53000,panelayin,0,1,3,1,76,1,norm_cond,4,9
Nor Norq,49000,qare,0,0,2,1,64,1,norm_cond,4,5
Nor Norq,38500,panelayin,0,0,1,1,37,0,good_cond,5,5
Nor Norq,36000,panelayin,0,1,1,1,40,1,norm_cond,12,12
Nor Norq,54000,panelayin,0,0,3,1,74,0,good_cond,4,5
Nor Norq,53000,panelayin,0,1,3,1,80,1,good_cond,8,9
Nor Norq,95000,panelayin,0,1,4,1,122,1,good_cond,2,14
Nor Norq,72000,monolit,1,1,3,1,70,1,good_cond,8,8
Nor Norq,51000,qare,0,0,2,1,55,1,norm_cond,5,5
Nor Norq,35000,monolit,0,1,1,1,39,0,bad_cond,8,12
Nor Norq,50000,panelayin,0,1,3,1,73,0,bad_cond,11,16
Nor Norq,44000,panelayin,0,0,2,1,52,0,good_cond,4,5
Nor Norq,63000,panelayin,0,0,2,1,60,1,good_cond,5,5
Nor Norq,53000,qare,0,0,2,1,58,1,norm_cond,4,5
Nor Norq,48000,qare,0,0,2,1,58,1,norm_cond,4,5
Nor Norq,11000,panelayin,0,1,1,1,18,0,bad_cond,5,8
Nor Norq,40000,panelayin,0,1,1,1,50,0,bad_cond,1,9
Nor Norq,38900,panelayin,0,1,2,1,43,1,good_cond,8,9
Nor Norq,59000,panelayin,0,0,3,1,56,0,good_cond,1,4
Nor Norq,65000,qare,0,0,3,1,74,2,norm_cond,5,5
Nor Norq,56000,panelayin,0,1,3,1,84,1,norm_cond,8,16
Nor Norq,135000,qare,1,1,5,2,148,2,good_cond,6,7
Nor Norq,62000,panelayin,0,1,2,1,59,1,good_cond,9,9
Nor Norq,65000,panelayin,0,1,2,1,62,0,bad_cond,2,12
Nor Norq,12500,qare,0,1,1,1,17,1,good_cond,8,8
Nor Norq,57000,panelayin,0,1,3,2,80,2,good_cond,1,9
Nor Norq,55000,panelayin,0,1,3,1,72,0,bad_cond,1,9
Nor Norq,48000,panelayin,0,1,2,1,58,1,norm_cond,5,12
Nor Norq,49000,qare,0,0,3,1,76,2,norm_cond,5,5
Nor Norq,60000,panelayin,0,1,3,1,76,1,good_cond,6,9
Nor Norq,48000,panelayin,0,1,3,3,78,2,norm_cond,2,9
Nor Norq,38000,qare,0,0,1,1,48,1,norm_cond,1,5
Nor Norq,28000,panelayin,0,1,2,1,34,0,norm_cond,5,8
Nor Norq,55000,qare,0,0,3,1,67,1,norm_cond,1,5
Nor Norq,80000,qare,0,0,3,1,78,2,good_cond,3,5
Nor Norq,60000,panelayin,1,1,2,1,71,1,norm_cond,1,10
Nor Norq,60000,qare,0,0,3,1,78,1,norm_cond,1,5
Nor Norq,58000,panelayin,0,1,3,1,97,2,norm_cond,9,9
Nor Norq,49000,qare,0,0,2,1,50,1,norm_cond,5,5
Nor Norq,49000,panelayin,0,1,3,1,76,2,norm_cond,8,9
Nor Norq,65000,qare,0,0,3,1,78,1,good_cond,1,5
Nor Norq,38000,panelayin,0,1,2,2,67,1,norm_cond,2,9
Nor Norq,53000,qare,0,0,2,1,58,1,norm_cond,2,5
Nor Norq,55000,panelayin,0,1,3,1,79,1,norm_cond,4,9
Nor Norq,56000,panelayin,0,1,2,1,63,0,good_cond,2,12
Nor Norq,50000,kasetayin,0,0,2,1,49,0,bad_cond,5,5
Nor Norq,62000,kasetayin,0,0,5,2,110,1,good_cond,5,5
Nor Norq,53000,qare,0,0,3,2,73,0,norm_cond,4,5
Nor Norq,46000,panelayin,0,1,4,1,92,1,bad_cond,5,9
Nor Norq,67999,panelayin,0,1,2,1,66,1,good_cond,7,9
Nor Norq,180000,monolit,0,0,5,1,173,0,bad_cond,2,4
Nor Norq,170000,monolit,0,0,4,1,145,0,bad_cond,1,4
Nor Norq,70000,panelayin,0,0,3,1,80,1,good_cond,5,5
Nor Norq,40000,qare,0,0,2,1,44,1,norm_cond,1,5
Nor Norq,65900,panelayin,0,1,4,1,90,0,bad_cond,2,9
Nor Norq,54000,qare,0,0,2,1,54,1,good_cond,5,5
Nor Norq,158000,qare,0,0,3,2,86,0,good_cond,1,4
Nor Norq,47000,panelayin,0,1,2,1,65,1,norm_cond,5,9
Nor Norq,48000,kasetayin,0,0,3,1,66,1,bad_cond,1,5
Nor Norq,67000,qare,0,1,2,1,78,1,norm_cond,2,6
Nor Norq,75000,panelayin,0,0,3,1,74,1,good_cond,1,5
Nor Norq,180000,monolit,0,1,4,2,153,1,good_cond,5,10
Nor Norq,78000,panelayin,0,1,3,1,78,1,good_cond,5,12
Nor Norq,44000,panelayin,0,0,2,1,58,1,good_cond,3,5
Nor Norq,35000,panelayin,1,1,1,1,43,1,norm_cond,6,9
Nor Norq,73500,qare,0,0,3,2,75,1,good_cond,4,5
Nor Norq,65000,panelayin,0,1,4,1,110,2,norm_cond,5,9
Nor Norq,35000,qare,0,0,1,1,33,1,norm_cond,2,5
Nor Norq,41000,qare,0,1,3,1,72,0,norm_cond,8,8
Nor Norq,65000,panelayin,0,1,3,1,63,1,good_cond,5,12
Nor Norq,57000,qare,0,0,2,1,57,1,good_cond,2,5
Nor Norq,47000,panelayin,0,1,1,2,54,1,good_cond,3,9
Nor Norq,62000,panelayin,0,0,3,1,78,0,good_cond,4,5
Nor Norq,76000,monolit,0,1,3,1,93,1,norm_cond,7,16
Nor Norq,63000,panelayin,0,1,4,1,123,1,norm_cond,15,16
Nor Norq,49000,panelayin,0,1,2,1,60,1,good_cond,4,9
Nor Norq,63500,qare,0,0,3,1,74,1,good_cond,3,5
Nor Norq,43000,panelayin,0,1,3,1,78,0,bad_cond,9,9
Nor Norq,60500,panelayin,0,1,3,2,78,1,good_cond,2,9
Nor Norq,77000,qare,0,0,4,1,108,2,norm_cond,2,5
Nor Norq,36000,panelayin,0,1,1,1,46,1,norm_cond,6,9
Nor Norq,59000,panelayin,0,1,3,1,60,1,good_cond,4,9
Nor Norq,61000,panelayin,0,1,3,1,80,0,bad_cond,3,16
Nor Norq,65000,panelayin,0,1,3,1,80,0,bad_cond,3,16
Nor Norq,50000,panelayin,0,1,2,1,72,1,good_cond,7,16
Nor Norq,45000,monolit,0,1,3,1,84,0,bad_cond,7,9
Nor Norq,57000,panelayin,0,1,3,1,42,1,good_cond,6,9
Nor Norq,72000,monolit,0,1,3,1,87,1,good_cond,12,12
Nor Norq,47000,kasetayin,0,0,3,1,66,0,norm_cond,4,5
Nor Norq,51000,qare,0,0,2,1,48,0,good_cond,3,5
Nor Norq,65000,panelayin,0,1,3,1,76,1,norm_cond,2,9
Nor Norq,82000,monolit,0,1,3,1,64,0,bad_cond,13,16
Nor Norq,64500,panelayin,0,1,3,1,77,1,good_cond,2,9
Nor Norq,68000,panelayin,0,1,3,1,60,0,good_cond,4,12
Nor Norq,44000,panelayin,0,0,2,1,50,0,bad_cond,5,5
Nor Norq,58000,panelayin,0,1,4,1,90,2,norm_cond,9,9
Nor Norq,110000,qare,0,0,4,1,100,0,bad_cond,5,5
Nor Norq,66000,qare,0,0,3,1,69,0,good_cond,2,5
Nor Norq,14800,qare,0,1,1,1,18,0,good_cond,3,8
Nor Norq,48000,kasetayin,0,0,3,1,66,1,norm_cond,1,4
Nor Norq,45000,kasetayin,0,1,3,1,85,1,norm_cond,1,9
Nor Norq,45000,panelayin,0,1,3,1,80,1,norm_cond,1,9
Nor Norq,38000,qare,0,0,2,1,45,1,bad_cond,5,5
Nor Norq,64000,panelayin,0,0,2,2,61,1,good_cond,2,5
Nor Norq,16000,panelayin,0,1,1,1,19,0,good_cond,6,8
Nor Norq,78000,monolit,0,1,3,1,70,0,bad_cond,8,8
Nor Norq,78000,monolit,0,1,3,1,70,0,bad_cond,8,8
Nor Norq,56000,qare,0,0,3,1,78,1,bad_cond,5,5
Nor Norq,50000,panelayin,0,1,3,1,70,0,bad_cond,1,9
Nor Norq,19000,qare,0,0,2,1,30,0,bad_cond,2,3
Nor Norq,62000,panelayin,0,1,4,1,98,1,norm_cond,5,9
Nor Norq,42000,panelayin,0,1,2,2,64,1,norm_cond,14,16
Nor Norq,46000,panelayin,0,1,2,1,64,2,norm_cond,9,16
Nor Norq,60000,monolit,0,1,2,1,64,0,norm_cond,9,12
Nor Norq,65000,panelayin,0,1,3,2,74,1,good_cond,1,9
Nor Norq,55000,qare,0,1,3,1,92,0,bad_cond,1,12
Nor Norq,80000,panelayin,0,0,3,1,85,0,bad_cond,5,5
Nor Norq,65000,panelayin,0,1,3,1,98,0,good_cond,5,9
Nor Norq,75000,panelayin,0,1,3,1,150,0,bad_cond,1,9
Nor Norq,59000,panelayin,0,1,3,1,97,1,norm_cond,3,12
Nor Norq,68000,panelayin,0,1,3,1,78,2,good_cond,7,9
Nor Norq,67000,panelayin,0,0,3,1,75,1,good_cond,4,5
Nor Norq,78000,qare,0,0,3,1,72,1,good_cond,2,5
Nor Norq,55000,kasetayin,0,0,3,1,67,1,good_cond,1,5
Nor Norq,33000,qare,0,0,1,1,30,0,norm_cond,1,5
Nor Norq,25000,qare,1,0,2,1,30,1,good_cond,1,5
Nor Norq,54000,panelayin,0,1,3,1,80,1,norm_cond,2,9
Nor Norq,50000,panelayin,0,1,3,1,74,2,norm_cond,3,9
Nor Norq,14300,qare,0,1,1,1,18,0,norm_cond,3,8
Nor Norq,30000,qare,0,1,2,1,38,0,bad_cond,5,6
Nor Norq,65000,panelayin,0,1,3,1,76,1,good_cond,1,9
Nor Norq,35000,panelayin,0,0,1,1,37,1,bad_cond,1,5
Nor Norq,51000,qare,0,0,2,1,51,0,good_cond,3,5
Nor Norq,38000,monolit,0,1,1,1,42,0,bad_cond,11,12
Nor Norq,52000,panelayin,0,0,2,1,57,0,good_cond,1,4
Nor Norq,85000,qare,0,0,3,1,97,2,bad_cond,2,5
Nor Norq,68000,panelayin,0,0,3,1,61,0,good_cond,5,5
Nor Norq,81000,panelayin,0,1,3,1,97,2,good_cond,7,9
Nor Norq,53000,panelayin,0,1,3,1,80,1,bad_cond,6,9
Nor Norq,53000,panelayin,0,1,3,2,87,0,norm_cond,11,16
Nor Norq,22000,panelayin,0,1,1,1,36,0,bad_cond,8,8
Nor Norq,47000,panelayin,0,0,2,1,50,0,bad_cond,2,5
Nor Norq,95000,monolit,0,1,4,1,94,0,good_cond,8,12
Nor Norq,50000,panelayin,0,1,2,2,72,2,norm_cond,7,16
Nor Norq,57000,panelayin,0,1,3,1,80,1,good_cond,8,9
Nor Norq,63000,qare,0,0,3,1,85,1,norm_cond,3,5
Nor Norq,76000,monolit,0,1,2,1,63,0,bad_cond,8,12
Nor Norq,72000,monolit,0,1,2,1,63,0,bad_cond,8,12
Nor Norq,39000,monolit,0,1,1,1,42,1,good_cond,9,12
Nor Norq,64000,panelayin,0,1,4,1,102,1,good_cond,9,9
Nor Norq,57000,monolit,0,0,3,1,52,1,good_cond,2,5
Nor Norq,46000,panelayin,0,0,2,1,53,1,good_cond,4,5
Nor Norq,60000,qare,0,0,2,1,57,2,good_cond,2,5
Nor Norq,36000,panelayin,0,1,2,1,50,1,good_cond,9,9
Nor Norq,95000,monolit,0,1,3,1,85,0,bad_cond,7,12
Nor Norq,60000,panelayin,1,1,3,1,70,1,norm_cond,4,10
Nor Norq,55000,panelayin,0,1,3,1,84,0,bad_cond,7,9
Nor Norq,55000,kasetayin,0,0,2,1,54,0,good_cond,5,5
Nor Norq,43000,qare,0,0,2,1,46,1,good_cond,3,5
Nor Norq,65000,panelayin,0,1,3,1,65,1,norm_cond,8,12
Nor Norq,52000,panelayin,0,1,4,1,97,1,good_cond,9,9
Nor Norq,14000,qare,0,1,1,1,18,1,good_cond,5,8
Nor Norq,43000,panelayin,0,0,2,1,65,0,bad_cond,1,4
Nor Norq,65000,panelayin,0,1,3,1,80,1,norm_cond,5,9
Nor Norq,13500,qare,0,1,1,1,18,1,norm_cond,8,8
Nor Norq,56000,qare,0,0,3,1,58,2,good_cond,5,5
Nor Norq,63000,monolit,0,1,3,1,87,1,norm_cond,10,12
Nor Norq,65000,monolit,0,1,2,1,61,1,norm_cond,5,12
Nor Norq,58500,panelayin,0,1,3,2,65,1,good_cond,4,9
Nor Norq,120000,panelayin,0,1,3,2,73,0,good_cond,7,9
Nor Norq,59000,qare,0,0,3,1,86,1,norm_cond,1,5
Nor Norq,65000,panelayin,0,1,3,1,75,0,good_cond,5,9
Nor Norq,69500,qare,0,1,3,1,61,0,good_cond,3,9
Nor Norq,34500,kasetayin,0,0,2,1,32,1,good_cond,4,4
Nor Norq,65000,qare,0,0,2,1,58,0,good_cond,4,5
Nor Norq,125000,qare,0,1,2,1,70,0,bad_cond,12,16
Nor Norq,60000,qare,0,0,2,1,68,0,bad_cond,4,5
Nor Norq,62000,panelayin,0,1,3,1,75,0,good_cond,1,9
Nor Norq,40000,qare,0,0,1,1,48,1,norm_cond,5,5
Nor Norq,50000,panelayin,0,1,2,1,67,0,bad_cond,8,9
Nor Norq,88000,panelayin,0,1,4,1,100,1,good_cond,7,9
Nor Norq,60000,qare,0,0,3,2,63,1,good_cond,4,5
Nor Norq,35000,panelayin,0,0,1,1,30,0,bad_cond,1,4
Nor Norq,49000,monolit,0,1,3,1,60,0,norm_cond,12,12
Nor Norq,13000,qare,0,1,1,1,17,0,bad_cond,5,8
Nor Norq,70000,panelayin,0,1,3,1,60,1,good_cond,5,9
Nor Norq,81000,monolit,0,1,3,1,74,0,bad_cond,11,16
Nor Norq,50000,panelayin,0,0,2,1,65,1,good_cond,5,5
Nor Norq,60000,monolit,1,1,2,1,44,2,good_cond,6,9
Nor Norq,80000,panelayin,0,1,3,2,82,1,good_cond,1,9
Nor Norq,76000,panelayin,0,1,3,1,69,1,good_cond,4,9
Nor Norq,67500,qare,0,0,3,1,68,1,norm_cond,2,5
Nor Norq,55000,panelayin,0,0,3,1,74,1,norm_cond,4,5
Nor Norq,45000,panelayin,0,0,2,1,51,1,bad_cond,4,5
Nor Norq,73000,monolit,1,1,2,1,63,1,bad_cond,8,15
Nor Norq,155000,monolit,1,0,3,2,82,1,good_cond,1,3
Nor Norq,65000,monolit,0,1,3,1,75,1,good_cond,6,16
Nor Norq,45000,qare,0,0,2,1,62,0,bad_cond,5,5
Nor Norq,55000,panelayin,1,0,2,3,57,1,good_cond,4,5
Nor Norq,70000,panelayin,1,1,3,1,80,2,good_cond,1,9
Nor Norq,73000,panelayin,0,1,4,1,82,1,good_cond,5,9
Nor Norq,61500,monolit,1,1,2,1,59,0,good_cond,3,9
Nor Norq,62000,panelayin,0,1,3,1,80,0,bad_cond,2,9
Nor Norq,50000,qare,0,0,2,1,50,0,norm_cond,4,5
Nor Norq,38000,panelayin,0,1,3,1,53,0,bad_cond,1,7
Nor Norq,65000,qare,0,0,3,1,77,0,bad_cond,1,5
Nor Norq,40000,panelayin,0,1,1,1,45,0,good_cond,2,9
Nor Norq,80000,qare,0,0,3,1,73,0,good_cond,1,5
Nor Norq,55000,qare,0,0,3,2,65,0,norm_cond,1,5
Nor Norq,50000,panelayin,0,0,3,1,63,0,norm_cond,1,5
Nor Norq,60000,panelayin,0,0,3,1,72,0,bad_cond,5,5
Nor Norq,41000,panelayin,0,0,2,1,50,0,good_cond,5,5
Nor Norq,85000,panelayin,0,0,4,2,112,0,bad_cond,2,5
Nor Norq,53000,panelayin,0,1,2,1,70,0,good_cond,15,16
Nor Norq,39000,panelayin,0,1,1,1,42,0,norm_cond,3,9
Nor Norq,56000,kasetayin,0,0,3,1,63,0,norm_cond,4,5
Nor Norq,60000,panelayin,0,0,3,2,72,0,good_cond,1,5
Nor Norq,70000,monolit,0,1,3,1,85,0,norm_cond,9,12
Nor Norq,28500,qare,0,0,1,1,32,1,good_cond,2,4
Nor Norq,38500,panelayin,1,0,1,1,37,0,good_cond,5,5
Nor Norq,39000,qare,0,0,2,1,43,1,good_cond,4,4
Nor Norq,76000,monolit,0,1,3,1,63,0,bad_cond,8,12
Nor Norq,53000,panelayin,0,1,4,1,98,0,norm_cond,5,9
Nor Norq,63000,qare,0,0,4,1,94,0,norm_cond,1,5
Nor Norq,39000,panelayin,0,1,1,1,47,0,good_cond,1,9
Nor Norq,49000,qare,0,0,2,1,57,0,bad_cond,5,5
Nor Norq,75000,panelayin,0,1,4,1,90,0,good_cond,7,12
Nor Norq,75000,panelayin,0,1,4,1,92,0,good_cond,9,9
Nor Norq,73000,qare,0,0,3,1,78,0,good_cond,1,5
Nor Norq,39000,panelayin,0,1,1,1,47,0,good_cond,1,9
Nor Norq,47000,qare,0,0,2,1,70,0,norm_cond,1,5
Nor Norq,85000,monolit,1,1,3,1,70,0,good_cond,2,7
Nor Norq,43000,panelayin,0,1,2,1,70,0,norm_cond,15,16
Nor Norq,70000,qare,0,0,4,1,98,0,norm_cond,5,5
Nor Norq,45000,panelayin,1,1,2,1,44,0,good_cond,5,9
Nor Norq,60000,qare,1,0,3,1,77,0,good_cond,3,5
Nor Norq,85000,qare,0,1,5,1,129,0,norm_cond,1,12
Nor Norq,56000,panelayin,0,1,2,1,70,0,norm_cond,15,16
Nor Norq,13000,qare,0,1,1,1,18,0,norm_cond,6,8
Nor Norq,57000,qare,0,0,2,2,52,0,good_cond,5,5
Nor Norq,53000,panelayin,0,1,3,1,75,0,good_cond,7,9
Nor Norq,39500,panelayin,0,0,1,1,37,0,bad_cond,4,5
Nor Norq,50000,kasetayin,0,0,2,1,52,0,good_cond,4,5
Nor Norq,63000,qare,0,0,2,1,57,0,good_cond,2,5
Nor Norq,58000,qare,0,0,3,1,76,0,good_cond,2,5
Nor Norq,55000,qare,0,0,3,1,65,0,good_cond,1,5
Nor Norq,57000,panelayin,0,1,3,1,77,0,norm_cond,7,9
Nor Norq,49000,panelayin,0,1,2,1,68,0,bad_cond,1,9
Nor Norq,45000,qare,0,0,2,1,47,0,norm_cond,3,5
Nor Norq,37000,qare,0,0,1,1,36,0,norm_cond,5,5
Nor Norq,55000,qare,0,0,4,1,87,0,bad_cond,5,5
Nor Norq,57000,panelayin,0,1,3,1,78,0,good_cond,8,9
Nor Norq,85000,qare,0,0,4,1,78,0,good_cond,1,5
Nor Norq,63000,monolit,0,0,3,1,75,0,norm_cond,3,5
Nor Norq,45000,qare,0,0,1,1,45,0,bad_cond,3,5
Nor Norq,50000,kasetayin,0,0,2,1,52,0,norm_cond,1,5
Nor Norq,37000,panelayin,0,1,1,1,42,0,norm_cond,4,8
Nor Norq,42000,qare,0,0,2,1,51,0,good_cond,5,5
Nor Norq,55000,panelayin,0,1,3,1,78,0,good_cond,6,9
Nor Norq,150000,monolit,1,1,4,2,116,0,bad_cond,2,7
Nor Norq,42000,qare,0,1,3,1,61,0,bad_cond,2,9
Nor Norq,64500,qare,0,1,2,1,68,0,good_cond,2,7
Nor Norq,62000,panelayin,0,1,3,1,74,0,bad_cond,9,9
Nor Norq,14000,qare,0,1,1,1,17,0,good_cond,6,9
Nor Norq,48000,panelayin,0,1,3,1,74,0,bad_cond,9,9
Nor Norq,80000,panelayin,0,1,3,1,81,0,norm_cond,2,9
Nor Norq,40000,panelayin,0,1,2,3,68,0,good_cond,5,16
Nor Norq,13000,qare,0,1,1,1,20,0,norm_cond,6,8
Nor Norq,59900,monolit,0,1,2,1,67,0,good_cond,10,12
Nor Norq,63000,panelayin,0,1,3,1,77,0,bad_cond,6,9
Nor Norq,50000,panelayin,0,1,3,1,60,0,good_cond,2,9
Nor Norq,87000,qare,0,0,4,2,110,0,good_cond,5,5
Nor Norq,85000,qare,0,0,3,1,78,0,good_cond,2,5
Nor Norq,47000,qare,0,0,1,1,47,0,norm_cond,3,5
Nor Norq,31900,monolit,0,1,2,1,39,0,bad_cond,7,9
Nor Norq,57000,qare,0,0,2,1,67,0,norm_cond,2,5
Nor Norq,40000,panelayin,0,1,3,1,82,0,bad_cond,9,9
Nor Norq,62000,qare,0,0,4,1,68,0,bad_cond,3,3
Nor Norq,50000,panelayin,0,0,3,1,74,0,norm_cond,5,5
Nor Norq,75000,monolit,0,1,4,1,98,0,good_cond,5,9
Nor Norq,70000,panelayin,0,0,3,1,76,0,norm_cond,4,4
Nor Norq,65000,kasetayin,0,0,3,2,64,0,good_cond,5,5
Nor Norq,49000,panelayin,0,1,3,1,78,0,norm_cond,7,16
Nor Norq,50000,panelayin,0,1,3,1,79,0,bad_cond,10,16
Nor Norq,58000,qare,0,0,2,1,59,0,good_cond,3,5
Nor Norq,45000,panelayin,0,0,2,1,49,0,norm_cond,2,5
Nor Norq,23000,panelayin,0,1,3,3,35,0,norm_cond,8,8
Nor Norq,74000,qare,0,0,3,1,89,0,norm_cond,3,5
Nor Norq,115000,panelayin,0,1,4,2,140,0,bad_cond,5,8
Nor Norq,52000,qare,0,0,3,1,70,0,norm_cond,1,5
Nor Norq,26000,monolit,0,1,1,1,30,0,good_cond,5,8
Nor Norq,50000,qare,0,0,1,1,48,0,good_cond,4,5
Nor Norq,85000,monolit,0,1,3,1,70,0,good_cond,7,8
Nor Norq,58000,panelayin,1,1,3,2,96,1,good_cond,8,9
Nor Norq,29000,panelayin,0,0,1,1,34,0,norm_cond,3,4
Nor Norq,85000,panelayin,0,1,4,2,70,0,good_cond,8,8
Nor Norq,150000,monolit,0,1,4,2,128,0,bad_cond,10,12
Nor Norq,20000,panelayin,0,1,1,1,20,0,good_cond,3,8
Nor Norq,50000,kasetayin,0,0,3,3,66,0,good_cond,5,5
Nor Norq,38000,qare,0,0,2,1,34,0,bad_cond,2,3
Nor Norq,68000,panelayin,0,1,3,1,80,0,good_cond,2,9
Nor Norq,75000,panelayin,0,1,3,1,78,1,good_cond,8,9
Nor Norq,13000,qare,0,1,1,1,18,0,good_cond,3,8
Nor Norq,52000,panelayin,0,1,4,1,96,0,bad_cond,1,9
Nor Norq,61000,panelayin,0,1,3,1,83,0,bad_cond,1,14
Nor Norq,51200,panelayin,0,1,3,1,98,0,bad_cond,5,9
Nor Norq,34500,panelayin,0,0,2,1,48,0,bad_cond,1,5
Nor Norq,65000,panelayin,0,1,4,1,90,0,bad_cond,9,9
Nor Norq,14000,qare,0,1,1,1,16,0,norm_cond,3,8
Nor Norq,72000,panelayin,0,1,3,1,63,0,bad_cond,8,12
Nor Norq,62000,qare,0,0,5,1,105,0,bad_cond,1,5
Nor Norq,34000,panelayin,0,1,2,1,48,0,bad_cond,1,14
Nor Norq,80000,panelayin,0,1,4,1,96,0,bad_cond,2,9
Nor Norq,57000,panelayin,0,0,3,1,63,0,bad_cond,4,4
Nor Norq,49000,panelayin,0,1,4,1,90,0,bad_cond,9,9
Nor Norq,67000,qare,0,0,4,1,69,0,bad_cond,2,5
Nor Norq,35000,panelayin,0,0,1,1,33,0,bad_cond,2,5
Nor Norq,52500,kasetayin,0,0,3,1,63,0,norm_cond,3,5
Nor Norq,35000,kasetayin,0,0,1,1,36,0,bad_cond,2,5
Nor Norq,70000,panelayin,0,1,3,1,87,0,bad_cond,1,9
Nor Norq,52000,monolit,0,1,3,1,60,0,bad_cond,12,12
Nor Norq,39000,panelayin,0,1,1,1,40,0,bad_cond,5,12
Nor Norq,55000,panelayin,0,1,3,1,84,0,bad_cond,1,9
Nor Norq,67000,panelayin,0,1,4,1,93,0,bad_cond,14,16
Nor Norq,56000,panelayin,0,1,2,1,68,0,bad_cond,7,9
Nor Norq,43000,panelayin,0,1,3,1,57,0,bad_cond,1,9
Nor Norq,80000,panelayin,0,1,4,1,78,0,bad_cond,4,9
Nor Norq,60000,panelayin,0,1,3,1,78,0,bad_cond,4,9
Nor Norq,75000,monolit,0,1,3,1,93,0,bad_cond,2,16
Nor Norq,60000,qare,0,0,3,1,78,0,bad_cond,4,5
Nor Norq,45000,monolit,0,1,3,1,53,0,bad_cond,1,9
Nor Norq,76000,panelayin,0,1,3,1,107,0,bad_cond,7,18
Nor Norq,60000,panelayin,0,1,3,1,76,0,bad_cond,2,9
Nor Norq,58000,qare,0,0,2,1,61,0,bad_cond,1,5
Nor Norq,42000,panelayin,0,1,1,1,54,0,bad_cond,4,9
Nor Norq,55000,panelayin,0,0,2,1,51,0,bad_cond,4,5
Nor Norq,38000,kasetayin,0,0,1,1,37,0,bad_cond,4,5
Nor Norq,39000,panelayin,0,1,1,1,47,0,good_cond,1,9
Nor Norq,55000,qare,0,0,3,1,60,1,norm_cond,3,5
Nor Norq,57900,monolit,0,1,2,1,53,0,good_cond,7,9
Nor Norq,55000,panelayin,0,0,3,1,65,0,bad_cond,3,5
Nor Norq,50000,qare,0,1,1,1,51,0,bad_cond,4,6
Nor Norq,55000,panelayin,0,1,3,1,80,0,bad_cond,5,9
Nor Norq,23000,qare,0,1,1,1,18,0,bad_cond,3,8
Nor Norq,50000,kasetayin,0,0,2,1,52,0,bad_cond,2,5
Nor Norq,67000,qare,0,0,3,1,63,0,bad_cond,2,5
Nor Norq,42500,panelayin,0,1,2,1,63,0,bad_cond,9,9
Nor Norq,37000,panelayin,0,0,1,1,36,0,bad_cond,5,5
Nor Norq,48000,panelayin,0,1,3,1,64,0,bad_cond,3,9
Nor Norq,58000,panelayin,0,0,4,1,78,0,bad_cond,1,4
Nor Norq,58500,panelayin,0,1,3,1,61,0,bad_cond,4,9
Nor Norq,72000,qare,0,0,4,1,75,0,bad_cond,5,5
Nor Norq,78000,qare,0,0,4,1,126,0,bad_cond,1,5
Nor Norq,13000,qare,0,1,1,1,17,0,bad_cond,4,8
Nor Norq,47000,panelayin,0,1,3,1,76,0,bad_cond,9,9
Nor Norq,54000,panelayin,0,1,2,1,65,0,bad_cond,2,9
Nor Norq,70000,monolit,0,1,3,1,86,0,bad_cond,2,10
Nor Norq,43000,kasetayin,0,0,2,1,50,0,bad_cond,5,5
Nor Norq,49000,kasetayin,0,0,2,1,53,0,bad_cond,5,5
Nor Norq,60000,panelayin,0,1,3,1,75,0,bad_cond,1,9
Nor Norq,125000,qare,0,0,3,1,95,0,bad_cond,4,5
Nor Norq,41000,panelayin,0,1,2,1,54,0,bad_cond,7,9
Nor Norq,81000,qare,0,0,4,1,97,0,bad_cond,5,5
Nor Norq,42000,panelayin,0,1,1,1,54,0,bad_cond,3,9
Nor Norq,120000,panelayin,0,1,3,1,73,0,bad_cond,7,9
Nor Norq,75000,qare,0,0,4,1,94,0,bad_cond,5,5
Nor Norq,60000,panelayin,0,1,3,1,63,0,bad_cond,4,12
Nor Norq,63000,monolit,0,1,3,1,70,0,bad_cond,8,8
Nor Norq,56000,panelayin,0,1,3,1,100,0,bad_cond,16,16
Nor Norq,70000,kasetayin,0,0,3,1,72,0,bad_cond,5,5
Nor Norq,71500,panelayin,0,1,3,1,72,0,bad_cond,1,9
Nor Norq,55000,kasetayin,0,0,2,1,50,0,bad_cond,2,5
Nor Norq,48000,panelayin,0,1,2,1,62,0,bad_cond,2,9
Nor Norq,44000,panelayin,0,1,2,1,42,0,bad_cond,9,9
Nor Norq,50000,qare,0,0,2,1,62,0,bad_cond,2,5
Nor Norq,15000,panelayin,0,1,1,1,18,0,bad_cond,4,8
Nor Norq,52000,panelayin,0,0,3,1,64,0,bad_cond,2,5
Nor Norq,37000,panelayin,0,1,1,1,45,0,bad_cond,4,9
Nor Norq,58000,panelayin,0,1,3,1,86,0,bad_cond,12,12
Nor Norq,15000,monolit,0,1,1,1,18,0,bad_cond,1,8
Nor Norq,56000,panelayin,0,1,3,1,76,0,bad_cond,2,9
Nor Norq,57000,panelayin,0,0,4,1,83,0,bad_cond,4,5
Nor Norq,46000,panelayin,0,0,2,1,51,0,bad_cond,1,5
Nor Norq,58000,panelayin,0,1,3,1,78,0,bad_cond,2,9
Nor Norq,34000,qare,0,1,2,1,36,0,bad_cond,5,6
Nor Norq,57000,panelayin,0,1,3,1,74,0,bad_cond,1,9
Nor Norq,33000,panelayin,0,1,1,1,40,0,bad_cond,1,9
Nor Norq,45000,panelayin,0,0,2,1,60,0,bad_cond,4,5
Nor Norq,60000,panelayin,0,0,3,1,67,0,bad_cond,4,5
Nor Norq,68000,qare,0,0,3,1,65,0,bad_cond,3,5
Nor Norq,43000,qare,0,0,2,1,55,0,bad_cond,1,5
Nor Norq,70000,panelayin,0,1,3,1,73,0,bad_cond,8,9
Nor Norq,40000,panelayin,0,1,1,1,47,0,bad_cond,9,9
Nor Norq,70000,panelayin,0,1,4,1,91,0,bad_cond,7,9
Nor Norq,80000,monolit,0,1,3,1,70,0,bad_cond,8,8
Nor Norq,54000,qare,0,0,4,1,110,0,bad_cond,5,5
Nor Norq,39000,panelayin,0,1,1,1,42,0,bad_cond,3,9
Nor Norq,30000,monolit,0,1,1,1,35,0,bad_cond,1,12
Nor Norq,78000,panelayin,0,1,3,1,96,0,bad_cond,1,9
Nor Norq,45800,panelayin,0,0,2,1,51,0,bad_cond,5,5
Nor Norq,58000,monolit,0,1,3,1,82,0,bad_cond,14,16
Nor Norq,63000,panelayin,0,1,3,1,75,0,bad_cond,3,9
Norq Marash,53000,monolit,0,1,3,1,51,0,bad_cond,4,6
Norq Marash,74500,monolit,1,1,2,1,62,1,good_cond,4,6
Norq Marash,110000,monolit,0,1,3,2,102,0,good_cond,3,14
Norq Marash,165000,qare,1,0,4,2,118,1,good_cond,4,5
Norq Marash,129000,qare,1,0,3,2,155,2,norm_cond,2,4
Norq Marash,115000,monolit,1,0,5,1,125,1,bad_cond,4,4
Norq Marash,90000,monolit,1,0,3,1,60,1,bad_cond,3,4
Norq Marash,80000,qare,0,0,5,3,251,2,norm_cond,4,4
Norq Marash,170000,monolit,0,0,3,1,139,0,bad_cond,2,4
Norq Marash,150000,qare,1,0,4,2,111,2,good_cond,5,5
Norq Marash,60000,qare,1,0,2,2,60,1,bad_cond,1,4
Norq Marash,98000,qare,0,0,3,2,105,0,good_cond,2,4
Norq Marash,48000,monolit,1,1,2,1,51,1,good_cond,3,6
Norq Marash,110000,monolit,1,0,3,1,100,1,good_cond,3,4
Norq Marash,83000,monolit,1,0,3,1,60,1,bad_cond,2,4
Norq Marash,120000,monolit,1,0,5,1,125,1,bad_cond,4,4
Norq Marash,42000,qare,0,0,2,1,40,1,good_cond,2,3
Norq Marash,80000,qare,0,0,5,2,251,2,bad_cond,4,4
Norq Marash,75000,monolit,0,1,3,1,65,0,bad_cond,3,10
Norq Marash,70000,monolit,1,1,3,1,65,1,norm_cond,9,11
Norq Marash,92000,monolit,0,1,3,1,78,0,bad_cond,10,11
Norq Marash,75000,qare,0,0,4,2,226,2,norm_cond,2,2
Norq Marash,88000,monolit,1,1,3,1,80,1,good_cond,9,11
Nubarashen,51000,panelayin,0,0,4,1,120,2,good_cond,2,5
Nubarashen,18500,qare,0,0,1,1,14,0,good_cond,2,3
Nubarashen,30000,panelayin,0,0,2,2,37,0,good_cond,3,3
Nubarashen,35000,panelayin,0,1,3,1,76,1,norm_cond,1,9
Nubarashen,50000,qare,0,0,3,1,78,1,norm_cond,4,5
Nubarashen,42500,panelayin,0,1,3,1,79,1,norm_cond,9,9
Nubarashen,19000,panelayin,1,0,1,1,36,0,good_cond,1,3
Nubarashen,47000,qare,0,0,3,1,72,1,good_cond,4,5
Nubarashen,52000,qare,0,0,3,2,84,1,good_cond,2,5
Nubarashen,48000,qare,0,0,4,1,97,2,norm_cond,3,5
Nubarashen,45000,qare,1,0,3,1,70,0,good_cond,1,1
Nubarashen,46000,qare,0,0,4,1,105,1,good_cond,4,5
Nubarashen,28500,qare,1,0,1,1,45,1,norm_cond,4,5
Nubarashen,52000,qare,0,0,4,1,96,1,norm_cond,5,5
Nubarashen,50000,qare,0,0,4,1,122,2,norm_cond,2,5
Nubarashen,48000,qare,0,0,4,1,97,1,good_cond,3,5
Nubarashen,33000,qare,0,0,2,1,50,0,good_cond,2,5
Nubarashen,40000,qare,0,0,3,1,75,0,bad_cond,5,5
Nubarashen,29000,qare,0,0,2,2,52,1,norm_cond,2,5
Nubarashen,47000,qare,0,0,3,1,78,1,good_cond,4,5
Nubarashen,49500,qare,0,0,2,1,74,1,good_cond,1,5
Nubarashen,35000,qare,0,0,2,2,48,1,norm_cond,1,5
Nubarashen,270000,monolit,1,1,4,3,162,1,good_cond,5,16
Nubarashen,40000,qare,0,0,3,1,85,1,norm_cond,4,5
Nubarashen,50000,qare,0,0,3,1,78,1,good_cond,4,5
Nubarashen,45000,qare,0,0,4,3,175,2,norm_cond,1,1
Nubarashen,53000,panelayin,0,1,4,1,100,0,good_cond,4,9
Nubarashen,37000,qare,0,0,2,1,66,0,good_cond,4,5
Nubarashen,40000,qare,1,0,3,2,78,0,norm_cond,1,5
Nubarashen,51000,qare,0,0,2,2,67,2,norm_cond,5,5
Nubarashen,30000,qare,0,0,2,1,46,0,bad_cond,3,5
Nubarashen,32000,qare,0,0,1,1,47,0,bad_cond,5,5
Nubarashen,100000,qare,0,0,3,1,100,0,bad_cond,2,5
Nubarashen,50000,qare,0,0,4,1,105,0,bad_cond,5,5
Shengavit,53000,panelayin,0,1,2,1,64,1,good_cond,4,10
Shengavit,72999,qare,0,0,3,1,90,0,good_cond,2,4
Shengavit,56000,qare,0,0,3,1,64,1,good_cond,2,5
Shengavit,88000,qare,0,0,3,1,86,1,norm_cond,3,5
Shengavit,50500,panelayin,0,1,2,1,55,1,good_cond,7,9
Shengavit,80000,panelayin,0,1,4,1,94,0,bad_cond,7,9
Shengavit,48500,panelayin,0,1,2,1,64,2,norm_cond,8,10
Shengavit,37000,qare,0,0,2,3,40,1,norm_cond,4,4
Shengavit,43000,panelayin,0,1,1,1,43,1,norm_cond,1,9
Shengavit,38000,kasetayin,0,0,1,1,36,1,good_cond,2,4
Shengavit,19500,qare,0,1,1,1,20,0,good_cond,7,8
Shengavit,43000,qare,0,0,3,1,61,1,good_cond,1,3
Shengavit,37900,panelayin,0,1,2,1,54,1,good_cond,13,13
Shengavit,41000,panelayin,0,1,1,1,39,0,bad_cond,4,9
Shengavit,30000,panelayin,0,0,1,1,30,0,bad_cond,1,4
Shengavit,56000,qare,0,0,3,1,115,0,bad_cond,1,1
Shengavit,40000,panelayin,0,1,1,1,45,0,good_cond,4,9
Shengavit,41000,qare,0,0,3,1,72,1,bad_cond,1,5
Shengavit,70000,qare,0,0,3,1,65,0,bad_cond,2,5
Shengavit,55000,qare,0,0,4,1,113,0,bad_cond,3,4
Shengavit,55000,qare,0,0,2,1,59,0,norm_cond,1,5
Shengavit,47000,qare,0,0,3,1,74,1,norm_cond,4,4
Shengavit,76000,panelayin,0,0,5,1,135,1,norm_cond,2,4
Shengavit,55000,qare,0,0,2,1,50,0,good_cond,1,1
Shengavit,70000,qare,0,0,2,2,70,1,bad_cond,3,4
Shengavit,36000,panelayin,0,1,2,1,39,0,bad_cond,2,9
Shengavit,110000,panelayin,0,1,3,1,87,1,good_cond,6,14
Shengavit,37000,panelayin,0,1,2,1,42,0,bad_cond,1,9
Shengavit,58000,qare,0,0,3,1,64,1,good_cond,4,4
Shengavit,60000,qare,0,0,4,1,102,1,norm_cond,4,4
Shengavit,25500,qare,0,1,1,1,20,0,norm_cond,7,7
Shengavit,67000,qare,0,0,3,1,77,1,norm_cond,2,5
Shengavit,85000,qare,0,0,4,1,83,1,good_cond,3,4
Shengavit,60000,qare,0,0,4,1,102,1,norm_cond,4,4
Shengavit,38000,qare,0,0,1,1,36,1,norm_cond,4,4
Shengavit,58000,qare,0,0,2,1,58,1,norm_cond,4,5
Shengavit,42000,qare,0,0,2,1,55,2,norm_cond,3,5
Shengavit,34000,qare,0,0,1,1,32,0,good_cond,1,4
Shengavit,62000,panelayin,0,0,3,1,57,1,good_cond,3,4
Shengavit,55000,qare,0,0,2,2,40,0,good_cond,4,5
Shengavit,70000,panelayin,0,1,3,1,80,1,good_cond,4,9
Shengavit,16500,panelayin,0,1,1,1,18,0,norm_cond,1,9
Shengavit,50000,qare,0,1,3,1,64,1,norm_cond,8,10
Shengavit,58000,qare,0,0,3,1,75,0,norm_cond,1,3
Shengavit,36000,qare,1,0,1,1,36,1,good_cond,5,5
Shengavit,80000,qare,0,0,3,1,75,1,good_cond,5,5
Shengavit,78000,panelayin,0,1,5,2,200,1,norm_cond,9,10
Shengavit,70000,qare,0,0,3,1,68,1,good_cond,2,5
Shengavit,60000,qare,0,0,4,1,90,0,bad_cond,2,2
Shengavit,54000,qare,0,0,2,1,52,0,good_cond,5,5
Shengavit,40500,qare,0,0,2,1,31,0,good_cond,1,4
Shengavit,90000,panelayin,0,1,3,1,100,2,norm_cond,2,16
Shengavit,50000,qare,0,0,2,1,57,0,good_cond,2,2
Shengavit,56000,qare,0,0,4,1,100,0,bad_cond,1,3
Shengavit,50000,panelayin,0,1,3,1,70,1,norm_cond,8,9
Shengavit,90000,qare,0,0,3,2,160,2,good_cond,4,4
Shengavit,39000,monolit,0,0,2,1,42,0,bad_cond,1,4
Shengavit,53000,panelayin,0,1,2,1,68,1,norm_cond,8,9
Shengavit,45000,qare,1,0,2,1,60,0,good_cond,4,4
Shengavit,36700,panelayin,0,1,1,1,47,1,norm_cond,2,9
Shengavit,50000,panelayin,0,0,3,1,75,0,norm_cond,3,4
Shengavit,50000,panelayin,0,0,3,1,75,0,bad_cond,3,4
Shengavit,62000,qare,0,0,4,1,96,1,good_cond,1,3
Shengavit,75000,qare,0,0,3,1,72,1,good_cond,1,4
Shengavit,102000,qare,1,1,4,3,100,2,norm_cond,1,9
Shengavit,54000,panelayin,0,0,3,1,70,0,norm_cond,1,4
Shengavit,50000,qare,0,1,2,1,48,1,good_cond,5,7
Shengavit,75000,panelayin,0,1,4,1,95,0,norm_cond,6,9
Shengavit,49999,qare,0,0,2,1,53,1,good_cond,3,3
Shengavit,52000,qare,0,0,2,2,56,1,good_cond,2,5
Shengavit,32000,qare,1,0,3,1,58,0,good_cond,1,1
Shengavit,58000,panelayin,0,1,2,1,58,2,norm_cond,6,9
Shengavit,43000,panelayin,0,0,2,1,55,1,norm_cond,4,5
Shengavit,69999,qare,0,0,2,1,75,2,norm_cond,3,5
Shengavit,50000,qare,0,0,3,1,75,1,norm_cond,5,5
Shengavit,38000,panelayin,0,0,2,1,57,0,bad_cond,3,4
Shengavit,52900,qare,0,0,2,1,53,1,good_cond,4,4
Shengavit,95000,qare,0,0,4,1,100,1,good_cond,2,3
Shengavit,48000,panelayin,1,1,3,3,76,1,norm_cond,9,9
Shengavit,17000,qare,0,1,1,1,22,1,bad_cond,3,6
Shengavit,25000,qare,0,0,3,1,61,0,norm_cond,1,1
Shengavit,26500,qare,0,1,1,1,21,0,good_cond,7,7
Shengavit,27000,qare,0,0,1,1,29,1,norm_cond,4,5
Shengavit,75000,panelayin,0,0,3,1,85,1,good_cond,2,2
Shengavit,27000,panelayin,0,0,1,1,35,1,norm_cond,3,4
Shengavit,41000,qare,0,0,2,1,60,1,bad_cond,1,5
Shengavit,40000,panelayin,0,1,1,1,43,1,norm_cond,6,9
Shengavit,63000,qare,0,0,3,1,72,1,norm_cond,1,5
Shengavit,110000,qare,0,1,3,1,104,1,good_cond,6,6
Shengavit,15500,panelayin,0,1,1,1,18,0,norm_cond,3,8
Shengavit,80000,panelayin,0,1,3,1,70,1,good_cond,4,9
Shengavit,20000,panelayin,0,0,2,1,27,0,bad_cond,4,4
Shengavit,71000,qare,0,0,2,1,76,1,good_cond,2,4
Shengavit,69000,qare,0,0,2,1,67,1,good_cond,2,4
Shengavit,48000,panelayin,0,0,2,1,51,1,good_cond,3,4
Shengavit,110000,qare,0,0,4,2,175,1,good_cond,3,4
Shengavit,45000,panelayin,0,0,3,1,58,1,good_cond,2,3
Shengavit,70000,qare,0,0,3,1,70,1,good_cond,2,4
Shengavit,70000,qare,0,0,2,1,70,1,good_cond,2,4
Shengavit,70000,panelayin,0,1,4,1,90,0,bad_cond,8,9
Shengavit,38000,panelayin,0,1,1,1,43,1,good_cond,10,10
Shengavit,60000,panelayin,0,1,3,1,80,0,bad_cond,8,14
Shengavit,85000,qare,0,0,3,1,96,1,good_cond,3,5
Shengavit,36000,qare,1,0,2,1,37,1,good_cond,4,4
Shengavit,16500,qare,0,1,1,1,18,1,bad_cond,3,6
Shengavit,60000,panelayin,0,1,3,1,76,1,good_cond,8,9
Shengavit,40000,panelayin,0,1,1,1,47,1,norm_cond,2,9
Shengavit,50000,qare,1,0,3,3,80,0,norm_cond,3,3
Shengavit,35000,qare,0,0,1,1,30,0,norm_cond,1,4
Shengavit,36000,qare,0,0,1,1,40,0,norm_cond,3,4
Shengavit,33000,qare,0,0,2,1,44,0,good_cond,2,4
Shengavit,60000,qare,0,0,2,1,57,1,bad_cond,1,4
Shengavit,75000,qare,0,0,5,1,110,1,norm_cond,1,4
Shengavit,56000,qare,0,0,2,1,65,1,good_cond,2,5
Shengavit,59000,qare,0,0,4,1,78,1,bad_cond,1,5
Shengavit,49000,qare,0,0,2,1,60,0,good_cond,3,4
Shengavit,57000,panelayin,0,1,3,1,70,0,good_cond,2,10
Shengavit,70000,qare,0,0,3,1,73,1,good_cond,3,4
Shengavit,41000,panelayin,0,1,3,1,83,1,norm_cond,1,9
Shengavit,18500,qare,0,1,1,1,21,1,norm_cond,4,6
Shengavit,75000,qare,0,0,4,1,121,0,bad_cond,5,5
Shengavit,40000,qare,0,0,3,1,72,1,bad_cond,1,5
Shengavit,85000,qare,1,0,3,2,87,0,good_cond,2,4
Shengavit,47000,panelayin,0,0,2,1,51,1,good_cond,4,4
Shengavit,40000,qare,0,0,1,1,44,1,good_cond,1,5
Shengavit,68000,panelayin,0,1,3,1,74,1,good_cond,6,9
Shengavit,45000,qare,1,0,3,1,80,0,good_cond,1,1
Shengavit,40000,panelayin,0,1,2,1,58,1,good_cond,11,14
Shengavit,69000,qare,0,0,3,1,94,0,good_cond,1,3
Shengavit,47000,panelayin,0,1,2,1,42,0,good_cond,7,10
Shengavit,50000,panelayin,0,0,3,1,86,1,bad_cond,4,4
Shengavit,32000,qare,0,0,2,1,33,0,good_cond,2,4
Shengavit,69000,qare,0,0,3,1,74,1,good_cond,4,4
Shengavit,52000,panelayin,0,1,3,1,83,1,good_cond,2,9
Shengavit,74000,qare,1,0,3,1,68,1,good_cond,2,5
Shengavit,77000,qare,1,0,4,1,92,1,norm_cond,5,5
Shengavit,68000,qare,0,0,4,1,109,0,norm_cond,1,3
Shengavit,23000,qare,0,1,2,1,35,0,norm_cond,1,9
Shengavit,65000,qare,0,0,5,2,140,0,bad_cond,4,5
Shengavit,82000,qare,1,0,2,1,60,1,good_cond,3,5
Shengavit,78000,panelayin,0,1,3,2,75,1,norm_cond,3,14
Shengavit,42000,kasetayin,0,0,2,1,51,0,bad_cond,4,4
Shengavit,78000,qare,0,0,4,2,100,1,good_cond,4,5
Shengavit,70000,panelayin,0,1,2,1,70,0,bad_cond,4,9
Shengavit,50000,panelayin,0,1,3,1,100,0,bad_cond,1,9
Shengavit,16000,qare,0,0,2,1,40,0,norm_cond,1,2
Shengavit,16000,qare,0,0,2,1,40,0,norm_cond,1,2
Shengavit,67000,qare,0,0,3,1,81,1,norm_cond,5,5
Shengavit,65000,panelayin,0,0,4,1,75,0,good_cond,2,4
Shengavit,40000,qare,0,0,1,1,35,1,norm_cond,2,5
Shengavit,117000,monolit,1,0,4,2,107,0,good_cond,3,4
Shengavit,59000,qare,0,0,3,1,70,1,good_cond,5,5
Shengavit,80000,qare,0,0,3,1,70,2,good_cond,5,5
Shengavit,80000,qare,0,0,3,1,70,2,good_cond,5,5
Shengavit,41000,panelayin,0,1,1,1,42,1,good_cond,9,9
Shengavit,57000,qare,0,0,2,1,53,0,bad_cond,3,5
Shengavit,36000,qare,0,0,1,1,33,1,norm_cond,3,5
Shengavit,90000,qare,0,0,3,1,118,1,good_cond,1,5
Shengavit,28000,monolit,1,0,4,1,100,0,norm_cond,1,2
Shengavit,75000,qare,0,0,3,1,78,0,good_cond,5,5
Shengavit,58000,qare,0,0,2,1,48,0,good_cond,1,5
Shengavit,50000,qare,0,0,2,1,56,0,bad_cond,4,5
Shengavit,39900,qare,0,0,1,1,30,1,good_cond,3,4
Shengavit,36000,qare,1,0,1,1,48,1,norm_cond,5,5
Shengavit,67000,panelayin,0,1,4,1,90,1,norm_cond,5,9
Shengavit,32000,qare,1,0,3,1,65,2,norm_cond,1,1
Shengavit,43500,monolit,0,0,2,1,47,0,bad_cond,5,5
Shengavit,65000,panelayin,0,0,3,1,90,0,good_cond,1,4
Shengavit,59000,panelayin,0,1,3,1,95,1,norm_cond,6,9
Shengavit,80000,qare,0,0,2,1,53,0,good_cond,2,4
Shengavit,42000,monolit,0,0,2,1,33,1,good_cond,4,4
Shengavit,135000,panelayin,0,1,4,2,202,0,good_cond,6,7
Shengavit,25000,panelayin,0,1,2,1,35,0,norm_cond,8,9
Shengavit,87000,panelayin,0,1,3,1,100,2,good_cond,7,9
Shengavit,17500,qare,0,1,1,1,19,0,good_cond,6,8
Shengavit,27500,qare,0,0,1,1,34,1,norm_cond,4,4
Shengavit,38000,qare,0,0,1,1,30,1,good_cond,2,4
Shengavit,39500,qare,0,0,2,1,45,0,norm_cond,4,5
Shengavit,55999,qare,0,0,2,1,47,1,good_cond,2,5
Shengavit,85000,panelayin,0,1,3,1,90,1,good_cond,6,10
Shengavit,39500,qare,0,0,1,1,31,1,good_cond,5,5
Shengavit,25500,qare,0,1,1,1,21,0,norm_cond,7,7
Shengavit,50000,panelayin,0,0,3,1,74,2,bad_cond,3,4
Shengavit,37400,panelayin,1,1,2,1,44,0,good_cond,4,12
Shengavit,75000,qare,1,0,6,1,125,1,good_cond,4,4
Shengavit,55000,monolit,1,1,2,1,65,1,bad_cond,3,14
Shengavit,35000,qare,1,1,1,1,37,0,bad_cond,4,8
Shengavit,50000,qare,0,0,2,1,45,0,good_cond,1,5
Shengavit,40000,qare,0,0,2,1,50,0,bad_cond,3,5
Shengavit,26500,qare,0,1,2,2,41,1,bad_cond,2,6
Shengavit,56000,qare,0,0,2,1,58,1,good_cond,5,5
Shengavit,33000,qare,0,0,2,1,32,0,good_cond,3,5
Shengavit,43000,panelayin,0,1,2,1,56,1,norm_cond,1,9
Shengavit,53000,monolit,0,1,3,1,64,0,norm_cond,9,12
Shengavit,55000,qare,0,0,3,1,89,2,bad_cond,3,3
Shengavit,58000,qare,0,0,2,1,62,0,norm_cond,4,5
Shengavit,80000,panelayin,0,1,4,1,114,0,bad_cond,12,14
Shengavit,43000,panelayin,0,1,2,1,56,0,bad_cond,7,9
Shengavit,47000,panelayin,0,1,2,2,68,1,norm_cond,9,9
Shengavit,34000,panelayin,0,0,1,1,36,1,bad_cond,2,4
Shengavit,60000,qare,0,0,3,1,90,1,norm_cond,4,5
Shengavit,63000,panelayin,0,1,4,1,103,1,bad_cond,12,14
Shengavit,68000,qare,0,0,2,1,72,1,good_cond,2,3
Shengavit,60000,qare,0,0,3,1,79,1,norm_cond,2,5
Shengavit,38000,qare,0,0,1,1,31,1,good_cond,2,4
Shengavit,75000,qare,0,0,3,1,80,1,norm_cond,1,5
Shengavit,85000,panelayin,0,1,3,1,97,1,good_cond,1,9
Shengavit,15000,qare,0,1,1,1,22,1,bad_cond,6,6
Shengavit,65000,panelayin,0,1,3,1,80,1,norm_cond,12,14
Shengavit,62000,qare,0,0,3,1,70,1,norm_cond,4,5
Shengavit,43500,qare,0,0,2,1,30,1,good_cond,4,4
Shengavit,70000,qare,0,0,3,1,80,0,bad_cond,3,5
Shengavit,48000,panelayin,0,0,2,1,51,1,good_cond,3,4
Shengavit,55000,qare,0,0,4,1,113,1,good_cond,3,4
Shengavit,55000,qare,0,0,3,1,72,1,good_cond,4,5
Shengavit,12500,panelayin,0,0,1,1,21,0,norm_cond,2,5
Shengavit,14900,panelayin,0,1,1,1,18,0,good_cond,4,8
Shengavit,82000,qare,0,0,3,1,78,1,good_cond,2,5
Shengavit,38000,qare,0,0,2,1,43,1,good_cond,3,5
Shengavit,24500,panelayin,0,0,1,1,32,1,bad_cond,2,4
Shengavit,71500,qare,0,0,3,2,100,0,good_cond,1,3
Shengavit,32000,qare,0,0,1,1,30,0,good_cond,2,5
Shengavit,24500,panelayin,0,1,1,1,35,0,bad_cond,1,8
Shengavit,40000,panelayin,0,1,2,1,58,1,good_cond,11,14
Shengavit,80000,panelayin,0,1,4,1,114,1,good_cond,12,14
Shengavit,75000,panelayin,0,1,3,2,78,1,good_cond,2,9
Shengavit,50000,qare,0,0,2,1,57,0,bad_cond,5,5
Shengavit,36000,qare,0,0,2,1,55,2,bad_cond,3,3
Shengavit,43000,qare,0,0,1,1,31,0,bad_cond,1,3
Shengavit,60000,qare,0,0,3,3,74,1,norm_cond,3,4
Shengavit,77000,monolit,1,1,3,1,75,1,norm_cond,2,6
Shengavit,26500,qare,0,1,2,1,36,0,good_cond,3,8
Shengavit,105000,qare,0,0,4,2,106,0,good_cond,2,4
Shengavit,55000,qare,0,0,5,1,110,1,norm_cond,2,2
Shengavit,55000,qare,0,0,5,1,110,1,norm_cond,2,2
Shengavit,48000,kasetayin,0,0,3,1,64,0,good_cond,2,4
Shengavit,57000,panelayin,0,1,3,1,82,1,good_cond,1,14
Shengavit,83000,qare,1,0,2,1,61,1,good_cond,3,5
Shengavit,67000,panelayin,0,1,3,2,80,1,norm_cond,8,9
Shengavit,59900,panelayin,0,0,3,1,74,1,good_cond,1,4
Shengavit,40000,qare,0,0,1,1,31,1,norm_cond,3,5
Shengavit,45000,qare,1,0,2,1,53,1,norm_cond,4,5
Shengavit,63000,monolit,1,0,4,1,75,1,good_cond,2,4
Shengavit,42000,qare,0,0,2,1,50,1,norm_cond,2,5
Shengavit,36000,panelayin,0,0,2,1,48,1,norm_cond,3,5
Shengavit,56000,qare,0,0,3,1,65,1,good_cond,2,5
Shengavit,36000,qare,0,0,1,1,37,0,bad_cond,3,4
Shengavit,16000,qare,0,1,1,1,24,1,norm_cond,5,6
Shengavit,67000,panelayin,0,1,3,1,75,0,good_cond,4,9
Shengavit,46000,qare,1,0,2,2,63,0,good_cond,4,4
Shengavit,52000,qare,0,0,2,1,50,1,good_cond,2,5
Shengavit,46000,qare,1,0,2,1,63,0,good_cond,4,4
Shengavit,47000,qare,0,0,2,1,105,2,good_cond,3,5
Shengavit,59500,panelayin,0,1,4,1,98,1,norm_cond,8,10
Shengavit,53000,qare,0,0,2,1,64,1,good_cond,4,5
Shengavit,75000,qare,0,1,3,1,85,1,good_cond,6,7
Shengavit,36000,qare,0,0,2,1,37,0,bad_cond,3,4
Shengavit,40000,panelayin,0,1,1,2,50,0,good_cond,2,9
Shengavit,47000,qare,0,0,2,1,54,0,bad_cond,5,5
Shengavit,65000,qare,0,0,3,1,70,1,good_cond,4,4
Shengavit,32000,panelayin,0,0,1,1,36,0,bad_cond,2,4
Shengavit,67000,panelayin,0,1,3,1,86,1,bad_cond,1,10
Shengavit,40000,qare,0,0,2,1,43,1,bad_cond,4,5
Shengavit,55000,qare,0,0,3,1,72,1,good_cond,3,3
Shengavit,36000,payte,0,0,2,1,57,1,bad_cond,1,3
Shengavit,32000,panelayin,0,0,3,1,40,2,good_cond,4,4
Shengavit,62000,qare,0,0,2,1,54,0,norm_cond,3,5
Shengavit,70000,panelayin,0,1,3,1,79,0,norm_cond,3,9
Shengavit,45000,qare,0,0,2,1,45,1,norm_cond,4,4
Shengavit,54000,panelayin,0,1,3,1,74,1,good_cond,6,9
Shengavit,70000,qare,0,0,2,1,61,1,good_cond,4,5
Shengavit,100000,qare,0,0,3,1,80,2,good_cond,5,5
Shengavit,37000,qare,0,0,2,1,34,1,good_cond,4,4
Shengavit,35000,qare,0,0,1,1,28,1,norm_cond,4,4
Shengavit,47000,qare,0,0,1,1,46,0,bad_cond,2,4
Shengavit,61000,qare,0,0,2,1,56,1,good_cond,5,5
Shengavit,90000,qare,0,1,3,1,100,1,good_cond,5,8
Shengavit,49000,panelayin,0,1,4,1,97,0,bad_cond,10,10
Shengavit,55000,qare,0,0,3,1,95,2,good_cond,2,4
Shengavit,70000,qare,0,0,3,1,100,2,good_cond,1,3
Shengavit,85000,qare,0,0,4,1,100,2,good_cond,2,5
Shengavit,30000,qare,0,0,3,2,51,0,norm_cond,1,4
Shengavit,47000,qare,0,0,3,1,55,1,norm_cond,4,5
Shengavit,40000,qare,0,0,2,2,44,1,good_cond,1,4
Shengavit,87000,panelayin,0,1,3,1,75,1,good_cond,2,9
Shengavit,15000,panelayin,0,1,1,1,17,0,good_cond,1,8
Shengavit,39900,qare,0,0,1,1,30,0,good_cond,3,4
Shengavit,57000,qare,0,0,3,1,60,0,good_cond,2,4
Shengavit,75000,panelayin,0,0,3,1,75,0,good_cond,1,2
Shengavit,18500,qare,0,1,1,1,18,0,good_cond,5,8
Shengavit,91000,qare,0,0,3,1,90,1,good_cond,4,5
Shengavit,14500,qare,0,0,1,1,15,0,norm_cond,1,3
Shengavit,48000,panelayin,0,0,2,1,51,1,good_cond,3,4
Shengavit,60000,qare,0,0,3,1,75,1,norm_cond,5,5
Shengavit,64000,panelayin,0,1,3,2,80,2,norm_cond,6,9
Shengavit,14000,qare,0,1,1,1,21,1,norm_cond,4,6
Shengavit,43000,qare,0,0,3,1,70,1,bad_cond,1,4
Shengavit,39000,panelayin,0,1,2,1,43,1,norm_cond,3,9
Shengavit,39300,qare,0,0,1,1,37,1,norm_cond,3,4
Shengavit,42000,qare,0,0,2,1,49,1,norm_cond,5,5
Shengavit,70000,panelayin,0,1,3,1,104,2,good_cond,14,16
Shengavit,70000,panelayin,0,1,3,1,104,2,good_cond,14,16
Shengavit,62000,panelayin,1,0,3,3,64,0,good_cond,3,5
Shengavit,67000,qare,0,0,4,1,73,0,good_cond,1,5
Shengavit,67000,panelayin,0,1,3,1,76,0,good_cond,9,9
Shengavit,70000,panelayin,0,1,3,1,80,1,norm_cond,7,9
Shengavit,58000,panelayin,0,1,3,1,74,1,norm_cond,4,9
Shengavit,54000,panelayin,0,1,2,1,64,1,good_cond,8,10
Shengavit,55000,panelayin,0,0,4,1,90,1,norm_cond,3,4
Shengavit,40500,qare,0,0,1,1,30,0,norm_cond,1,5
Shengavit,65000,panelayin,0,1,3,1,87,1,good_cond,2,9
Shengavit,48000,qare,1,0,3,1,72,0,good_cond,2,4
Shengavit,27500,qare,0,0,1,1,34,1,norm_cond,4,4
Shengavit,55000,qare,0,0,2,1,48,1,good_cond,5,5
Shengavit,42000,panelayin,0,0,2,2,51,1,good_cond,2,4
Shengavit,46000,qare,0,0,2,1,57,1,bad_cond,4,4
Shengavit,12000,qare,0,1,1,1,18,0,bad_cond,6,8
Shengavit,32000,qare,0,0,1,1,36,1,good_cond,3,3
Shengavit,32000,qare,0,0,1,1,36,0,good_cond,3,3
Shengavit,70000,kasetayin,0,0,3,1,68,1,norm_cond,2,4
Shengavit,60000,qare,0,0,2,1,60,1,good_cond,3,5
Shengavit,87000,panelayin,0,1,4,1,100,0,bad_cond,1,9
Shengavit,50000,qare,0,0,3,1,70,1,norm_cond,5,5
Shengavit,18000,qare,0,1,1,1,22,0,good_cond,4,6
Shengavit,60000,qare,0,0,3,1,64,1,good_cond,4,4
Shengavit,35000,panelayin,1,0,2,3,49,1,norm_cond,3,5
Shengavit,33000,panelayin,0,0,1,1,44,1,good_cond,1,4
Shengavit,70000,monolit,0,1,3,2,84,0,norm_cond,6,7
Shengavit,57000,qare,0,0,2,2,42,1,good_cond,2,4
Shengavit,68000,qare,0,0,4,1,96,1,norm_cond,2,5
Shengavit,60000,qare,0,0,3,1,68,0,bad_cond,5,5
Shengavit,65000,panelayin,0,1,3,1,75,0,bad_cond,3,10
Shengavit,62000,qare,0,0,3,1,78,1,norm_cond,2,5
Shengavit,60000,panelayin,0,1,4,1,78,0,norm_cond,14,14
Shengavit,117000,monolit,0,0,4,3,107,0,good_cond,3,4
Shengavit,45000,qare,0,0,2,1,36,1,norm_cond,3,4
Shengavit,60000,qare,0,1,4,1,192,2,good_cond,1,7
Shengavit,37000,qare,0,0,3,2,50,1,good_cond,4,4
Shengavit,37000,panelayin,0,0,3,1,50,0,good_cond,4,4
Shengavit,47000,panelayin,0,0,3,1,55,1,good_cond,4,4
Shengavit,45000,panelayin,0,1,2,1,54,1,good_cond,1,10
Shengavit,68000,panelayin,0,1,4,1,90,1,norm_cond,5,9
Shengavit,90000,qare,0,0,3,1,90,0,bad_cond,3,4
Shengavit,25000,panelayin,1,0,1,1,34,1,good_cond,4,4
Shengavit,60000,qare,0,0,2,1,52,1,norm_cond,1,5
Shengavit,32700,qare,0,0,1,1,30,1,good_cond,2,4
Shengavit,98000,qare,0,0,3,1,95,1,good_cond,4,4
Shengavit,105000,qare,0,0,4,2,115,1,good_cond,2,4
Shengavit,65000,qare,0,0,4,2,150,1,good_cond,2,4
Shengavit,42000,monolit,0,0,2,1,33,1,good_cond,4,4
Shengavit,52000,qare,0,0,3,1,85,2,good_cond,2,5
Shengavit,38000,qare,0,0,2,1,45,0,norm_cond,1,3
Shengavit,38000,qare,0,0,2,1,46,0,norm_cond,1,1
Shengavit,44000,qare,0,0,2,1,58,0,bad_cond,1,3
Shengavit,50000,qare,0,0,2,1,54,1,norm_cond,3,5
Shengavit,56000,qare,0,0,2,1,65,1,good_cond,2,5
Shengavit,48500,qare,0,1,3,1,64,1,norm_cond,8,10
Shengavit,120000,qare,1,1,3,2,101,0,good_cond,3,6
Shengavit,77000,qare,0,0,6,1,125,1,norm_cond,4,4
Shengavit,54000,panelayin,0,1,3,1,72,0,norm_cond,9,9
Shengavit,75000,qare,0,0,4,1,110,0,bad_cond,3,3
Shengavit,60000,panelayin,0,1,3,1,70,1,good_cond,9,9
Shengavit,60000,qare,0,0,3,2,81,1,norm_cond,2,5
Shengavit,85000,panelayin,0,1,4,1,100,1,good_cond,5,9
Shengavit,85000,panelayin,0,1,4,1,100,1,good_cond,5,9
Shengavit,85000,qare,0,0,3,2,100,1,good_cond,5,5
Shengavit,59900,qare,0,0,2,1,50,1,good_cond,2,3
Shengavit,32000,qare,0,0,2,1,32,0,good_cond,3,5
Shengavit,52000,qare,0,0,2,1,56,0,bad_cond,4,5
Shengavit,50000,qare,0,0,2,1,54,0,norm_cond,1,5
Shengavit,70000,qare,0,0,3,1,78,1,norm_cond,4,4
Shengavit,35000,panelayin,0,0,1,1,38,1,bad_cond,1,4
Shengavit,60000,qare,0,0,3,1,84,1,norm_cond,1,3
Shengavit,32500,qare,0,0,1,1,30,0,good_cond,2,4
Shengavit,55000,qare,0,0,2,1,47,1,good_cond,2,4
Shengavit,47000,qare,0,0,3,1,98,1,norm_cond,4,4
Shengavit,42000,qare,0,0,2,1,50,1,bad_cond,5,5
Shengavit,33000,qare,0,0,2,1,36,1,norm_cond,1,3
Shengavit,75000,qare,0,0,3,1,65,0,bad_cond,3,3
Shengavit,56000,panelayin,0,1,2,1,64,1,good_cond,8,10
Shengavit,54000,panelayin,0,1,2,1,64,1,good_cond,8,10
Shengavit,60000,qare,0,0,3,1,70,0,norm_cond,4,5
Shengavit,31500,panelayin,0,0,2,1,49,1,bad_cond,5,5
Shengavit,52000,panelayin,0,1,2,1,65,1,good_cond,3,10
Shengavit,76000,qare,0,0,3,1,72,0,good_cond,4,4
Shengavit,75000,qare,0,0,3,1,165,1,good_cond,1,5
Shengavit,38000,qare,0,0,1,1,32,0,norm_cond,1,4
Shengavit,59000,panelayin,0,1,1,1,54,1,good_cond,4,9
Shengavit,65000,qare,0,0,3,1,80,1,bad_cond,1,5
Shengavit,55000,panelayin,0,1,3,1,74,1,good_cond,4,9
Shengavit,61000,qare,0,0,3,1,70,1,good_cond,1,5
Shengavit,40000,monolit,0,1,1,1,47,1,norm_cond,2,9
Shengavit,56000,payte,0,0,3,1,52,0,bad_cond,1,3
Shengavit,60000,panelayin,0,1,3,1,78,0,norm_cond,5,9
Shengavit,56000,qare,0,0,2,1,55,1,norm_cond,2,4
Shengavit,25000,qare,0,1,2,1,39,1,norm_cond,6,6
Shengavit,19000,qare,0,1,1,1,23,1,norm_cond,3,6
Shengavit,69000,panelayin,0,1,3,2,78,1,norm_cond,9,9
Shengavit,65000,qare,0,0,2,1,60,2,norm_cond,3,4
Shengavit,58000,qare,0,0,2,1,56,1,good_cond,5,5
Shengavit,48000,qare,0,0,3,2,69,1,norm_cond,4,4
Shengavit,48000,monolit,0,0,2,1,55,1,good_cond,1,4
Shengavit,36000,qare,1,1,2,1,35,0,bad_cond,2,8
Shengavit,35000,qare,0,1,2,1,42,0,good_cond,4,6
Shengavit,38000,qare,0,0,2,1,46,1,good_cond,1,5
Shengavit,42000,qare,0,1,4,1,62,0,good_cond,1,6
Shengavit,65000,panelayin,0,1,4,1,100,2,good_cond,6,9
Shengavit,45000,panelayin,0,1,3,2,74,1,norm_cond,5,8
Shengavit,32000,qare,0,1,2,1,36,0,good_cond,3,8
Shengavit,86000,qare,0,0,3,1,86,2,norm_cond,3,5
Shengavit,62000,panelayin,0,1,3,1,80,1,good_cond,9,9
Shengavit,26500,panelayin,0,0,4,1,72,0,norm_cond,4,4
Shengavit,41000,panelayin,0,1,2,1,50,0,bad_cond,6,9
Shengavit,75000,monolit,0,1,4,1,100,2,good_cond,6,13
Shengavit,93000,panelayin,0,1,3,1,94,1,good_cond,5,10
Shengavit,63000,panelayin,0,1,3,1,79,1,good_cond,6,9
Shengavit,38000,panelayin,0,1,1,1,36,1,norm_cond,1,9
Shengavit,35000,panelayin,0,1,2,1,66,0,bad_cond,9,9
Shengavit,29500,qare,0,1,2,1,54,0,norm_cond,3,7
Shengavit,25000,panelayin,0,1,2,1,36,0,good_cond,5,9
Shengavit,75000,qare,0,0,4,1,92,0,good_cond,2,5
Shengavit,60000,qare,0,0,3,1,60,1,good_cond,2,5
Shengavit,18300,qare,0,1,1,1,25,1,norm_cond,4,6
Shengavit,75000,panelayin,0,1,3,1,85,0,bad_cond,9,9
Shengavit,57000,panelayin,0,1,4,1,90,1,norm_cond,3,9
Shengavit,60000,qare,0,0,2,1,72,2,bad_cond,2,4
Shengavit,44000,qare,0,0,1,1,35,1,norm_cond,3,3
Shengavit,95000,qare,0,0,3,1,96,0,bad_cond,4,4
Shengavit,64000,qare,0,0,2,1,67,0,norm_cond,2,5
Shengavit,52000,qare,0,0,3,1,100,1,norm_cond,2,2
Shengavit,115000,qare,0,0,3,1,100,1,good_cond,3,4
Shengavit,35000,panelayin,0,1,1,1,43,1,bad_cond,7,9
Shengavit,28000,panelayin,0,0,1,1,34,0,bad_cond,4,4
Shengavit,55000,panelayin,0,1,3,1,60,1,good_cond,9,9
Shengavit,67000,panelayin,0,1,3,1,73,1,good_cond,2,9
Shengavit,56000,qare,0,0,3,1,64,1,good_cond,3,4
Shengavit,27000,qare,0,0,4,2,72,0,norm_cond,4,4
Shengavit,25000,qare,0,0,2,1,42,0,norm_cond,2,5
Shengavit,75000,panelayin,0,1,3,1,75,1,good_cond,8,9
Shengavit,60000,qare,0,0,2,1,58,1,norm_cond,3,5
Shengavit,18000,qare,1,1,1,1,18,0,good_cond,8,8
Shengavit,75000,qare,1,0,2,2,61,0,good_cond,1,3
Shengavit,67000,qare,0,1,2,1,80,2,good_cond,1,9
Shengavit,75000,panelayin,0,1,2,1,86,1,bad_cond,3,10
Shengavit,78000,panelayin,0,0,3,1,78,2,good_cond,4,4
Shengavit,75000,qare,1,0,3,1,75,1,good_cond,3,5
Shengavit,43000,panelayin,0,1,1,1,48,1,norm_cond,6,10
Shengavit,22000,panelayin,0,1,1,1,21,1,good_cond,3,6
Shengavit,46000,panelayin,0,0,3,2,62,1,norm_cond,2,4
Shengavit,17000,qare,0,1,1,1,21,0,norm_cond,6,6
Shengavit,56000,qare,0,0,2,1,56,2,good_cond,2,4
Shengavit,45000,qare,0,0,1,1,45,1,good_cond,5,5
Shengavit,70000,qare,0,1,3,1,90,1,norm_cond,5,10
Shengavit,54000,panelayin,0,1,3,1,80,1,norm_cond,9,9
Shengavit,58000,qare,0,0,3,1,68,1,norm_cond,5,5
Shengavit,40000,qare,0,0,3,1,64,1,norm_cond,3,3
Shengavit,69900,panelayin,0,1,3,1,85,1,norm_cond,10,10
Shengavit,38000,qare,0,0,1,1,33,1,norm_cond,2,4
Shengavit,72000,qare,0,0,3,1,72,1,good_cond,4,4
Shengavit,72000,qare,0,0,3,1,88,0,good_cond,4,5
Shengavit,280000,qare,0,0,4,1,110,0,good_cond,2,4
Shengavit,65000,qare,0,0,3,1,72,0,good_cond,1,5
Shengavit,79000,panelayin,0,1,3,2,95,1,good_cond,5,10
Shengavit,38000,panelayin,0,0,2,1,51,0,norm_cond,1,4
Shengavit,40000,qare,0,0,4,1,105,0,bad_cond,4,4
Shengavit,33000,qare,0,0,2,1,32,0,good_cond,2,4
Shengavit,50000,qare,0,0,2,1,46,1,good_cond,5,5
Shengavit,21000,panelayin,0,1,1,1,22,0,good_cond,5,6
Shengavit,67000,panelayin,0,1,3,1,78,1,norm_cond,8,9
Shengavit,62000,panelayin,0,1,2,1,47,0,good_cond,2,9
Shengavit,30000,panelayin,0,0,1,1,30,0,good_cond,1,5
Shengavit,51000,qare,0,0,2,1,60,1,norm_cond,1,5
Shengavit,80000,panelayin,0,1,3,1,76,2,good_cond,6,9
Shengavit,37000,panelayin,0,0,1,1,32,1,good_cond,4,4
Shengavit,73000,panelayin,0,1,2,1,60,0,good_cond,9,12
Shengavit,55000,panelayin,0,1,2,1,67,1,good_cond,5,9
Shengavit,36000,panelayin,0,0,2,1,50,1,norm_cond,3,5
Shengavit,90000,qare,0,0,4,2,103,0,good_cond,1,5
Shengavit,35000,qare,0,1,2,1,41,1,norm_cond,6,6
Shengavit,82000,monolit,1,0,3,1,73,0,good_cond,5,5
Shengavit,36000,qare,0,0,1,1,30,1,norm_cond,3,5
Shengavit,30000,panelayin,0,0,1,1,42,1,norm_cond,3,4
Shengavit,44000,qare,1,0,3,2,78,0,good_cond,1,2
Shengavit,40000,qare,0,0,3,1,60,0,good_cond,1,5
Shengavit,16000,qare,0,1,1,1,16,0,norm_cond,7,8
Shengavit,13500,qare,0,0,2,1,40,2,bad_cond,1,5
Shengavit,45500,qare,0,0,3,1,70,2,good_cond,1,5
Shengavit,43000,panelayin,0,1,1,1,48,1,norm_cond,6,9
Shengavit,66000,qare,0,0,3,1,76,1,norm_cond,5,5
Shengavit,45000,qare,0,0,3,1,74,0,good_cond,1,5
Shengavit,45000,qare,0,0,3,1,74,0,good_cond,1,5
Shengavit,72000,qare,0,0,3,1,78,0,norm_cond,2,4
Shengavit,26500,qare,0,1,2,1,44,1,norm_cond,2,6
Shengavit,55000,aghyuse,0,0,4,1,82,2,bad_cond,3,5
Shengavit,21500,qare,0,0,1,1,22,0,norm_cond,3,5
Shengavit,80000,qare,0,0,3,1,82,0,bad_cond,4,4
Shengavit,50000,qare,0,0,3,1,73,0,good_cond,5,5
Shengavit,80000,panelayin,0,0,3,1,80,0,good_cond,1,4
Shengavit,48000,qare,0,0,2,1,55,0,bad_cond,1,5
Shengavit,32000,qare,0,0,1,1,31,1,norm_cond,3,4
Shengavit,58000,panelayin,0,1,3,1,95,1,norm_cond,1,10
Shengavit,43000,qare,0,0,1,1,36,1,good_cond,3,5
Shengavit,56000,qare,1,0,3,1,57,1,norm_cond,3,3
Shengavit,45000,panelayin,0,0,2,1,41,0,bad_cond,1,4
Shengavit,35000,qare,1,0,1,1,49,1,good_cond,2,2
Shengavit,85000,qare,0,0,4,1,93,0,good_cond,2,2
Shengavit,55000,qare,0,0,1,1,35,0,bad_cond,4,4
Shengavit,60000,qare,0,0,2,1,57,1,bad_cond,4,5
Shengavit,46000,qare,0,0,2,1,56,1,norm_cond,4,4
Shengavit,37000,panelayin,0,1,1,1,42,1,bad_cond,8,10
Shengavit,77000,qare,0,0,3,1,70,1,good_cond,4,5
Shengavit,35000,qare,0,0,1,1,30,1,good_cond,3,4
Shengavit,72000,qare,0,0,3,1,88,1,good_cond,4,5
Shengavit,20500,panelayin,0,1,1,1,17,0,good_cond,7,8
Shengavit,34000,qare,0,1,2,1,45,2,norm_cond,4,8
Shengavit,27000,qare,0,1,2,1,39,0,bad_cond,1,6
Shengavit,85000,qare,0,1,3,1,86,1,good_cond,3,8
Shengavit,190000,qare,0,1,3,1,128,0,bad_cond,2,7
Shengavit,57000,qare,0,0,2,1,65,0,bad_cond,2,5
Shengavit,68000,qare,0,0,3,1,74,1,good_cond,1,5
Shengavit,57500,panelayin,0,1,3,1,78,0,good_cond,9,9
Shengavit,53000,qare,0,0,2,1,65,1,norm_cond,4,5
Shengavit,60000,qare,0,0,3,3,80,1,norm_cond,2,4
Shengavit,55000,panelayin,0,1,3,1,78,1,norm_cond,6,9
Shengavit,37000,qare,0,0,5,2,102,1,norm_cond,1,4
Shengavit,60000,panelayin,0,1,3,1,74,0,bad_cond,1,9
Shengavit,80000,qare,0,0,3,1,93,0,good_cond,2,4
Shengavit,82000,qare,0,0,2,1,74,0,bad_cond,4,5
Shengavit,67000,qare,0,0,3,1,76,0,good_cond,5,5
Shengavit,70000,qare,0,0,3,1,75,1,good_cond,5,5
Shengavit,53000,qare,0,0,3,1,72,1,good_cond,1,2
Shengavit,75000,qare,0,0,3,1,80,0,bad_cond,1,5
Shengavit,71000,qare,0,0,3,1,75,0,good_cond,2,5
Shengavit,40000,qare,0,0,1,1,37,1,bad_cond,4,5
Shengavit,62000,panelayin,0,0,4,1,96,0,bad_cond,4,4
Shengavit,60000,qare,0,0,2,1,70,1,norm_cond,5,5
Shengavit,55000,qare,0,0,2,1,59,0,norm_cond,1,5
Shengavit,53000,panelayin,0,1,4,1,89,1,norm_cond,5,9
Shengavit,38000,qare,0,0,2,1,42,1,norm_cond,4,4
Shengavit,38000,qare,0,0,2,1,32,1,good_cond,4,4
Shengavit,26000,qare,0,1,2,1,41,1,norm_cond,6,6
Shengavit,75000,qare,0,0,3,1,90,0,norm_cond,5,5
Shengavit,67000,qare,0,0,2,1,72,0,good_cond,1,4
Shengavit,100000,panelayin,0,1,3,2,104,1,good_cond,1,9
Shengavit,110000,qare,1,0,3,2,86,0,good_cond,2,5
Shengavit,60000,qare,0,0,2,1,56,0,good_cond,5,5
Shengavit,50000,aghyuse,0,0,5,2,110,0,norm_cond,1,1
Shengavit,110000,qare,0,0,3,1,165,0,norm_cond,1,3
Shengavit,60000,qare,0,0,2,1,58,2,norm_cond,2,5
Shengavit,24000,panelayin,0,1,2,1,35,0,bad_cond,3,9
Shengavit,67000,qare,0,0,3,1,78,0,norm_cond,2,5
Shengavit,55000,qare,0,0,2,1,54,0,norm_cond,1,5
Shengavit,67000,panelayin,0,1,3,1,87,0,norm_cond,1,9
Shengavit,65000,panelayin,0,1,3,2,90,0,norm_cond,9,10
Shengavit,43000,panelayin,0,1,2,3,37,0,good_cond,6,9
Shengavit,68000,qare,0,1,2,1,61,0,bad_cond,4,6
Shengavit,71000,qare,0,0,3,1,86,0,good_cond,4,5
Shengavit,59500,panelayin,0,1,3,1,98,1,norm_cond,8,10
Shengavit,32000,qare,1,0,2,1,130,0,good_cond,1,1
Shengavit,65000,qare,0,0,2,1,68,0,norm_cond,2,5
Shengavit,30000,panelayin,0,0,2,1,49,0,bad_cond,3,5
Shengavit,69000,panelayin,0,1,3,1,96,0,norm_cond,5,13
Shengavit,58000,panelayin,0,1,4,1,89,0,norm_cond,7,9
Shengavit,75000,qare,0,0,2,1,60,0,good_cond,2,4
Shengavit,40000,qare,0,0,3,1,92,0,norm_cond,1,1
Shengavit,36000,qare,0,0,2,1,65,0,norm_cond,1,3
Shengavit,75000,panelayin,0,1,3,1,81,0,good_cond,8,9
Shengavit,56000,panelayin,0,1,3,1,81,0,norm_cond,8,9
Shengavit,87000,panelayin,0,1,3,1,100,0,good_cond,3,10
Shengavit,55000,panelayin,0,0,4,1,90,0,norm_cond,3,4
Shengavit,14000,qare,0,1,1,1,19,1,norm_cond,4,6
Shengavit,69000,panelayin,0,1,3,1,103,0,norm_cond,5,13
Shengavit,69000,panelayin,0,1,3,1,96,0,norm_cond,5,13
Shengavit,75000,qare,0,0,3,1,78,0,bad_cond,2,5
Shengavit,32000,qare,0,0,1,1,31,0,good_cond,3,4
Shengavit,59000,panelayin,0,1,2,1,64,0,good_cond,10,10
Shengavit,43500,panelayin,0,0,2,1,50,0,norm_cond,3,4
Shengavit,69000,panelayin,0,1,3,1,94,0,good_cond,6,10
Shengavit,30000,qare,0,0,1,1,32,0,bad_cond,1,5
Shengavit,20000,qare,0,1,1,1,24,0,norm_cond,6,6
Shengavit,14000,qare,0,1,1,1,22,0,norm_cond,3,6
Shengavit,46000,panelayin,0,1,2,1,65,0,good_cond,8,9
Shengavit,60000,qare,0,0,3,1,64,0,good_cond,4,4
Shengavit,80000,panelayin,0,1,4,1,98,0,norm_cond,3,9
Shengavit,74000,panelayin,0,1,4,1,94,0,good_cond,7,9
Shengavit,30000,qare,0,0,1,1,30,0,good_cond,2,4
Shengavit,42500,qare,0,0,3,1,76,0,norm_cond,5,5
Shengavit,45800,panelayin,0,1,2,1,45,0,good_cond,5,10
Shengavit,120000,qare,0,1,3,1,115,0,bad_cond,7,7
Shengavit,50000,qare,0,1,3,1,70,0,bad_cond,3,10
Shengavit,80000,qare,0,0,3,1,75,0,norm_cond,4,4
Shengavit,57000,panelayin,1,1,2,1,67,0,good_cond,6,9
Shengavit,65000,panelayin,0,1,3,1,78,0,good_cond,7,9
Shengavit,60000,qare,0,0,2,1,64,0,norm_cond,3,5
Shengavit,14700,qare,0,0,1,1,42,0,norm_cond,3,5
Shengavit,115000,qare,0,0,3,1,97,0,good_cond,3,5
Shengavit,33000,kasetayin,0,0,1,1,37,0,bad_cond,3,4
Shengavit,65000,qare,0,0,3,1,78,0,norm_cond,5,5
Shengavit,48000,panelayin,0,0,3,1,73,0,norm_cond,3,4
Shengavit,49000,qare,0,0,1,1,49,0,norm_cond,5,5
Shengavit,75000,panelayin,0,1,4,1,118,0,bad_cond,13,16
Shengavit,37000,panelayin,0,0,2,2,67,0,norm_cond,1,4
Shengavit,40000,qare,0,0,2,1,50,0,good_cond,1,3
Shengavit,62000,qare,0,0,4,1,92,0,norm_cond,5,5
Shengavit,48000,panelayin,0,0,2,1,52,0,bad_cond,1,4
Shengavit,30000,qare,0,0,3,1,113,0,norm_cond,1,1
Shengavit,63000,qare,0,0,2,1,62,0,norm_cond,2,4
Shengavit,66000,panelayin,0,1,3,1,90,0,norm_cond,7,9
Shengavit,47000,qare,0,0,1,1,47,0,bad_cond,1,5
Shengavit,62000,qare,0,0,3,1,74,0,norm_cond,3,5
Shengavit,62000,qare,0,0,3,1,58,0,good_cond,1,3
Shengavit,47000,qare,0,1,2,1,54,0,good_cond,9,9
Shengavit,80000,qare,0,0,1,1,64,0,good_cond,1,4
Shengavit,33000,qare,0,0,1,1,30,0,good_cond,1,4
Shengavit,65000,panelayin,0,1,3,2,74,0,norm_cond,7,10
Shengavit,18000,panelayin,0,1,2,1,36,0,norm_cond,1,8
Shengavit,61000,panelayin,0,0,3,1,65,0,good_cond,4,4
Shengavit,50000,qare,0,0,4,1,100,0,bad_cond,1,4
Shengavit,45000,qare,0,0,3,1,73,0,bad_cond,1,3
Shengavit,42000,qare,0,0,1,2,29,0,bad_cond,1,5
Shengavit,100000,qare,0,0,4,1,100,0,good_cond,1,5
Shengavit,18000,qare,0,1,1,1,22,0,good_cond,4,6
Shengavit,20000,qare,0,1,1,1,22,0,good_cond,2,6
Shengavit,165000,qare,0,0,5,2,148,0,good_cond,1,5
Shengavit,70000,qare,0,0,3,1,71,0,good_cond,5,5
Shengavit,45000,panelayin,0,1,2,1,44,0,good_cond,7,9
Shengavit,45000,kasetayin,0,0,2,1,52,0,bad_cond,2,4
Shengavit,52000,panelayin,0,1,3,1,79,0,good_cond,9,9
Shengavit,38000,qare,0,0,3,1,86,0,bad_cond,1,3
Shengavit,32000,qare,0,0,1,1,30,0,bad_cond,1,4
Shengavit,68000,qare,0,0,3,1,83,0,bad_cond,2,4
Shengavit,100000,panelayin,0,1,4,1,105,0,bad_cond,5,14
Shengavit,69000,panelayin,0,1,3,1,96,0,bad_cond,5,13
Shengavit,52000,panelayin,0,0,5,1,93,0,bad_cond,2,4
Shengavit,37000,panelayin,0,0,2,1,42,0,bad_cond,2,3
Shengavit,45000,qare,0,0,2,1,56,0,bad_cond,5,5
Shengavit,56000,qare,0,0,2,1,84,0,bad_cond,3,5
Shengavit,60000,qare,0,0,2,1,67,0,bad_cond,5,5
Shengavit,90000,qare,0,0,4,1,100,0,bad_cond,2,3
Shengavit,20000,qare,0,0,1,1,22,0,bad_cond,1,3
Shengavit,25000,qare,0,0,2,1,65,0,bad_cond,2,2
Shengavit,15500,panelayin,0,1,1,1,20,0,bad_cond,2,6
Shengavit,77500,panelayin,0,1,4,1,95,0,bad_cond,6,9
Shengavit,75000,panelayin,0,1,3,1,77,0,bad_cond,9,9
Shengavit,40000,qare,0,0,1,1,51,0,bad_cond,5,5
Shengavit,46000,qare,0,0,1,1,35,0,bad_cond,1,5
Shengavit,46000,qare,0,0,3,1,58,0,bad_cond,5,5
Shengavit,70000,qare,0,0,3,1,89,0,bad_cond,1,4
Shengavit,37000,qare,0,0,1,1,32,0,bad_cond,4,5
Shengavit,15000,qare,0,1,1,1,21,0,bad_cond,3,6
Shengavit,57000,qare,0,0,3,1,77,0,bad_cond,2,5
Shengavit,15500,qare,0,1,1,1,17,0,bad_cond,4,6
Shengavit,38000,qare,0,0,1,1,44,0,bad_cond,5,5
Shengavit,20000,panelayin,0,1,1,1,19,0,bad_cond,4,6
Shengavit,37000,qare,0,0,3,1,48,1,norm_cond,1,5
Shengavit,65000,qare,0,0,3,1,80,0,bad_cond,3,4
Shengavit,40000,qare,0,0,1,1,47,0,bad_cond,4,5
Shengavit,35000,panelayin,0,1,1,1,41,0,bad_cond,10,10
Shengavit,34000,qare,0,1,2,1,37,0,bad_cond,4,8
Shengavit,89000,qare,0,0,3,1,77,0,bad_cond,5,5
Shengavit,53000,qare,0,0,2,1,65,0,bad_cond,2,5
Shengavit,53000,qare,0,0,3,1,78,0,bad_cond,5,5
Shengavit,30000,qare,0,1,2,1,44,0,bad_cond,4,6
Shengavit,38900,kasetayin,0,0,2,1,50,1,norm_cond,3,4
Shengavit,53000,qare,0,0,2,1,76,0,bad_cond,2,4
Shengavit,35000,qare,0,0,1,1,50,0,bad_cond,5,5
Shengavit,35000,qare,0,0,1,1,51,0,bad_cond,5,5
Shengavit,38000,panelayin,0,0,2,1,48,0,bad_cond,2,4
Shengavit,122000,qare,0,0,4,1,95,0,bad_cond,2,5
Shengavit,25000,qare,0,0,2,1,50,0,bad_cond,5,5
Shengavit,52000,qare,0,0,3,1,100,0,bad_cond,1,3
Shengavit,30000,qare,0,0,1,1,29,0,bad_cond,1,4
Shengavit,42000,panelayin,0,1,1,1,42,0,bad_cond,6,9
Shengavit,75000,panelayin,0,1,4,1,98,0,bad_cond,6,9
Shengavit,45000,kasetayin,0,0,2,1,54,0,bad_cond,3,4
Shengavit,42000,panelayin,0,1,2,1,56,0,bad_cond,10,12
Shengavit,55000,panelayin,0,1,2,1,52,0,bad_cond,1,9
Shengavit,55000,panelayin,0,1,2,1,52,0,bad_cond,1,9
Shengavit,75000,qare,0,0,3,1,80,0,bad_cond,4,5
Shengavit,70000,qare,0,0,3,1,64,0,bad_cond,4,4
Shengavit,165000,qare,0,0,5,1,150,0,bad_cond,1,5
Shengavit,37000,panelayin,0,0,2,1,57,0,bad_cond,3,4
Shengavit,72000,panelayin,0,1,2,1,71,0,bad_cond,6,10
Shengavit,78000,panelayin,0,1,5,1,200,0,bad_cond,9,9
Shengavit,25000,qare,0,1,1,1,30,0,bad_cond,5,6
Shengavit,22000,panelayin,0,1,2,1,33,0,bad_cond,8,8
Shengavit,50000,qare,0,0,3,1,57,0,bad_cond,5,5
Shengavit,120000,monolit,0,0,5,1,200,0,bad_cond,3,3
Shengavit,35000,panelayin,0,1,1,1,42,0,bad_cond,8,10
Shengavit,45000,kasetayin,0,0,2,1,50,0,bad_cond,3,4
Shengavit,55000,qare,0,0,2,1,46,0,good_cond,2,5
Shengavit,42000,qare,0,0,2,1,88,0,bad_cond,2,3
Shengavit,58000,qare,0,0,2,1,60,0,bad_cond,1,5
