public_id,price_amd,price_per_sqm_amd,total_area,living_area,kitchen_area,rooms,bathrooms,ceiling_height,floor,balcony_count,has_loggia,has_parking,has_storage,condition,heating,ownership_docs,lat,lon,building_type,construction_year,total_floors,has_elevator,seismic_retrofit,district_slug
Y21-07586A45,93203000,770273,121,,,4,2,,6,2,,,,EURO_RENOVATION,,,,,NEW_BUILD,,14,true,,avan
Y21-6126C140,36273600,403040,90,,,4,1,,8,1,,,,GOOD,,,,,PANEL,,9,true,,avan
Y21-8AB07969,55418000,538039,103,,,3,2,,12,2,,,,EURO_RENOVATION,,,,,NEW_BUILD,,14,true,,avan
Y21-F8126BF2,47861000,605835,79,,,3,1,,7,1,,,,EURO_RENOVATION,,,,,PANEL,,9,true,,avan
Y21-4363ED84,20152000,438087,46,,,1,1,,1,0,,,,GOOD,,,,,PANEL,,9,true,,avan
Y21-D17000FB,69272500,567807,122,,,4,2,,13,2,,,,EURO_RENOVATION,,,,,NEW_BUILD,,14,true,,avan
Y21-BE6A1D4B,35266000,551031,64,,,3,1,,5,0,,,,EURO_RENOVATION,,,,,PANEL,,9,true,,avan
Y21-335F6B64,84134600,701122,120,,,4,3,,3,2,,,,EURO_RENOVATION,,,,,NEW_BUILD,,4,false,,avan
Y21-45D5299D,69524400,1037678,67,,,2,1,,7,1,,,,EURO_RENOVATION,,,,,NEW_BUILD,,16,true,,davtashen
Y21-A1ADD2BC,54914200,469352,117,,,3,2,,14,0,,,,NEEDS_REPAIR,,,,,NEW_BUILD,,14,true,,davtashen
Y21-2CDED493,38792600,625687,62,,,3,1,,8,2,,,,EURO_RENOVATION,,,,,NEW_BUILD,,11,true,,davtashen
Y21-CFF099A9,120912000,616898,196,,,4,3,,5,2,,,,EURO_RENOVATION,,,,,NEW_BUILD,,12,true,,davtashen
Y21-B7ACB55C,98241000,691838,142,,,3,1,,8,2,,,,EURO_RENOVATION,,,,,NEW_BUILD,,11,true,,davtashen
Y21-EB104274,49876200,656266,76,,,2,1,,11,2,,,,EURO_RENOVATION,,,,,NEW_BUILD,,11,true,,davtashen
Y21-ED908377,105798000,696039,152,,,4,2,,3,2,,,,EURO_RENOVATION,,,,,NEW_BUILD,,14,true,,davtashen
Y21-44F85182,64486400,467293,138,,,4,2,,12,2,,,,EURO_RENOVATION,,,,,NEW_BUILD,,14,true,,davtashen
Y21-113401DD,57937000,681612,85,,,3,1,,8,1,,,,EURO_RENOVATION,,,,,NEW_BUILD,,14,true,,davtashen
Y21-FEA2CFA1,45342000,629750,72,,,2,1,,2,1,,,,EURO_RENOVATION,,,,,NEW_BUILD,,12,true,,davtashen
Y21-70162C8E,50380000,519381,97,,,3,1,,6,1,,,,EURO_RENOVATION,,,,,PANEL,,9,true,,davtashen
Y21-3D55C770,33754600,544429,62,,,2,1,,5,0,,,,EURO_RENOVATION,,,,,PANEL,,14,true,,davtashen
Y21-81BA6399,32243200,481242,67,,,2,1,,4,0,,,,EURO_RENOVATION,,,,,PANEL,,9,true,,davtashen
Y21-46C82A57,65494000,623752,105,,,4,1,,6,1,,,,EURO_RENOVATION,,,,,NEW_BUILD,,14,true,,davtashen
Y21-A38064F3,79600400,612311,130,,,4,3,,11,2,,,,EURO_RENOVATION,,,,,NEW_BUILD,,11,true,,davtashen
Y21-A0CCD907,54914200,469352,117,,,3,2,,14,0,,,,NEEDS_REPAIR,,,,,NEW_BUILD,,14,true,,davtashen
Y21-B01B19AF,83127000,461817,180,,,5,3,,14,2,,,,NEEDS_REPAIR,,,,,NEW_BUILD,,15,true,,davtashen
Y21-0313CD22,27205200,513306,53,,,2,2,,14,0,,,,NEEDS_REPAIR,,,,,NEW_BUILD,,15,true,,davtashen
Y21-D01ED7CF,38288800,490882,78,,,3,1,,11,1,,,,GOOD,,,,,NEW_BUILD,,12,true,,davtashen
Y21-EE58BAFD,68768700,443669,155,,,3,2,,10,2,,,,NEEDS_REPAIR,,,,,NEW_BUILD,,12,true,,davtashen
Y21-14A925D4,29724200,450367,66,,,2,1,,1,0,,,,NEEDS_REPAIR,,,,,NEW_BUILD,,3,false,,davtashen
Y21-672F0DC8,146102000,1021692,143,,,4,3,,11,2,,,,EURO_RENOVATION,,,,,NEW_BUILD,,15,true,,davtashen
Y21-3CBF045B,64990200,928431,70,,,3,1,,12,1,,,,EURO_RENOVATION,,,,,NEW_BUILD,,16,true,,davtashen
Y21-3475D752,47861000,629750,76,,,3,1,,1,0,,,,EURO_RENOVATION,,,,,PANEL,,9,true,,davtashen
Y21-CA3E4CEE,23678600,739956,32,,,1,1,,3,0,,,,EURO_RENOVATION,,,,,STONE,,5,false,,erebuni
Y21-39F20E63,33754600,421933,80,,,3,1,,3,2,,,,NEEDS_REPAIR,,,,,STONE,,6,true,,erebuni
Y21-142553D7,20655800,688527,30,,,1,1,,1,0,,,,EURO_RENOVATION,,,,,STONE,,5,false,,erebuni
Y21-7F4F4962,17129200,398353,43,,,2,1,,3,1,,,,GOOD,,,,,PANEL,,9,true,,erebuni
Y21-5783A87D,20152000,251900,80,,,3,1,,1,0,,,,GOOD,,,,,STONE,,2,false,,erebuni
Y21-55BFA8C9,16625400,519544,32,,,1,1,,4,1,,,,NEEDS_REPAIR,,,,,STONE,,5,false,,kanaker-zeytun
Y21-72342C89,73051000,830125,88,,,3,2,,8,1,,,,EURO_RENOVATION,,,,,NEW_BUILD,,15,true,,kanaker-zeytun
Y21-AD498F5A,62975000,572500,110,,,3,2,,12,1,,,,EURO_RENOVATION,,,,,NEW_BUILD,,16,true,,kanaker-zeytun
Y21-E70A4EE6,21663400,698819,31,,,2,1,,5,1,,,,EURO_RENOVATION,,,,,STONE,,5,false,,kanaker-zeytun
Y21-DAE4078C,29220400,400279,73,,,3,1,,1,0,,,,EURO_RENOVATION,,,,,STONE,,5,false,,kanaker-zeytun
Y21-DB4D842B,37785000,490714,77,,,3,1,,5,1,,,,GOOD,,,,,PANEL,,9,true,,kanaker-zeytun
Y21-C04F1AC8,37785000,503800,75,,,3,1,,5,1,,,,EURO_RENOVATION,,,,,STONE,,5,false,,kanaker-zeytun
Y21-BFB1B17F,30177620,471525,64,,,3,1,,9,0,,,,EURO_RENOVATION,,,,,PANEL,,9,true,,kanaker-zeytun
Y21-D7D0D807,52899000,622341,85,,,3,1,,11,2,,,,EURO_RENOVATION,,,,,NEW_BUILD,,14,true,,kanaker-zeytun
Y21-58DAA38A,52899000,622341,85,,,3,1,,11,2,,,,EURO_RENOVATION,,,,,NEW_BUILD,,14,true,,kanaker-zeytun
Y21-3EFD88AA,78089000,557779,140,,,4,2,,10,0,,,,EURO_RENOVATION,,,,,NEW_BUILD,,15,true,,kanaker-zeytun
Y21-28ADD77F,95722000,683729,140,,,4,2,,10,2,,,,EURO_RENOVATION,,,,,NEW_BUILD,,14,true,,kanaker-zeytun
Y21-DAE3AB81,42823000,428230,100,,,4,1,,5,1,,,,GOOD,,,,,STONE,,5,false,,kanaker-zeytun
Y21-B3A0FD9A,43830600,569229,77,,,3,1,,3,0,,,,EURO_RENOVATION,,,,,STONE,,5,false,,kanaker-zeytun
Y21-9945B5B5,41059700,586567,70,,,2,1,,10,1,,,,EURO_RENOVATION,,,,,NEW_BUILD,,14,true,,kanaker-zeytun
Y21-9E638482,85646000,586616,146,,,4,2,,12,2,,,,EURO_RENOVATION,,,,,NEW_BUILD,,15,true,,kanaker-zeytun
Y21-58DB7095,47861000,576639,83,,,3,1,,6,0,,,,EURO_RENOVATION,,,,,STONE,,7,true,,kanaker-zeytun
Y21-1268DC52,31235600,410995,76,,,3,1,,6,1,,,,NEEDS_REPAIR,,,,,PANEL,,12,true,,kanaker-zeytun
Y21-B46FBD38,20655800,389732,53,,,2,1,,6,1,,,,NEEDS_REPAIR,,,,,STONE,,6,true,,kanaker-zeytun
Y21-4098B9E8,36777400,557233,66,,,3,1,,3,0,,,,EURO_RENOVATION,,,,,PANEL,,9,true,,kanaker-zeytun
Y21-7F85F0C5,31739400,299428,106,,,4,1,,6,1,,,,GOOD,,,,,PANEL,,9,true,,kanaker-zeytun
Y21-28E4FB71,52899000,551031,96,,,3,2,,3,2,,,,EURO_RENOVATION,,,,,NEW_BUILD,,14,true,,kanaker-zeytun
Y21-41183BCA,55418000,307878,180,,,5,2,,5,2,,,,NEEDS_REPAIR,,,,,STONE,,5,false,,kanaker-zeytun
Y21-3DD34CA0,88165000,608034,145,,,4,2,,5,2,,,,EURO_RENOVATION,,,,,NEW_BUILD,,15,true,,kanaker-zeytun
Y21-8897F587,64486400,537387,120,,,4,1,,4,2,,,,EURO_RENOVATION,,,,,NEW_BUILD,,10,true,,kanaker-zeytun
Y21-77E1E0F6,43830600,456569,96,,,4,1,,2,1,,,,EURO_RENOVATION,,,,,STONE,,5,false,,kanaker-zeytun
Y21-BCD1B271,32747000,454819,72,,,3,1,,3,1,,,,NEEDS_REPAIR,,,,,STONE,,5,false,,kanaker-zeytun
Y21-07479442,14610200,456569,32,,,1,1,,2,0,,,,NEEDS_REPAIR,,,,,STONE,,7,true,,kanaker-zeytun
Y21-F5D07125,65494000,600862,109,,,3,2,,3,1,,,,EURO_RENOVATION,,,,,NEW_BUILD,,14,true,,kanaker-zeytun
Y21-B648DD3F,103279000,853545,121,,,3,2,,11,3,,,,EURO_RENOVATION,,,,,NEW_BUILD,,17,true,,kentron
Y21-C70137F7,125950000,1188208,106,,,4,2,,7,0,,,,EURO_RENOVATION,,,,,NEW_BUILD,,9,true,,kentron
Y21-ED0367F2,60456000,1286298,47,,,2,1,,4,0,,,,EURO_RENOVATION,,,,,NEW_BUILD,,13,true,,kentron
Y21-C389E562,65494000,935629,70,,,2,1,,5,1,,,,EURO_RENOVATION,,,,,STONE,,5,false,,kentron
Y21-43CA2C72,100760000,1399444,72,,,3,1,,2,0,,,,EURO_RENOVATION,,,,,NEW_BUILD,,10,true,,kentron
Y21-EF00073D,100760000,1399444,72,,,3,1,,2,0,,,,EURO_RENOVATION,,,,,NEW_BUILD,,10,true,,kentron
Y21-12B536A3,108317000,2166340,50,,,2,1,,10,1,,,,EURO_RENOVATION,,,,,NEW_BUILD,,17,true,,kentron
Y21-F94F8413,115874000,1504857,77,,,2,1,,13,1,,,,GOOD,,,,,NEW_BUILD,,16,true,,kentron
Y21-1AFCD44B,80608000,1074773,75,,,3,1,,2,1,,,,EURO_RENOVATION,,,,,STONE,,5,false,,kentron
Y21-7928740B,146102000,1217517,120,,,3,2,,3,0,,,,EURO_RENOVATION,,,,,NEW_BUILD,,14,true,,kentron
Y21-9B32BBA6,100760000,730145,138,,,4,1,,3,1,,,,EURO_RENOVATION,,,,,STONE,,4,false,,kentron
Y21-0A8EAB0E,103279000,853545,121,,,3,2,,10,2,,,,EURO_RENOVATION,,,,,NEW_BUILD,,17,true,,kentron
Y21-6CAB738B,110836000,1273977,87,,,2,1,,12,1,,,,EURO_RENOVATION,,,,,NEW_BUILD,,14,true,,kentron
Y21-090DF53C,130988000,1190800,110,,,2,1,,8,1,,,,EURO_RENOVATION,,,,,NEW_BUILD,,18,true,,kentron
Y21-409B6F5C,122927200,1429386,86,,,3,1,,3,1,,,,EURO_RENOVATION,,,,,STONE,,5,false,,kentron
Y21-AC1D982F,35215620,733659,48,,,1,1,,9,1,,,,NEEDS_REPAIR,,,,,PANEL,,9,true,,kentron
Y21-A0766BE4,44787820,658644,68,,,2,1,,5,1,,,,NEEDS_REPAIR,,,,,STONE,,5,false,,kentron
Y21-8B10E709,125950000,1145000,110,,,3,2,,7,1,,,,EURO_RENOVATION,,,,,NEW_BUILD,,10,true,,kentron
Y21-C1FD25F7,100760000,575771,175,,,4,3,,10,3,,,,NEEDS_REPAIR,,,,,NEW_BUILD,,14,true,,kentron
Y21-A9FAA47E,125950000,1447701,87,,,2,2,,11,1,,,,EURO_RENOVATION,,,,,NEW_BUILD,,14,true,,kentron
Y21-441744A2,36777400,897010,41,,,1,1,,4,0,,,,NEEDS_REPAIR,,,,,PANEL,,9,true,,kentron
Y21-3FF3BFDC,70532000,916000,77,,,3,1,,2,2,,,,EURO_RENOVATION,,,,,STONE,,5,false,,kentron
Y21-C1AB08A1,146102000,1090313,134,,,4,1,,4,1,,,,EURO_RENOVATION,,,,,STONE,,4,false,,kentron
Y21-2B60460B,125950000,1272222,99,,,3,1,,3,3,,,,EURO_RENOVATION,,,,,NEW_BUILD,,17,true,,kentron
Y21-4F809064,88165000,1049583,84,,,3,2,,5,1,,,,EURO_RENOVATION,,,,,STONE,,5,false,,kentron
Y21-C8C4A81F,54914200,980611,56,,,2,1,,2,1,,,,EURO_RENOVATION,,,,,STONE,,5,false,,kentron
Y21-3B8CA692,78089000,976113,80,,,3,1,,2,1,,,,EURO_RENOVATION,,,,,STONE,,4,false,,kentron
Y21-C96E9D4C,85646000,1044463,82,,,3,1,,4,0,,,,EURO_RENOVATION,,,,,STONE,,5,false,,kentron
Y21-05453E52,38792600,1212269,32,,,1,1,,5,0,,,,EURO_RENOVATION,,,,,STONE,,5,false,,kentron
Y21-D4676086,45342000,1133550,40,,,2,1,,2,1,,,,EURO_RENOVATION,,,,,STONE,,4,false,,kentron
Y21-DE7EA168,88165000,881650,100,,,3,2,,3,1,,,,EURO_RENOVATION,,,,,NEW_BUILD,,5,false,,kentron
Y21-FBE98520,100760000,757594,133,,,5,2,,4,3,,,,EURO_RENOVATION,,,,,STONE,,5,false,,kentron
Y21-C7A6002D,130988000,1190800,110,,,3,3,,10,1,,,,EURO_RENOVATION,,,,,NEW_BUILD,,13,true,,kentron
Y21-3884B7D1,125950000,1259500,100,,,3,2,,2,1,,,,EURO_RENOVATION,,,,,STONE,,5,false,,kentron
Y21-BB0D43D9,125950000,1481765,85,,,3,2,,2,2,,,,EURO_RENOVATION,,,,,STONE,,5,false,,kentron
Y21-36FB3FAD,113355000,1333588,85,,,3,1,,7,0,,,,EURO_RENOVATION,,,,,NEW_BUILD,,12,true,,kentron
Y21-FC7F9B60,84638400,613322,138,,,4,1,,4,0,,,,EURO_RENOVATION,,,,,STONE,,4,false,,kentron
Y21-61E9B9E7,146102000,1217517,120,,,3,2,,3,0,,,,EURO_RENOVATION,,,,,NEW_BUILD,,14,true,,kentron
Y21-085926C6,125950000,1259500,100,,,3,2,,3,1,,,,EURO_RENOVATION,,,,,NEW_BUILD,,17,true,,kentron
Y21-99EF3148,39800200,603033,66,,,2,1,,6,1,,,,NEEDS_REPAIR,,,,,PANEL,,9,true,,kentron
Y21-3C590AB1,125950000,1967969,64,,,2,2,,4,1,,,,EURO_RENOVATION,,,,,NEW_BUILD,,16,true,,kentron
Y21-D1C6452A,136026000,971614,140,,,4,1,,3,2,,,,EURO_RENOVATION,,,,,STONE,,5,false,,kentron
Y21-1663B5CB,57937000,1485564,39,,,2,1,,4,1,,,,EURO_RENOVATION,,,,,STONE,,5,false,,kentron
Y21-573C1F53,80608000,1752348,46,,,2,1,,3,1,,,,EURO_RENOVATION,,,,,NEW_BUILD,,15,true,,kentron
Y21-9CD11116,141064000,1763300,80,,,2,1,,6,1,,,,EURO_RENOVATION,,,,,NEW_BUILD,,14,true,,kentron
Y21-56CE4E1A,84134600,1219342,69,,,3,1,,2,0,,,,EURO_RENOVATION,,,,,STONE,,5,false,,kentron
Y21-8E566106,105798000,1202250,88,,,3,1,,5,2,,,,EURO_RENOVATION,,,,,STONE,,7,true,,kentron
Y21-41899915,136026000,1193211,114,,,3,2,,6,1,,,,EURO_RENOVATION,,,,,STONE,,6,true,,kentron
Y21-0E004005,128469000,1284690,100,,,3,2,,10,1,,,,EURO_RENOVATION,,,,,MONOLITH,,17,true,,kentron
Y21-3975ED99,138545000,1539389,90,,,3,2,,3,1,,,,EURO_RENOVATION,,,,,STONE,,5,false,,kentron
Y21-57AD022A,55418000,513130,108,,,3,2,,1,1,,,,EURO_RENOVATION,,,,,STONE,,4,false,,kentron
Y21-00B4B516,55418000,513130,108,,,3,2,,1,1,,,,EURO_RENOVATION,,,,,STONE,,4,false,,kentron
Y21-4B60F086,64990200,928431,70,,,3,1,,14,0,,,,EURO_RENOVATION,,,,,NEW_BUILD,,14,true,,kentron
Y21-5EF03A6E,55418000,893839,62,,,2,1,,2,0,,,,EURO_RENOVATION,,,,,STONE,,4,false,,kentron
Y21-37D3A510,70532000,641200,110,,,3,1,,5,2,,,,EURO_RENOVATION,,,,,STONE,,5,false,,kentron
Y21-CB29792D,85646000,1317631,65,,,2,1,,4,0,,,,EURO_RENOVATION,,,,,NEW_BUILD,,11,true,,kentron
Y21-3F3B87E8,100760000,1937692,52,,,2,1,,9,1,,,,EURO_RENOVATION,,,,,NEW_BUILD,,17,true,,kentron
Y21-360A6B0A,79600400,1941473,41,,,1,1,,11,1,,,,EURO_RENOVATION,,,,,NEW_BUILD,,17,true,,kentron
Y21-DDE33429,113355000,1133550,100,,,3,2,,17,1,,,,NEEDS_REPAIR,,,,,NEW_BUILD,,18,true,,kentron
Y21-9A05DF33,31235600,503800,62,,,2,2,,7,1,,,,NEEDS_REPAIR,,,,,NEW_BUILD,,10,true,,kentron
Y21-7A8AD142,46349600,503800,92,,,3,2,,8,1,,,,NEEDS_REPAIR,,,,,NEW_BUILD,,10,true,,kentron
Y21-59EED8B3,34762200,503800,69,,,2,2,,7,1,,,,NEEDS_REPAIR,,,,,NEW_BUILD,,10,true,,kentron
Y21-E37576B6,62975000,503800,125,,,4,3,,7,2,,,,NEEDS_REPAIR,,,,,NEW_BUILD,,10,true,,kentron
Y21-36166C29,44334400,503800,88,,,2,2,,10,2,,,,NEEDS_REPAIR,,,,,NEW_BUILD,,17,true,,kentron
Y21-8BDC59CD,100760000,579080,174,,,4,2,,3,2,,,,EURO_RENOVATION,,,,,STONE,,4,false,,kentron
Y21-DFAC5A29,62975000,839667,75,,,2,1,,3,0,,,,NEEDS_REPAIR,,,,,STONE,,4,false,,kentron
Y21-941ACB0E,83127000,977965,85,,,3,2,,9,1,,,,EURO_RENOVATION,,,,,PANEL,,10,true,,kentron
Y21-6C29B926,88165000,1259500,70,,,2,1,,6,1,,,,EURO_RENOVATION,,,,,STONE,,7,true,,kentron
Y21-726E532D,30228000,795474,38,,,1,1,,4,1,,,,EURO_RENOVATION,,,,,NEW_BUILD,,16,true,,kentron
Y21-96D25CEA,70532000,678192,104,,,3,1,,4,2,,,,EURO_RENOVATION,,,,,STONE,,4,false,,kentron
Y21-C1C4DF5F,115874000,934468,124,,,4,2,,4,0,,,,EURO_RENOVATION,,,,,NEW_BUILD,,6,true,,kentron
Y21-3B840D91,48616700,1056885,46,,,2,1,,14,1,,,,NEEDS_REPAIR,,,,,NEW_BUILD,,18,true,,kentron
Y21-58FEFD30,37785000,599762,63,,,2,1,,5,1,,,,NEEDS_REPAIR,,,,,PANEL,,9,true,,kentron
Y21-503CFAB3,69524400,1219726,57,,,2,1,,3,1,,,,EURO_RENOVATION,,,,,NEW_BUILD,,14,true,,kentron
Y21-20110790,80104200,1780093,45,,,2,1,,12,1,,,,EURO_RENOVATION,,,,,NEW_BUILD,,18,true,,kentron
Y21-EA447076,146102000,1051094,139,,,3,2,,15,1,,,,EURO_RENOVATION,,,,,NEW_BUILD,,17,true,,kentron
Y21-A1830328,88165000,1102063,80,,,3,2,,8,2,,,,EURO_RENOVATION,,,,,MONOLITH,,10,true,,kentron
Y21-6FECA896,45342000,539786,84,,,2,1,,5,0,,,,GOOD,,,,,PANEL,,14,true,,kentron
Y21-98A58CE9,130988000,1224187,107,,,3,2,,10,1,,,,EURO_RENOVATION,,,,,NEW_BUILD,,14,true,,kentron
Y21-A772B850,85646000,920925,93,,,3,1,,4,1,,,,GOOD,,,,,STONE,,5,false,,kentron
Y21-6BBB1861,90684000,1193211,76,,,2,1,,3,1,,,,EURO_RENOVATION,,,,,NEW_BUILD,,14,true,,kentron
Y21-D387303F,75570000,1374000,55,,,2,1,,7,0,,,,EURO_RENOVATION,,,,,NEW_BUILD,,14,true,,kentron
Y21-178A910C,100256200,742639,135,,,5,2,,4,3,,,,EURO_RENOVATION,,,,,STONE,,5,false,,kentron
Y21-6E734D48,83127000,1433224,58,,,2,1,,5,1,,,,EURO_RENOVATION,,,,,NEW_BUILD,,15,true,,kentron
Y21-CBC4DF45,73051000,785495,93,,,4,1,,3,2,,,,GOOD,,,,,PANEL,,9,true,,kentron
Y21-BE87E85D,85646000,778600,110,,,4,2,,4,1,,,,EURO_RENOVATION,,,,,STONE,,5,false,,kentron
Y21-6F729931,79600400,772819,103,,,3,2,,5,1,,,,EURO_RENOVATION,,,,,STONE,,5,false,,kentron
Y21-186483AE,125950000,1247030,101,,,3,1,,10,1,,,,EURO_RENOVATION,,,,,NEW_BUILD,,18,true,,kentron
Y21-40826356,37785000,944625,40,,,2,1,,3,1,,,,GOOD,,,,,STONE,,5,false,,kentron
Y21-C6279771,90684000,1209120,75,,,3,1,,3,1,,,,EURO_RENOVATION,,,,,NEW_BUILD,,12,true,,kentron
Y21-CBEEF586,21663400,528376,41,,,1,1,,10,0,,,,NEEDS_REPAIR,,,,,MONOLITH,,10,true,,kentron
Y21-020B9C8E,120912000,711247,170,,,5,1,,3,3,,,,GOOD,,,,,STONE,,4,false,,kentron
Y21-3FA68C0C,80608000,1715064,47,,,2,1,,8,1,,,,EURO_RENOVATION,,,,,NEW_BUILD,,15,true,,kentron
Y21-660C1C5B,46349600,1252692,37,,,2,1,,4,0,,,,EURO_RENOVATION,,,,,STONE,,4,false,,kentron
Y21-79872D0D,83127000,1001530,83,,,3,1,,2,1,,,,EURO_RENOVATION,,,,,STONE,,5,false,,kentron
Y21-52C00CDA,73051000,961197,76,,,3,1,,2,0,,,,GOOD,,,,,STONE,,4,false,,kentron
Y21-5FFF31C0,93203000,932030,100,,,4,2,,9,1,,,,EURO_RENOVATION,,,,,PANEL,,9,true,,kentron
Y21-5CAD5852,42319200,705320,60,,,2,1,,2,0,,,,EURO_RENOVATION,,,,,STONE,,5,false,,kentron
Y21-F65B2748,65494000,689411,95,,,3,1,,8,1,,,,NEEDS_REPAIR,,,,,PANEL,,10,true,,kentron
Y21-F0C613E1,75570000,1111324,68,,,2,1,,6,1,,,,EURO_RENOVATION,,,,,PANEL,,11,true,,kentron
Y21-82F3B00B,60456000,1185412,51,,,2,1,,3,0,,,,EURO_RENOVATION,,,,,NEW_BUILD,,10,true,,kentron
Y21-49885ADF,125950000,1354301,93,,,3,1,,6,0,,,,EURO_RENOVATION,,,,,NEW_BUILD,,10,true,,kentron
Y21-B7FB2806,100760000,735474,137,,,3,2,,4,1,,,,EURO_RENOVATION,,,,,STONE,,4,false,,kentron
Y21-7888B88B,103279000,1229512,84,,,3,2,,3,2,,,,EURO_RENOVATION,,,,,STONE,,5,false,,kentron
Y21-BE884CB5,125950000,2290000,55,,,2,1,,11,1,,,,EURO_RENOVATION,,,,,NEW_BUILD,,14,true,,kentron
Y21-43F3A3BC,128469000,1626190,79,,,3,1,,9,1,,,,EURO_RENOVATION,,,,,NEW_BUILD,,10,true,,kentron
Y21-174F13E6,138545000,1539389,90,,,3,1,,12,1,,,,EURO_RENOVATION,,,,,NEW_BUILD,,18,true,,kentron
Y21-B2F52E14,88165000,1037235,85,,,3,1,,6,1,,,,EURO_RENOVATION,,,,,PANEL,,9,true,,kentron
Y21-917AA34A,30228000,839667,36,,,2,1,,4,1,,,,EURO_RENOVATION,,,,,STONE,,4,false,,kentron
Y21-A3756018,75570000,1511400,50,,,2,2,,13,1,,,,EURO_RENOVATION,,,,,NEW_BUILD,,13,true,,kentron
Y21-A8E8BC17,89172600,1783452,50,,,2,1,,8,1,,,,EURO_RENOVATION,,,,,NEW_BUILD,,15,true,,kentron
Y21-EA828838,125950000,1399444,90,,,3,2,,2,1,,,,EURO_RENOVATION,,,,,STONE,,5,false,,kentron
Y21-B3E5156D,110836000,827134,134,,,3,3,,8,2,,,,EURO_RENOVATION,,,,,NEW_BUILD,,12,true,,kentron
Y21-0E7233D7,36273600,533435,68,,,2,1,,3,1,,,,NEEDS_REPAIR,,,,,STONE,,4,false,,kentron
Y21-C7FAC67A,115874000,998914,116,,,3,2,,4,2,,,,EURO_RENOVATION,,,,,STONE,,4,false,,kentron
Y21-50AF7AAC,79600400,1530777,52,,,2,1,,9,1,,,,NEEDS_REPAIR,,,,,NEW_BUILD,,16,true,,kentron
Y21-3F8A68ED,119904400,1712920,70,,,2,2,,11,1,,,,EURO_RENOVATION,,,,,NEW_BUILD,,11,true,,kentron
Y21-A3938F78,120912000,895644,135,,,4,2,,2,1,,,,GOOD,,,,,STONE,,5,false,,kentron
Y21-766C5E59,52899000,1017288,52,,,2,1,,6,0,,,,EURO_RENOVATION,,,,,PANEL,,12,true,,kentron
Y21-3DCFDB64,113858800,1423235,80,,,2,1,,10,1,,,,NEEDS_REPAIR,,,,,NEW_BUILD,,16,true,,kentron
Y21-83D9E2C5,88165000,1763300,50,,,2,1,,2,1,,,,EURO_RENOVATION,,,,,NEW_BUILD,,15,true,,kentron
Y21-B479342F,57937000,1609361,36,,,1,1,,3,0,,,,EURO_RENOVATION,,,,,NEW_BUILD,,15,true,,kentron
Y21-8BAC8BE7,85142200,1980051,43,,,1,1,,5,0,,,,EURO_RENOVATION,,,,,NEW_BUILD,,15,true,,kentron
Y21-9015A52B,101767600,1226116,83,,,2,1,,9,1,,,,NEEDS_REPAIR,,,,,NEW_BUILD,,16,true,,kentron
Y21-81DD951E,55418000,1979214,28,,,1,1,,12,0,,,,EURO_RENOVATION,,,,,NEW_BUILD,,16,true,,kentron
Y21-7A606B5E,115874000,1868935,62,,,2,1,,6,1,,,,EURO_RENOVATION,,,,,NEW_BUILD,,16,true,,kentron
Y21-B076DA19,75066200,1191527,63,,,3,1,,4,0,,,,EURO_RENOVATION,,,,,STONE,,4,false,,kentron
Y21-67AF4586,123431000,1142880,108,,,3,2,,7,1,,,,EURO_RENOVATION,,,,,NEW_BUILD,,10,true,,kentron
Y21-5B45EFCC,55418000,908492,61,,,2,1,,2,0,,,,EURO_RENOVATION,,,,,STONE,,5,false,,kentron
Y21-932601BF,130988000,1190800,110,,,2,1,,6,1,,,,EURO_RENOVATION,,,,,NEW_BUILD,,18,true,,kentron
Y21-A779C559,59952200,1070575,56,,,2,1,,4,1,,,,EURO_RENOVATION,,,,,STONE,,4,false,,kentron
Y21-6F264DF9,80608000,822531,98,,,4,2,,4,1,,,,EURO_RENOVATION,,,,,STONE,,4,false,,kentron
Y21-6F5DC284,136026000,1346792,101,,,3,2,,6,1,,,,EURO_RENOVATION,,,,,NEW_BUILD,,6,true,,kentron
Y21-61C3FC79,113355000,1259500,90,,,2,1,,11,2,,,,EURO_RENOVATION,,,,,NEW_BUILD,,15,true,,kentron
Y21-E2BF27E9,141064000,1439429,98,,,3,1,,2,1,,,,EURO_RENOVATION,,,,,STONE,,5,false,,kentron
Y21-2473655C,100256200,1319161,76,,,3,1,,6,0,,,,EURO_RENOVATION,,,,,NEW_BUILD,,10,true,,kentron
Y21-4826EFE5,73051000,768958,95,,,3,2,,2,1,,,,GOOD,,,,,STONE,,4,false,,kentron
Y21-7CF8FBE2,43830600,952839,46,,,1,1,,3,1,,,,GOOD,,,,,PANEL,,10,true,,kentron
Y21-B6E9E45B,40304000,1007600,40,,,1,1,,4,1,,,,NEEDS_REPAIR,,,,,STONE,,5,false,,kentron
Y21-367A71D3,98241000,982410,100,,,3,2,,4,0,,,,EURO_RENOVATION,,,,,NEW_BUILD,,6,true,,kentron
Y21-72E14F96,88165000,1037235,85,,,3,1,,6,0,,,,EURO_RENOVATION,,,,,NEW_BUILD,,12,true,,kentron
Y21-ED470F24,90684000,1242247,73,,,3,1,,4,1,,,,EURO_RENOVATION,,,,,NEW_BUILD,,18,true,,kentron
Y21-281B0D98,38792600,969815,40,,,2,1,,5,0,,,,EURO_RENOVATION,,,,,PANEL,,9,true,,kentron
Y21-D1E63DDE,60456000,806080,75,,,3,1,,6,1,,,,EURO_RENOVATION,,,,,STONE,,6,true,,kentron
Y21-CFFB28D1,81615600,1990624,41,,,2,1,,5,0,,,,EURO_RENOVATION,,,,,NEW_BUILD,,15,true,,kentron
Y21-666268E3,46349600,482808,96,,,3,1,,2,1,,,,EURO_RENOVATION,,,,,PANEL,,9,true,,kentron
Y21-020E33E0,85142200,1216317,70,,,3,2,,2,0,,,,EURO_RENOVATION,,,,,NEW_BUILD,,9,true,,kentron
Y21-20876EE8,100760000,806080,125,,,3,2,,4,2,,,,GOOD,,,,,NEW_BUILD,,6,true,,kentron
Y21-439AD6DD,47961760,856460,56,,,2,1,,4,0,,,,GOOD,,,,,NEW_BUILD,,6,true,,kentron
Y21-947F3DEE,36777400,967826,38,,,1,1,,3,1,,,,EURO_RENOVATION,,,,,PANEL,,9,true,,kentron
Y21-16E9189A,36777400,967826,38,,,1,1,,3,1,,,,EURO_RENOVATION,,,,,PANEL,,9,true,,kentron
Y21-4B73143A,32747000,839667,39,,,1,1,,9,0,,,,GOOD,,,,,PANEL,,11,true,,kentron
Y21-D2123354,41311600,516395,80,,,3,1,,2,1,,,,NEEDS_REPAIR,,,,,PANEL,,9,true,,kentron
Y21-43C29977,133507000,953621,140,,,3,1,,15,2,,,,EURO_RENOVATION,,,,,NEW_BUILD,,17,true,,kentron
Y21-BB8AC221,62975000,1399444,45,,,2,1,,12,0,,,,EURO_RENOVATION,,,,,PANEL,,12,true,,kentron
Y21-DD2B3E72,99752400,1039088,96,,,4,1,,3,0,,,,EURO_RENOVATION,,,,,STONE,,5,false,,kentron
Y21-D317D566,59297260,714425,83,,,3,1,,6,1,,,,NEEDS_REPAIR,,,,,PANEL,,9,true,,kentron
Y21-629C2FFD,94966300,1067037,89,,,3,1,,6,1,,,,EURO_RENOVATION,,,,,STONE,,9,true,,kentron
Y21-EB13A32C,55418000,923633,60,,,2,1,,3,0,,,,EURO_RENOVATION,,,,,PANEL,,9,true,,kentron
Y21-A7D9AD06,60456000,889059,68,,,3,1,,2,1,,,,EURO_RENOVATION,,,,,STONE,,5,false,,kentron
Y21-55B437A9,33502700,985374,34,,,1,1,,3,1,,,,GOOD,,,,,STONE,,5,false,,kentron
Y21-D9ABC944,33502700,985374,34,,,1,1,,3,1,,,,GOOD,,,,,STONE,,5,false,,kentron
Y21-8F5D5B94,62975000,1311979,48,,,2,1,,10,0,,,,EURO_RENOVATION,,,,,NEW_BUILD,,15,true,,kentron
Y21-FAB2A1C5,103530900,1294136,80,,,3,1,,10,0,,,,EURO_RENOVATION,,,,,NEW_BUILD,,11,true,,kentron
Y21-EB85F1FA,135774100,1293087,105,,,3,1,,10,0,,,,EURO_RENOVATION,,,,,NEW_BUILD,,11,true,,kentron
Y21-CD9FA8DF,78920270,1753784,45,,,2,1,,10,0,,,,EURO_RENOVATION,,,,,NEW_BUILD,,11,true,,kentron
Y21-E380325F,100659240,1342123,75,,,2,1,,10,0,,,,EURO_RENOVATION,,,,,NEW_BUILD,,11,true,,kentron
Y21-7FE5FE76,130484200,1499818,87,,,2,1,,18,1,,,,EURO_RENOVATION,,,,,NEW_BUILD,,23,true,,kentron
Y21-09711876,95722000,1348197,71,,,2,1,,5,2,,,,EURO_RENOVATION,,,,,STONE,,5,false,,kentron
Y21-D8EEABC3,50380000,1679333,30,,,1,1,,4,0,,,,EURO_RENOVATION,,,,,NEW_BUILD,,17,true,,kentron
Y21-663508FC,50380000,1399444,36,,,1,1,,2,1,,,,EURO_RENOVATION,,,,,STONE,,5,false,,kentron
Y21-5B87196A,98241000,1155776,85,,,2,1,,10,1,,,,GOOD,,,,,NEW_BUILD,,17,true,,kentron
Y21-A1F68567,105798000,1162615,91,,,3,1,,10,2,,,,EURO_RENOVATION,,,,,NEW_BUILD,,13,true,,kentron
Y21-15F608C2,105798000,1137613,93,,,3,1,,10,2,,,,EURO_RENOVATION,,,,,NEW_BUILD,,13,true,,kentron
Y21-930C054F,105798000,1244682,85,,,2,1,,10,1,,,,NEEDS_REPAIR,,,,,NEW_BUILD,,18,true,,kentron
Y21-76320A76,83127000,1259500,66,,,3,2,,4,2,,,,EURO_RENOVATION,,,,,STONE,,4,false,,kentron
Y21-D29E1CA0,45342000,1133550,40,,,1,1,,2,0,,,,EURO_RENOVATION,,,,,NEW_BUILD,,8,true,,kentron
Y21-405F3504,57937000,1053400,55,,,2,1,,3,0,,,,EURO_RENOVATION,,,,,STONE,,4,false,,kentron
Y21-2B6FFBAA,50380000,1119556,45,,,1,1,,4,0,,,,EURO_RENOVATION,,,,,STONE,,5,false,,kentron
Y21-EB3BCF6C,57937000,998914,58,,,2,1,,6,0,,,,EURO_RENOVATION,,,,,PANEL,,11,true,,kentron
Y21-1328CDE5,45342000,1133550,40,,,1,1,,2,1,,,,EURO_RENOVATION,,,,,STONE,,3,false,,kentron
Y21-8898E774,43830600,1095765,40,,,1,1,,3,1,,,,EURO_RENOVATION,,,,,STONE,,6,true,,kentron
Y21-57D977DC,48868600,1480867,33,,,1,1,,2,0,,,,EURO_RENOVATION,,,,,STONE,,5,false,,kentron
Y21-3698C9A8,83127000,884330,94,,,3,2,,7,1,,,,EURO_RENOVATION,,,,,NEW_BUILD,,9,true,,kentron
Y21-C8D38DEC,110836000,791686,140,,,4,2,,3,3,,,,GOOD,,,,,STONE,,6,true,,kentron
Y21-3615F72D,70532000,881650,80,,,3,1,,3,1,,,,EURO_RENOVATION,,,,,PANEL,,9,true,,kentron
Y21-8A89EA19,113355000,1259500,90,,,3,1,,5,0,,,,NEEDS_REPAIR,,,,,NEW_BUILD,,10,true,,kentron
Y21-C8CBF0A7,93203000,932030,100,,,3,1,,3,1,,,,EURO_RENOVATION,,,,,PANEL,,9,true,,kentron
Y21-CA5C4416,45090100,1024775,44,,,2,1,,8,0,,,,EURO_RENOVATION,,,,,PANEL,,10,true,,kentron
Y21-F470E01A,117385400,1185711,99,,,3,2,,16,1,,,,GOOD,,,,,NEW_BUILD,,19,true,,kentron
Y21-82AE4EA6,100760000,793386,127,,,4,2,,8,1,,,,GOOD,,,,,PANEL,,13,true,,kentron
Y21-10D17B5C,108317000,1164699,93,,,3,2,,5,0,,,,EURO_RENOVATION,,,,,STONE,,5,false,,kentron
Y21-14174D59,40807800,510098,80,,,2,1,,4,1,,,,GOOD,,,,,STONE,,4,false,,kentron
Y21-8935C423,70532000,671733,105,,,3,1,,5,1,,,,EURO_RENOVATION,,,,,STONE,,5,false,,kentron
Y21-7BF3F486,137033600,1827115,75,,,3,1,,6,1,,,,EURO_RENOVATION,,,,,NEW_BUILD,,10,true,,kentron
Y21-2DFCDEAC,128469000,1366691,94,,,3,1,,3,0,,,,EURO_RENOVATION,,,,,NEW_BUILD,,10,true,,kentron
Y21-74C75762,5541800,21152,262,,,5,3,,6,2,,,,EURO_RENOVATION,,,,,NEW_BUILD,,18,true,,kentron
Y21-4C08C5C7,75570000,981429,77,,,3,2,,7,1,,,,EURO_RENOVATION,,,,,MONOLITH,,11,true,,kentron
Y21-BE97E210,78089000,578437,135,,,3,1,,4,0,,,,EURO_RENOVATION,,,,,NEW_BUILD,,11,true,,kentron
Y21-C3E03D44,83127000,848235,98,,,3,2,,5,0,,,,EURO_RENOVATION,,,,,STONE,,5,false,,kentron
Y21-BFBCBC6E,52899000,508644,104,,,2,1,,1,0,,,,NEEDS_REPAIR,,,,,STONE,,5,false,,kentron
Y21-1BF02C83,100760000,746370,135,,,4,2,,5,1,,,,EURO_RENOVATION,,,,,NEW_BUILD,,10,true,,kentron
Y21-A7F8A521,83127000,884330,94,,,3,2,,5,1,,,,EURO_RENOVATION,,,,,NEW_BUILD,,7,true,,kentron
Y21-19E4F242,57937000,482808,120,,,4,2,,14,2,,,,EURO_RENOVATION,,,,,NEW_BUILD,,14,true,,kentron
Y21-13129432,37785000,484423,78,,,3,1,,9,1,,,,EURO_RENOVATION,,,,,PANEL,,9,true,,kentron
Y21-99F83F4A,123431000,1028592,120,,,3,2,,5,2,,,,EURO_RENOVATION,,,,,NEW_BUILD,,6,true,,kentron
Y21-02B07408,49372400,548582,90,,,3,1,,3,2,,,,GOOD,,,,,STONE,,4,false,,kentron
Y21-F90A0E67,47861000,938451,51,,,2,2,,2,0,,,,EURO_RENOVATION,,,,,NEW_BUILD,,5,false,,kentron
Y21-6F914396,50380000,825902,61,,,2,1,,2,0,,,,EURO_RENOVATION,,,,,NEW_BUILD,,5,false,,kentron
Y21-B0ECA1C5,62975000,629750,100,,,3,2,,7,0,,,,EURO_RENOVATION,,,,,NEW_BUILD,,14,true,,kentron
Y21-824C5992,32495100,590820,55,,,2,1,,12,1,,,,EURO_RENOVATION,,,,,NEW_BUILD,,14,true,,kentron
Y21-2F676B55,35266000,734708,48,,,2,1,,10,1,,,,EURO_RENOVATION,,,,,NEW_BUILD,,14,true,,kentron
Y21-D53A4E04,37785000,944625,40,,,1,1,,6,1,,,,EURO_RENOVATION,,,,,PANEL,,10,true,,kentron
Y21-58B36F04,54914200,998440,55,,,2,1,,3,1,,,,EURO_RENOVATION,,,,,STONE,,4,false,,kentron
Y21-D6F356DE,128469000,783348,164,,,4,2,,9,2,,,,EURO_RENOVATION,,,,,NEW_BUILD,,17,true,,kentron
Y21-268B34A9,83127000,977965,85,,,3,1,,2,1,,,,EURO_RENOVATION,,,,,STONE,,5,false,,kentron
Y21-0CAF70EC,53906600,626821,86,,,3,2,,9,1,,,,EURO_RENOVATION,,,,,NEW_BUILD,,14,true,,kentron
Y21-22A2349E,68013000,944625,72,,,2,1,,5,1,,,,EURO_RENOVATION,,,,,NEW_BUILD,,13,true,,kentron
Y21-311EBD16,90684000,1133550,80,,,3,2,,8,1,,,,EURO_RENOVATION,,,,,NEW_BUILD,,12,true,,kentron
Y21-3F296FB9,27709000,692725,40,,,2,1,,13,1,,,,EURO_RENOVATION,,,,,PANEL,,14,true,,kentron
Y21-6324EE0F,130988000,761558,172,,,3,2,,2,2,,,,EURO_RENOVATION,,,,,NEW_BUILD,,5,false,,kentron
Y21-3E935C11,69020600,775512,89,,,3,2,,1,1,,,,EURO_RENOVATION,,,,,NEW_BUILD,,5,false,,kentron
Y21-50330403,28212800,656112,43,,,1,1,,2,1,,,,NEEDS_REPAIR,,,,,NEW_BUILD,,5,false,,kentron
Y21-EDF1331C,88165000,831745,106,,,4,2,,2,1,,,,NEEDS_REPAIR,,,,,NEW_BUILD,,6,true,,kentron
Y21-446C2BC2,103279000,826232,125,,,4,2,,6,2,,,,NEEDS_REPAIR,,,,,NEW_BUILD,,10,true,,kentron
Y21-50DB9A47,125950000,1188208,106,,,3,2,,4,1,,,,EURO_RENOVATION,,,,,NEW_BUILD,,6,true,,kentron
Y21-B9B894B0,43830600,547883,80,,,2,1,,8,1,,,,EURO_RENOVATION,,,,,PANEL,,14,true,,kentron
Y21-9D7428F8,32747000,606426,54,,,1,1,,10,1,,,,EURO_RENOVATION,,,,,NEW_BUILD,,14,true,,kentron
Y21-5082589C,100760000,694897,145,,,3,2,,1,0,,,,EURO_RENOVATION,,,,,NEW_BUILD,,4,false,,kentron
Y21-E21DF979,68013000,612730,111,,,3,2,,8,1,,,,NEEDS_REPAIR,,,,,NEW_BUILD,,12,true,,kentron
Y21-F0B53832,27709000,729184,38,,,1,1,,3,1,,,,GOOD,,,,,STONE,,5,false,,kentron
Y21-00219C36,24686200,574098,43,,,1,1,,5,0,,,,GOOD,,,,,PANEL,,9,true,,kentron
Y21-FF4C7466,94210600,833722,113,,,3,1,,5,1,,,,EURO_RENOVATION,,,,,NEW_BUILD,,12,true,,kentron
Y21-D1FBB1D6,118393000,784060,151,,,3,2,,3,2,,,,NEEDS_REPAIR,,,,,NEW_BUILD,,5,false,,kentron
Y21-F34F2EBE,68013000,694010,98,,,3,1,,2,2,,,,GOOD,,,,,PANEL,,9,true,,kentron
Y21-EF4B7AE6,88165000,847740,104,,,3,1,,5,1,,,,EURO_RENOVATION,,,,,NEW_BUILD,,16,true,,kentron
Y21-99E0E9BE,100760000,1119556,90,,,2,2,,8,2,,,,EURO_RENOVATION,,,,,NEW_BUILD,,9,true,,kentron
Y21-0B1764A3,44334400,575771,77,,,2,1,,11,0,,,,EURO_RENOVATION,,,,,MONOLITH,,16,true,,kentron
Y21-5F824B1E,73051000,545157,134,,,3,3,,7,2,,,,NEEDS_REPAIR,,,,,NEW_BUILD,,10,true,,kentron
Y21-2FF62706,42823000,1070575,40,,,1,1,,4,1,,,,EURO_RENOVATION,,,,,STONE,,5,false,,kentron
Y21-BEEB9D46,60456000,755700,80,,,3,1,,4,1,,,,EURO_RENOVATION,,,,,STONE,,4,false,,kentron
Y21-1ED62A8E,47861000,531789,90,,,3,1,,4,2,,,,NEEDS_REPAIR,,,,,STONE,,4,false,,kentron
Y21-40CDFBCB,110836000,872724,127,,,3,2,,10,2,,,,NEEDS_REPAIR,,,,,NEW_BUILD,,13,true,,kentron
Y21-74FC41AD,89676400,747303,120,,,3,1,,11,2,,,,EURO_RENOVATION,,,,,NEW_BUILD,,14,true,,kentron
Y21-2C079FE0,67509200,695971,97,,,4,2,,6,1,,,,EURO_RENOVATION,,,,,PANEL,,12,true,,kentron
Y21-D61F8E9E,88165000,1075183,82,,,3,1,,3,1,,,,EURO_RENOVATION,,,,,NEW_BUILD,,5,false,,kentron
Y21-60C7B49C,55418000,571320,97,,,3,1,,10,1,,,,EURO_RENOVATION,,,,,PANEL,,12,true,,kentron
Y21-0ED992EF,66199320,906840,73,,,2,1,,5,0,,,,NEEDS_REPAIR,,,,,NEW_BUILD,,6,true,,kentron
Y21-F6512821,60456000,795474,76,,,3,1,,10,1,,,,EURO_RENOVATION,,,,,NEW_BUILD,,16,true,,kentron
Y21-A8F7E8F4,64990200,764591,85,,,3,1,,12,0,,,,EURO_RENOVATION,,,,,PANEL,,16,true,,kentron
Y21-F525F682,57937000,526700,110,,,4,2,,1,0,,,,GOOD,,,,,NEW_BUILD,,4,false,,kentron
Y21-4BF5B0F3,47861000,886315,54,,,2,1,,4,1,,,,EURO_RENOVATION,,,,,NEW_BUILD,,14,true,,kentron
Y21-37063316,47861000,854661,56,,,2,1,,4,1,,,,EURO_RENOVATION,,,,,NEW_BUILD,,16,true,,kentron
Y21-67A374A5,68013000,647743,105,,,4,2,,2,1,,,,EURO_RENOVATION,,,,,NEW_BUILD,,6,true,,kentron
Y21-B184C3CA,28212800,688117,41,,,2,1,,5,1,,,,EURO_RENOVATION,,,,,PANEL,,11,true,,kentron
Y21-AE23C802,25190000,434310,58,,,2,1,,2,1,,,,NEEDS_REPAIR,,,,,STONE,,2,false,,kentron
Y21-082FB7D1,141064000,1165818,121,,,3,2,,3,3,,,,EURO_RENOVATION,,,,,NEW_BUILD,,15,true,,kentron
Y21-63ACE54B,128469000,1223514,105,,,4,2,,3,2,,,,EURO_RENOVATION,,,,,NEW_BUILD,,6,true,,kentron
Y21-4680BCEE,60456000,549600,110,,,3,1,,5,0,,,,GOOD,,,,,PANEL,,10,true,,kentron
Y21-163D889E,38792600,484908,80,,,3,1,,11,1,,,,EURO_RENOVATION,,,,,PANEL,,14,true,,kentron
Y21-5031E469,78089000,887375,88,,,2,1,,5,0,,,,GOOD,,,,,NEW_BUILD,,14,true,,kentron
Y21-5C40DDDB,44586300,579043,77,,,3,1,,1,1,,,,NEEDS_REPAIR,,,,,NEW_BUILD,,6,true,,kentron
Y21-2889A698,44334400,869302,51,,,2,1,,2,1,,,,EURO_RENOVATION,,,,,NEW_BUILD,,16,true,,kentron
Y21-2242F8E7,32747000,454819,72,,,3,1,,10,1,,,,EURO_RENOVATION,,,,,PANEL,,10,true,,kentron
Y21-E9AC35F8,32747000,761558,43,,,2,1,,4,0,,,,EURO_RENOVATION,,,,,PANEL,,9,true,,kentron
Y21-2ED1B1DB,120912000,1007600,120,,,3,2,,21,1,,,,NEEDS_REPAIR,,,,,NEW_BUILD,,22,true,,kentron
Y21-37AFFBEB,35266000,518618,68,,,2,1,,7,1,,,,GOOD,,,,,MONOLITH,,9,true,,kentron
Y21-D78C73EE,110836000,1055581,105,,,3,2,,3,1,,,,EURO_RENOVATION,,,,,NEW_BUILD,,15,true,,kentron
Y21-117B83D2,89676400,747303,120,,,3,2,,11,2,,,,EURO_RENOVATION,,,,,NEW_BUILD,,14,true,,kentron
Y21-C9970E37,143583000,1341897,107,,,3,2,,2,0,,,,EURO_RENOVATION,,,,,NEW_BUILD,,7,true,,kentron
Y21-39D50CCC,22671000,472313,48,,,1,1,,2,0,,,,EURO_RENOVATION,,,,,PANEL,,9,true,,malatia-sebastia
Y21-692244FC,25190000,340405,74,,,3,1,,9,0,,,,GOOD,,,,,PANEL,,9,true,,malatia-sebastia
Y21-314C4AFB,42823000,603141,71,,,3,1,,1,0,,,,EURO_RENOVATION,,,,,PANEL,,9,true,,malatia-sebastia
Y21-914DAF9B,36273600,381827,95,,,3,1,,7,1,,,,EURO_RENOVATION,,,,,PANEL,,9,true,,malatia-sebastia
Y21-F561199D,34762200,418822,83,,,3,1,,5,1,,,,EURO_RENOVATION,,,,,PANEL,,14,true,,malatia-sebastia
Y21-C4F2A236,60456000,755700,80,,,3,2,,5,0,,,,EURO_RENOVATION,,,,,PANEL,,14,true,,malatia-sebastia
Y21-B5BF8589,19144400,598263,32,,,1,1,,2,1,,,,EURO_RENOVATION,,,,,NEW_BUILD,,4,false,,malatia-sebastia
Y21-1D3D35D9,42823000,522232,82,,,3,1,,2,0,,,,EURO_RENOVATION,,,,,PANEL,,14,true,,malatia-sebastia
Y21-7E36E31B,18892500,460793,41,,,1,1,,7,0,,,,GOOD,,,,,PANEL,,12,true,,nor-nork
Y21-6CC1E253,31235600,400456,78,,,3,1,,7,1,,,,EURO_RENOVATION,,,,,PANEL,,9,true,,nor-nork
Y21-C57C21BE,75066200,532384,141,,,3,2,,5,1,,,,GOOD,,,,,NEW_BUILD,,16,true,,nor-nork
Y21-1AD677E7,23930500,478610,50,,,2,1,,3,1,,,,NEEDS_REPAIR,,,,,NEW_BUILD,,6,true,,nor-nork
Y21-D73D14A1,33502700,478610,70,,,2,2,,3,1,,,,NEEDS_REPAIR,,,,,NEW_BUILD,,6,true,,nor-nork
Y21-C10C2126,150636200,1068342,141,,,4,1,,13,0,,,,EURO_RENOVATION,,,,,NEW_BUILD,,16,true,,nor-nork
Y21-D8EA27F1,23678600,503800,47,,,2,1,,5,1,,,,EURO_RENOVATION,,,,,NEW_BUILD,,9,true,,nor-nork
Y21-8BA6A2B8,44334400,492604,90,,,3,1,,7,0,,,,EURO_RENOVATION,,,,,MONOLITH,,12,true,,nor-nork
Y21-363120B3,74058600,525238,141,,,3,1,,5,1,,,,NEEDS_REPAIR,,,,,NEW_BUILD,,15,true,,nor-nork
Y21-3A594393,46551120,554180,84,,,3,2,,2,1,,,,NEEDS_REPAIR,,,,,NEW_BUILD,,6,true,,nor-nork
Y21-FE15A477,22671000,338373,67,,,2,1,,4,1,,,,NEEDS_REPAIR,,,,,PANEL,,9,true,,nor-nork
Y21-85324BD9,28716600,448697,64,,,3,1,,2,1,,,,EURO_RENOVATION,,,,,PANEL,,5,false,,nor-nork
Y21-D0CFDD20,56425600,696612,81,,,3,1,,4,0,,,,EURO_RENOVATION,,,,,NEW_BUILD,,16,true,,nor-nork
Y21-8F96AF94,44838200,597843,75,,,3,1,,11,1,,,,NEEDS_REPAIR,,,,,NEW_BUILD,,16,true,,nor-nork
Y21-8C0857A7,38792600,570479,68,,,3,1,,3,1,,,,EURO_RENOVATION,,,,,STONE,,5,false,,nor-nork
Y21-CEC13821,40304000,424253,95,,,3,1,,3,0,,,,GOOD,,,,,NEW_BUILD,,3,false,,nor-nork
Y21-48C753B4,26701400,445023,60,,,2,1,,5,1,,,,GOOD,,,,,PANEL,,9,true,,nor-nork
Y21-D5917F04,37785000,609435,62,,,3,1,,3,1,,,,GOOD,,,,,PANEL,,12,true,,nor-nork
Y21-9966DA52,26197600,344705,76,,,3,1,,4,2,,,,GOOD,,,,,PANEL,,9,true,,nor-nork
Y21-A31D8DB2,37785000,314875,120,,,4,1,,4,1,,,,NEEDS_REPAIR,,,,,PANEL,,9,true,,nor-nork
Y21-E83F516B,17633000,489806,36,,,1,1,,2,1,,,,NEEDS_REPAIR,,,,,PANEL,,5,false,,nor-nork
Y21-F07D5DF9,105798000,750340,141,,,3,2,,10,1,,,,EURO_RENOVATION,,,,,NEW_BUILD,,16,true,,nor-nork
Y21-444B5988,42823000,372374,115,,,3,2,,1,1,,,,EURO_RENOVATION,,,,,STONE,,5,false,,nor-nork
Y21-97FA1E13,32747000,414519,79,,,2,1,,10,0,,,,GOOD,,,,,MONOLITH,,15,true,,nor-nork
Y21-61793817,78089000,952305,82,,,3,2,,1,0,,,,EURO_RENOVATION,,,,,NEW_BUILD,,3,false,,nor-nork
Y21-4F4AE848,42823000,446073,96,,,3,1,,4,1,,,,GOOD,,,,,STONE,,4,false,,shengavit
Y21-D9CED9CE,34762200,463496,75,,,3,1,,3,1,,,,GOOD,,,,,STONE,,4,false,,shengavit
Y21-7ED854D2,65494000,422542,155,,,4,2,,3,2,,,,EURO_RENOVATION,,,,,STONE,,4,false,,shengavit
Y21-BC390D90,75570000,726635,104,,,3,2,,11,1,,,,EURO_RENOVATION,,,,,NEW_BUILD,,11,true,,shengavit
Y21-DBC1CD6A,42823000,423990,101,,,3,2,,1,0,,,,EURO_RENOVATION,,,,,STONE,,4,false,,shengavit
Y21-A9609774,24938100,383663,65,,,2,1,,5,1,,,,NEEDS_REPAIR,,,,,STONE,,5,false,,shengavit
Y21-2AEBDABE,32243200,481242,67,,,2,1,,2,0,,,,GOOD,,,,,STONE,,5,false,,shengavit
Y21-2C4FB8E9,23678600,394643,60,,,2,1,,3,1,,,,GOOD,,,,,STONE,,3,false,,shengavit
Y21-13EAABAE,24686200,352660,70,,,3,1,,1,0,,,,EURO_RENOVATION,,,,,STONE,,2,false,,shengavit
Y21-C412B7AE,42823000,455564,94,,,3,1,,4,0,,,,EURO_RENOVATION,,,,,STONE,,4,false,,shengavit
Y21-5418746F,17633000,489806,36,,,1,1,,3,0,,,,EURO_RENOVATION,,,,,STONE,,3,false,,shengavit
Y21-0DD75ACC,32243200,429909,75,,,3,1,,4,2,,,,EURO_RENOVATION,,,,,STONE,,5,false,,shengavit
Y21-18E5780C,38792600,445892,87,,,3,2,,1,0,,,,EURO_RENOVATION,,,,,PANEL,,9,true,,ajapnyak
Y21-53FD8C2A,32747000,376402,87,,,3,1,,2,0,,,,EURO_RENOVATION,,,,,STONE,,5,false,,ajapnyak
Y21-2C8BC24D,32747000,654940,50,,,2,1,,3,1,,,,EURO_RENOVATION,,,,,NEW_BUILD,,6,true,,ajapnyak
Y21-F0FCD5EE,38288800,273491,140,,,4,2,,1,0,,,,NEEDS_REPAIR,,,,,NEW_BUILD,,5,false,,ajapnyak
Y21-4683A392,60456000,441285,137,,,4,2,,11,1,,,,GOOD,,,,,NEW_BUILD,,14,true,,ajapnyak
Y21-A3FA1BE6,37785000,503800,75,,,3,1,,9,0,,,,EURO_RENOVATION,,,,,PANEL,,9,true,,ajapnyak
Y21-77F6ADF3,26701400,333768,80,,,3,1,,5,1,,,,EURO_RENOVATION,,,,,PANEL,,9,true,,ajapnyak
Y21-9A5381EF,70532000,522459,135,,,4,2,,6,1,,,,EURO_RENOVATION,,,,,NEW_BUILD,,7,true,,ajapnyak
Y21-3BDA5266,28716600,428606,67,,,2,1,,2,1,,,,EURO_RENOVATION,,,,,PANEL,,9,true,,ajapnyak
Y21-EECEDA6A,18640600,365502,51,,,1,1,,11,1,,,,NEEDS_REPAIR,,,,,PANEL,,16,true,,ajapnyak
Y21-AF9F8544,28212800,391844,72,,,2,1,,1,0,,,,EURO_RENOVATION,,,,,PANEL,,9,true,,ajapnyak
Y21-FD922477,125950000,740882,170,,,5,2,,2,0,,,,EURO_RENOVATION,,,,,NEW_BUILD,,5,false,,ajapnyak
Y21-8812CFB7,78089000,557779,140,,,4,2,,5,2,,,,EURO_RENOVATION,,,,,NEW_BUILD,,6,true,,ajapnyak
Y21-45F50971,27205200,523177,52,,,2,1,,5,1,,,,EURO_RENOVATION,,,,,PANEL,,9,true,,ajapnyak
Y21-A794A45F,30228000,251900,120,,,4,2,,1,1,,,,NEEDS_REPAIR,,,,,NEW_BUILD,,1,false,,ajapnyak
Y21-C9B0C716,19144400,638147,30,,,1,1,,2,1,,,,EURO_RENOVATION,,,,,STONE,,5,false,,ajapnyak
Y21-6DA686F0,34258400,349576,98,,,3,1,,3,2,,,,GOOD,,,,,PANEL,,9,true,,ajapnyak
Y21-5B6557B0,41311600,688527,60,,,2,1,,2,0,,,,EURO_RENOVATION,,,,,NEW_BUILD,,10,true,,ajapnyak
Y21-911D601C,17633000,419833,42,,,1,1,,11,1,,,,EURO_RENOVATION,,,,,PANEL,,12,true,,ajapnyak
Y21-E2AE4FAF,16121600,383848,42,,,1,1,,8,1,,,,EURO_RENOVATION,,,,,PANEL,,9,true,,ajapnyak
Y21-E5AF1E21,24182400,447822,54,,,1,1,,6,1,,,,GOOD,,,,,PANEL,,10,true,,ajapnyak
Y21-D8599C25,25693800,442997,58,,,3,1,,2,0,,,,EURO_RENOVATION,,,,,NEW_BUILD,,5,false,,ajapnyak
Y21-3D25ED33,44334400,583347,76,,,3,1,,4,0,,,,GOOD,,,,,STONE,,4,false,,ajapnyak
Y21-0CA5F6B0,30228000,387538,78,,,3,1,,8,1,,,,EURO_RENOVATION,,,,,PANEL,,9,true,,ajapnyak
Y21-3708A501,30479900,586152,52,,,1,1,,7,1,,,,EURO_RENOVATION,,,,,NEW_BUILD,,12,true,,ajapnyak
Y21-B074C7A7,29220400,429712,68,,,3,1,,10,1,,,,GOOD,,,,,NEW_BUILD,,10,true,,ajapnyak
Y21-523640E0,30228000,251900,120,,,4,2,,1,1,,,,NEEDS_REPAIR,,,,,NEW_BUILD,,1,false,,ajapnyak
Y21-A4D9527E,27709000,355244,78,,,3,1,,8,1,,,,GOOD,,,,,PANEL,,16,true,,ajapnyak
Y21-554EB964,32747000,409338,80,,,3,1,,3,2,,,,EURO_RENOVATION,,,,,PANEL,,9,true,,ajapnyak
Y21-23C471CC,18136800,604560,30,,,1,1,,2,0,,,,EURO_RENOVATION,,,,,STONE,,5,false,,ajapnyak
Y21-C8213987,20152000,530316,38,,,1,1,,3,1,,,,EURO_RENOVATION,,,,,STONE,,4,false,,ajapnyak
Y21-0B984627,22671000,283388,80,,,3,1,,5,1,,,,GOOD,,,,,STONE,,5,false,,ajapnyak
Y21-2A6F14C8,23174800,454408,51,,,2,1,,3,1,,,,GOOD,,,,,STONE,,4,false,,ajapnyak
Y21-801630FA,26197600,291084,90,,,3,1,,4,1,,,,GOOD,,,,,PANEL,,16,true,,ajapnyak
Y21-3F6D7E0C,25945700,345943,75,,,3,1,,7,2,,,,GOOD,,,,,PANEL,,9,true,,ajapnyak
Y21-841510DC,29724200,371553,80,,,3,2,,8,0,,,,EURO_RENOVATION,,,,,PANEL,,16,true,,ajapnyak
Y21-CB49352A,35266000,476568,74,,,2,1,,12,1,,,,EURO_RENOVATION,,,,,NEW_BUILD,,12,true,,ajapnyak
Y21-0C3E4F9B,21159600,341284,62,,,3,1,,3,1,,,,NEEDS_REPAIR,,,,,PANEL,,16,true,,ajapnyak
Y21-1067AB18,35266000,551031,64,,,3,1,,4,0,,,,EURO_RENOVATION,,,,,STONE,,5,false,,ajapnyak
Y21-9883369F,16625400,593764,28,,,1,1,,1,0,,,,NEEDS_REPAIR,,,,,STONE,,4,false,,ajapnyak
Y21-1D5666C9,29220400,449545,65,,,2,1,,3,0,,,,EURO_RENOVATION,,,,,PANEL,,16,true,,ajapnyak
Y21-55200F11,34762200,307630,113,,,4,2,,2,2,,,,EURO_RENOVATION,,,,,MONOLITH,,16,true,,ajapnyak
Y21-F533AC29,23678600,246652,96,,,4,2,,15,2,,,,GOOD,,,,,PANEL,,16,true,,ajapnyak
Y21-4B6DFEB1,44334400,410504,108,,,3,1,,1,1,,,,NEEDS_REPAIR,,,,,STONE,,5,false,,ajapnyak
Y21-C80B13B2,26197600,358871,73,,,2,1,,12,1,,,,GOOD,,,,,PANEL,,16,true,,ajapnyak
Y21-21747022,26197600,403040,65,,,3,1,,11,1,,,,EURO_RENOVATION,,,,,PANEL,,16,true,,ajapnyak
Y21-DD71252D,21159600,492084,43,,,1,1,,6,0,,,,EURO_RENOVATION,,,,,NEW_BUILD,,12,true,,ajapnyak
Y21-54CDD2DC,46601500,568311,82,,,3,1,,2,0,,,,EURO_RENOVATION,,,,,STONE,,4,false,,ajapnyak
Y21-DAD123B9,55418000,692725,80,,,3,1,,9,1,,,,EURO_RENOVATION,,,,,NEW_BUILD,,13,true,,ajapnyak
Y21-8E3468A7,100760000,899643,112,,,4,2,,4,2,,,,EURO_RENOVATION,,,,,NEW_BUILD,,4,false,,ajapnyak
Y21-94A2276A,37785000,377850,100,,,4,1,,2,1,,,,EURO_RENOVATION,,,,,MONOLITH,,16,true,,ajapnyak
Y21-9A3E1DFF,28716600,410237,70,,,3,1,,3,1,,,,GOOD,,,,,STONE,,4,false,,ajapnyak
Y21-491FB6F3,15617800,520593,30,,,1,1,,2,0,,,,EURO_RENOVATION,,,,,STONE,,4,false,,ajapnyak
Y21-AC84C7DF,33754600,315464,107,,,4,1,,1,1,,,,GOOD,,,,,STONE,,5,false,,ajapnyak
Y21-7E26F641,38792600,578994,67,,,3,1,,6,0,,,,EURO_RENOVATION,,,,,NEW_BUILD,,12,true,,ajapnyak
Y21-D4346060,29724200,349696,85,,,3,2,,6,1,,,,GOOD,,,,,PANEL,,12,true,,ajapnyak
Y21-39AFED7B,35266000,410070,86,,,3,1,,10,1,,,,GOOD,,,,,PANEL,,14,true,,ajapnyak
Y21-790AB613,25190000,419833,60,,,2,1,,2,1,,,,GOOD,,,,,STONE,,4,false,,ajapnyak
Y21-20DEE3A9,41311600,503800,82,,,3,1,,2,0,,,,EURO_RENOVATION,,,,,STONE,,5,false,,ajapnyak
Y21-C7AF9B35,25693800,347214,74,,,3,1,,2,1,,,,GOOD,,,,,STONE,,4,false,,ajapnyak
Y21-D4BF9691,19144400,382888,50,,,2,1,,1,0,,,,EURO_RENOVATION,,,,,MONOLITH,,14,true,,ajapnyak
Y21-50B254ED,30228000,311629,97,,,4,1,,6,2,,,,GOOD,,,,,NEW_BUILD,,16,true,,ajapnyak
Y21-BD5791F9,20152000,438087,46,,,2,1,,10,0,,,,NEEDS_REPAIR,,,,,STONE,,16,true,,ajapnyak
Y21-BA40E479,18640600,532589,35,,,1,1,,10,0,,,,EURO_RENOVATION,,,,,NEW_BUILD,,11,true,,ajapnyak
Y21-CB6B32DD,26701400,494470,54,,,2,1,,1,0,,,,EURO_RENOVATION,,,,,STONE,,4,false,,ajapnyak
Y21-44726C3A,19144400,294529,65,,,3,1,,5,2,,,,GOOD,,,,,STONE,,5,false,,ajapnyak
Y21-536AA553,32747000,327470,100,,,4,1,,11,1,,,,EURO_RENOVATION,,,,,MONOLITH,,16,true,,ajapnyak
Y21-40FDAF77,16625400,395843,42,,,1,1,,4,1,,,,GOOD,,,,,PANEL,,9,true,,ajapnyak
Y21-25B11707,78368609,760860,103,,,4,2,,7,2,,,,EURO_RENOVATION,,,,,NEW_BUILD,,9,true,,ajapnyak
Y21-01CA76AA,19144400,503800,38,,,1,1,,4,1,,,,EURO_RENOVATION,,,,,STONE,,4,false,,ajapnyak
Y21-46182325,45342000,453420,100,,,3,1,,13,1,,,,GOOD,,,,,PANEL,,14,true,,ajapnyak
Y21-B9F45C5E,41311600,491805,84,,,3,3,,3,1,,,,EURO_RENOVATION,,,,,STONE,,5,false,,ajapnyak
Y21-0ADEF8E5,28666220,477770,60,,,3,1,,1,0,,,,EURO_RENOVATION,,,,,STONE,,16,true,,ajapnyak
Y21-9D33199C,23678600,375851,63,,,2,1,,14,1,,,,EURO_RENOVATION,,,,,PANEL,,16,true,,ajapnyak
Y21-CFA877DA,42823000,639149,67,,,3,1,,8,0,,,,EURO_RENOVATION,,,,,NEW_BUILD,,12,true,,ajapnyak
Y21-4D72E371,30731800,404366,76,,,3,1,,1,1,,,,EURO_RENOVATION,,,,,PANEL,,9,true,,ajapnyak
Y21-E2C62158,22671000,354234,64,,,2,1,,6,1,,,,GOOD,,,,,PANEL,,16,true,,ajapnyak
Y21-356E163C,25693800,342584,75,,,3,1,,4,0,,,,GOOD,,,,,PANEL,,4,false,,ajapnyak
Y21-45FC0673,40304000,575771,70,,,3,3,,1,1,,,,EURO_RENOVATION,,,,,NEW_BUILD,,4,false,,ajapnyak
Y21-32267062,26701400,556279,48,,,1,1,,5,0,,,,EURO_RENOVATION,,,,,NEW_BUILD,,14,true,,ajapnyak
Y21-B3A46245,17633000,419833,42,,,1,1,,9,1,,,,GOOD,,,,,PANEL,,9,true,,ajapnyak
Y21-C7B8A4E4,65494000,617868,106,,,3,2,,11,0,,,,EURO_RENOVATION,,,,,NEW_BUILD,,13,true,,ajapnyak
Y21-6A759590,43326800,442110,98,,,4,1,,5,2,,,,GOOD,,,,,PANEL,,14,true,,ajapnyak
Y21-BC3F7498,27205200,438794,62,,,3,1,,2,0,,,,EURO_RENOVATION,,,,,NEW_BUILD,,16,true,,ajapnyak
Y21-345E04D3,37785000,424551,89,,,4,1,,1,1,,,,GOOD,,,,,STONE,,5,false,,ajapnyak
Y21-820BA8EA,31235600,538545,58,,,2,1,,3,0,,,,NEEDS_REPAIR,,,,,STONE,,4,false,,ajapnyak
Y21-54A57BED,30228000,451164,67,,,2,1,,2,1,,,,EURO_RENOVATION,,,,,PANEL,,14,true,,ajapnyak
Y21-9140A2F8,33754600,450061,75,,,3,1,,1,1,,,,GOOD,,,,,STONE,,5,false,,ajapnyak
Y21-E0CF936B,20152000,479810,42,,,1,1,,2,1,,,,GOOD,,,,,STONE,,4,false,,ajapnyak
Y21-787069BF,55418000,443344,125,,,4,1,,2,1,,,,GOOD,,,,,STONE,,2,false,,ajapnyak
Y21-E11F2935,21159600,341284,62,,,2,1,,2,1,,,,GOOD,,,,,STONE,,4,false,,ajapnyak
Y21-508E6398,36273600,421786,86,,,4,2,,11,0,,,,EURO_RENOVATION,,,,,PANEL,,16,true,,ajapnyak
Y21-D876F16C,26701400,278140,96,,,4,1,,14,0,,,,EURO_RENOVATION,,,,,PANEL,,16,true,,ajapnyak
Y21-AFEB6058,16121600,393210,41,,,1,1,,12,1,,,,NEEDS_REPAIR,,,,,MONOLITH,,12,true,,ajapnyak
Y21-2011F119,34510300,448186,77,,,3,1,,4,0,,,,EURO_RENOVATION,,,,,NEW_BUILD,,7,true,,ajapnyak
Y21-919F9767,21159600,414894,51,,,2,1,,4,1,,,,NEEDS_REPAIR,,,,,STONE,,4,false,,ajapnyak
Y21-91113639,22167200,426292,52,,,2,1,,1,1,,,,GOOD,,,,,STONE,,4,false,,ajapnyak
Y21-06C70540,29724200,371553,80,,,3,1,,9,1,,,,GOOD,,,,,PANEL,,9,true,,ajapnyak
Y21-C98C57EE,40304000,289957,139,,,3,2,,1,0,,,,EURO_RENOVATION,,,,,STONE,,2,false,,ajapnyak
Y21-ECA86B6F,29220400,417434,70,,,3,1,,3,1,,,,EURO_RENOVATION,,,,,STONE,,4,false,,ajapnyak
Y21-88DA18CB,19900100,423406,47,,,1,1,,2,1,,,,GOOD,,,,,STONE,,5,false,,ajapnyak
Y21-1DBA12DD,25693800,450768,57,,,2,1,,4,1,,,,GOOD,,,,,STONE,,5,false,,ajapnyak
Y21-F909E9A3,25693800,450768,57,,,2,1,,4,1,,,,GOOD,,,,,STONE,,5,false,,ajapnyak
Y21-35748A4A,42823000,856460,50,,,2,1,,12,1,,,,EURO_RENOVATION,,,,,MONOLITH,,14,true,,ajapnyak
Y21-052053EA,22671000,371656,61,,,2,1,,8,1,,,,GOOD,,,,,MONOLITH,,13,true,,ajapnyak
Y21-346A401C,25693800,442997,58,,,3,1,,2,0,,,,EURO_RENOVATION,,,,,NEW_BUILD,,5,false,,ajapnyak
Y21-701A9C33,16121600,383848,42,,,1,1,,8,1,,,,EURO_RENOVATION,,,,,PANEL,,9,true,,ajapnyak
Y21-6774A9ED,34258400,349576,98,,,3,1,,3,2,,,,GOOD,,,,,PANEL,,9,true,,ajapnyak
Y21-3C4DFA50,24182400,447822,54,,,1,1,,6,1,,,,GOOD,,,,,PANEL,,10,true,,ajapnyak
Y21-D7D2942D,17633000,419833,42,,,1,1,,11,1,,,,EURO_RENOVATION,,,,,PANEL,,12,true,,ajapnyak
Y21-0F9710D4,30228000,251900,120,,,4,2,,1,1,,,,NEEDS_REPAIR,,,,,NEW_BUILD,,1,false,,ajapnyak
Y21-5E7ABF0B,41311600,688527,60,,,2,1,,2,0,,,,EURO_RENOVATION,,,,,NEW_BUILD,,10,true,,ajapnyak
Y21-E2D3D369,19144400,638147,30,,,1,1,,2,1,,,,EURO_RENOVATION,,,,,STONE,,5,false,,ajapnyak
Y21-EFFCBC92,24182400,636379,38,,,1,1,,2,1,,,,EURO_RENOVATION,,,,,STONE,,4,false,,ajapnyak
Y21-6C5597F5,35266000,387538,91,,,3,1,,4,0,,,,NEEDS_REPAIR,,,,,STONE,,9,true,,ajapnyak
Y21-7516B71C,35266000,440825,80,,,3,1,,10,2,,,,EURO_RENOVATION,,,,,MONOLITH,,15,true,,ajapnyak
Y21-1696C631,25190000,434310,58,,,3,1,,3,1,,,,GOOD,,,,,STONE,,5,false,,ajapnyak
Y21-7E5FBB54,33754600,482209,70,,,2,1,,5,1,,,,EURO_RENOVATION,,,,,PANEL,,9,true,,ajapnyak
Y21-DEFC21B9,30177620,359257,84,,,3,1,,1,1,,,,GOOD,,,,,PANEL,,9,true,,ajapnyak
Y21-C17C3688,18640600,532589,35,,,1,1,,10,0,,,,EURO_RENOVATION,,,,,NEW_BUILD,,11,true,,ajapnyak
Y21-6589A1F6,40304000,338689,119,,,4,1,,2,1,,,,NEEDS_REPAIR,,,,,PANEL,,14,true,,ajapnyak
Y21-8F697A52,15114000,431829,35,,,1,1,,1,0,,,,GOOD,,,,,STONE,,4,false,,ajapnyak
Y21-5887CCAD,31739400,387066,82,,,4,3,,16,0,,,,EURO_RENOVATION,,,,,MONOLITH,,16,true,,ajapnyak
Y21-C23286C1,37785000,434310,87,,,3,1,,5,0,,,,GOOD,,,,,NEW_BUILD,,10,true,,ajapnyak
Y21-6105F99E,29220400,365255,80,,,3,2,,8,2,,,,EURO_RENOVATION,,,,,PANEL,,16,true,,ajapnyak
Y21-D8D62B1C,31235600,283960,110,,,3,1,,1,1,,,,GOOD,,,,,STONE,,4,false,,ajapnyak
Y21-7F7EEC01,24182400,447822,54,,,2,1,,2,1,,,,EURO_RENOVATION,,,,,STONE,,5,false,,ajapnyak
Y21-5EF90176,30983700,455643,68,,,2,1,,9,1,,,,EURO_RENOVATION,,,,,NEW_BUILD,,10,true,,ajapnyak
Y21-40720D0E,18136800,431829,42,,,2,1,,1,1,,,,GOOD,,,,,STONE,,4,false,,ajapnyak
Y21-0841BEB1,23678600,493304,48,,,3,1,,3,1,,,,GOOD,,,,,STONE,,4,false,,ajapnyak
Y21-57DD36B6,17633000,534333,33,,,1,1,,2,0,,,,GOOD,,,,,STONE,,2,false,,ajapnyak
Y21-30DC9925,28212800,352660,80,,,3,2,,2,1,,,,EURO_RENOVATION,,,,,MONOLITH,,16,true,,ajapnyak
Y21-EEC96800,60456000,565009,107,,,4,2,,6,0,,,,EURO_RENOVATION,,,,,NEW_BUILD,,12,true,,ajapnyak
Y21-17D31C00,68013000,708469,96,,,3,1,,3,0,,,,NEEDS_REPAIR,,,,,STONE,,4,false,,ajapnyak
Y21-27F128F7,15114000,487548,31,,,1,1,,4,1,,,,GOOD,,,,,STONE,,5,false,,ajapnyak
Y21-A845F4CF,26701400,476811,56,,,2,1,,2,1,,,,GOOD,,,,,STONE,,4,false,,ajapnyak
Y21-91B6575E,55418000,692725,80,,,3,1,,12,1,,,,EURO_RENOVATION,,,,,NEW_BUILD,,13,true,,ajapnyak
Y21-9252D048,14106400,486428,29,,,1,1,,1,0,,,,NEEDS_REPAIR,,,,,STONE,,4,false,,ajapnyak
Y21-3CFA7C37,30228000,472313,64,,,3,1,,3,1,,,,GOOD,,,,,STONE,,5,false,,ajapnyak
Y21-5F17FBC9,22671000,472313,48,,,1,1,,1,0,,,,GOOD,,,,,STONE,,5,false,,ajapnyak
Y21-84610208,23678600,493304,48,,,1,1,,6,0,,,,EURO_RENOVATION,,,,,PANEL,,8,true,,ajapnyak
Y21-C841204D,24182400,447822,54,,,2,1,,5,1,,,,EURO_RENOVATION,,,,,STONE,,5,false,,ajapnyak
Y21-BC955E9D,40304000,251900,160,,,6,1,,5,0,,,,NEEDS_REPAIR,,,,,MONOLITH,,5,false,,ajapnyak
Y21-260A48E4,24434300,364691,67,,,2,1,,6,2,,,,GOOD,,,,,NEW_BUILD,,16,true,,ajapnyak
Y21-A0000048,37785000,510608,74,,,3,1,,4,1,,,,GOOD,,,,,PANEL,,5,false,,ajapnyak
Y21-D36DF5CF,37785000,377850,100,,,3,1,,5,1,,,,GOOD,,,,,PANEL,,9,true,,ajapnyak
Y21-BA72E92E,25190000,359857,70,,,3,1,,7,2,,,,NEEDS_REPAIR,,,,,PANEL,,9,true,,ajapnyak
Y21-E14A21F8,25190000,484423,52,,,3,1,,1,0,,,,EURO_RENOVATION,,,,,PANEL,,4,false,,ajapnyak
Y21-1FC58E72,22671000,503800,45,,,2,1,,7,0,,,,EURO_RENOVATION,,,,,PANEL,,16,true,,ajapnyak
Y21-9ADD277D,31235600,318731,98,,,3,1,,8,0,,,,NEEDS_REPAIR,,,,,PANEL,,9,true,,ajapnyak
Y21-44E55D1B,16121600,537387,30,,,1,1,,1,0,,,,EURO_RENOVATION,,,,,STONE,,4,false,,ajapnyak
Y21-D29208E4,20655800,333158,62,,,2,1,,15,1,,,,GOOD,,,,,PANEL,,16,true,,ajapnyak
Y21-078AF0D7,27709000,384847,72,,,3,1,,3,0,,,,GOOD,,,,,STONE,,4,false,,ajapnyak
Y21-4A05FB8C,27709000,294777,94,,,3,1,,3,1,,,,GOOD,,,,,MONOLITH,,16,true,,ajapnyak
Y21-C0E9519D,21159600,406915,52,,,2,1,,1,0,,,,EURO_RENOVATION,,,,,PANEL,,4,false,,ajapnyak
Y21-52871F3F,33754600,427273,79,,,3,1,,9,0,,,,EURO_RENOVATION,,,,,PANEL,,9,true,,ajapnyak
Y21-FCBF10BE,28716600,563071,51,,,2,1,,4,0,,,,NEEDS_REPAIR,,,,,MONOLITH,,12,true,,ajapnyak
Y21-FA8DD8E5,36777400,707258,52,,,2,1,,9,1,,,,EURO_RENOVATION,,,,,NEW_BUILD,,14,true,,ajapnyak
Y21-B6C12409,35266000,435383,81,,,3,2,,2,2,,,,GOOD,,,,,PANEL,,9,true,,ajapnyak
Y21-0AD762FB,24182400,237082,102,,,3,1,,6,2,,,,EURO_RENOVATION,,,,,PANEL,,9,true,,ajapnyak
Y21-B1586F12,19900100,537841,37,,,1,2,,1,0,,,,GOOD,,,,,STONE,,4,false,,ajapnyak
Y21-2969847B,28716600,322658,89,,,3,2,,5,1,,,,GOOD,,,,,PANEL,,16,true,,ajapnyak
Y21-E5C3CA97,26197600,396933,66,,,2,1,,4,1,,,,EURO_RENOVATION,,,,,PANEL,,16,true,,ajapnyak
Y21-7BFDF62C,31739400,344993,92,,,3,1,,14,1,,,,GOOD,,,,,PANEL,,14,true,,ajapnyak
Y21-53C1A981,17129200,439210,39,,,1,1,,2,1,,,,EURO_RENOVATION,,,,,STONE,,4,false,,ajapnyak
Y21-0C9D70CF,46349600,441425,105,,,4,1,,1,0,,,,EURO_RENOVATION,,,,,PANEL,,9,true,,ajapnyak
Y21-FF2348EB,25190000,375970,67,,,3,1,,14,1,,,,EURO_RENOVATION,,,,,PANEL,,16,true,,ajapnyak
Y21-B19E36C4,15617800,240274,65,,,2,1,,1,1,,,,NEEDS_REPAIR,,,,,STONE,,5,false,,ajapnyak
Y21-C15F0C34,18136800,604560,30,,,1,1,,3,1,,,,EURO_RENOVATION,,,,,STONE,,5,false,,ajapnyak
Y21-EEA3AB3C,24182400,403040,60,,,2,1,,5,1,,,,GOOD,,,,,PANEL,,5,false,,ajapnyak
Y21-3B94AF10,30228000,321574,94,,,3,1,,5,1,,,,GOOD,,,,,PANEL,,16,true,,ajapnyak
Y21-0FB0E20D,22671000,359857,63,,,2,1,,7,1,,,,GOOD,,,,,MONOLITH,,16,true,,ajapnyak
Y21-8D729416,30228000,339640,89,,,3,1,,16,2,,,,GOOD,,,,,PANEL,,16,true,,ajapnyak
Y21-D3E8F0A5,34258400,489406,70,,,3,1,,1,1,,,,EURO_RENOVATION,,,,,NEW_BUILD,,3,false,,ajapnyak
Y21-2EE357CD,25190000,322949,78,,,3,1,,4,1,,,,GOOD,,,,,STONE,,4,false,,ajapnyak
Y21-06662D1C,26197600,436627,60,,,3,1,,4,1,,,,GOOD,,,,,STONE,,4,false,,ajapnyak
Y21-849A1453,32747000,344705,95,,,4,2,,4,1,,,,EURO_RENOVATION,,,,,PANEL,,16,true,,ajapnyak
Y21-34E71054,29472300,398274,74,,,3,1,,3,1,,,,EURO_RENOVATION,,,,,STONE,,4,false,,ajapnyak
Y21-F20D0384,29220400,400279,73,,,3,1,,2,1,,,,GOOD,,,,,STONE,,4,false,,ajapnyak
Y21-72940747,24686200,329149,75,,,3,2,,15,1,,,,EURO_RENOVATION,,,,,MONOLITH,,16,true,,ajapnyak
Y21-085B5373,47861000,569774,84,,,3,1,,11,0,,,,EURO_RENOVATION,,,,,NEW_BUILD,,12,true,,ajapnyak
Y21-25D9E1E5,35266000,387538,91,,,4,1,,5,1,,,,GOOD,,,,,STONE,,5,false,,ajapnyak
Y21-DB76BB41,27709000,426292,65,,,3,1,,10,0,,,,GOOD,,,,,PANEL,,12,true,,ajapnyak
Y21-E443A991,34258400,450768,76,,,3,2,,4,1,,,,EURO_RENOVATION,,,,,STONE,,5,false,,ajapnyak
Y21-BFC443CD,16877300,392495,43,,,1,1,,4,0,,,,GOOD,,,,,PANEL,,9,true,,ajapnyak
Y21-254909E6,34258400,428230,80,,,2,1,,10,1,,,,GOOD,,,,,MONOLITH,,14,true,,ajapnyak
Y21-6A9415CF,37785000,497171,76,,,3,1,,2,1,,,,EURO_RENOVATION,,,,,PANEL,,5,false,,ajapnyak
Y21-060FC924,23678600,319981,74,,,3,1,,2,1,,,,GOOD,,,,,STONE,,4,false,,ajapnyak
Y21-6B66619B,19900100,621878,32,,,1,1,,2,0,,,,EURO_RENOVATION,,,,,STONE,,4,false,,ajapnyak
Y21-1A6D74E8,33754600,562577,60,,,3,1,,6,0,,,,EURO_RENOVATION,,,,,NEW_BUILD,,7,true,,ajapnyak
Y21-C3446A56,37785000,539786,70,,,2,1,,5,0,,,,EURO_RENOVATION,,,,,NEW_BUILD,,7,true,,ajapnyak
Y21-341993F7,21159600,470213,45,,,1,1,,5,0,,,,EURO_RENOVATION,,,,,STONE,,5,false,,ajapnyak
Y21-414DED1D,26701400,356019,75,,,3,1,,13,1,,,,GOOD,,,,,PANEL,,14,true,,ajapnyak
Y21-7E06E9F6,21663400,503800,43,,,2,1,,2,1,,,,EURO_RENOVATION,,,,,STONE,,4,false,,ajapnyak
Y21-8D9B9FF7,17633000,419833,42,,,1,1,,11,1,,,,EURO_RENOVATION,,,,,PANEL,,12,true,,ajapnyak
Y21-09FB9B5D,16121600,383848,42,,,1,1,,8,1,,,,EURO_RENOVATION,,,,,PANEL,,9,true,,ajapnyak
Y21-72B06CC6,19144400,638147,30,,,1,1,,2,1,,,,EURO_RENOVATION,,,,,STONE,,5,false,,ajapnyak
Y21-2C0F5F24,25693800,442997,58,,,3,1,,2,0,,,,EURO_RENOVATION,,,,,NEW_BUILD,,5,false,,ajapnyak
Y21-75EA16B7,30228000,251900,120,,,4,2,,1,1,,,,NEEDS_REPAIR,,,,,NEW_BUILD,,1,false,,ajapnyak
Y21-0398038A,34258400,349576,98,,,3,1,,3,2,,,,GOOD,,,,,PANEL,,9,true,,ajapnyak
Y21-AFAE9EC5,24182400,447822,54,,,1,1,,6,1,,,,GOOD,,,,,PANEL,,10,true,,ajapnyak
Y21-4EDFE0A9,41311600,688527,60,,,2,1,,2,0,,,,EURO_RENOVATION,,,,,NEW_BUILD,,10,true,,ajapnyak
Y21-B9B4D862,42319200,450204,94,,,4,1,,3,1,,,,NEEDS_REPAIR,,,,,PANEL,,9,true,,ajapnyak
Y21-73680958,30731800,415295,74,,,3,1,,3,1,,,,EURO_RENOVATION,,,,,STONE,,4,false,,ajapnyak
Y21-207E9A12,16877300,140644,120,,,4,1,,2,1,,,,GOOD,,,,,STONE,,2,false,,ajapnyak
Y21-5D448760,30228000,364193,83,,,3,1,,8,1,,,,EURO_RENOVATION,,,,,PANEL,,16,true,,ajapnyak
Y21-4F51E9F5,20152000,530316,38,,,1,1,,3,1,,,,EURO_RENOVATION,,,,,STONE,,4,false,,ajapnyak
Y21-484279A9,35266000,559778,63,,,3,1,,2,1,,,,EURO_RENOVATION,,,,,STONE,,4,false,,ajapnyak
Y21-890052A6,17633000,534333,33,,,1,1,,3,0,,,,EURO_RENOVATION,,,,,STONE,,4,false,,ajapnyak
Y21-67CD64C7,42823000,455564,94,,,5,2,,2,2,,,,GOOD,,,,,STONE,,5,false,,ajapnyak
Y21-07F13048,30228000,539786,56,,,2,1,,7,0,,,,NEEDS_REPAIR,,,,,NEW_BUILD,,12,true,,ajapnyak
Y21-9C97E988,32243200,343013,94,,,4,1,,7,1,,,,GOOD,,,,,PANEL,,16,true,,ajapnyak
Y21-2BA7C285,31739400,577080,55,,,3,1,,3,0,,,,EURO_RENOVATION,,,,,STONE,,4,false,,ajapnyak
Y21-456A1792,28716600,422303,68,,,2,1,,9,0,,,,GOOD,,,,,PANEL,,9,true,,ajapnyak
Y21-45398B59,28212800,705320,40,,,2,1,,6,0,,,,NEEDS_REPAIR,,,,,MONOLITH,,6,true,,ajapnyak
Y21-27980437,36777400,404147,91,,,3,1,,7,1,,,,GOOD,,,,,PANEL,,9,true,,ajapnyak
Y21-67D10BFE,21915300,405839,54,,,2,1,,1,1,,,,EURO_RENOVATION,,,,,STONE,,4,false,,ajapnyak
Y21-155525C4,33754600,397113,85,,,4,1,,4,0,,,,EURO_RENOVATION,,,,,STONE,,4,false,,ajapnyak
Y21-52EB7C12,36273600,381827,95,,,3,1,,5,1,,,,EURO_RENOVATION,,,,,PANEL,,9,true,,ajapnyak
Y21-0EEDD72D,26197600,327470,80,,,3,1,,2,2,,,,GOOD,,,,,PANEL,,16,true,,ajapnyak
Y21-08BEB56A,31739400,473722,67,,,2,1,,5,2,,,,EURO_RENOVATION,,,,,NEW_BUILD,,12,true,,ajapnyak
Y21-D3549CE8,18640600,601310,31,,,1,1,,3,1,,,,EURO_RENOVATION,,,,,STONE,,4,false,,ajapnyak
Y21-8DEDD949,29220400,369878,79,,,3,1,,2,1,,,,GOOD,,,,,PANEL,,16,true,,ajapnyak
Y21-7300A08B,26701400,423832,63,,,3,1,,15,1,,,,EURO_RENOVATION,,,,,PANEL,,16,true,,ajapnyak
Y21-A32EC242,55418000,692725,80,,,3,1,,9,1,,,,EURO_RENOVATION,,,,,NEW_BUILD,,13,true,,ajapnyak
Y21-3B4C081A,35266000,440825,80,,,3,1,,1,1,,,,EURO_RENOVATION,,,,,NEW_BUILD,,5,false,,ajapnyak
Y21-58527987,25693800,442997,58,,,3,1,,2,0,,,,EURO_RENOVATION,,,,,NEW_BUILD,,5,false,,ajapnyak
Y21-478DDE0A,36777400,612957,60,,,2,1,,9,0,,,,EURO_RENOVATION,,,,,NEW_BUILD,,12,true,,ajapnyak
Y21-13EFA782,27709000,261406,106,,,3,1,,12,1,,,,GOOD,,,,,PANEL,,14,true,,ajapnyak
Y21-6F5FC32B,21159600,271277,78,,,3,1,,1,0,,,,NEEDS_REPAIR,,,,,STONE,,4,false,,ajapnyak
Y21-4814FE2B,23174800,406575,57,,,3,1,,2,0,,,,EURO_RENOVATION,,,,,STONE,,4,false,,ajapnyak
Y21-4BAA5C5B,35266000,503800,70,,,3,1,,2,1,,,,EURO_RENOVATION,,,,,STONE,,4,false,,ajapnyak
Y21-C2A55546,26701400,503800,53,,,2,1,,5,1,,,,GOOD,,,,,STONE,,5,false,,ajapnyak
Y21-8B64C5B3,27709000,282745,98,,,4,2,,11,2,,,,NEEDS_REPAIR,,,,,NEW_BUILD,,16,true,,ajapnyak
Y21-E4CD3E87,28212800,470213,60,,,2,1,,2,0,,,,NEEDS_REPAIR,,,,,PANEL,,5,false,,ajapnyak
Y21-7789D322,42823000,382348,112,,,4,1,,7,1,,,,GOOD,,,,,PANEL,,9,true,,ajapnyak
Y21-21457193,30228000,408486,74,,,3,1,,5,1,,,,GOOD,,,,,PANEL,,5,false,,ajapnyak
Y21-57366463,47861000,621571,77,,,3,1,,9,1,,,,GOOD,,,,,NEW_BUILD,,12,true,,ajapnyak
Y21-05D3BFE6,28212800,344059,82,,,3,1,,2,2,,,,NEEDS_REPAIR,,,,,PANEL,,9,true,,ajapnyak
Y21-767744B5,20655800,421547,49,,,1,1,,1,0,,,,EURO_RENOVATION,,,,,STONE,,5,false,,ajapnyak
Y21-7F38D1C1,52899000,705320,75,,,3,3,,1,1,,,,EURO_RENOVATION,,,,,NEW_BUILD,,5,false,,ajapnyak
Y21-25671ED2,30228000,392571,77,,,3,1,,3,1,,,,GOOD,,,,,STONE,,4,false,,ajapnyak
Y21-68E3FB06,28212800,542554,52,,,2,1,,10,0,,,,GOOD,,,,,NEW_BUILD,,12,true,,ajapnyak
Y21-5617264B,19648200,503800,39,,,1,1,,4,1,,,,NEEDS_REPAIR,,,,,STONE,,4,false,,ajapnyak
Y21-3ADAB133,29724200,341657,87,,,3,3,,9,1,,,,EURO_RENOVATION,,,,,MONOLITH,,16,true,,ajapnyak
Y21-E7400B90,37533100,412452,91,,,3,1,,5,1,,,,GOOD,,,,,STONE,,5,false,,ajapnyak
Y21-E59724D8,48868600,531180,92,,,4,1,,2,0,,,,NEEDS_REPAIR,,,,,STONE,,4,false,,ajapnyak
Y21-EAFEB12D,33250800,627374,53,,,2,1,,3,0,,,,EURO_RENOVATION,,,,,NEW_BUILD,,12,true,,ajapnyak
Y21-B8E04BDF,34258400,349576,98,,,3,1,,3,2,,,,GOOD,,,,,PANEL,,9,true,,ajapnyak
Y21-19849603,33250800,496281,67,,,2,1,,4,0,,,,EURO_RENOVATION,,,,,PANEL,,9,true,,ajapnyak
Y21-DC58C6D0,24182400,281191,86,,,3,1,,15,1,,,,GOOD,,,,,PANEL,,16,true,,ajapnyak
Y21-F96D261C,33754600,432751,78,,,3,1,,4,1,,,,GOOD,,,,,PANEL,,12,true,,ajapnyak
Y21-C7B092DF,25190000,484423,52,,,2,2,,5,1,,,,EURO_RENOVATION,,,,,NEW_BUILD,,5,false,,ajapnyak
Y21-462E76EB,29220400,463816,63,,,3,1,,2,1,,,,EURO_RENOVATION,,,,,STONE,,5,false,,ajapnyak
Y21-5F85999C,17633000,587767,30,,,1,1,,3,1,,,,NEEDS_REPAIR,,,,,STONE,,4,false,,ajapnyak
Y21-744BD613,52899000,440825,120,,,5,1,,1,2,,,,EURO_RENOVATION,,,,,PANEL,,9,true,,ajapnyak
Y21-58374367,32747000,419833,78,,,3,1,,5,1,,,,GOOD,,,,,STONE,,5,false,,ajapnyak
Y21-0CBAF56F,52899000,440825,120,,,5,1,,1,2,,,,EURO_RENOVATION,,,,,PANEL,,9,true,,ajapnyak
Y21-5F29E141,22671000,462673,49,,,2,1,,3,1,,,,EURO_RENOVATION,,,,,STONE,,4,false,,ajapnyak
Y21-10213A8C,60456000,737268,82,,,3,1,,3,1,,,,EURO_RENOVATION,,,,,PANEL,,12,true,,ajapnyak
Y21-D6AB7FE1,40304000,503800,80,,,3,1,,2,1,,,,GOOD,,,,,STONE,,5,false,,ajapnyak
Y21-6BCBFB9F,27709000,322198,86,,,3,2,,12,1,,,,EURO_RENOVATION,,,,,PANEL,,16,true,,ajapnyak
Y21-004CB9A7,26701400,284057,94,,,3,1,,8,1,,,,GOOD,,,,,NEW_BUILD,,16,true,,ajapnyak
Y21-1ECB209A,32747000,519794,63,,,2,1,,12,0,,,,EURO_RENOVATION,,,,,MONOLITH,,12,true,,ajapnyak
Y21-E5431233,31235600,312356,100,,,3,1,,9,2,,,,EURO_RENOVATION,,,,,PANEL,,9,true,,ajapnyak
Y21-B0BB5573,37785000,503800,75,,,3,1,,1,1,,,,GOOD,,,,,STONE,,5,false,,ajapnyak
Y21-9359E8B5,25190000,399841,63,,,3,1,,1,1,,,,GOOD,,,,,STONE,,4,false,,ajapnyak
Y21-604E478E,28212800,376171,75,,,3,1,,4,1,,,,EURO_RENOVATION,,,,,MONOLITH,,16,true,,ajapnyak
Y21-08B8EC6F,29220400,394870,74,,,3,1,,7,1,,,,EURO_RENOVATION,,,,,PANEL,,9,true,,ajapnyak
Y21-1D31F80E,41311600,688527,60,,,2,1,,2,0,,,,EURO_RENOVATION,,,,,NEW_BUILD,,10,true,,ajapnyak
Y21-4CED452A,26197600,340229,77,,,3,1,,8,1,,,,GOOD,,,,,PANEL,,16,true,,ajapnyak
Y21-110BE57B,22671000,302280,75,,,3,1,,8,0,,,,NEEDS_REPAIR,,,,,MONOLITH,,8,true,,ajapnyak
Y21-0676D8A2,24938100,445323,56,,,2,1,,4,1,,,,GOOD,,,,,STONE,,4,false,,ajapnyak
Y21-BEC49A44,25190000,331447,76,,,2,1,,10,2,,,,NEEDS_REPAIR,,,,,PANEL,,16,true,,ajapnyak
Y21-F6A8856B,50380000,426949,118,,,4,1,,13,1,,,,EURO_RENOVATION,,,,,PANEL,,14,true,,ajapnyak
Y21-F23D7A55,18640600,532589,35,,,1,1,,10,0,,,,EURO_RENOVATION,,,,,NEW_BUILD,,11,true,,ajapnyak
Y21-76805F43,23426700,188925,124,,,3,1,,1,1,,,,GOOD,,,,,STONE,,5,false,,ajapnyak
Y21-B5A4EE8B,30228000,503800,60,,,2,1,,5,0,,,,EURO_RENOVATION,,,,,STONE,,5,false,,ajapnyak
Y21-986A04B1,22671000,377850,60,,,2,1,,3,1,,,,GOOD,,,,,PANEL,,16,true,,ajapnyak
Y21-E9B579DA,38288800,425431,90,,,3,1,,2,1,,,,EURO_RENOVATION,,,,,NEW_BUILD,,13,true,,ajapnyak
Y21-D836997E,15617800,473267,33,,,1,1,,4,1,,,,EURO_RENOVATION,,,,,NEW_BUILD,,4,false,,ajapnyak
Y21-5E996707,37785000,532183,71,,,3,1,,7,0,,,,EURO_RENOVATION,,,,,NEW_BUILD,,12,true,,ajapnyak
Y21-A65BB858,68013000,971614,70,,,2,1,,3,2,,,,EURO_RENOVATION,,,,,NEW_BUILD,,4,false,,ajapnyak
Y21-AD277745,24182400,403040,60,,,2,1,,2,1,,,,GOOD,,,,,PANEL,,9,true,,ajapnyak
Y21-8A228490,32747000,327470,100,,,3,1,,14,1,,,,GOOD,,,,,PANEL,,14,true,,ajapnyak
Y21-A1D29F5F,24182400,416938,58,,,2,1,,2,1,,,,GOOD,,,,,PANEL,,9,true,,ajapnyak
Y21-99C9A766,26197600,354022,74,,,3,1,,1,1,,,,GOOD,,,,,STONE,,4,false,,ajapnyak
Y21-70F5CCDA,31235600,416475,75,,,3,1,,3,1,,,,EURO_RENOVATION,,,,,STONE,,4,false,,ajapnyak
Y21-4796D5E8,24182400,447822,54,,,1,1,,6,1,,,,GOOD,,,,,PANEL,,10,true,,ajapnyak
Y21-98ECEB89,25693800,442997,58,,,3,1,,2,0,,,,EURO_RENOVATION,,,,,NEW_BUILD,,5,false,,ajapnyak
Y21-46034670,41311600,688527,60,,,2,1,,2,0,,,,EURO_RENOVATION,,,,,NEW_BUILD,,10,true,,ajapnyak
Y21-AC580049,17633000,419833,42,,,1,1,,11,1,,,,EURO_RENOVATION,,,,,PANEL,,12,true,,ajapnyak
Y21-2E650698,16121600,383848,42,,,1,1,,8,1,,,,EURO_RENOVATION,,,,,PANEL,,9,true,,ajapnyak
Y21-A7C2B023,34258400,349576,98,,,3,1,,3,2,,,,GOOD,,,,,PANEL,,9,true,,ajapnyak
Y21-080AA35E,19144400,638147,30,,,1,1,,2,1,,,,EURO_RENOVATION,,,,,STONE,,5,false,,ajapnyak
Y21-A12D560A,30228000,251900,120,,,4,2,,1,1,,,,NEEDS_REPAIR,,,,,NEW_BUILD,,1,false,,ajapnyak
Y21-1CE1372A,49372400,394979,125,,,5,1,,3,2,,,,GOOD,,,,,STONE,,5,false,,ajapnyak
Y21-A3DC91B2,17633000,419833,42,,,1,1,,11,1,,,,EURO_RENOVATION,,,,,PANEL,,12,true,,ajapnyak
Y21-D0F9A1F6,27658620,460977,60,,,2,1,,2,1,,,,EURO_RENOVATION,,,,,PANEL,,16,true,,ajapnyak
Y21-4B6DD0B5,30228000,451164,67,,,3,1,,10,1,,,,GOOD,,,,,PANEL,,16,true,,ajapnyak
Y21-CD2C5DBD,17633000,608034,29,,,1,1,,4,1,,,,GOOD,,,,,STONE,,4,false,,ajapnyak
Y21-AB4E9F07,17633000,452128,39,,,1,1,,10,0,,,,GOOD,,,,,PANEL,,12,true,,ajapnyak
Y21-025CD3AF,39800200,537841,74,,,3,1,,5,0,,,,GOOD,,,,,PANEL,,9,true,,ajapnyak
Y21-334670F9,24686200,525238,47,,,2,1,,4,1,,,,EURO_RENOVATION,,,,,STONE,,4,false,,ajapnyak
Y21-17FCCDE7,21159600,431829,49,,,2,1,,7,0,,,,EURO_RENOVATION,,,,,PANEL,,9,true,,ajapnyak
Y21-2368C34E,24686200,293883,84,,,3,1,,16,2,,,,NEEDS_REPAIR,,,,,PANEL,,16,true,,ajapnyak
Y21-FF0C9C98,24182400,372037,65,,,2,1,,12,1,,,,EURO_RENOVATION,,,,,NEW_BUILD,,16,true,,ajapnyak
Y21-2561911F,55418000,636989,87,,,3,1,,3,2,,,,EURO_RENOVATION,,,,,PANEL,,9,true,,ajapnyak
Y21-E0070406,40807800,510098,80,,,4,1,,2,0,,,,EURO_RENOVATION,,,,,STONE,,5,false,,ajapnyak
Y21-0B914E23,25190000,370441,68,,,3,1,,2,1,,,,EURO_RENOVATION,,,,,PANEL,,16,true,,ajapnyak
Y21-0681C4C4,31739400,317394,100,,,4,2,,13,1,,,,EURO_RENOVATION,,,,,PANEL,,16,true,,ajapnyak
Y21-6BBD2222,18640600,621353,30,,,1,1,,2,1,,,,EURO_RENOVATION,,,,,STONE,,4,false,,ajapnyak
Y21-EF2F64EE,17129200,428230,40,,,2,1,,2,1,,,,GOOD,,,,,STONE,,4,false,,ajapnyak
Y21-F5CC67AB,38792600,524224,74,,,3,1,,2,1,,,,GOOD,,,,,PANEL,,9,true,,ajapnyak
Y21-28EE01C9,29220400,384479,76,,,4,1,,3,0,,,,GOOD,,,,,PANEL,,16,true,,ajapnyak
Y21-47F387D4,31739400,473722,67,,,3,1,,3,1,,,,EURO_RENOVATION,,,,,PANEL,,9,true,,ajapnyak
Y21-3D1B67A0,55418000,636989,87,,,3,1,,3,1,,,,EURO_RENOVATION,,,,,PANEL,,9,true,,ajapnyak
Y21-66FE9522,24182400,833876,29,,,1,1,,1,0,,,,GOOD,,,,,STONE,,4,false,,ajapnyak
Y21-A269E807,23174800,551781,42,,,2,1,,4,0,,,,EURO_RENOVATION,,,,,NEW_BUILD,,7,true,,ajapnyak
Y21-63F5744D,34258400,475811,72,,,3,1,,8,1,,,,EURO_RENOVATION,,,,,NEW_BUILD,,9,true,,ajapnyak
Y21-41660A6F,45342000,755700,60,,,3,1,,1,0,,,,EURO_RENOVATION,,,,,NEW_BUILD,,6,true,,ajapnyak
Y21-F305006B,28212800,705320,40,,,2,1,,6,0,,,,NEEDS_REPAIR,,,,,MONOLITH,,6,true,,ajapnyak
Y21-A0B067C4,19144400,638147,30,,,1,1,,2,1,,,,EURO_RENOVATION,,,,,STONE,,5,false,,ajapnyak
Y21-E168052A,28212800,705320,40,,,2,1,,5,0,,,,NEEDS_REPAIR,,,,,MONOLITH,,6,true,,ajapnyak
Y21-F10782CE,45342000,755700,60,,,3,1,,2,0,,,,EURO_RENOVATION,,,,,NEW_BUILD,,7,true,,ajapnyak
Y21-AEEE703E,28212800,705320,40,,,2,1,,5,0,,,,NEEDS_REPAIR,,,,,MONOLITH,,6,true,,ajapnyak
Y21-28E0838E,45342000,755700,60,,,3,1,,1,0,,,,EURO_RENOVATION,,,,,NEW_BUILD,,6,true,,ajapnyak
Y21-3D024E62,21159600,391844,54,,,2,1,,4,1,,,,GOOD,,,,,STONE,,4,false,,ajapnyak
Y21-2F4F1D88,32747000,303213,108,,,5,2,,1,0,,,,GOOD,,,,,STONE,,4,false,,ajapnyak
Y21-2FFFE0DA,62118540,453420,137,,,4,1,,11,0,,,,NEEDS_REPAIR,,,,,MONOLITH,,14,true,,ajapnyak
Y21-FF110435,37785000,269893,140,,,3,1,,1,0,,,,GOOD,,,,,STONE,,5,false,,ajapnyak
Y21-3D5DB2BD,68013000,618300,110,,,4,3,,4,0,,,,EURO_RENOVATION,,,,,NEW_BUILD,,7,true,,ajapnyak
Y21-49097519,23174800,503800,46,,,3,1,,4,0,,,,EURO_RENOVATION,,,,,NEW_BUILD,,7,true,,ajapnyak
Y21-4C86517A,29195210,478610,61,,,2,1,,7,0,,,,EURO_RENOVATION,,,,,NEW_BUILD,,12,true,,ajapnyak
Y21-48A45653,29220400,479023,61,,,2,1,,6,0,,,,EURO_RENOVATION,,,,,NEW_BUILD,,12,true,,ajapnyak
Y21-4BCFE4C1,21159600,391844,54,,,1,1,,15,1,,,,EURO_RENOVATION,,,,,PANEL,,16,true,,ajapnyak
Y21-FC80063B,75570000,944625,80,,,3,1,,9,1,,,,GOOD,,,,,NEW_BUILD,,14,true,,ajapnyak
Y21-723E895D,31739400,396743,80,,,3,1,,12,2,,,,EURO_RENOVATION,,,,,MONOLITH,,16,true,,ajapnyak
Y21-72A84399,30228000,321574,94,,,3,1,,4,1,,,,EURO_RENOVATION,,,,,PANEL,,16,true,,ajapnyak
Y21-B23A530B,44838200,622753,72,,,3,1,,2,1,,,,EURO_RENOVATION,,,,,STONE,,5,false,,ajapnyak
Y21-DAF0E830,37785000,472313,80,,,3,1,,15,1,,,,EURO_RENOVATION,,,,,PANEL,,16,true,,ajapnyak
Y21-D18B6D48,25190000,466481,54,,,2,1,,4,1,,,,GOOD,,,,,STONE,,4,false,,ajapnyak
Y21-30C9F179,37785000,539786,70,,,3,1,,5,0,,,,EURO_RENOVATION,,,,,NEW_BUILD,,7,true,,ajapnyak
Y21-5545E23B,33754600,482209,70,,,2,1,,7,0,,,,EURO_RENOVATION,,,,,NEW_BUILD,,7,true,,ajapnyak
Y21-D3ECF7BD,31235600,318731,98,,,3,1,,8,1,,,,GOOD,,,,,PANEL,,9,true,,ajapnyak
Y21-E6726FA8,29220400,512639,57,,,2,1,,3,1,,,,EURO_RENOVATION,,,,,STONE,,4,false,,ajapnyak
Y21-C59A8437,24182400,355624,68,,,2,1,,8,1,,,,GOOD,,,,,PANEL,,9,true,,ajapnyak
Y21-CECE228D,62975000,516189,122,,,3,1,,1,2,,,,EURO_RENOVATION,,,,,STONE,,5,false,,ajapnyak
Y21-5E089130,53906600,673833,80,,,3,2,,2,1,,,,EURO_RENOVATION,,,,,STONE,,4,false,,ajapnyak
Y21-AC5F5364,31739400,396743,80,,,4,1,,4,1,,,,GOOD,,,,,STONE,,4,false,,ajapnyak
Y21-E843D7A8,21663400,515795,42,,,2,1,,6,0,,,,EURO_RENOVATION,,,,,NEW_BUILD,,12,true,,ajapnyak
Y21-B4C53BD0,16121600,383848,42,,,1,1,,8,1,,,,EURO_RENOVATION,,,,,PANEL,,9,true,,ajapnyak
Y21-E831524E,33754600,432751,78,,,3,1,,8,1,,,,GOOD,,,,,PANEL,,9,true,,ajapnyak
Y21-58A7FABA,35266000,356222,99,,,4,1,,8,1,,,,EURO_RENOVATION,,,,,PANEL,,9,true,,ajapnyak
Y21-A3092B5A,42823000,475811,90,,,3,1,,2,1,,,,EURO_RENOVATION,,,,,STONE,,4,false,,ajapnyak
Y21-758732C5,32747000,442527,74,,,3,1,,11,0,,,,EURO_RENOVATION,,,,,PANEL,,16,true,,ajapnyak
Y21-0C382643,25190000,307195,82,,,3,2,,16,2,,,,EURO_RENOVATION,,,,,MONOLITH,,16,true,,ajapnyak
Y21-96EDC589,17633000,391844,45,,,1,1,,2,1,,,,EURO_RENOVATION,,,,,PANEL,,9,true,,ajapnyak
Y21-6DF71C64,26701400,360830,74,,,3,1,,1,1,,,,GOOD,,,,,PANEL,,5,false,,ajapnyak
Y21-2037D3E6,110836000,651976,170,,,5,2,,2,1,,,,EURO_RENOVATION,,,,,NEW_BUILD,,5,false,,ajapnyak
Y21-9D0D9939,32747000,419833,78,,,3,1,,2,1,,,,NEEDS_REPAIR,,,,,STONE,,5,false,,ajapnyak
Y21-39C720E1,35266000,363567,97,,,3,1,,2,2,,,,GOOD,,,,,MONOLITH,,16,true,,ajapnyak
Y21-929BEA3D,57937000,478818,121,,,4,2,,7,0,,,,EURO_RENOVATION,,,,,NEW_BUILD,,8,true,,ajapnyak
Y21-C07CAEC6,10076000,272324,37,,,2,1,,2,1,,,,GOOD,,,,,STONE,,3,false,,ajapnyak
Y21-A53A4178,37785000,353131,107,,,6,1,,3,1,,,,GOOD,,,,,STONE,,5,false,,ajapnyak
Y21-1A79810D,42571100,322508,132,,,6,1,,2,1,,,,GOOD,,,,,STONE,,5,false,,ajapnyak
Y21-DA91FCC9,20152000,428766,47,,,1,1,,2,0,,,,GOOD,,,,,STONE,,5,false,,ajapnyak
Y21-CC47BFE6,31739400,247964,128,,,4,1,,1,1,,,,EURO_RENOVATION,,,,,PANEL,,12,true,,ajapnyak
Y21-4E80212D,28212800,486428,58,,,3,1,,2,0,,,,NEEDS_REPAIR,,,,,STONE,,4,false,,ajapnyak
Y21-40A5BCA0,20152000,403040,50,,,2,1,,6,1,,,,EURO_RENOVATION,,,,,PANEL,,16,true,,ajapnyak
Y21-8BE54491,26701400,356019,75,,,3,1,,4,1,,,,GOOD,,,,,STONE,,4,false,,ajapnyak
Y21-AA2EF737,41311600,497730,83,,,3,1,,11,1,,,,EURO_RENOVATION,,,,,NEW_BUILD,,12,true,,ajapnyak
Y21-7AA36031,25190000,167933,150,,,4,1,,4,0,,,,EURO_RENOVATION,,,,,STONE,,5,false,,ajapnyak
Y21-38C737B4,50380000,519381,97,,,4,3,,2,1,,,,NEEDS_REPAIR,,,,,STONE,,4,false,,ajapnyak
Y21-F587D134,47861000,598263,80,,,3,1,,2,1,,,,EURO_RENOVATION,,,,,STONE,,4,false,,ajapnyak
Y21-5E3CB0F5,36777400,282903,130,,,3,1,,1,0,,,,NEEDS_REPAIR,,,,,NEW_BUILD,,1,false,,ajapnyak
Y21-086C43E6,19648200,436627,45,,,2,2,,10,1,,,,GOOD,,,,,NEW_BUILD,,16,true,,ajapnyak
Y21-14F1584F,47861000,493412,97,,,3,1,,2,2,,,,GOOD,,,,,STONE,,4,false,,ajapnyak
Y21-B623680B,27205200,544104,50,,,2,1,,4,1,,,,NEEDS_REPAIR,,,,,NEW_BUILD,,14,true,,ajapnyak
Y21-E9140DF7,28212800,352660,80,,,4,1,,1,1,,,,GOOD,,,,,STONE,,5,false,,ajapnyak
Y21-FDC63A88,13854500,461817,30,,,1,1,,2,0,,,,EURO_RENOVATION,,,,,STONE,,2,false,,ajapnyak
Y21-27FC767A,24182400,372037,65,,,2,1,,12,1,,,,EURO_RENOVATION,,,,,NEW_BUILD,,16,true,,ajapnyak
Y21-515B07BA,22671000,343500,66,,,3,1,,2,0,,,,EURO_RENOVATION,,,,,PANEL,,16,true,,ajapnyak
Y21-6DE9F15A,35266000,430073,82,,,3,1,,10,2,,,,GOOD,,,,,STONE,,12,true,,ajapnyak
Y21-7F99C1FD,47861000,655630,73,,,3,1,,7,0,,,,NEEDS_REPAIR,,,,,MONOLITH,,13,true,,ajapnyak
Y21-F48813B1,55418000,636989,87,,,3,1,,3,2,,,,EURO_RENOVATION,,,,,PANEL,,9,true,,ajapnyak
Y21-D26F267E,30228000,251900,120,,,4,2,,1,1,,,,NEEDS_REPAIR,,,,,NEW_BUILD,,1,false,,ajapnyak
Y21-A58B0F83,16121600,383848,42,,,1,1,,8,1,,,,EURO_RENOVATION,,,,,PANEL,,9,true,,ajapnyak
Y21-57C867D4,41311600,688527,60,,,2,1,,2,0,,,,EURO_RENOVATION,,,,,NEW_BUILD,,10,true,,ajapnyak
Y21-8070FB63,19144400,638147,30,,,1,1,,2,1,,,,EURO_RENOVATION,,,,,STONE,,5,false,,ajapnyak
Y21-C8B9E31C,34258400,349576,98,,,3,1,,3,2,,,,GOOD,,,,,PANEL,,9,true,,ajapnyak
Y21-D89700A0,24182400,447822,54,,,1,1,,6,1,,,,GOOD,,,,,PANEL,,10,true,,ajapnyak
Y21-BA191E8C,25693800,442997,58,,,3,1,,2,0,,,,EURO_RENOVATION,,,,,NEW_BUILD,,5,false,,ajapnyak
Y21-EEAD8943,17633000,419833,42,,,1,1,,11,1,,,,EURO_RENOVATION,,,,,PANEL,,12,true,,ajapnyak
Y21-E08C8B66,32747000,314875,104,,,3,1,,14,1,,,,GOOD,,,,,PANEL,,14,true,,ajapnyak
Y21-E51EC78A,31235600,405657,77,,,3,1,,1,1,,,,EURO_RENOVATION,,,,,STONE,,5,false,,ajapnyak
Y21-DCD48B3A,41311600,590166,70,,,3,1,,4,0,,,,EURO_RENOVATION,,,,,STONE,,4,false,,ajapnyak
Y21-D8CC49F3,30177620,321039,94,,,3,1,,7,2,,,,GOOD,,,,,PANEL,,16,true,,ajapnyak
Y21-3B554BAF,37785000,377850,100,,,3,1,,9,0,,,,NEEDS_REPAIR,,,,,PANEL,,9,true,,ajapnyak
Y21-643EE098,30228000,521172,58,,,3,1,,11,0,,,,EURO_RENOVATION,,,,,NEW_BUILD,,12,true,,ajapnyak
Y21-506D6FD9,30228000,521172,58,,,3,1,,10,0,,,,EURO_RENOVATION,,,,,NEW_BUILD,,12,true,,ajapnyak
Y21-D8ABDAEA,23174800,463496,50,,,1,1,,14,1,,,,EURO_RENOVATION,,,,,PANEL,,16,true,,ajapnyak
Y21-8B4BDD44,24686200,374033,66,,,2,1,,9,1,,,,EURO_RENOVATION,,,,,PANEL,,9,true,,ajapnyak
Y21-09F400C0,28212800,705320,40,,,2,1,,5,0,,,,NEEDS_REPAIR,,,,,MONOLITH,,6,true,,ajapnyak
Y21-E91E868E,18136800,604560,30,,,1,1,,2,0,,,,EURO_RENOVATION,,,,,STONE,,4,false,,ajapnyak
Y21-6B06CF7E,31235600,520593,60,,,3,1,,10,0,,,,EURO_RENOVATION,,,,,NEW_BUILD,,13,true,,ajapnyak
Y21-E6902EA1,70532000,332698,212,,,3,1,,1,2,,,,GOOD,,,,,PANEL,,9,true,,ajapnyak
Y21-A7537717,32747000,436627,75,,,4,1,,5,1,,,,EURO_RENOVATION,,,,,STONE,,5,false,,ajapnyak
Y21-6006EBEC,32747000,341115,96,,,3,1,,7,1,,,,EURO_RENOVATION,,,,,PANEL,,16,true,,ajapnyak
Y21-A0AA562D,32747000,314875,104,,,4,1,,1,2,,,,GOOD,,,,,STONE,,1,false,,ajapnyak
Y21-C9470121,27709000,461817,60,,,2,1,,3,2,,,,GOOD,,,,,MONOLITH,,4,false,,ajapnyak
Y21-49AE01B2,24182400,230309,105,,,4,1,,16,1,,,,GOOD,,,,,PANEL,,16,true,,ajapnyak
Y21-35F37AAB,27709000,748892,37,,,1,1,,1,1,,,,EURO_RENOVATION,,,,,STONE,,5,false,,ajapnyak
Y21-17E59AAA,34006500,566775,60,,,2,1,,1,0,,,,GOOD,,,,,NEW_BUILD,,7,true,,ajapnyak
Y21-CADF3B34,29724200,391108,76,,,3,1,,16,1,,,,EURO_RENOVATION,,,,,MONOLITH,,16,true,,ajapnyak
Y21-56505DD0,45342000,647743,70,,,3,1,,2,1,,,,GOOD,,,,,STONE,,4,false,,ajapnyak
Y21-79EA1B61,32747000,442527,74,,,3,1,,7,0,,,,EURO_RENOVATION,,,,,NEW_BUILD,,7,true,,ajapnyak
Y21-6FF45D9A,20152000,325032,62,,,2,1,,9,0,,,,NEEDS_REPAIR,,,,,PANEL,,16,true,,ajapnyak
Y21-223A4AC0,37785000,581308,65,,,2,1,,2,1,,,,GOOD,,,,,STONE,,5,false,,ajapnyak
Y21-888790BF,29220400,365255,80,,,3,1,,9,1,,,,GOOD,,,,,PANEL,,9,true,,ajapnyak
Y21-4C21D980,36273600,329760,110,,,4,1,,3,1,,,,GOOD,,,,,STONE,,5,false,,ajapnyak
Y21-22BD44D6,21663400,433268,50,,,2,1,,5,1,,,,EURO_RENOVATION,,,,,STONE,,5,false,,ajapnyak
Y21-58C897EF,30731800,310422,99,,,4,1,,5,1,,,,NEEDS_REPAIR,,,,,PANEL,,16,true,,ajapnyak
Y21-7A08710E,15869700,528990,30,,,1,1,,1,0,,,,EURO_RENOVATION,,,,,STONE,,4,false,,ajapnyak
Y21-AA4D39EE,32747000,436627,75,,,3,1,,4,1,,,,GOOD,,,,,PANEL,,5,false,,ajapnyak
Y21-1CA7164D,45342000,546289,83,,,3,1,,8,0,,,,EURO_RENOVATION,,,,,NEW_BUILD,,12,true,,ajapnyak
Y21-0D91D39D,65494000,458000,143,,,5,2,,4,1,,,,EURO_RENOVATION,,,,,STONE,,5,false,,ajapnyak
Y21-00FDADF0,40304000,719714,56,,,2,1,,13,1,,,,EURO_RENOVATION,,,,,NEW_BUILD,,14,true,,ajapnyak
Y21-7EAF3942,15617800,400456,39,,,1,1,,1,1,,,,NEEDS_REPAIR,,,,,STONE,,4,false,,ajapnyak
Y21-BC526CEB,18136800,453420,40,,,1,1,,1,1,,,,GOOD,,,,,STONE,,4,false,,ajapnyak
Y21-9DD9EF8A,13854500,461817,30,,,1,1,,1,0,,,,GOOD,,,,,STONE,,4,false,,ajapnyak
Y21-664EF48C,24629774,253915,97,,,3,2,,16,2,,,,GOOD,,,,,PANEL,,16,true,,ajapnyak
Y21-12CF296E,26197600,459607,57,,,2,1,,8,1,,,,NEEDS_REPAIR,,,,,NEW_BUILD,,8,true,,ajapnyak
Y21-4F24E3F3,26197600,436627,60,,,2,1,,12,1,,,,GOOD,,,,,PANEL,,15,true,,ajapnyak
Y21-B979BAC1,27709000,461817,60,,,3,1,,5,0,,,,EURO_RENOVATION,,,,,PANEL,,5,false,,ajapnyak
Y21-E355D749,30228000,487548,62,,,3,1,,6,1,,,,EURO_RENOVATION,,,,,PANEL,,12,true,,ajapnyak
Y21-D1BBFA8C,27205200,340065,80,,,3,1,,1,1,,,,GOOD,,,,,PANEL,,16,true,,ajapnyak
Y21-6F1362FB,27709000,602370,46,,,2,1,,7,0,,,,EURO_RENOVATION,,,,,NEW_BUILD,,8,true,,ajapnyak
Y21-860B56A4,25190000,419833,60,,,3,1,,11,0,,,,EURO_RENOVATION,,,,,PANEL,,16,true,,ajapnyak
Y21-B2AA42B9,24182400,318189,76,,,2,1,,15,1,,,,GOOD,,,,,PANEL,,16,true,,ajapnyak
Y21-E91EC717,32747000,352118,93,,,4,1,,1,0,,,,EURO_RENOVATION,,,,,STONE,,4,false,,ajapnyak
Y21-ED864212,47861000,478610,100,,,3,1,,8,2,,,,EURO_RENOVATION,,,,,PANEL,,9,true,,ajapnyak
Y21-822C2E3A,19144400,490882,39,,,1,1,,3,1,,,,GOOD,,,,,STONE,,4,false,,ajapnyak
Y21-6142505A,28716600,358958,80,,,3,2,,9,2,,,,GOOD,,,,,PANEL,,16,true,,ajapnyak
Y21-44C61D34,29220400,352053,83,,,3,1,,6,1,,,,EURO_RENOVATION,,,,,PANEL,,16,true,,ajapnyak
Y21-5683430E,13854500,461817,30,,,1,1,,1,0,,,,GOOD,,,,,STONE,,4,false,,ajapnyak
Y21-59E1E934,20101620,478610,42,,,2,1,,4,0,,,,NEEDS_REPAIR,,,,,MONOLITH,,12,true,,ajapnyak
Y21-D840F259,35769800,476931,75,,,3,1,,1,0,,,,EURO_RENOVATION,,,,,STONE,,5,false,,ajapnyak
Y21-998451AF,24182400,447822,54,,,1,1,,6,1,,,,GOOD,,,,,PANEL,,10,true,,ajapnyak
Y21-8793BDE1,35266000,293883,120,,,4,2,,8,2,,,,GOOD,,,,,PANEL,,14,true,,ajapnyak
Y21-928EC558,34258400,450768,76,,,3,2,,1,1,,,,EURO_RENOVATION,,,,,STONE,,4,false,,ajapnyak
Y21-DA666A50,17129200,462951,37,,,1,1,,4,1,,,,EURO_RENOVATION,,,,,STONE,,4,false,,ajapnyak
Y21-147902A1,21159600,341284,62,,,2,1,,9,0,,,,GOOD,,,,,PANEL,,16,true,,ajapnyak
Y21-DBAB0CD9,26701400,445023,60,,,2,1,,2,1,,,,GOOD,,,,,STONE,,4,false,,ajapnyak
Y21-A32DE847,35266000,503800,70,,,3,1,,2,0,,,,EURO_RENOVATION,,,,,STONE,,4,false,,ajapnyak
Y21-3E6C1EDA,27205200,445987,61,,,2,2,,2,1,,,,EURO_RENOVATION,,,,,PANEL,,5,false,,ajapnyak
Y21-E8F4C18B,32747000,436627,75,,,4,1,,2,0,,,,GOOD,,,,,STONE,,4,false,,ajapnyak
Y21-B8FAF43C,17633000,289066,61,,,2,1,,1,0,,,,EURO_RENOVATION,,,,,STONE,,5,false,,ajapnyak
Y21-3CC41D1D,32747000,481574,68,,,2,1,,8,0,,,,EURO_RENOVATION,,,,,NEW_BUILD,,13,true,,ajapnyak
Y21-53567321,30731800,384148,80,,,2,1,,6,1,,,,EURO_RENOVATION,,,,,NEW_BUILD,,9,true,,ajapnyak
Y21-FCE03EA2,47861000,797683,60,,,3,1,,6,0,,,,EURO_RENOVATION,,,,,NEW_BUILD,,6,true,,ajapnyak
Y21-40117BC9,28716600,463171,62,,,2,1,,10,0,,,,EURO_RENOVATION,,,,,PANEL,,12,true,,ajapnyak
Y21-B07FB9E9,22671000,472313,48,,,2,1,,5,0,,,,NEEDS_REPAIR,,,,,STONE,,5,false,,ajapnyak
Y21-630DA401,42823000,423990,101,,,3,1,,6,1,,,,EURO_RENOVATION,,,,,NEW_BUILD,,11,true,,ajapnyak
Y21-502138BB,31739400,396743,80,,,3,2,,6,1,,,,EURO_RENOVATION,,,,,PANEL,,16,true,,ajapnyak
Y21-65006F3B,31235600,503800,62,,,2,1,,3,0,,,,EURO_RENOVATION,,,,,STONE,,4,false,,ajapnyak
Y21-8FFBBD31,30228000,299287,101,,,4,1,,1,0,,,,NEEDS_REPAIR,,,,,STONE,,5,false,,ajapnyak
Y21-66CF1E5C,65494000,798707,82,,,3,1,,3,1,,,,EURO_RENOVATION,,,,,PANEL,,9,true,,ajapnyak
Y21-39E0E428,21159600,306661,69,,,2,1,,2,1,,,,GOOD,,,,,STONE,,16,true,,ajapnyak
Y21-3E294D5F,49876200,519544,96,,,4,2,,5,1,,,,EURO_RENOVATION,,,,,PANEL,,9,true,,ajapnyak
Y21-10FFB8B3,26701400,226283,118,,,4,2,,14,2,,,,GOOD,,,,,PANEL,,14,true,,ajapnyak
Y21-6A8FED11,22671000,453420,50,,,1,1,,1,1,,,,GOOD,,,,,PANEL,,9,true,,ajapnyak
Y21-108A354A,22671000,404839,56,,,2,1,,3,1,,,,EURO_RENOVATION,,,,,STONE,,4,false,,ajapnyak
Y21-3B32BE97,19144400,638147,30,,,1,1,,2,1,,,,EURO_RENOVATION,,,,,MONOLITH,,5,false,,ajapnyak
Y21-3F356458,23174800,551781,42,,,1,1,,4,1,,,,EURO_RENOVATION,,,,,STONE,,4,false,,ajapnyak
Y21-E80F286F,34762200,354716,98,,,4,2,,8,2,,,,EURO_RENOVATION,,,,,PANEL,,16,true,,ajapnyak
Y21-7AA01EC4,22167200,295563,75,,,3,1,,1,0,,,,NEEDS_REPAIR,,,,,PANEL,,16,true,,ajapnyak
Y21-4BD98923,75570000,687000,110,,,5,1,,1,1,,,,GOOD,,,,,STONE,,3,false,,ajapnyak
Y21-29A501B4,29220400,356346,82,,,3,1,,16,0,,,,EURO_RENOVATION,,,,,NEW_BUILD,,16,true,,ajapnyak
Y21-B990E4F4,41311600,688527,60,,,2,1,,2,0,,,,EURO_RENOVATION,,,,,NEW_BUILD,,10,true,,ajapnyak
Y21-1F445EC1,16121600,383848,42,,,1,1,,8,1,,,,EURO_RENOVATION,,,,,PANEL,,9,true,,ajapnyak
Y21-55C3B2E6,24182400,447822,54,,,1,1,,6,1,,,,GOOD,,,,,PANEL,,10,true,,ajapnyak
Y21-B448B178,34258400,349576,98,,,3,1,,3,2,,,,GOOD,,,,,PANEL,,9,true,,ajapnyak
Y21-5E1522A5,30228000,251900,120,,,4,2,,1,1,,,,NEEDS_REPAIR,,,,,NEW_BUILD,,1,false,,ajapnyak
Y21-51FB36F1,19144400,638147,30,,,1,1,,2,1,,,,EURO_RENOVATION,,,,,STONE,,5,false,,ajapnyak
Y21-BD0C5A79,25693800,442997,58,,,3,1,,2,0,,,,EURO_RENOVATION,,,,,NEW_BUILD,,5,false,,ajapnyak
Y21-68BDECF7,17633000,419833,42,,,1,1,,11,1,,,,EURO_RENOVATION,,,,,PANEL,,12,true,,ajapnyak
Y21-B1030A02,37785000,343500,110,,,3,1,,3,1,,,,EURO_RENOVATION,,,,,STONE,,5,false,,ajapnyak
Y21-CD741590,23174800,413836,56,,,2,1,,4,1,,,,GOOD,,,,,STONE,,4,false,,ajapnyak
Y21-CC102719,29220400,561931,52,,,2,1,,1,1,,,,GOOD,,,,,STONE,,4,false,,ajapnyak
Y21-78D917D2,30228000,335867,90,,,3,1,,8,0,,,,NEEDS_REPAIR,,,,,PANEL,,16,true,,ajapnyak
Y21-C69416CE,32747000,528177,62,,,2,1,,7,0,,,,GOOD,,,,,NEW_BUILD,,12,true,,ajapnyak
Y21-F1A047A8,25190000,314875,80,,,3,1,,16,2,,,,EURO_RENOVATION,,,,,PANEL,,16,true,,ajapnyak
Y21-2364408B,23678600,408252,58,,,2,1,,2,1,,,,EURO_RENOVATION,,,,,STONE,,4,false,,ajapnyak
Y21-BCC2525C,37281200,345196,108,,,3,1,,3,1,,,,GOOD,,,,,STONE,,5,false,,ajapnyak
Y21-F6D3962C,47861000,569774,84,,,3,2,,2,1,,,,EURO_RENOVATION,,,,,NEW_BUILD,,12,true,,ajapnyak
Y21-A7C0ABFA,26701400,485480,55,,,2,1,,5,1,,,,EURO_RENOVATION,,,,,STONE,,5,false,,ajapnyak
Y21-A16DEEDD,27709000,282745,98,,,3,1,,5,0,,,,NEEDS_REPAIR,,,,,PANEL,,16,true,,ajapnyak
Y21-0A23FB4F,27709000,282745,98,,,3,1,,5,0,,,,NEEDS_REPAIR,,,,,PANEL,,16,true,,ajapnyak
Y21-CC3796BA,49876200,536303,93,,,4,1,,6,0,,,,EURO_RENOVATION,,,,,PANEL,,9,true,,ajapnyak
Y21-7AE9E96B,28716600,276121,104,,,3,1,,10,1,,,,GOOD,,,,,PANEL,,14,true,,ajapnyak
Y21-5459AEB9,67509200,843865,80,,,3,1,,4,1,,,,EURO_RENOVATION,,,,,NEW_BUILD,,12,true,,ajapnyak
Y21-36B753A4,25693800,450768,57,,,3,1,,3,1,,,,EURO_RENOVATION,,,,,PANEL,,9,true,,ajapnyak
Y21-8A499ACC,16121600,537387,30,,,1,1,,1,0,,,,EURO_RENOVATION,,,,,STONE,,4,false,,ajapnyak
Y21-2B354F1A,32243200,467293,69,,,2,1,,8,1,,,,EURO_RENOVATION,,,,,PANEL,,14,true,,ajapnyak
Y21-D13684CF,34762200,551781,63,,,3,1,,3,0,,,,EURO_RENOVATION,,,,,NEW_BUILD,,12,true,,ajapnyak
Y21-51821FC9,24182400,503800,48,,,1,1,,5,0,,,,EURO_RENOVATION,,,,,NEW_BUILD,,12,true,,ajapnyak
Y21-9B95FFCA,24686200,411437,60,,,2,1,,4,1,,,,GOOD,,,,,PANEL,,5,false,,ajapnyak
Y21-14664087,30228000,397737,76,,,3,1,,13,1,,,,EURO_RENOVATION,,,,,PANEL,,14,true,,ajapnyak
Y21-A9D46E0E,32243200,537387,60,,,3,1,,3,1,,,,EURO_RENOVATION,,,,,STONE,,4,false,,ajapnyak
Y21-81A4B2C8,36777400,707258,52,,,2,1,,9,1,,,,EURO_RENOVATION,,,,,NEW_BUILD,,14,true,,ajapnyak
Y21-6F60EB63,64990200,511734,127,,,4,2,,4,1,,,,EURO_RENOVATION,,,,,STONE,,5,false,,ajapnyak
Y21-C4B3EF0C,103279000,938900,110,,,3,2,,6,1,,,,EURO_RENOVATION,,,,,NEW_BUILD,,7,true,,ajapnyak
Y21-48E39611,38792600,538786,72,,,3,1,,1,1,,,,GOOD,,,,,STONE,,4,false,,ajapnyak
Y21-AA96A41A,22671000,596605,38,,,1,1,,3,1,,,,EURO_RENOVATION,,,,,STONE,,4,false,,ajapnyak
Y21-E8A636C5,32747000,467814,70,,,3,1,,3,0,,,,NEEDS_REPAIR,,,,,STONE,,5,false,,ajapnyak
Y21-D2519C75,25190000,629750,40,,,2,1,,1,0,,,,EURO_RENOVATION,,,,,STONE,,4,false,,ajapnyak
Y21-FD7607D3,60456000,755700,80,,,3,1,,3,0,,,,EURO_RENOVATION,,,,,STONE,,4,false,,ajapnyak
Y21-3B4E9D6D,16121600,393210,41,,,1,1,,9,1,,,,GOOD,,,,,PANEL,,9,true,,ajapnyak
Y21-BF9DBFD1,26197600,291084,90,,,4,1,,16,1,,,,EURO_RENOVATION,,,,,PANEL,,16,true,,ajapnyak
Y21-03BCAB16,44838200,527508,85,,,3,2,,6,1,,,,EURO_RENOVATION,,,,,NEW_BUILD,,12,true,,ajapnyak
Y21-C8E2DD35,39296400,418047,94,,,3,1,,11,0,,,,EURO_RENOVATION,,,,,PANEL,,16,true,,ajapnyak
Y21-E288E64D,28716600,478610,60,,,2,1,,2,1,,,,EURO_RENOVATION,,,,,PANEL,,16,true,,ajapnyak
Y21-841A95A9,31739400,344993,92,,,4,1,,8,1,,,,GOOD,,,,,PANEL,,9,true,,ajapnyak
Y21-1EEF06DE,25190000,599762,42,,,2,1,,1,0,,,,EURO_RENOVATION,,,,,NEW_BUILD,,12,true,,ajapnyak
Y21-6B9B2A5C,38792600,554180,70,,,3,1,,2,0,,,,EURO_RENOVATION,,,,,STONE,,4,false,,ajapnyak
Y21-EB0ED754,20655800,413116,50,,,3,1,,5,1,,,,EURO_RENOVATION,,,,,PANEL,,16,true,,ajapnyak
Y21-6FB5E267,27709000,494804,56,,,2,1,,4,0,,,,EURO_RENOVATION,,,,,STONE,,4,false,,ajapnyak
Y21-933E1463,32747000,545783,60,,,2,1,,2,1,,,,GOOD,,,,,STONE,,4,false,,ajapnyak
Y21-0A84A603,27709000,350747,79,,,3,2,,3,1,,,,GOOD,,,,,PANEL,,9,true,,ajapnyak
Y21-675DA91F,22670496,552939,41,,,2,1,,10,0,,,,EURO_RENOVATION,,,,,NEW_BUILD,,10,true,,ajapnyak
Y21-D4FA477B,22419100,431137,52,,,3,1,,1,0,,,,EURO_RENOVATION,,,,,NEW_BUILD,,1,false,,ajapnyak
Y21-061BDE3B,27709000,426292,65,,,2,1,,2,2,,,,GOOD,,,,,STONE,,5,false,,ajapnyak
Y21-624813B2,37785000,503800,75,,,3,1,,1,1,,,,EURO_RENOVATION,,,,,PANEL,,5,false,,ajapnyak
Y21-9F8B1583,32747000,545783,60,,,3,1,,3,1,,,,EURO_RENOVATION,,,,,PANEL,,5,false,,ajapnyak
Y21-78AA2A16,30731800,458684,67,,,3,1,,2,0,,,,EURO_RENOVATION,,,,,NEW_BUILD,,12,true,,ajapnyak
Y21-CDC5122B,24182400,447822,54,,,2,1,,1,1,,,,GOOD,,,,,PANEL,,9,true,,ajapnyak
Y21-59B6CDF9,35266000,551031,64,,,2,1,,9,1,,,,GOOD,,,,,PANEL,,9,true,,ajapnyak
Y21-0417EE8B,18136800,348785,52,,,2,1,,4,1,,,,GOOD,,,,,STONE,,4,false,,ajapnyak
Y21-04A545D7,23678600,246652,96,,,4,2,,15,2,,,,GOOD,,,,,MONOLITH,,16,true,,ajapnyak
Y21-DE4B2C59,34762200,307630,113,,,4,2,,2,2,,,,EURO_RENOVATION,,,,,MONOLITH,,16,true,,ajapnyak
Y21-ED8CD8A3,26197600,545783,48,,,2,1,,2,0,,,,EURO_RENOVATION,,,,,STONE,,5,false,,ajapnyak
Y21-7B80C74A,26701400,580465,46,,,2,1,,3,2,,,,NEEDS_REPAIR,,,,,STONE,,4,false,,ajapnyak
Y21-7AADCCB3,31235600,416475,75,,,3,1,,4,2,,,,GOOD,,,,,STONE,,5,false,,ajapnyak
Y21-3367DBBB,22922900,559095,41,,,2,1,,11,0,,,,GOOD,,,,,NEW_BUILD,,12,true,,ajapnyak
Y21-4B1A5A35,40304000,366400,110,,,6,1,,4,1,,,,GOOD,,,,,STONE,,5,false,,ajapnyak
Y21-90BCF1D0,37785000,478291,79,,,3,1,,3,1,,,,EURO_RENOVATION,,,,,PANEL,,5,false,,ajapnyak
Y21-BEDD3F85,18640600,443824,42,,,2,1,,4,1,,,,EURO_RENOVATION,,,,,PANEL,,9,true,,ajapnyak
Y21-C7E2DDFE,33250800,511551,65,,,3,1,,5,1,,,,EURO_RENOVATION,,,,,MONOLITH,,5,false,,ajapnyak
Y21-ED168316,25190000,262396,96,,,4,3,,16,2,,,,EURO_RENOVATION,,,,,PANEL,,16,true,,ajapnyak
Y21-15A41EC0,20655800,327870,63,,,2,1,,10,0,,,,NEEDS_REPAIR,,,,,PANEL,,16,true,,ajapnyak
Y21-1A176317,30228000,335867,90,,,3,1,,8,2,,,,GOOD,,,,,MONOLITH,,16,true,,ajapnyak
Y21-B215D887,36273600,421786,86,,,3,1,,5,2,,,,EURO_RENOVATION,,,,,STONE,,5,false,,ajapnyak
Y21-3CFC00E2,25190000,419833,60,,,3,1,,3,2,,,,GOOD,,,,,STONE,,5,false,,ajapnyak
Y21-49795C56,35266000,363567,97,,,3,1,,12,1,,,,GOOD,,,,,PANEL,,16,true,,ajapnyak
Y21-553CAC20,28716600,398842,72,,,3,1,,1,0,,,,EURO_RENOVATION,,,,,NEW_BUILD,,12,true,,ajapnyak
Y21-BD3F9C17,23678600,303572,78,,,3,1,,15,0,,,,NEEDS_REPAIR,,,,,PANEL,,16,true,,ajapnyak
Y21-ACCC19A6,28716600,478610,60,,,2,1,,5,1,,,,GOOD,,,,,STONE,,5,false,,ajapnyak
Y21-C207ED75,23930500,478610,50,,,1,1,,4,0,,,,GOOD,,,,,STONE,,5,false,,ajapnyak
Y21-42FF410E,21663400,460923,47,,,1,1,,15,0,,,,GOOD,,,,,PANEL,,16,true,,ajapnyak
Y21-ECCF12A9,20655800,469450,44,,,2,1,,5,0,,,,EURO_RENOVATION,,,,,STONE,,5,false,,ajapnyak
Y21-8DBA0D4A,17633000,391844,45,,,2,1,,7,0,,,,NEEDS_REPAIR,,,,,MONOLITH,,12,true,,ajapnyak
Y21-098C2D4A,22671000,503800,45,,,2,1,,5,2,,,,EURO_RENOVATION,,,,,STONE,,5,false,,ajapnyak
Y21-A0F1B2BF,24182400,424253,57,,,2,1,,3,1,,,,EURO_RENOVATION,,,,,STONE,,4,false,,ajapnyak
Y21-D10CDD37,24182400,424253,57,,,2,1,,3,1,,,,EURO_RENOVATION,,,,,STONE,,4,false,,ajapnyak
Y21-530D0389,39296400,422542,93,,,4,1,,6,0,,,,EURO_RENOVATION,,,,,STONE,,9,true,,ajapnyak
Y21-DC0FB895,24182400,447822,54,,,1,1,,6,1,,,,GOOD,,,,,PANEL,,10,true,,ajapnyak
Y21-C5467D98,17633000,419833,42,,,1,1,,11,1,,,,EURO_RENOVATION,,,,,PANEL,,12,true,,ajapnyak
Y21-FC937A53,19144400,638147,30,,,1,1,,2,1,,,,EURO_RENOVATION,,,,,STONE,,5,false,,ajapnyak
Y21-7F80DC28,34258400,349576,98,,,3,1,,3,2,,,,GOOD,,,,,PANEL,,9,true,,ajapnyak
Y21-9D43A8D6,30228000,251900,120,,,4,2,,1,1,,,,NEEDS_REPAIR,,,,,NEW_BUILD,,1,false,,ajapnyak
Y21-F19E17F7,41311600,688527,60,,,2,1,,2,0,,,,EURO_RENOVATION,,,,,NEW_BUILD,,10,true,,ajapnyak
Y21-95CA30C3,25693800,442997,58,,,3,1,,2,0,,,,EURO_RENOVATION,,,,,NEW_BUILD,,5,false,,ajapnyak
Y21-A672BF5C,16121600,383848,42,,,1,1,,8,1,,,,EURO_RENOVATION,,,,,PANEL,,9,true,,ajapnyak
Y21-BA9645BB,15617800,520593,30,,,1,1,,4,1,,,,EURO_RENOVATION,,,,,STONE,,4,false,,ajapnyak
Y21-3C61686E,38792600,404090,96,,,3,2,,5,2,,,,NEEDS_REPAIR,,,,,PANEL,,12,true,,ajapnyak
Y21-8860A4CD,21159600,346879,61,,,2,1,,6,1,,,,GOOD,,,,,PANEL,,16,true,,ajapnyak
Y21-4597B497,12595000,449821,28,,,2,1,,3,0,,,,GOOD,,,,,STONE,,5,false,,ajapnyak
Y21-312813C4,35769800,458587,78,,,3,1,,1,1,,,,EURO_RENOVATION,,,,,PANEL,,9,true,,ajapnyak
Y21-F16CDE1B,21663400,515795,42,,,1,1,,3,1,,,,EURO_RENOVATION,,,,,STONE,,3,false,,ajapnyak
Y21-454ED948,21159600,503800,42,,,1,1,,6,0,,,,EURO_RENOVATION,,,,,NEW_BUILD,,9,true,,ajapnyak
Y21-0392A474,57937000,362106,160,,,3,2,,1,1,,,,GOOD,,,,,PANEL,,9,true,,ajapnyak
Y21-6DD11F3C,17129200,364451,47,,,2,1,,1,0,,,,NEEDS_REPAIR,,,,,PANEL,,9,true,,ajapnyak
Y21-8ED54E82,19648200,491205,40,,,2,1,,1,0,,,,NEEDS_REPAIR,,,,,STONE,,5,false,,ajapnyak
Y21-7E538297,24182400,439680,55,,,2,1,,2,1,,,,GOOD,,,,,STONE,,4,false,,ajapnyak
Y21-AEA50CFD,35266000,452128,78,,,3,1,,4,2,,,,EURO_RENOVATION,,,,,NEW_BUILD,,5,false,,ajapnyak
Y21-6EC73EF2,34258400,417785,82,,,3,1,,3,0,,,,EURO_RENOVATION,,,,,PANEL,,9,true,,ajapnyak
Y21-FFE7243A,30228000,539786,56,,,2,1,,3,0,,,,GOOD,,,,,STONE,,5,false,,ajapnyak
Y21-B1018611,30228000,364193,83,,,3,1,,14,0,,,,GOOD,,,,,PANEL,,14,true,,ajapnyak
Y21-F444A7BE,29724200,457295,65,,,2,1,,10,2,,,,EURO_RENOVATION,,,,,NEW_BUILD,,12,true,,ajapnyak
Y21-494CAB42,37281200,490542,76,,,4,1,,4,1,,,,EURO_RENOVATION,,,,,STONE,,4,false,,ajapnyak
Y21-C9A23A2C,28212800,705320,40,,,2,1,,5,0,,,,NEEDS_REPAIR,,,,,MONOLITH,,6,true,,ajapnyak
Y21-F054D9D1,31235600,376333,83,,,3,1,,13,1,,,,EURO_RENOVATION,,,,,PANEL,,16,true,,ajapnyak
Y21-E42BAB57,16625400,593764,28,,,1,1,,1,0,,,,GOOD,,,,,STONE,,4,false,,ajapnyak
Y21-B9D83727,45342000,453420,100,,,3,1,,2,1,,,,EURO_RENOVATION,,,,,STONE,,5,false,,ajapnyak
Y21-887BBBBD,22671000,596605,38,,,1,1,,3,1,,,,EURO_RENOVATION,,,,,STONE,,4,false,,ajapnyak
Y21-11E9424B,55418000,738907,75,,,3,1,,4,1,,,,EURO_RENOVATION,,,,,NEW_BUILD,,6,true,,ajapnyak
Y21-EBF78D1B,35266000,430073,82,,,3,1,,10,1,,,,GOOD,,,,,PANEL,,12,true,,ajapnyak
Y21-A20ECE0B,30228000,643149,47,,,2,1,,7,0,,,,EURO_RENOVATION,,,,,NEW_BUILD,,8,true,,ajapnyak
Y21-2DC157BC,23678600,311561,76,,,2,1,,15,1,,,,GOOD,,,,,PANEL,,16,true,,ajapnyak
Y21-5B836E52,20101620,478610,42,,,2,1,,5,0,,,,EURO_RENOVATION,,,,,NEW_BUILD,,12,true,,ajapnyak
Y21-5508A4E8,29673820,478610,62,,,3,1,,5,0,,,,EURO_RENOVATION,,,,,NEW_BUILD,,12,true,,ajapnyak
Y21-2CC4A3A5,25190000,599762,42,,,2,1,,6,0,,,,NEEDS_REPAIR,,,,,MONOLITH,,7,true,,ajapnyak
Y21-B57B64B1,36777400,379148,97,,,3,1,,9,1,,,,EURO_RENOVATION,,,,,PANEL,,9,true,,ajapnyak
Y21-F7F2B42B,18388700,510797,36,,,1,1,,1,0,,,,GOOD,,,,,STONE,,4,false,,ajapnyak
Y21-588D08F7,31235600,503800,62,,,3,1,,9,0,,,,EURO_RENOVATION,,,,,PANEL,,12,true,,ajapnyak
Y21-2983CE82,110836000,791686,140,,,4,2,,3,1,,,,EURO_RENOVATION,,,,,NEW_BUILD,,6,true,,ajapnyak
Y21-A5551692,23678600,503800,47,,,2,1,,4,1,,,,EURO_RENOVATION,,,,,STONE,,4,false,,ajapnyak
Y21-4F7A9D79,20655800,491805,42,,,1,1,,3,1,,,,EURO_RENOVATION,,,,,NEW_BUILD,,3,false,,ajapnyak
Y21-368B1F38,33754600,496391,68,,,2,1,,4,2,,,,EURO_RENOVATION,,,,,PANEL,,14,true,,ajapnyak
Y21-A564277C,36273600,585058,62,,,3,1,,4,0,,,,EURO_RENOVATION,,,,,NEW_BUILD,,12,true,,ajapnyak
Y21-4856E75C,22671000,348785,65,,,2,1,,2,1,,,,NEEDS_REPAIR,,,,,PANEL,,16,true,,ajapnyak
Y21-6A23E395,30228000,487548,62,,,3,1,,12,1,,,,EURO_RENOVATION,,,,,PANEL,,16,true,,ajapnyak
Y21-39845EA9,27709000,432953,64,,,2,1,,3,1,,,,GOOD,,,,,PANEL,,14,true,,ajapnyak
Y21-698A2110,31235600,709900,44,,,2,1,,6,0,,,,EURO_RENOVATION,,,,,NEW_BUILD,,7,true,,ajapnyak
Y21-9BEDC698,21159600,440825,48,,,1,1,,1,1,,,,GOOD,,,,,STONE,,5,false,,ajapnyak
Y21-FD903F26,22671000,472313,48,,,3,1,,3,1,,,,GOOD,,,,,STONE,,4,false,,ajapnyak
Y21-716E798C,30870345,474928,65,,,2,1,,11,1,,,,NEEDS_REPAIR,,,,,NEW_BUILD,,13,true,,ajapnyak
Y21-13ABD707,39044500,419833,93,,,3,1,,5,1,,,,EURO_RENOVATION,,,,,PANEL,,9,true,,ajapnyak
Y21-1D596AEC,42823000,441474,97,,,3,1,,8,1,,,,EURO_RENOVATION,,,,,PANEL,,9,true,,ajapnyak
Y21-D3C84FF2,26701400,351334,76,,,3,1,,15,1,,,,EURO_RENOVATION,,,,,PANEL,,16,true,,ajapnyak
Y21-97F5FF85,28212800,705320,40,,,2,1,,5,0,,,,NEEDS_REPAIR,,,,,MONOLITH,,6,true,,ajapnyak
Y21-DA5ACB27,28212800,705320,40,,,2,1,,6,0,,,,NEEDS_REPAIR,,,,,MONOLITH,,6,true,,ajapnyak
Y21-F61803ED,28212800,705320,40,,,2,1,,5,0,,,,NEEDS_REPAIR,,,,,MONOLITH,,6,true,,ajapnyak
Y21-4D4F1849,28212800,522459,54,,,2,1,,1,0,,,,EURO_RENOVATION,,,,,STONE,,4,false,,ajapnyak
Y21-67AD736E,20152000,491512,41,,,2,1,,1,0,,,,EURO_RENOVATION,,,,,STONE,,5,false,,ajapnyak
Y21-39B93B53,47861000,232335,206,,,5,1,,1,1,,,,GOOD,,,,,STONE,,5,false,,ajapnyak
Y21-5C62E2B5,34762200,560681,62,,,3,1,,4,0,,,,EURO_RENOVATION,,,,,NEW_BUILD,,12,true,,ajapnyak
Y21-8B5D5552,26197600,409338,64,,,3,1,,4,1,,,,NEEDS_REPAIR,,,,,STONE,,5,false,,ajapnyak
Y21-3A93E7DC,29220400,429712,68,,,2,1,,4,1,,,,GOOD,,,,,STONE,,5,false,,ajapnyak
Y21-24A6A42C,22671000,412200,55,,,2,1,,2,1,,,,GOOD,,,,,STONE,,4,false,,ajapnyak
Y21-D0CA48B1,30228000,335867,90,,,3,1,,16,2,,,,GOOD,,,,,PANEL,,16,true,,ajapnyak
Y21-309551FB,18640600,372812,50,,,2,2,,1,0,,,,EURO_RENOVATION,,,,,STONE,,5,false,,ajapnyak
Y21-C36B847C,19396300,307878,63,,,2,1,,13,1,,,,NEEDS_REPAIR,,,,,PANEL,,16,true,,ajapnyak
Y21-D649C84F,40304000,438087,92,,,4,2,,3,2,,,,GOOD,,,,,STONE,,5,false,,ajapnyak
Y21-829A0A1B,27709000,395843,70,,,2,1,,7,1,,,,GOOD,,,,,PANEL,,9,true,,ajapnyak
Y21-08ABE176,14106400,470213,30,,,2,1,,1,0,,,,GOOD,,,,,STONE,,4,false,,ajapnyak
Y21-8BAE1CA4,18640600,443824,42,,,2,1,,11,1,,,,EURO_RENOVATION,,,,,PANEL,,12,true,,ajapnyak
Y21-CC82C863,25190000,406290,62,,,2,1,,14,1,,,,EURO_RENOVATION,,,,,PANEL,,16,true,,ajapnyak
Y21-7225D32F,42823000,419833,102,,,4,1,,3,0,,,,EURO_RENOVATION,,,,,STONE,,5,false,,ajapnyak
Y21-CC776CE5,37785000,497171,76,,,3,1,,13,0,,,,EURO_RENOVATION,,,,,PANEL,,14,true,,ajapnyak
Y21-AFE7E487,80608000,530316,152,,,4,2,,2,2,,,,EURO_RENOVATION,,,,,STONE,,2,false,,ajapnyak
Y21-CB664EE9,93203000,716946,130,,,4,2,,8,0,,,,EURO_RENOVATION,,,,,NEW_BUILD,,13,true,,ajapnyak
Y21-2B253F4E,31739400,401765,79,,,4,1,,14,0,,,,EURO_RENOVATION,,,,,PANEL,,16,true,,ajapnyak
Y21-8FC3E832,55418000,615756,90,,,3,2,,6,2,,,,NEEDS_REPAIR,,,,,NEW_BUILD,,8,true,,ajapnyak
Y21-1F6A9123,25190000,426949,59,,,3,1,,4,1,,,,GOOD,,,,,STONE,,4,false,,ajapnyak
Y21-AD8DCB6F,22671000,283388,80,,,3,2,,13,1,,,,NEEDS_REPAIR,,,,,PANEL,,16,true,,ajapnyak
Y21-418C4325,31235600,260297,120,,,4,1,,1,1,,,,GOOD,,,,,PANEL,,14,true,,ajapnyak
Y21-C8990C98,30228000,251900,120,,,4,1,,1,1,,,,EURO_RENOVATION,,,,,PANEL,,14,true,,ajapnyak
Y21-289A9992,22922900,573073,40,,,1,1,,2,1,,,,EURO_RENOVATION,,,,,STONE,,4,false,,ajapnyak
Y21-40708E3D,17633000,551031,32,,,1,1,,3,1,,,,EURO_RENOVATION,,,,,STONE,,4,false,,ajapnyak
Y21-8CDB1A58,23174800,222835,104,,,3,2,,14,1,,,,GOOD,,,,,PANEL,,14,true,,ajapnyak
Y21-9BDD3DA5,31235600,488056,64,,,3,1,,3,1,,,,EURO_RENOVATION,,,,,STONE,,5,false,,ajapnyak
Y21-A2A1B46C,35266000,430073,82,,,3,1,,7,0,,,,NEEDS_REPAIR,,,,,PANEL,,9,true,,ajapnyak
Y21-CF1FD342,34258400,552555,62,,,3,1,,4,0,,,,EURO_RENOVATION,,,,,NEW_BUILD,,12,true,,ajapnyak
Y21-54C7E06D,30228000,487548,62,,,2,1,,8,1,,,,EURO_RENOVATION,,,,,NEW_BUILD,,12,true,,ajapnyak
Y21-F93836F7,28212800,391844,72,,,2,1,,3,1,,,,GOOD,,,,,PANEL,,9,true,,ajapnyak
Y21-3DA0B8CF,28212800,641200,44,,,2,1,,7,0,,,,EURO_RENOVATION,,,,,NEW_BUILD,,11,true,,ajapnyak
Y21-E0B5DF75,24686200,440825,56,,,2,1,,3,1,,,,GOOD,,,,,STONE,,4,false,,ajapnyak
Y21-A7A086C4,41311600,688527,60,,,2,1,,2,0,,,,EURO_RENOVATION,,,,,NEW_BUILD,,10,true,,ajapnyak
Y21-56154E98,17633000,419833,42,,,1,1,,11,1,,,,EURO_RENOVATION,,,,,PANEL,,12,true,,ajapnyak
Y21-53AB2137,25693800,442997,58,,,3,1,,2,0,,,,EURO_RENOVATION,,,,,NEW_BUILD,,5,false,,ajapnyak
Y21-2E1A1655,24182400,447822,54,,,1,1,,6,1,,,,GOOD,,,,,PANEL,,10,true,,ajapnyak
Y21-9E3251AE,34258400,349576,98,,,3,1,,3,2,,,,GOOD,,,,,PANEL,,9,true,,ajapnyak
Y21-2F6549C6,16121600,383848,42,,,1,1,,8,1,,,,EURO_RENOVATION,,,,,PANEL,,9,true,,ajapnyak
Y21-5E6A6C18,30228000,251900,120,,,4,2,,1,1,,,,NEEDS_REPAIR,,,,,NEW_BUILD,,1,false,,ajapnyak
Y21-0FB2473E,19144400,638147,30,,,1,1,,2,1,,,,EURO_RENOVATION,,,,,STONE,,5,false,,ajapnyak
Y21-06F33E72,54914200,549142,100,,,4,1,,1,0,,,,EURO_RENOVATION,,,,,STONE,,5,false,,ajapnyak
Y21-FE097EC5,35266000,578131,61,,,2,1,,3,1,,,,EURO_RENOVATION,,,,,STONE,,5,false,,ajapnyak
Y21-FC4A7D03,29220400,551328,53,,,2,1,,4,0,,,,GOOD,,,,,STONE,,4,false,,ajapnyak
Y21-71BD04C8,33754600,421933,80,,,3,1,,13,1,,,,EURO_RENOVATION,,,,,PANEL,,14,true,,ajapnyak
Y21-B0440A8C,32747000,545783,60,,,3,1,,3,0,,,,GOOD,,,,,STONE,,4,false,,ajapnyak
Y21-F8C89C4B,23678600,232143,102,,,3,1,,7,2,,,,EURO_RENOVATION,,,,,PANEL,,9,true,,ajapnyak
Y21-2F388603,31235600,495803,63,,,2,1,,11,0,,,,EURO_RENOVATION,,,,,NEW_BUILD,,16,true,,ajapnyak
Y21-615D7B71,21159600,528990,40,,,2,1,,3,0,,,,GOOD,,,,,STONE,,5,false,,ajapnyak
Y21-ECE49A9E,19144400,390702,49,,,2,1,,9,1,,,,GOOD,,,,,PANEL,,16,true,,ajapnyak
Y21-91D9F1C0,19144400,368162,52,,,2,1,,9,1,,,,GOOD,,,,,PANEL,,16,true,,ajapnyak
Y21-03C99AE3,42823000,535288,80,,,3,1,,5,0,,,,EURO_RENOVATION,,,,,NEW_BUILD,,12,true,,ajapnyak
Y21-130A312D,42823000,535288,80,,,3,1,,2,0,,,,EURO_RENOVATION,,,,,STONE,,4,false,,ajapnyak
Y21-C432A6D9,33754600,496391,68,,,3,1,,6,0,,,,EURO_RENOVATION,,,,,PANEL,,9,true,,ajapnyak
Y21-CB587E7E,25190000,503800,50,,,2,1,,1,1,,,,EURO_RENOVATION,,,,,STONE,,5,false,,ajapnyak
Y21-5E604E6B,22671000,482362,47,,,2,1,,8,0,,,,EURO_RENOVATION,,,,,NEW_BUILD,,10,true,,ajapnyak
Y21-0FD55E50,31235096,339512,92,,,4,1,,9,1,,,,GOOD,,,,,PANEL,,9,true,,ajapnyak
Y21-E2345B3A,24182400,456272,53,,,2,1,,4,0,,,,NEEDS_REPAIR,,,,,STONE,,4,false,,ajapnyak
Y21-9DC37A24,43830600,521793,84,,,3,1,,2,1,,,,EURO_RENOVATION,,,,,PANEL,,12,true,,ajapnyak
Y21-681067B1,25693800,395289,65,,,2,1,,4,1,,,,EURO_RENOVATION,,,,,STONE,,4,false,,ajapnyak
Y21-1DAC36A6,33250800,678588,49,,,2,1,,6,0,,,,EURO_RENOVATION,,,,,NEW_BUILD,,7,true,,ajapnyak
Y21-F12FD1E6,25693800,367054,70,,,3,1,,3,1,,,,GOOD,,,,,STONE,,4,false,,ajapnyak
Y21-ECC04FFE,21663400,503800,43,,,2,1,,2,1,,,,EURO_RENOVATION,,,,,STONE,,4,false,,ajapnyak
Y21-966501B4,26701400,284057,94,,,3,1,,10,2,,,,GOOD,,,,,PANEL,,16,true,,ajapnyak
Y21-54BEA4E1,7808900,195223,40,,,2,1,,1,0,,,,GOOD,,,,,STONE,,2,false,,ajapnyak
Y21-FE4A09A5,34762200,569872,61,,,3,1,,6,0,,,,EURO_RENOVATION,,,,,NEW_BUILD,,14,true,,ajapnyak
Y21-F5415388,18136800,604560,30,,,1,1,,1,0,,,,NEEDS_REPAIR,,,,,STONE,,4,false,,ajapnyak
Y21-43D828D3,33250800,627374,53,,,2,1,,3,0,,,,EURO_RENOVATION,,,,,NEW_BUILD,,12,true,,ajapnyak
Y21-A9C53297,23174800,503800,46,,,2,1,,6,0,,,,EURO_RENOVATION,,,,,NEW_BUILD,,12,true,,ajapnyak
Y21-CB309E8E,12595000,209917,60,,,3,2,,32,1,,,,NEEDS_REPAIR,,,,,STONE,,32,true,,ajapnyak
Y21-2809770E,24686200,320600,77,,,3,1,,14,1,,,,NEEDS_REPAIR,,,,,PANEL,,14,true,,ajapnyak
Y21-31CC6CE8,23174800,367854,63,,,3,1,,7,1,,,,GOOD,,,,,PANEL,,16,true,,ajapnyak
Y21-B5C906DC,68013000,523177,130,,,5,3,,7,1,,,,EURO_RENOVATION,,,,,PANEL,,12,true,,ajapnyak
Y21-38E9C2F3,15114000,169820,89,,,3,2,,18,1,,,,EURO_RENOVATION,,,,,NEW_BUILD,,18,true,,ajapnyak
Y21-82CF24D1,33754600,581976,58,,,2,1,,4,1,,,,EURO_RENOVATION,,,,,STONE,,5,false,,ajapnyak
Y21-45EBC68E,25693800,414416,62,,,3,1,,12,1,,,,EURO_RENOVATION,,,,,NEW_BUILD,,12,true,,ajapnyak
Y21-7B88655D,25693800,414416,62,,,3,1,,12,1,,,,EURO_RENOVATION,,,,,NEW_BUILD,,12,true,,ajapnyak
Y21-8FF51A11,45342000,323871,140,,,5,1,,2,2,,,,EURO_RENOVATION,,,,,STONE,,5,false,,ajapnyak
Y21-202DDFB9,28212800,705320,40,,,2,1,,5,0,,,,EURO_RENOVATION,,,,,NEW_BUILD,,6,true,,ajapnyak
Y21-D16AC7BB,45342000,755700,60,,,3,1,,1,0,,,,EURO_RENOVATION,,,,,NEW_BUILD,,6,true,,ajapnyak
Y21-54D16137,45342000,755700,60,,,3,1,,1,0,,,,EURO_RENOVATION,,,,,NEW_BUILD,,6,true,,ajapnyak
Y21-36A02CB6,45342000,755700,60,,,3,1,,1,0,,,,EURO_RENOVATION,,,,,NEW_BUILD,,6,true,,ajapnyak
Y21-14E17D07,28212800,705320,40,,,2,1,,5,0,,,,NEEDS_REPAIR,,,,,MONOLITH,,6,true,,ajapnyak
Y21-314EAD69,36273600,362736,100,,,3,1,,2,1,,,,GOOD,,,,,STONE,,5,false,,ajapnyak
Y21-B1E90D30,40304000,503800,80,,,3,1,,11,0,,,,EURO_RENOVATION,,,,,MONOLITH,,12,true,,ajapnyak
Y21-03342F44,24182400,493518,49,,,1,1,,2,1,,,,GOOD,,,,,STONE,,5,false,,ajapnyak
Y21-AAD6C486,42823000,396509,108,,,4,1,,5,1,,,,EURO_RENOVATION,,,,,PANEL,,9,true,,ajapnyak
Y21-CAB327AE,40304000,419833,96,,,3,2,,1,1,,,,GOOD,,,,,STONE,,3,false,,ajapnyak
Y21-54EEB289,15365900,668083,23,,,1,1,,1,0,,,,NEEDS_REPAIR,,,,,PANEL,,16,true,,ajapnyak
Y21-0183CCBB,15365900,668083,23,,,1,1,,1,0,,,,GOOD,,,,,PANEL,,16,true,,ajapnyak
Y21-74CE0A9C,26197600,689411,38,,,2,1,,2,0,,,,EURO_RENOVATION,,,,,STONE,,4,false,,ajapnyak
Y21-4BABD2D1,25693800,414416,62,,,3,1,,12,1,,,,EURO_RENOVATION,,,,,NEW_BUILD,,12,true,,ajapnyak
Y21-1608F72E,31739400,373405,85,,,3,1,,1,1,,,,GOOD,,,,,STONE,,4,false,,ajapnyak
Y21-03FCCD82,34258400,469293,73,,,2,1,,10,0,,,,GOOD,,,,,NEW_BUILD,,12,true,,ajapnyak
Y21-638D4FE2,33754600,366898,92,,,3,2,,6,1,,,,EURO_RENOVATION,,,,,PANEL,,14,true,,ajapnyak
Y21-DB5988C0,20152000,373185,54,,,2,1,,2,0,,,,GOOD,,,,,STONE,,2,false,,ajapnyak
Y21-41D3194F,36777400,404147,91,,,3,1,,9,1,,,,EURO_RENOVATION,,,,,NEW_BUILD,,14,true,,ajapnyak
Y21-B5CC2CFF,27709000,379575,73,,,3,1,,2,1,,,,GOOD,,,,,STONE,,4,false,,ajapnyak
Y21-43A2302D,32747000,404284,81,,,3,2,,15,1,,,,EURO_RENOVATION,,,,,PANEL,,16,true,,ajapnyak
Y21-AE1862AF,31235600,380922,82,,,3,1,,5,0,,,,NEEDS_REPAIR,,,,,PANEL,,9,true,,ajapnyak
Y21-C2F97AFD,30228000,377850,80,,,3,2,,6,1,,,,EURO_RENOVATION,,,,,PANEL,,16,true,,ajapnyak
Y21-116A2F0C,27709000,395843,70,,,3,1,,2,1,,,,GOOD,,,,,STONE,,4,false,,ajapnyak
Y21-5D62862B,47861000,638147,75,,,4,1,,2,0,,,,EURO_RENOVATION,,,,,STONE,,4,false,,ajapnyak
Y21-0285B13F,41815400,418154,100,,,4,2,,2,1,,,,GOOD,,,,,STONE,,5,false,,ajapnyak
Y21-3DC25434,26197600,358871,73,,,3,1,,1,1,,,,NEEDS_REPAIR,,,,,STONE,,4,false,,ajapnyak
Y21-E9F6F85D,21159600,325532,65,,,2,1,,2,0,,,,GOOD,,,,,PANEL,,16,true,,ajapnyak
Y21-1847BD0E,42823000,586616,73,,,3,1,,3,0,,,,EURO_RENOVATION,,,,,PANEL,,9,true,,ajapnyak
Y21-5D038325,28716600,598263,48,,,2,1,,1,0,,,,EURO_RENOVATION,,,,,STONE,,5,false,,ajapnyak
Y21-B375E5F6,32747000,409338,80,,,3,1,,1,1,,,,EURO_RENOVATION,,,,,PANEL,,9,true,,ajapnyak
Y21-8D74475D,33754600,625085,54,,,2,1,,3,0,,,,NEEDS_REPAIR,,,,,STONE,,4,false,,ajapnyak
Y21-B80CEB3A,33754600,456143,74,,,3,1,,7,0,,,,EURO_RENOVATION,,,,,NEW_BUILD,,7,true,,ajapnyak
Y21-68A9131B,31235600,390445,80,,,2,1,,8,2,,,,EURO_RENOVATION,,,,,PANEL,,9,true,,ajapnyak
Y21-1ED4693C,22671000,310562,73,,,3,1,,10,2,,,,GOOD,,,,,PANEL,,15,true,,ajapnyak
Y21-D5262AA0,64738300,719314,90,,,4,1,,2,1,,,,EURO_RENOVATION,,,,,STONE,,5,false,,ajapnyak
Y21-F0FE8E57,26197600,354022,74,,,3,1,,2,1,,,,GOOD,,,,,PANEL,,5,false,,ajapnyak
Y21-0764F369,37180440,387296,96,,,3,1,,9,1,,,,EURO_RENOVATION,,,,,PANEL,,9,true,,ajapnyak
Y21-EC390F79,38792600,426292,91,,,3,1,,12,1,,,,EURO_RENOVATION,,,,,NEW_BUILD,,12,true,,ajapnyak
Y21-8B1E6A40,31235600,452690,69,,,3,1,,3,1,,,,GOOD,,,,,PANEL,,16,true,,ajapnyak
Y21-FA44A6A2,29220400,374621,78,,,3,1,,9,1,,,,GOOD,,,,,PANEL,,9,true,,ajapnyak
Y21-04922CF6,40807800,536945,76,,,3,1,,3,1,,,,EURO_RENOVATION,,,,,NEW_BUILD,,14,true,,ajapnyak
Y21-56211116,30228000,431829,70,,,2,1,,7,0,,,,EURO_RENOVATION,,,,,PANEL,,16,true,,ajapnyak
Y21-B6099E5D,33250800,296882,112,,,4,1,,2,1,,,,GOOD,,,,,STONE,,4,false,,ajapnyak
Y21-661AD232,20152000,310031,65,,,2,1,,11,1,,,,GOOD,,,,,PANEL,,16,true,,ajapnyak
Y21-19880B5F,28212800,503800,56,,,2,1,,2,0,,,,EURO_RENOVATION,,,,,STONE,,4,false,,ajapnyak
Y21-4A9CA365,25190000,314875,80,,,3,1,,3,1,,,,EURO_RENOVATION,,,,,PANEL,,4,false,,ajapnyak
Y21-D1983FFC,16121600,503800,32,,,1,1,,3,1,,,,NEEDS_REPAIR,,,,,STONE,,5,false,,ajapnyak
Y21-C823B9F8,24686200,574098,43,,,2,1,,6,1,,,,EURO_RENOVATION,,,,,PANEL,,16,true,,ajapnyak
Y21-9B887F67,19144400,191444,100,,,2,1,,1,0,,,,NEEDS_REPAIR,,,,,STONE,,5,false,,ajapnyak
Y21-006A74A2,32747000,436627,75,,,3,1,,5,1,,,,GOOD,,,,,PANEL,,14,true,,ajapnyak
Y21-77A1ADC2,31235600,390445,80,,,3,1,,6,1,,,,EURO_RENOVATION,,,,,PANEL,,16,true,,ajapnyak
Y21-177B4128,26701400,410791,65,,,3,1,,5,1,,,,NEEDS_REPAIR,,,,,STONE,,5,false,,ajapnyak
Y21-2A59C1BD,26701400,468446,57,,,2,1,,4,1,,,,GOOD,,,,,STONE,,4,false,,ajapnyak
Y21-5CF561D1,36021700,439289,82,,,3,1,,5,0,,,,EURO_RENOVATION,,,,,PANEL,,9,true,,ajapnyak
Y21-B26370A3,36777400,517992,71,,,3,2,,1,0,,,,EURO_RENOVATION,,,,,STONE,,4,false,,ajapnyak
Y21-9B24D466,28212800,434043,65,,,2,1,,3,0,,,,GOOD,,,,,PANEL,,9,true,,ajapnyak
Y21-7B6177F7,25190000,219043,115,,,2,1,,1,1,,,,GOOD,,,,,PANEL,,12,true,,ajapnyak
Y21-28D14E9A,25190000,375970,67,,,2,1,,12,1,,,,GOOD,,,,,PANEL,,16,true,,ajapnyak
Y21-F3463776,21915300,438306,50,,,2,1,,2,0,,,,EURO_RENOVATION,,,,,PANEL,,14,true,,ajapnyak
Y21-E6179B78,35266000,503800,70,,,3,1,,3,1,,,,EURO_RENOVATION,,,,,STONE,,4,false,,ajapnyak
Y21-E532C020,37785000,497171,76,,,3,1,,4,0,,,,EURO_RENOVATION,,,,,NEW_BUILD,,7,true,,ajapnyak
Y21-EA11CC8B,28212800,470213,60,,,3,1,,2,0,,,,GOOD,,,,,STONE,,4,false,,ajapnyak
Y21-09C6D77C,40304000,447822,90,,,4,1,,1,0,,,,EURO_RENOVATION,,,,,PANEL,,9,true,,ajapnyak
Y21-1E65AAF6,25190000,466481,54,,,2,1,,4,1,,,,GOOD,,,,,STONE,,4,false,,ajapnyak
Y21-C6223884,34258400,570973,60,,,2,1,,6,0,,,,EURO_RENOVATION,,,,,PANEL,,9,true,,ajapnyak
Y21-D15CEB40,29220400,379486,77,,,3,1,,4,1,,,,GOOD,,,,,STONE,,5,false,,ajapnyak
Y21-A95B7739,45342000,546289,83,,,3,1,,8,0,,,,EURO_RENOVATION,,,,,NEW_BUILD,,12,true,,ajapnyak
Y21-DD9E3821,15114000,503800,30,,,1,1,,4,0,,,,NEEDS_REPAIR,,,,,STONE,,4,false,,ajapnyak
Y21-4DE4CA54,27709000,461817,60,,,2,1,,5,0,,,,EURO_RENOVATION,,,,,PANEL,,5,false,,ajapnyak
Y21-50132E9A,21159600,682568,31,,,1,1,,2,0,,,,NEEDS_REPAIR,,,,,STONE,,5,false,,ajapnyak
Y21-7102D629,29220400,379486,77,,,3,1,,13,1,,,,EURO_RENOVATION,,,,,PANEL,,14,true,,ajapnyak
Y21-BDA04C22,33754600,427273,79,,,3,1,,2,1,,,,EURO_RENOVATION,,,,,STONE,,4,false,,ajapnyak
Y21-513E37CD,39296400,491205,80,,,3,1,,2,1,,,,GOOD,,,,,NEW_BUILD,,14,true,,ajapnyak
Y21-8A6DD373,15114000,503800,30,,,1,1,,1,0,,,,GOOD,,,,,STONE,,4,false,,ajapnyak
Y21-DBE20FD0,22671000,453420,50,,,1,1,,10,1,,,,NEEDS_REPAIR,,,,,NEW_BUILD,,10,true,,ajapnyak
Y21-CC54E86F,21159600,450204,47,,,2,1,,3,1,,,,GOOD,,,,,STONE,,4,false,,ajapnyak
Y21-D4DF8996,24686200,283749,87,,,4,2,,15,2,,,,EURO_RENOVATION,,,,,PANEL,,16,true,,ajapnyak
Y21-E80FEDFA,23678600,503800,47,,,1,1,,1,0,,,,EURO_RENOVATION,,,,,NEW_BUILD,,8,true,,ajapnyak
Y21-1461E9E9,22167200,461817,48,,,1,1,,1,1,,,,GOOD,,,,,STONE,,5,false,,ajapnyak
Y21-53E76EC7,22671000,328565,69,,,2,1,,7,1,,,,GOOD,,,,,PANEL,,9,true,,ajapnyak
Y21-FA6374EB,35266000,140502,251,,,5,3,,4,2,,,,GOOD,,,,,STONE,,4,false,,ajapnyak
Y21-67A97449,50380000,503800,100,,,4,1,,9,0,,,,NEEDS_REPAIR,,,,,PANEL,,9,true,,ajapnyak
Y21-41D8D15E,40304000,516718,78,,,3,1,,3,1,,,,GOOD,,,,,STONE,,5,false,,ajapnyak
Y21-DD015969,19396300,646543,30,,,1,1,,1,0,,,,NEEDS_REPAIR,,,,,STONE,,4,false,,ajapnyak
Y21-57D93C13,27709000,577271,48,,,1,1,,6,0,,,,EURO_RENOVATION,,,,,NEW_BUILD,,12,true,,ajapnyak
Y21-023094CB,42823000,570973,75,,,3,1,,3,1,,,,GOOD,,,,,STONE,,4,false,,ajapnyak
Y21-46315244,44334400,661707,67,,,2,1,,4,1,,,,EURO_RENOVATION,,,,,STONE,,5,false,,arabkir
Y21-AF0E20FF,31235600,650742,48,,,1,1,,1,1,,,,EURO_RENOVATION,,,,,STONE,,5,false,,arabkir
Y21-51BB2B3A,26701400,445023,60,,,3,1,,5,1,,,,GOOD,,,,,STONE,,5,false,,arabkir
Y21-99733B71,43830600,409632,107,,,4,1,,5,1,,,,EURO_RENOVATION,,,,,STONE,,5,false,,arabkir
Y21-29FC6A0A,51891400,378769,137,,,3,2,,1,1,,,,EURO_RENOVATION,,,,,STONE,,5,false,,arabkir
Y21-1BDC8029,80608000,732800,110,,,4,2,,4,1,,,,EURO_RENOVATION,,,,,STONE,,5,false,,arabkir
Y21-011D8FF2,46853400,503800,93,,,4,1,,5,2,,,,GOOD,,,,,STONE,,5,false,,arabkir
Y21-F7746ED1,128469000,1079571,119,,,3,2,,8,2,,,,EURO_RENOVATION,,,,,NEW_BUILD,,15,true,,arabkir
Y21-5ED97611,34082070,619674,55,,,2,1,,5,1,,,,EURO_RENOVATION,,,,,STONE,,5,false,,arabkir
Y21-0FC4B795,40304000,474165,85,,,4,1,,5,1,,,,EURO_RENOVATION,,,,,PANEL,,9,true,,arabkir
Y21-5E78DB50,39296400,654940,60,,,3,1,,1,0,,,,EURO_RENOVATION,,,,,STONE,,12,true,,arabkir
Y21-6D3D2898,39800200,568574,70,,,3,1,,3,1,,,,EURO_RENOVATION,,,,,PANEL,,12,true,,arabkir
Y21-D9C2E96A,17129200,535288,32,,,2,1,,2,1,,,,EURO_RENOVATION,,,,,STONE,,2,false,,arabkir
Y21-71C55BBD,33250800,373604,89,,,2,1,,1,0,,,,NEEDS_REPAIR,,,,,STONE,,5,false,,arabkir
Y21-67E403FF,115874000,858326,135,,,4,3,,2,1,,,,EURO_RENOVATION,,,,,NEW_BUILD,,8,true,,arabkir
Y21-6CB9C217,47861000,537764,89,,,3,1,,8,0,,,,NEEDS_REPAIR,,,,,PANEL,,9,true,,arabkir
Y21-897222D6,57937000,742782,78,,,3,1,,6,0,,,,EURO_RENOVATION,,,,,NEW_BUILD,,18,true,,arabkir
Y21-FB6EA25A,30731800,529859,58,,,2,1,,5,1,,,,GOOD,,,,,STONE,,5,false,,arabkir
Y21-C1370B68,67962620,799560,85,,,3,1,,2,0,,,,EURO_RENOVATION,,,,,NEW_BUILD,,8,true,,arabkir
Y21-D2813E10,55418000,532865,104,,,4,1,,2,1,,,,NEEDS_REPAIR,,,,,STONE,,5,false,,arabkir
Y21-6F4183E0,28716600,522120,55,,,2,1,,7,0,,,,EURO_RENOVATION,,,,,PANEL,,9,true,,arabkir
Y21-577285F9,30228000,311629,97,,,4,1,,9,0,,,,NEEDS_REPAIR,,,,,PANEL,,9,true,,arabkir
Y21-E7071DF6,50380000,503800,100,,,4,1,,5,1,,,,EURO_RENOVATION,,,,,STONE,,5,false,,arabkir
Y21-4E897DBC,32747000,474594,69,,,2,1,,2,1,,,,EURO_RENOVATION,,,,,PANEL,,9,true,,arabkir
Y21-FC2EA5F1,31739400,634788,50,,,2,1,,3,1,,,,EURO_RENOVATION,,,,,STONE,,5,false,,arabkir
Y21-0EF22372,44838200,700597,64,,,2,1,,2,1,,,,EURO_RENOVATION,,,,,STONE,,5,false,,arabkir
Y21-70B1321E,79096600,859746,92,,,4,1,,14,1,,,,EURO_RENOVATION,,,,,PANEL,,16,true,,arabkir
Y21-82AF9F3D,45342000,731323,62,,,2,1,,2,1,,,,EURO_RENOVATION,,,,,NEW_BUILD,,12,true,,arabkir
Y21-AB930FF8,31739400,459991,69,,,2,1,,8,0,,,,EURO_RENOVATION,,,,,PANEL,,8,true,,arabkir
Y21-A65A87C0,37785000,674732,56,,,2,1,,3,1,,,,EURO_RENOVATION,,,,,STONE,,5,false,,arabkir
Y21-46D6C195,37785000,424551,89,,,3,1,,13,1,,,,GOOD,,,,,PANEL,,14,true,,arabkir
Y21-B6E62A35,33502700,485546,69,,,2,1,,4,1,,,,GOOD,,,,,STONE,,5,false,,arabkir
Y21-4AC2B086,42823000,542063,79,,,2,1,,9,1,,,,EURO_RENOVATION,,,,,NEW_BUILD,,10,true,,arabkir
Y21-3FA620BE,50380000,699722,72,,,3,1,,2,1,,,,EURO_RENOVATION,,,,,STONE,,4,false,,arabkir
Y21-FB5DB616,42823000,407838,105,,,4,2,,5,2,,,,GOOD,,,,,STONE,,5,false,,arabkir
Y21-39234BFC,36273600,453420,80,,,3,2,,5,1,,,,GOOD,,,,,PANEL,,9,true,,arabkir
Y21-9C87F19E,60456000,687000,88,,,3,1,,3,0,,,,GOOD,,,,,MONOLITH,,5,false,,arabkir
Y21-D1787E02,57937000,362106,160,,,4,3,,1,2,,,,EURO_RENOVATION,,,,,STONE,,5,false,,arabkir
Y21-A8797CD1,41311600,486019,85,,,3,1,,1,1,,,,EURO_RENOVATION,,,,,PANEL,,14,true,,arabkir
Y21-89957302,41311600,486019,85,,,3,1,,1,1,,,,EURO_RENOVATION,,,,,PANEL,,14,true,,arabkir
Y21-1DEF1EC4,64990200,722113,90,,,3,1,,5,1,,,,EURO_RENOVATION,,,,,PANEL,,9,true,,arabkir
Y21-1DA84B29,73051000,974013,75,,,2,1,,4,1,,,,EURO_RENOVATION,,,,,NEW_BUILD,,14,true,,arabkir
Y21-6AB104F2,32747000,528177,62,,,2,1,,4,1,,,,GOOD,,,,,STONE,,5,false,,arabkir
Y21-F33C5B38,47357200,591965,80,,,4,1,,2,1,,,,EURO_RENOVATION,,,,,STONE,,5,false,,arabkir
Y21-AE6E0049,50380000,585814,86,,,3,1,,4,2,,,,EURO_RENOVATION,,,,,PANEL,,14,true,,arabkir
Y21-91691F88,57937000,609863,95,,,3,2,,10,2,,,,NEEDS_REPAIR,,,,,NEW_BUILD,,18,true,,arabkir
Y21-FBE10095,56425600,512960,110,,,3,1,,6,1,,,,GOOD,,,,,STONE,,6,true,,arabkir
Y21-EC7A4DE2,37785000,651466,58,,,2,1,,2,1,,,,EURO_RENOVATION,,,,,NEW_BUILD,,14,true,,arabkir
Y21-15C766B1,31235600,1007600,31,,,1,1,,5,1,,,,GOOD,,,,,STONE,,5,false,,arabkir
Y21-9185BB86,65494000,499954,131,,,5,2,,5,1,,,,EURO_RENOVATION,,,,,STONE,,5,false,,arabkir
Y21-4057769F,23174800,482808,48,,,2,1,,3,1,,,,EURO_RENOVATION,,,,,STONE,,3,false,,arabkir
Y21-331CD769,62975000,899643,70,,,2,1,,1,1,,,,EURO_RENOVATION,,,,,STONE,,5,false,,arabkir
Y21-BF75F397,40304000,775077,52,,,2,1,,2,2,,,,EURO_RENOVATION,,,,,STONE,,5,false,,arabkir
Y21-EA5B8672,51387600,734109,70,,,3,1,,8,1,,,,EURO_RENOVATION,,,,,MONOLITH,,9,true,,arabkir
Y21-AE59001E,40304000,620062,65,,,3,1,,1,1,,,,GOOD,,,,,PANEL,,14,true,,arabkir
Y21-237FA1ED,70532000,671733,105,,,4,1,,7,2,,,,GOOD,,,,,PANEL,,13,true,,arabkir
Y21-B2B1AF4D,52899000,386124,137,,,5,2,,1,1,,,,EURO_RENOVATION,,,,,STONE,,4,false,,arabkir
Y21-AC5CAEF4,83127000,469644,177,,,4,2,,8,1,,,,EURO_RENOVATION,,,,,PANEL,,9,true,,arabkir
Y21-AF179C56,34258400,685168,50,,,2,1,,4,1,,,,EURO_RENOVATION,,,,,STONE,,6,true,,arabkir
Y21-ED3D6CD4,32747000,467814,70,,,2,1,,15,0,,,,EURO_RENOVATION,,,,,PANEL,,16,true,,arabkir
Y21-D0B4DFDE,26197600,545783,48,,,1,1,,2,1,,,,GOOD,,,,,PANEL,,16,true,,arabkir
Y21-159FE4E9,65494000,595400,110,,,4,1,,3,0,,,,NEEDS_REPAIR,,,,,STONE,,5,false,,arabkir
Y21-661216F7,45342000,472313,96,,,3,2,,14,1,,,,EURO_RENOVATION,,,,,PANEL,,16,true,,arabkir
Y21-D329A603,62975000,699722,90,,,3,2,,2,1,,,,EURO_RENOVATION,,,,,NEW_BUILD,,8,true,,arabkir
Y21-15EDA0F4,70532000,319149,221,,,5,1,,1,1,,,,EURO_RENOVATION,,,,,NEW_BUILD,,1,false,,arabkir
Y21-5ED95870,57937000,804681,72,,,2,1,,3,1,,,,EURO_RENOVATION,,,,,STONE,,3,false,,arabkir
Y21-585F5454,40304000,806080,50,,,2,1,,2,1,,,,EURO_RENOVATION,,,,,STONE,,3,false,,arabkir
Y21-02F45222,47861000,693638,69,,,2,1,,6,1,,,,EURO_RENOVATION,,,,,NEW_BUILD,,6,true,,arabkir
Y21-98593C5D,55418000,738907,75,,,3,1,,9,1,,,,GOOD,,,,,NEW_BUILD,,14,true,,arabkir
Y21-F3E76928,27205200,544104,50,,,2,2,,1,0,,,,EURO_RENOVATION,,,,,STONE,,5,false,,arabkir
Y21-E979D90B,57937000,827671,70,,,3,2,,4,1,,,,EURO_RENOVATION,,,,,STONE,,5,false,,arabkir
Y21-E4A29BE8,68013000,666794,102,,,3,1,,1,1,,,,GOOD,,,,,PANEL,,9,true,,arabkir
Y21-A0441698,80104200,556279,144,,,5,2,,5,2,,,,EURO_RENOVATION,,,,,STONE,,5,false,,arabkir
Y21-FA062A11,33754600,544429,62,,,3,1,,5,1,,,,EURO_RENOVATION,,,,,PANEL,,9,true,,arabkir
Y21-36727D67,36525500,372709,98,,,3,1,,3,1,,,,GOOD,,,,,PANEL,,3,false,,arabkir
Y21-FE937BED,36777400,459718,80,,,2,1,,4,0,,,,NEEDS_REPAIR,,,,,MONOLITH,,4,false,,arabkir
Y21-2A8F00C0,59952200,413463,145,,,4,2,,5,2,,,,EURO_RENOVATION,,,,,STONE,,5,false,,arabkir
Y21-359471A6,28716600,441794,65,,,2,1,,3,0,,,,GOOD,,,,,PANEL,,9,true,,arabkir
Y21-319D0E5E,32747000,488761,67,,,2,1,,5,1,,,,GOOD,,,,,STONE,,5,false,,arabkir
Y21-06ADF437,143583000,834785,172,,,3,2,,1,2,,,,EURO_RENOVATION,,,,,NEW_BUILD,,5,false,,arabkir
Y21-7111EC95,73051000,811678,90,,,3,2,,1,1,,,,EURO_RENOVATION,,,,,NEW_BUILD,,5,false,,arabkir
Y21-2C751F05,34762200,445669,78,,,3,1,,1,0,,,,EURO_RENOVATION,,,,,STONE,,4,false,,arabkir
Y21-62A97B4D,21663400,722113,30,,,1,1,,1,0,,,,NEEDS_REPAIR,,,,,STONE,,5,false,,arabkir
Y21-37AF8D0A,48364800,589815,82,,,3,1,,4,2,,,,GOOD,,,,,STONE,,5,false,,arabkir
Y21-458AE885,43326800,941887,46,,,2,1,,7,1,,,,EURO_RENOVATION,,,,,NEW_BUILD,,8,true,,arabkir
Y21-FE575DD5,38792600,497341,78,,,4,2,,5,2,,,,EURO_RENOVATION,,,,,STONE,,5,false,,arabkir
Y21-779EEB36,47861000,493412,97,,,4,2,,5,1,,,,GOOD,,,,,PANEL,,16,true,,arabkir
Y21-88EBAA9D,42319200,450204,94,,,4,1,,8,2,,,,NEEDS_REPAIR,,,,,PANEL,,10,true,,arabkir
Y21-08EEC8B7,63478800,857822,74,,,2,1,,11,1,,,,EURO_RENOVATION,,,,,NEW_BUILD,,15,true,,arabkir
Y21-53D75494,50380000,535957,94,,,3,1,,6,1,,,,GOOD,,,,,PANEL,,7,true,,arabkir
Y21-D94660E9,20403900,408078,50,,,2,1,,1,1,,,,GOOD,,,,,PANEL,,2,false,,arabkir
Y21-3E708EF9,20152000,468651,43,,,1,1,,4,0,,,,EURO_RENOVATION,,,,,MONOLITH,,7,true,,arabkir
Y21-46B2A345,37281200,601310,62,,,2,1,,3,1,,,,EURO_RENOVATION,,,,,STONE,,5,false,,arabkir
Y21-4B894E4C,43074900,936411,46,,,2,1,,7,1,,,,EURO_RENOVATION,,,,,NEW_BUILD,,9,true,,arabkir
Y21-59975E96,35266000,568806,62,,,3,1,,2,1,,,,GOOD,,,,,STONE,,5,false,,arabkir
Y21-9F5297E0,40304000,567662,71,,,2,1,,1,2,,,,EURO_RENOVATION,,,,,STONE,,4,false,,arabkir
Y21-F6F9D11B,36777400,656739,56,,,2,1,,2,0,,,,GOOD,,,,,STONE,,5,false,,arabkir
Y21-C49DD761,17633000,476568,37,,,2,1,,1,0,,,,EURO_RENOVATION,,,,,PANEL,,9,true,,arabkir
Y21-CCE4E6C6,125446200,1130146,111,,,3,3,,13,1,,,,EURO_RENOVATION,,,,,NEW_BUILD,,17,true,,arabkir
Y21-00D4B9B2,128469000,1079571,119,,,3,2,,8,2,,,,EURO_RENOVATION,,,,,NEW_BUILD,,15,true,,arabkir
Y21-AB958AA4,67005400,736323,91,,,4,2,,10,1,,,,EURO_RENOVATION,,,,,NEW_BUILD,,12,true,,arabkir
Y21-F267B379,43830600,541119,81,,,3,1,,5,0,,,,EURO_RENOVATION,,,,,PANEL,,14,true,,arabkir
Y21-F6CDA7AD,28716600,522120,55,,,2,1,,7,0,,,,EURO_RENOVATION,,,,,PANEL,,9,true,,arabkir
Y21-E0629934,43326800,637159,68,,,4,1,,3,1,,,,EURO_RENOVATION,,,,,STONE,,5,false,,arabkir
Y21-A500DF95,50380000,671733,75,,,3,1,,2,1,,,,EURO_RENOVATION,,,,,STONE,,5,false,,arabkir
Y21-12F0E73D,22167200,715071,31,,,1,1,,3,1,,,,GOOD,,,,,STONE,,5,false,,arabkir
Y21-00E4D63F,55418000,595892,93,,,3,1,,1,0,,,,EURO_RENOVATION,,,,,MONOLITH,,9,true,,arabkir
Y21-89C93640,40304000,523429,77,,,3,1,,2,1,,,,GOOD,,,,,STONE,,5,false,,arabkir
Y21-2F55DE84,55418000,615756,90,,,3,1,,4,2,,,,EURO_RENOVATION,,,,,STONE,,5,false,,arabkir
Y21-CF355784,26701400,503800,53,,,2,1,,7,1,,,,EURO_RENOVATION,,,,,PANEL,,9,true,,arabkir
Y21-08B25050,41815400,398242,105,,,4,1,,9,1,,,,NEEDS_REPAIR,,,,,PANEL,,10,true,,arabkir
Y21-5CD23056,78089000,887375,88,,,3,1,,1,0,,,,EURO_RENOVATION,,,,,STONE,,5,false,,arabkir
Y21-C5EEE1B6,27709000,675829,41,,,2,1,,1,0,,,,GOOD,,,,,STONE,,5,false,,arabkir
Y21-43EBA7AA,44334400,554180,80,,,3,2,,14,1,,,,NEEDS_REPAIR,,,,,NEW_BUILD,,14,true,,arabkir
Y21-633DD08C,32747000,861763,38,,,1,1,,5,1,,,,EURO_RENOVATION,,,,,STONE,,5,false,,arabkir
Y21-3386B8B2,32747000,481574,68,,,2,1,,11,1,,,,GOOD,,,,,STONE,,12,true,,arabkir
Y21-CEE8A137,42823000,556143,77,,,3,1,,5,1,,,,EURO_RENOVATION,,,,,STONE,,5,false,,arabkir
Y21-C083593F,57937000,579370,100,,,3,2,,8,1,,,,NEEDS_REPAIR,,,,,NEW_BUILD,,8,true,,arabkir
Y21-4EE5D402,30228000,604560,50,,,2,1,,8,0,,,,EURO_RENOVATION,,,,,MONOLITH,,9,true,,arabkir
Y21-67E17354,128469000,1079571,119,,,3,2,,8,2,,,,EURO_RENOVATION,,,,,NEW_BUILD,,15,true,,arabkir
Y21-06F18A55,50380000,629750,80,,,3,1,,9,1,,,,GOOD,,,,,PANEL,,9,true,,arabkir
Y21-8D8DAFCE,75368480,554180,136,,,4,2,,3,2,,,,NEEDS_REPAIR,,,,,NEW_BUILD,,16,true,,arabkir
Y21-2F28B107,30228000,503800,60,,,2,1,,1,0,,,,GOOD,,,,,PANEL,,9,true,,arabkir
Y21-97D3422A,33754600,489197,69,,,2,1,,6,0,,,,GOOD,,,,,STONE,,6,true,,arabkir
Y21-F5A99B28,26197600,582169,45,,,1,1,,5,1,,,,NEEDS_REPAIR,,,,,STONE,,5,false,,arabkir
Y21-877A7B72,40304000,732800,55,,,2,1,,4,2,,,,EURO_RENOVATION,,,,,NEW_BUILD,,5,false,,arabkir
Y21-EF8BC540,22671000,482362,47,,,2,1,,4,0,,,,EURO_RENOVATION,,,,,STONE,,6,true,,arabkir
Y21-1BD08233,24182400,439680,55,,,2,1,,1,1,,,,EURO_RENOVATION,,,,,PANEL,,14,true,,arabkir
Y21-47E06CDA,59952200,413463,145,,,4,2,,5,2,,,,EURO_RENOVATION,,,,,STONE,,5,false,,arabkir
Y21-AFC78B67,45342000,1133550,40,,,1,1,,7,0,,,,GOOD,,,,,NEW_BUILD,,18,true,,arabkir
Y21-29F1E7C5,34258400,503800,68,,,2,1,,4,0,,,,NEEDS_REPAIR,,,,,STONE,,5,false,,arabkir
Y21-614BA9FA,45342000,546289,83,,,2,1,,2,0,,,,EURO_RENOVATION,,,,,STONE,,2,false,,arabkir
Y21-31A38EE9,46853400,836668,56,,,2,1,,5,1,,,,EURO_RENOVATION,,,,,STONE,,5,false,,arabkir
Y21-B36B0104,40304000,463264,87,,,3,1,,1,1,,,,EURO_RENOVATION,,,,,NEW_BUILD,,2,false,,arabkir
Y21-7A6D3773,53906600,598962,90,,,4,1,,5,1,,,,EURO_RENOVATION,,,,,STONE,,5,false,,arabkir
Y21-AABFE329,45845800,552359,83,,,2,1,,5,1,,,,EURO_RENOVATION,,,,,PANEL,,16,true,,arabkir
Y21-D54651D9,20152000,335867,60,,,2,1,,2,0,,,,EURO_RENOVATION,,,,,NEW_BUILD,,5,false,,arabkir
Y21-966B7B90,54914200,603453,91,,,3,2,,5,1,,,,NEEDS_REPAIR,,,,,NEW_BUILD,,12,true,,arabkir
Y21-71BB2D06,37785000,490714,77,,,3,2,,1,1,,,,EURO_RENOVATION,,,,,PANEL,,14,true,,arabkir
Y21-6ADA6B8C,47861000,409068,117,,,3,2,,2,2,,,,GOOD,,,,,STONE,,5,false,,arabkir
Y21-0C699D47,43477940,557409,78,,,3,1,,3,1,,,,EURO_RENOVATION,,,,,PANEL,,9,true,,arabkir
Y21-300E4B39,44334400,515516,86,,,4,1,,5,1,,,,EURO_RENOVATION,,,,,STONE,,5,false,,arabkir
Y21-2B8A2A60,22167200,515516,43,,,2,1,,8,1,,,,GOOD,,,,,PANEL,,9,true,,arabkir
Y21-C9F54ABE,45342000,719714,63,,,3,1,,3,1,,,,EURO_RENOVATION,,,,,STONE,,5,false,,arabkir
Y21-F3FA3E72,32747000,481574,68,,,3,1,,1,0,,,,EURO_RENOVATION,,,,,STONE,,2,false,,arabkir
Y21-C0E50D2F,18993260,612686,31,,,1,1,,3,1,,,,EURO_RENOVATION,,,,,STONE,,5,false,,arabkir
Y21-559AB20E,42319200,503800,84,,,4,1,,8,1,,,,EURO_RENOVATION,,,,,PANEL,,9,true,,arabkir
Y21-EE26092E,75570000,687000,110,,,2,1,,4,2,,,,EURO_RENOVATION,,,,,STONE,,5,false,,arabkir
Y21-9E1564DC,75570000,687000,110,,,2,1,,4,2,,,,EURO_RENOVATION,,,,,STONE,,5,false,,arabkir
Y21-78FBBDED,43830600,541119,81,,,3,1,,5,0,,,,EURO_RENOVATION,,,,,PANEL,,14,true,,arabkir
Y21-4E08BE17,45342000,552951,82,,,2,1,,5,1,,,,EURO_RENOVATION,,,,,STONE,,5,false,,arabkir
Y21-297014B7,32243200,658024,49,,,2,1,,2,1,,,,EURO_RENOVATION,,,,,STONE,,5,false,,arabkir
Y21-37018AC9,24434300,568240,43,,,1,1,,7,0,,,,GOOD,,,,,PANEL,,9,true,,arabkir
Y21-2E52C5C3,73051000,745418,98,,,3,1,,4,0,,,,EURO_RENOVATION,,,,,MONOLITH,,7,true,,arabkir
Y21-0BC65B15,59952200,749403,80,,,3,1,,3,1,,,,EURO_RENOVATION,,,,,STONE,,5,false,,arabkir
Y21-E8A5291B,31235600,600685,52,,,2,1,,1,1,,,,GOOD,,,,,PANEL,,9,true,,arabkir
Y21-39763246,75570000,719714,105,,,3,2,,10,1,,,,EURO_RENOVATION,,,,,NEW_BUILD,,11,true,,arabkir
Y21-994B84E2,37785000,726635,52,,,2,1,,6,0,,,,EURO_RENOVATION,,,,,PANEL,,9,true,,arabkir
Y21-B8042FEC,28212800,723405,39,,,1,1,,3,1,,,,EURO_RENOVATION,,,,,STONE,,4,false,,arabkir
Y21-61770B20,80608000,806080,100,,,3,1,,7,2,,,,EURO_RENOVATION,,,,,NEW_BUILD,,16,true,,arabkir
Y21-F52C3EC6,34006500,586319,58,,,2,1,,5,1,,,,EURO_RENOVATION,,,,,STONE,,5,false,,arabkir
Y21-733E9EFE,50128100,911420,55,,,2,1,,11,1,,,,EURO_RENOVATION,,,,,NEW_BUILD,,17,true,,arabkir
Y21-40643B22,47861000,683729,70,,,2,1,,6,2,,,,EURO_RENOVATION,,,,,PANEL,,9,true,,arabkir
Y21-55E0E5E4,46853400,503800,93,,,3,1,,3,1,,,,NEEDS_REPAIR,,,,,NEW_BUILD,,10,true,,arabkir
Y21-AF6BA1EF,54410400,604560,90,,,3,2,,7,1,,,,NEEDS_REPAIR,,,,,NEW_BUILD,,8,true,,arabkir
Y21-10C30416,33754600,649127,52,,,2,1,,4,1,,,,NEEDS_REPAIR,,,,,NEW_BUILD,,8,true,,arabkir
Y21-1BA58548,44334400,554180,80,,,3,2,,7,1,,,,GOOD,,,,,PANEL,,9,true,,arabkir
Y21-FBC93F6D,30228000,530316,57,,,2,1,,1,1,,,,GOOD,,,,,STONE,,5,false,,arabkir
Y21-7D956211,47861000,598263,80,,,3,1,,2,1,,,,EURO_RENOVATION,,,,,STONE,,5,false,,arabkir
Y21-00063819,42823000,486625,88,,,3,1,,5,1,,,,GOOD,,,,,PANEL,,14,true,,arabkir
Y21-AE0E8155,30731800,465633,66,,,2,1,,1,1,,,,GOOD,,,,,STONE,,5,false,,arabkir
Y21-F24F9DC2,27709000,629750,44,,,2,1,,5,1,,,,EURO_RENOVATION,,,,,STONE,,5,false,,arabkir
Y21-F9C73D68,88165000,787188,112,,,3,1,,6,1,,,,EURO_RENOVATION,,,,,NEW_BUILD,,15,true,,arabkir
Y21-A2865C8E,34258400,580651,59,,,2,1,,4,1,,,,EURO_RENOVATION,,,,,STONE,,6,true,,arabkir
Y21-5FC2D137,43326800,646669,67,,,4,1,,3,1,,,,EURO_RENOVATION,,,,,STONE,,5,false,,arabkir
Y21-3920A07F,52899000,587767,90,,,3,2,,3,1,,,,EURO_RENOVATION,,,,,PANEL,,12,true,,arabkir
Y21-5604D146,28716600,531789,54,,,1,1,,7,0,,,,EURO_RENOVATION,,,,,PANEL,,9,true,,arabkir
Y21-5DBEFD1B,39800200,418949,95,,,4,1,,5,2,,,,GOOD,,,,,STONE,,5,false,,arabkir
Y21-E08AA7B6,22671000,412200,55,,,3,1,,5,0,,,,EURO_RENOVATION,,,,,STONE,,5,false,,arabkir
Y21-A74498C3,24182400,537387,45,,,1,1,,1,1,,,,GOOD,,,,,STONE,,5,false,,arabkir
Y21-9F29709B,39296400,586513,67,,,2,1,,6,0,,,,EURO_RENOVATION,,,,,MONOLITH,,10,true,,arabkir
Y21-0A63AD28,38792600,491046,79,,,3,1,,8,0,,,,GOOD,,,,,PANEL,,9,true,,arabkir
Y21-5CB2AD00,32747000,761558,43,,,2,1,,2,1,,,,EURO_RENOVATION,,,,,STONE,,5,false,,arabkir
Y21-EE02CB57,38792600,431029,90,,,3,1,,11,0,,,,EURO_RENOVATION,,,,,PANEL,,16,true,,arabkir
Y21-0994D208,41311600,522932,79,,,3,1,,1,1,,,,EURO_RENOVATION,,,,,STONE,,14,true,,arabkir
Y21-61F7C1CF,45342000,431829,105,,,3,2,,15,2,,,,EURO_RENOVATION,,,,,NEW_BUILD,,16,true,,arabkir
Y21-4B6D5B00,90684000,855509,106,,,3,2,,4,1,,,,EURO_RENOVATION,,,,,NEW_BUILD,,12,true,,arabkir
Y21-B2872826,39044500,684991,57,,,2,1,,3,2,,,,EURO_RENOVATION,,,,,STONE,,5,false,,arabkir
Y21-C91A1E77,21159600,450204,47,,,1,1,,5,1,,,,GOOD,,,,,STONE,,5,false,,arabkir
Y21-B837B5A6,63982600,940921,68,,,2,1,,10,1,,,,EURO_RENOVATION,,,,,NEW_BUILD,,15,true,,arabkir
Y21-81E9C7F5,44334400,661707,67,,,2,1,,4,1,,,,EURO_RENOVATION,,,,,STONE,,5,false,,arabkir
Y21-6DF51AE1,50380000,671733,75,,,3,1,,2,1,,,,EURO_RENOVATION,,,,,STONE,,5,false,,arabkir
Y21-242E4EE4,51891400,378769,137,,,3,2,,1,1,,,,EURO_RENOVATION,,,,,STONE,,5,false,,arabkir
Y21-EFCCCC19,43326800,637159,68,,,4,1,,3,1,,,,EURO_RENOVATION,,,,,STONE,,5,false,,arabkir
Y21-CA385F9C,43830600,409632,107,,,4,1,,5,1,,,,EURO_RENOVATION,,,,,STONE,,5,false,,arabkir
Y21-F4F986AD,75570000,572500,132,,,4,2,,7,0,,,,EURO_RENOVATION,,,,,STONE,,7,true,,arabkir
Y21-B447B220,42823000,486625,88,,,3,1,,5,1,,,,GOOD,,,,,PANEL,,14,true,,arabkir
Y21-71664A70,60456000,643149,94,,,3,1,,8,1,,,,EURO_RENOVATION,,,,,PANEL,,9,true,,arabkir
Y21-87F1F804,50380000,730145,69,,,3,1,,9,2,,,,GOOD,,,,,PANEL,,14,true,,arabkir
Y21-AA0D42D3,62975000,533686,118,,,5,1,,5,2,,,,NEEDS_REPAIR,,,,,STONE,,6,true,,arabkir
Y21-F3F6E263,40304000,485590,83,,,3,2,,2,1,,,,NEEDS_REPAIR,,,,,STONE,,4,false,,arabkir
Y21-4D6ECDD4,41059700,547463,75,,,3,1,,1,1,,,,GOOD,,,,,STONE,,5,false,,arabkir
Y21-1B7FDFF7,34258400,713717,48,,,2,1,,15,1,,,,EURO_RENOVATION,,,,,NEW_BUILD,,19,true,,arabkir
Y21-86CB1CA3,60456000,828164,73,,,3,3,,2,1,,,,EURO_RENOVATION,,,,,STONE,,3,false,,arabkir
Y21-F6DD1231,55418000,759151,73,,,3,1,,2,1,,,,EURO_RENOVATION,,,,,STONE,,3,false,,arabkir
Y21-FC8F4229,44334400,406738,109,,,4,2,,2,1,,,,GOOD,,,,,PANEL,,5,false,,arabkir
Y21-ABD130EB,38540700,367054,105,,,5,1,,5,2,,,,GOOD,,,,,STONE,,5,false,,arabkir
Y21-4CD5682B,40807800,627812,65,,,3,1,,7,1,,,,EURO_RENOVATION,,,,,PANEL,,9,true,,arabkir
Y21-6449154F,42823000,611757,70,,,3,1,,1,0,,,,EURO_RENOVATION,,,,,STONE,,5,false,,arabkir
Y21-079A46FC,35266000,839667,42,,,2,1,,6,0,,,,EURO_RENOVATION,,,,,NEW_BUILD,,8,true,,arabkir
Y21-CFFD7522,18136800,453420,40,,,2,1,,1,0,,,,EURO_RENOVATION,,,,,STONE,,4,false,,arabkir
Y21-5457A397,37785000,466481,81,,,3,1,,2,1,,,,NEEDS_REPAIR,,,,,STONE,,5,false,,arabkir
Y21-5C52FFD2,115874000,858326,135,,,3,2,,2,1,,,,EURO_RENOVATION,,,,,NEW_BUILD,,8,true,,arabkir
Y21-A92DB23B,13098800,569513,23,,,1,1,,3,0,,,,EURO_RENOVATION,,,,,STONE,,5,false,,arabkir
Y21-D2035BFB,57937000,733380,79,,,3,1,,4,1,,,,EURO_RENOVATION,,,,,STONE,,5,false,,arabkir
Y21-5F71683C,48364800,503800,96,,,4,2,,9,1,,,,NEEDS_REPAIR,,,,,NEW_BUILD,,12,true,,arabkir
Y21-FCBCA4C7,32747000,654940,50,,,2,2,,4,0,,,,EURO_RENOVATION,,,,,MONOLITH,,9,true,,arabkir
Y21-080C06A3,36273600,421786,86,,,3,1,,2,1,,,,GOOD,,,,,STONE,,9,true,,arabkir
Y21-83A16D9C,38792600,497341,78,,,4,2,,5,1,,,,EURO_RENOVATION,,,,,STONE,,5,false,,arabkir
Y21-ECC9C4D4,38288800,524504,73,,,3,1,,9,1,,,,EURO_RENOVATION,,,,,PANEL,,9,true,,arabkir
Y21-C0D71C36,57937000,482808,120,,,3,2,,1,2,,,,EURO_RENOVATION,,,,,STONE,,5,false,,arabkir
Y21-473BD3FD,55418000,791686,70,,,3,1,,5,0,,,,EURO_RENOVATION,,,,,STONE,,5,false,,arabkir
Y21-29695CFD,10579800,146942,72,,,3,1,,1,1,,,,GOOD,,,,,PANEL,,4,false,,arabkir
Y21-23A1A549,36777400,574647,64,,,3,1,,1,0,,,,GOOD,,,,,STONE,,2,false,,arabkir
Y21-74B84DE8,111843600,901965,124,,,3,2,,5,1,,,,EURO_RENOVATION,,,,,NEW_BUILD,,19,true,,arabkir
Y21-617FAE67,51891400,864857,60,,,2,1,,5,1,,,,EURO_RENOVATION,,,,,NEW_BUILD,,15,true,,arabkir
Y21-DB1A97DD,125950000,1339894,94,,,3,1,,11,1,,,,EURO_RENOVATION,,,,,NEW_BUILD,,14,true,,arabkir
Y21-AFCE8D83,68013000,790849,86,,,3,1,,6,0,,,,EURO_RENOVATION,,,,,STONE,,6,true,,arabkir
Y21-82125235,55418000,432953,128,,,4,1,,2,1,,,,NEEDS_REPAIR,,,,,STONE,,5,false,,arabkir
Y21-4A383B03,32747000,519794,63,,,2,1,,12,1,,,,GOOD,,,,,PANEL,,14,true,,arabkir
Y21-485414A3,45342000,394278,115,,,5,1,,4,0,,,,NEEDS_REPAIR,,,,,STONE,,5,false,,arabkir
Y21-9DF925C2,28716600,541823,53,,,3,1,,14,0,,,,EURO_RENOVATION,,,,,PANEL,,14,true,,arabkir
Y21-3F8D0FBD,52899000,615105,86,,,3,1,,4,1,,,,EURO_RENOVATION,,,,,STONE,,5,false,,arabkir
Y21-F1D8E66C,74058600,459991,161,,,5,3,,2,1,,,,NEEDS_REPAIR,,,,,STONE,,5,false,,arabkir
Y21-C9E7FBB2,27709000,589553,47,,,2,1,,4,1,,,,EURO_RENOVATION,,,,,STONE,,5,false,,arabkir
Y21-5D02A7EE,32747000,839667,39,,,2,1,,3,1,,,,EURO_RENOVATION,,,,,STONE,,4,false,,arabkir
Y21-3285479B,38792600,775852,50,,,2,1,,1,1,,,,EURO_RENOVATION,,,,,PANEL,,7,true,,arabkir
Y21-BE5B916C,98241000,972683,101,,,3,1,,7,1,,,,EURO_RENOVATION,,,,,NEW_BUILD,,18,true,,arabkir
Y21-CD2A1BCF,60456000,737268,82,,,4,1,,3,1,,,,EURO_RENOVATION,,,,,PANEL,,9,true,,arabkir
Y21-AAC7F59D,74562400,606198,123,,,3,2,,6,2,,,,NEEDS_REPAIR,,,,,NEW_BUILD,,18,true,,arabkir
Y21-3DE37428,27709000,577271,48,,,1,1,,5,1,,,,EURO_RENOVATION,,,,,STONE,,5,false,,arabkir
Y21-96F3A138,78089000,433828,180,,,5,2,,5,2,,,,EURO_RENOVATION,,,,,STONE,,5,false,,arabkir
Y21-99CFF67C,38792600,554180,70,,,2,1,,1,1,,,,EURO_RENOVATION,,,,,PANEL,,9,true,,arabkir
Y21-BCC4A1DC,53906600,728468,74,,,3,2,,5,1,,,,EURO_RENOVATION,,,,,STONE,,5,false,,arabkir
Y21-4EFB40DE,73051000,794033,92,,,3,2,,2,1,,,,EURO_RENOVATION,,,,,NEW_BUILD,,8,true,,arabkir
Y21-16A27DEB,59952200,413463,145,,,4,2,,5,2,,,,EURO_RENOVATION,,,,,STONE,,5,false,,arabkir
Y21-1D83CA16,66501600,678588,98,,,3,2,,2,1,,,,EURO_RENOVATION,,,,,NEW_BUILD,,8,true,,arabkir
Y21-6266D14A,41311600,666316,62,,,3,1,,3,1,,,,EURO_RENOVATION,,,,,STONE,,5,false,,arabkir
Y21-141498CE,55418000,565490,98,,,4,1,,8,0,,,,GOOD,,,,,PANEL,,8,true,,arabkir
Y21-C1AC3E65,23678600,394643,60,,,2,1,,1,1,,,,GOOD,,,,,STONE,,5,false,,arabkir
Y21-648E01D9,13098800,689411,19,,,1,1,,4,0,,,,EURO_RENOVATION,,,,,STONE,,6,true,,arabkir
Y21-E21D1366,43326800,433268,100,,,4,2,,4,1,,,,GOOD,,,,,PANEL,,9,true,,arabkir
Y21-272312D3,141064000,854933,165,,,3,1,,5,0,,,,NEEDS_REPAIR,,,,,MONOLITH,,16,true,,arabkir
Y21-9A60A339,26197600,595400,44,,,1,1,,3,1,,,,NEEDS_REPAIR,,,,,STONE,,5,false,,arabkir
Y21-B23C6EAA,39296400,623752,63,,,3,1,,5,0,,,,EURO_RENOVATION,,,,,STONE,,5,false,,arabkir
Y21-21506FB7,32747000,727711,45,,,3,1,,5,0,,,,EURO_RENOVATION,,,,,STONE,,5,false,,arabkir
Y21-74C60F04,50380000,359857,140,,,3,1,,1,1,,,,GOOD,,,,,STONE,,5,false,,arabkir
Y21-B5B3274A,51387600,870976,59,,,3,1,,3,1,,,,EURO_RENOVATION,,,,,NEW_BUILD,,12,true,,arabkir
Y21-B50F971D,30228000,570340,53,,,2,1,,2,0,,,,GOOD,,,,,STONE,,5,false,,arabkir
Y21-8A55AADE,90633620,774646,117,,,3,2,,10,1,,,,EURO_RENOVATION,,,,,NEW_BUILD,,12,true,,arabkir
Y21-3E3AEE10,34258400,489406,70,,,3,1,,1,1,,,,GOOD,,,,,MONOLITH,,10,true,,arabkir
Y21-235B9FB3,56425600,542554,104,,,4,1,,2,1,,,,EURO_RENOVATION,,,,,PANEL,,14,true,,arabkir
Y21-DFDF46A4,37785000,419833,90,,,3,3,,9,2,,,,GOOD,,,,,PANEL,,9,true,,arabkir
Y21-41FD487B,31739400,556832,57,,,2,1,,4,0,,,,GOOD,,,,,STONE,,4,false,,arabkir
Y21-53A9BC7B,85646000,800430,107,,,3,2,,7,0,,,,EURO_RENOVATION,,,,,NEW_BUILD,,12,true,,arabkir
Y21-33C1B6E8,20152000,530316,38,,,2,1,,4,1,,,,EURO_RENOVATION,,,,,STONE,,4,false,,arabkir
Y21-7350DAB5,34258400,439210,78,,,3,1,,16,1,,,,EURO_RENOVATION,,,,,PANEL,,16,true,,arabkir
Y21-42758086,53906600,503800,107,,,4,1,,1,2,,,,GOOD,,,,,STONE,,4,false,,arabkir
Y21-B037E89F,43578700,927206,47,,,2,1,,7,1,,,,EURO_RENOVATION,,,,,NEW_BUILD,,8,true,,arabkir
Y21-B1B0F149,47861000,543875,88,,,3,1,,9,1,,,,EURO_RENOVATION,,,,,PANEL,,12,true,,arabkir
Y21-BE1F6454,40304000,530316,76,,,3,1,,5,1,,,,EURO_RENOVATION,,,,,STONE,,5,false,,arabkir
Y21-CDB74E13,49876200,530598,94,,,3,1,,6,1,,,,EURO_RENOVATION,,,,,STONE,,6,true,,arabkir
Y21-BD3FF40D,36777400,525391,70,,,2,2,,5,1,,,,GOOD,,,,,STONE,,5,false,,arabkir
Y21-56E35FFF,55418000,595892,93,,,3,2,,2,0,,,,EURO_RENOVATION,,,,,STONE,,5,false,,arabkir
Y21-0EAC7DF4,29724200,660538,45,,,2,1,,5,0,,,,EURO_RENOVATION,,,,,STONE,,5,false,,arabkir
Y21-44903F56,42823000,535288,80,,,3,1,,2,0,,,,EURO_RENOVATION,,,,,STONE,,8,true,,arabkir
Y21-8D511AF8,27709000,659738,42,,,3,1,,1,0,,,,NEEDS_REPAIR,,,,,STONE,,6,true,,arabkir
Y21-32600811,35266000,618702,57,,,2,1,,4,1,,,,GOOD,,,,,STONE,,5,false,,arabkir
Y21-2F574104,60456000,863657,70,,,2,1,,5,1,,,,EURO_RENOVATION,,,,,NEW_BUILD,,8,true,,arabkir
Y21-DEFE295E,36273600,453420,80,,,3,1,,1,1,,,,NEEDS_REPAIR,,,,,STONE,,6,true,,arabkir
Y21-91A2BCEF,98241000,1169536,84,,,3,1,,3,1,,,,NEEDS_REPAIR,,,,,STONE,,5,false,,arabkir
Y21-1F096E44,36273600,1036389,35,,,1,1,,1,0,,,,NEEDS_REPAIR,,,,,STONE,,5,false,,arabkir
Y21-5ADA0E7A,40304000,530316,76,,,3,1,,4,2,,,,GOOD,,,,,STONE,,5,false,,arabkir
Y21-954D7D08,32747000,682229,48,,,2,2,,4,0,,,,EURO_RENOVATION,,,,,MONOLITH,,10,true,,arabkir
Y21-697C7403,36273600,533435,68,,,2,1,,5,0,,,,EURO_RENOVATION,,,,,STONE,,5,false,,arabkir
Y21-841DD277,26701400,423832,63,,,2,1,,5,1,,,,NEEDS_REPAIR,,,,,STONE,,5,false,,arabkir
Y21-D079D99E,61967400,704175,88,,,3,1,,4,0,,,,NEEDS_REPAIR,,,,,STONE,,5,false,,arabkir
Y21-65D69005,75570000,572500,132,,,4,2,,7,0,,,,EURO_RENOVATION,,,,,STONE,,7,true,,arabkir
Y21-619DC1A9,51891400,378769,137,,,3,2,,1,1,,,,EURO_RENOVATION,,,,,STONE,,5,false,,arabkir
Y21-5ADE6594,43326800,637159,68,,,4,1,,3,1,,,,EURO_RENOVATION,,,,,STONE,,5,false,,arabkir
Y21-3F148E8F,43830600,541119,81,,,3,1,,5,0,,,,EURO_RENOVATION,,,,,PANEL,,14,true,,arabkir
Y21-A1CCBBB6,31235600,650742,48,,,1,1,,1,1,,,,EURO_RENOVATION,,,,,STONE,,5,false,,arabkir
Y21-DD3ABA7D,60456000,643149,94,,,3,1,,8,1,,,,EURO_RENOVATION,,,,,PANEL,,9,true,,arabkir
Y21-60CA0003,67005400,736323,91,,,4,2,,10,1,,,,EURO_RENOVATION,,,,,NEW_BUILD,,12,true,,arabkir
Y21-D548BC48,42823000,486625,88,,,3,1,,5,1,,,,GOOD,,,,,PANEL,,14,true,,arabkir
Y21-A71B23A8,62975000,655990,96,,,3,1,,3,1,,,,EURO_RENOVATION,,,,,NEW_BUILD,,16,true,,arabkir
Y21-76D6E886,39800200,621878,64,,,3,1,,8,0,,,,EURO_RENOVATION,,,,,PANEL,,9,true,,arabkir
Y21-49C1CB90,74562400,877205,85,,,3,2,,6,1,,,,EURO_RENOVATION,,,,,NEW_BUILD,,10,true,,arabkir
Y21-9F9B5AB3,63478800,654421,97,,,3,2,,8,1,,,,EURO_RENOVATION,,,,,NEW_BUILD,,8,true,,arabkir
Y21-5B50742D,75570000,830440,91,,,3,1,,2,0,,,,EURO_RENOVATION,,,,,STONE,,5,false,,arabkir
Y21-CFF00215,30731800,698450,44,,,2,1,,2,1,,,,EURO_RENOVATION,,,,,STONE,,5,false,,arabkir
Y21-51A1A8B4,50380000,592706,85,,,3,1,,1,0,,,,EURO_RENOVATION,,,,,STONE,,14,true,,arabkir
Y21-4D640BAB,42823000,549013,78,,,3,1,,9,0,,,,EURO_RENOVATION,,,,,PANEL,,14,true,,arabkir
Y21-7F072781,12595000,314875,40,,,2,1,,7,0,,,,GOOD,,,,,STONE,,7,true,,arabkir
Y21-45E6E31B,24686200,561050,44,,,2,2,,1,1,,,,EURO_RENOVATION,,,,,PANEL,,9,true,,arabkir
Y21-83495F38,38792600,596809,65,,,2,1,,4,1,,,,EURO_RENOVATION,,,,,STONE,,5,false,,arabkir
Y21-B55946E7,43830600,561931,78,,,2,1,,5,1,,,,GOOD,,,,,STONE,,6,true,,arabkir
Y21-25BF4A2A,32747000,584768,56,,,2,1,,1,1,,,,GOOD,,,,,STONE,,5,false,,arabkir
Y21-36155844,60456000,623258,97,,,4,1,,1,1,,,,EURO_RENOVATION,,,,,STONE,,4,false,,arabkir
Y21-20636C40,30228000,549600,55,,,2,1,,3,1,,,,NEEDS_REPAIR,,,,,NEW_BUILD,,12,true,,arabkir
Y21-1169A609,50380000,621975,81,,,3,1,,9,1,,,,EURO_RENOVATION,,,,,PANEL,,14,true,,arabkir
Y21-9B92D2FA,38288800,580133,66,,,2,1,,3,0,,,,GOOD,,,,,STONE,,5,false,,arabkir
Y21-1DCE0ED5,68013000,666794,102,,,4,1,,9,0,,,,EURO_RENOVATION,,,,,NEW_BUILD,,10,true,,arabkir
Y21-D5F0A7D3,118393000,1183930,100,,,3,2,,8,1,,,,EURO_RENOVATION,,,,,NEW_BUILD,,16,true,,arabkir
Y21-07A3A432,45342000,566775,80,,,3,1,,6,1,,,,EURO_RENOVATION,,,,,PANEL,,14,true,,arabkir
Y21-D154306D,89676400,879180,102,,,3,1,,8,1,,,,EURO_RENOVATION,,,,,NEW_BUILD,,18,true,,arabkir
Y21-7EEFC132,73554800,565806,130,,,4,1,,2,0,,,,NEEDS_REPAIR,,,,,STONE,,5,false,,arabkir
Y21-711A3E21,80608000,806080,100,,,4,2,,7,2,,,,EURO_RENOVATION,,,,,NEW_BUILD,,16,true,,arabkir
Y21-5EEE910C,40304000,516718,78,,,2,1,,5,1,,,,GOOD,,,,,STONE,,5,false,,arabkir
Y21-E5D80ADF,85646000,713717,120,,,4,2,,3,1,,,,EURO_RENOVATION,,,,,STONE,,4,false,,arabkir
Y21-170D57F5,38792600,596809,65,,,2,1,,9,1,,,,EURO_RENOVATION,,,,,PANEL,,9,true,,arabkir
Y21-C751639E,62975000,684511,92,,,4,2,,2,1,,,,EURO_RENOVATION,,,,,NEW_BUILD,,10,true,,arabkir
Y21-6BA494EA,39800200,560566,71,,,3,1,,4,0,,,,GOOD,,,,,STONE,,4,false,,arabkir
Y21-A745A7D4,31739400,622341,51,,,2,1,,7,0,,,,NEEDS_REPAIR,,,,,STONE,,7,true,,arabkir
Y21-BFBCC30B,32243200,806080,40,,,1,1,,4,1,,,,EURO_RENOVATION,,,,,NEW_BUILD,,4,false,,arabkir
Y21-6BFE08D3,39800200,621878,64,,,3,1,,10,1,,,,EURO_RENOVATION,,,,,NEW_BUILD,,10,true,,arabkir
Y21-8505676B,43326800,760119,57,,,2,1,,7,1,,,,EURO_RENOVATION,,,,,NEW_BUILD,,8,true,,arabkir
Y21-A03EE54D,35266000,335867,105,,,4,2,,5,2,,,,GOOD,,,,,STONE,,5,false,,arabkir
Y21-A4293CF9,37785000,393594,96,,,3,2,,3,1,,,,EURO_RENOVATION,,,,,PANEL,,9,true,,arabkir
Y21-61E82BED,17633000,271277,65,,,3,1,,3,0,,,,EURO_RENOVATION,,,,,STONE,,3,false,,arabkir
Y21-2519B8D3,68013000,1015119,67,,,3,2,,3,1,,,,EURO_RENOVATION,,,,,NEW_BUILD,,5,false,,arabkir
Y21-9FB2A2B8,59952200,413463,145,,,4,2,,5,2,,,,EURO_RENOVATION,,,,,STONE,,5,false,,arabkir
Y21-668AF8F9,59952200,413463,145,,,4,2,,5,2,,,,EURO_RENOVATION,,,,,STONE,,5,false,,arabkir
Y21-A03F0EE4,59952200,413463,145,,,4,2,,5,2,,,,EURO_RENOVATION,,,,,STONE,,5,false,,arabkir
Y21-1AAF4009,57937000,362106,160,,,4,3,,1,2,,,,EURO_RENOVATION,,,,,STONE,,5,false,,arabkir
Y21-0F34DEC1,59952200,413463,145,,,4,2,,5,2,,,,EURO_RENOVATION,,,,,STONE,,5,false,,arabkir
Y21-E8D99C4F,36777400,334340,110,,,4,1,,14,1,,,,EURO_RENOVATION,,,,,PANEL,,14,true,,arabkir
Y21-CBCDA721,37905912,430749,88,,,3,1,,5,2,,,,GOOD,,,,,PANEL,,12,true,,arabkir
Y21-69E404C1,49372400,503800,98,,,3,1,,2,1,,,,GOOD,,,,,STONE,,6,true,,arabkir
Y21-EE4BB85A,16121600,520052,31,,,1,1,,1,0,,,,EURO_RENOVATION,,,,,STONE,,5,false,,arabkir
Y21-BFC3DA73,38792600,484908,80,,,3,1,,12,1,,,,GOOD,,,,,PANEL,,14,true,,arabkir
Y21-46C6F003,70532000,750340,94,,,4,1,,3,0,,,,NEEDS_REPAIR,,,,,STONE,,5,false,,arabkir
Y21-4D739BBB,26197600,623752,42,,,1,1,,4,1,,,,EURO_RENOVATION,,,,,STONE,,5,false,,arabkir
Y21-0DAD58D5,67005400,736323,91,,,4,2,,10,1,,,,EURO_RENOVATION,,,,,NEW_BUILD,,12,true,,arabkir
Y21-5CE1A270,15114000,397737,38,,,2,1,,2,1,,,,GOOD,,,,,STONE,,5,false,,arabkir
Y21-678E48B2,68013000,819434,83,,,3,1,,10,1,,,,NEEDS_REPAIR,,,,,NEW_BUILD,,11,true,,arabkir
Y21-FDE4787D,59952200,413463,145,,,5,2,,5,2,,,,EURO_RENOVATION,,,,,STONE,,5,false,,arabkir
Y21-DE6617E9,59952200,413463,145,,,5,2,,5,2,,,,EURO_RENOVATION,,,,,STONE,,5,false,,arabkir
Y21-C0BF1101,90684000,755700,120,,,4,2,,3,2,,,,EURO_RENOVATION,,,,,NEW_BUILD,,8,true,,arabkir
Y21-8C253C90,40304000,937302,43,,,2,1,,1,0,,,,EURO_RENOVATION,,,,,STONE,,5,false,,arabkir
Y21-93E27479,37785000,385561,98,,,3,1,,11,1,,,,NEEDS_REPAIR,,,,,PANEL,,14,true,,arabkir
Y21-5ADDF646,34762200,511209,68,,,2,1,,5,0,,,,GOOD,,,,,PANEL,,9,true,,arabkir
Y21-00F80ACB,44334400,554180,80,,,3,1,,14,1,,,,GOOD,,,,,PANEL,,16,true,,arabkir
Y21-4E93CB45,41059700,540259,76,,,3,1,,4,1,,,,EURO_RENOVATION,,,,,STONE,,5,false,,arabkir
Y21-2CB0A10C,46349600,410173,113,,,4,1,,8,1,,,,GOOD,,,,,PANEL,,13,true,,arabkir
Y21-B2DA1414,80608000,732800,110,,,4,2,,4,1,,,,EURO_RENOVATION,,,,,STONE,,5,false,,arabkir
Y21-FC9E90F0,112347400,913393,123,,,4,1,,8,0,,,,EURO_RENOVATION,,,,,NEW_BUILD,,13,true,,arabkir
Y21-555B30F7,75570000,755700,100,,,3,2,,10,2,,,,EURO_RENOVATION,,,,,NEW_BUILD,,11,true,,arabkir
Y21-688A00CF,24686200,411437,60,,,2,1,,8,0,,,,NEEDS_REPAIR,,,,,PANEL,,9,true,,arabkir
Y21-0E7F7A23,28212800,762508,37,,,1,1,,3,2,,,,GOOD,,,,,STONE,,5,false,,arabkir
Y21-4299D948,26197600,523952,50,,,1,1,,11,1,,,,EURO_RENOVATION,,,,,PANEL,,16,true,,arabkir
Y21-21E8AB0B,37734620,877549,43,,,2,1,,3,1,,,,EURO_RENOVATION,,,,,STONE,,5,false,,arabkir
Y21-846C6975,40304000,694897,58,,,2,1,,2,1,,,,GOOD,,,,,STONE,,5,false,,arabkir
Y21-2E45CF14,25693800,570973,45,,,1,1,,4,1,,,,GOOD,,,,,STONE,,5,false,,arabkir
Y21-A0F888EB,27709000,486123,57,,,2,1,,1,1,,,,NEEDS_REPAIR,,,,,MONOLITH,,1,false,,arabkir
Y21-17C040E4,36273600,549600,66,,,2,1,,2,1,,,,GOOD,,,,,STONE,,7,true,,arabkir
Y21-1E87F25F,65494000,311876,210,,,4,1,,3,0,,,,NEEDS_REPAIR,,,,,STONE,,3,false,,arabkir
Y21-E7FF92E1,29220400,695724,42,,,1,1,,9,1,,,,EURO_RENOVATION,,,,,PANEL,,10,true,,arabkir
Y21-D573933B,45342000,462673,98,,,4,1,,2,1,,,,GOOD,,,,,PANEL,,9,true,,arabkir
Y21-00C70070,37785000,547609,69,,,2,1,,6,1,,,,GOOD,,,,,PANEL,,9,true,,arabkir
Y21-29E17A8A,125446200,1130146,111,,,3,3,,13,1,,,,EURO_RENOVATION,,,,,NEW_BUILD,,17,true,,arabkir
Y21-BF1AF9CE,75570000,858750,88,,,3,1,,7,2,,,,GOOD,,,,,NEW_BUILD,,17,true,,arabkir
Y21-BD5DFBB5,37785000,555662,68,,,2,1,,12,1,,,,NEEDS_REPAIR,,,,,NEW_BUILD,,14,true,,arabkir
Y21-5DC9F30E,65494000,1039587,63,,,2,1,,5,1,,,,EURO_RENOVATION,,,,,NEW_BUILD,,9,true,,arabkir
Y21-D5635A41,37281200,540307,69,,,2,1,,1,0,,,,EURO_RENOVATION,,,,,PANEL,,9,true,,arabkir
Y21-2C10454D,22671000,581308,39,,,1,1,,4,0,,,,GOOD,,,,,STONE,,5,false,,arabkir
Y21-99154382,46349600,579370,80,,,3,2,,9,1,,,,NEEDS_REPAIR,,,,,NEW_BUILD,,14,true,,arabkir
Y21-752ECB9A,27205200,503800,54,,,2,2,,1,0,,,,EURO_RENOVATION,,,,,NEW_BUILD,,6,true,,arabkir
Y21-6C7583FC,25693800,279280,92,,,3,2,,2,1,,,,GOOD,,,,,PANEL,,16,true,,arabkir
Y21-1CE5C07A,43830600,932566,47,,,2,1,,5,1,,,,EURO_RENOVATION,,,,,NEW_BUILD,,8,true,,arabkir
Y21-42C15964,62975000,655990,96,,,3,1,,10,0,,,,NEEDS_REPAIR,,,,,PANEL,,16,true,,arabkir
Y21-A491430D,28716600,522120,55,,,2,1,,7,0,,,,EURO_RENOVATION,,,,,PANEL,,9,true,,arabkir
Y21-525805C9,80608000,732800,110,,,4,2,,4,1,,,,EURO_RENOVATION,,,,,STONE,,5,false,,arabkir
Y21-41E8BCF2,31235600,650742,48,,,1,1,,1,1,,,,EURO_RENOVATION,,,,,STONE,,5,false,,arabkir
Y21-3742ACFC,67005400,736323,91,,,4,2,,10,1,,,,EURO_RENOVATION,,,,,NEW_BUILD,,12,true,,arabkir
Y21-9BDAB766,30228000,549600,55,,,2,1,,3,1,,,,NEEDS_REPAIR,,,,,NEW_BUILD,,12,true,,arabkir
Y21-06445408,43326800,637159,68,,,4,1,,3,1,,,,EURO_RENOVATION,,,,,STONE,,5,false,,arabkir
Y21-473C2AC2,43830600,409632,107,,,4,1,,5,1,,,,EURO_RENOVATION,,,,,STONE,,5,false,,arabkir
Y21-6B891B4D,42823000,486625,88,,,3,1,,5,1,,,,GOOD,,,,,PANEL,,14,true,,arabkir
Y21-376F3354,48364800,525704,92,,,3,2,,1,0,,,,EURO_RENOVATION,,,,,PANEL,,7,true,,arabkir
Y21-7076285A,42823000,428230,100,,,3,3,,2,0,,,,EURO_RENOVATION,,,,,MONOLITH,,2,false,,arabkir
Y21-234EDBEF,26701400,635748,42,,,2,1,,5,0,,,,NEEDS_REPAIR,,,,,STONE,,5,false,,arabkir
Y21-EC475174,42823000,586616,73,,,2,1,,2,1,,,,GOOD,,,,,STONE,,5,false,,arabkir
Y21-29C775BC,75570000,572500,132,,,4,2,,7,0,,,,EURO_RENOVATION,,,,,STONE,,7,true,,arabkir
Y21-2F6C4BDC,36273600,549600,66,,,2,1,,5,1,,,,GOOD,,,,,STONE,,5,false,,arabkir
Y21-10B9C589,35266000,542554,65,,,2,1,,3,2,,,,GOOD,,,,,STONE,,4,false,,arabkir
Y21-3B3722C0,34258400,601025,57,,,2,1,,5,0,,,,NEEDS_REPAIR,,,,,STONE,,5,false,,arabkir
Y21-BF8A1DD8,37785000,419833,90,,,3,1,,1,1,,,,EURO_RENOVATION,,,,,STONE,,16,true,,arabkir
Y21-D98CB354,32747000,467814,70,,,3,1,,7,1,,,,EURO_RENOVATION,,,,,PANEL,,9,true,,arabkir
Y21-B0CA8819,55418000,461817,120,,,4,1,,12,1,,,,EURO_RENOVATION,,,,,PANEL,,13,true,,arabkir
Y21-2E61D4CF,39800200,631749,63,,,2,1,,4,1,,,,EURO_RENOVATION,,,,,STONE,,5,false,,arabkir
Y21-276EDB2F,50380000,409593,123,,,4,1,,10,0,,,,GOOD,,,,,NEW_BUILD,,10,true,,arabkir
Y21-286CB51C,70532000,712444,99,,,3,2,,7,2,,,,EURO_RENOVATION,,,,,NEW_BUILD,,8,true,,arabkir
Y21-B6C386CC,49876200,470530,106,,,4,1,,5,1,,,,EURO_RENOVATION,,,,,STONE,,5,false,,arabkir
Y21-BEBC9721,33754600,475417,71,,,2,1,,5,1,,,,GOOD,,,,,STONE,,5,false,,arabkir
Y21-F2FFCBD2,51891400,503800,103,,,3,1,,1,0,,,,GOOD,,,,,STONE,,5,false,,arabkir
Y21-B74FB748,38792600,546375,71,,,3,1,,5,0,,,,NEEDS_REPAIR,,,,,STONE,,5,false,,arabkir
Y21-8F03269A,32747000,503800,65,,,2,1,,4,1,,,,EURO_RENOVATION,,,,,STONE,,4,false,,arabkir
Y21-0F60AF3E,37281200,573557,65,,,2,1,,6,1,,,,EURO_RENOVATION,,,,,NEW_BUILD,,9,true,,arabkir
Y21-6C310739,32747000,436627,75,,,3,1,,4,1,,,,GOOD,,,,,STONE,,4,false,,arabkir
Y21-44A4E650,55418000,508422,109,,,5,1,,1,1,,,,EURO_RENOVATION,,,,,STONE,,5,false,,arabkir
Y21-810E19E7,34762200,469759,74,,,2,1,,5,1,,,,GOOD,,,,,PANEL,,9,true,,arabkir
Y21-90CC07FA,33452320,491946,68,,,3,1,,7,1,,,,GOOD,,,,,PANEL,,9,true,,arabkir
Y21-FD02975A,59448400,675550,88,,,3,2,,6,1,,,,EURO_RENOVATION,,,,,NEW_BUILD,,8,true,,arabkir
Y21-22D63290,38792600,625687,62,,,3,1,,2,0,,,,GOOD,,,,,STONE,,4,false,,arabkir
Y21-49B5B4BB,51387600,626678,82,,,3,2,,2,0,,,,EURO_RENOVATION,,,,,NEW_BUILD,,4,false,,arabkir
Y21-1F60088D,42319200,455045,93,,,3,1,,3,1,,,,EURO_RENOVATION,,,,,PANEL,,9,true,,arabkir
Y21-D4B83C74,44838200,879180,51,,,2,1,,5,1,,,,EURO_RENOVATION,,,,,NEW_BUILD,,6,true,,arabkir
Y21-2DFE0457,26197600,569513,46,,,2,1,,10,1,,,,EURO_RENOVATION,,,,,NEW_BUILD,,10,true,,arabkir
Y21-E7BD4096,45342000,431829,105,,,4,2,,13,1,,,,GOOD,,,,,PANEL,,14,true,,arabkir
Y21-F66ED033,30228000,377850,80,,,3,1,,1,2,,,,GOOD,,,,,PANEL,,9,true,,arabkir
Y21-F5D0057B,50380000,671733,75,,,3,1,,2,1,,,,EURO_RENOVATION,,,,,STONE,,5,false,,arabkir
Y21-20AFAC69,43326800,637159,68,,,4,1,,3,1,,,,EURO_RENOVATION,,,,,STONE,,5,false,,arabkir
Y21-3D2ADA02,33754600,581976,58,,,2,1,,5,1,,,,EURO_RENOVATION,,,,,STONE,,5,false,,arabkir
Y21-67FB3D99,31235600,800913,39,,,1,1,,2,1,,,,NEEDS_REPAIR,,,,,STONE,,5,false,,arabkir
Y21-AB140418,45845800,587767,78,,,3,1,,1,1,,,,GOOD,,,,,PANEL,,9,true,,arabkir
Y21-2B118967,34661440,468398,74,,,3,1,,9,2,,,,GOOD,,,,,PANEL,,14,true,,arabkir
Y21-A3AA4791,38792600,587767,66,,,2,1,,4,1,,,,EURO_RENOVATION,,,,,STONE,,5,false,,arabkir
Y21-8C6C88B0,30228000,816973,37,,,2,1,,1,0,,,,EURO_RENOVATION,,,,,STONE,,4,false,,arabkir
Y21-5D62B31B,54914200,915237,60,,,2,2,,10,1,,,,EURO_RENOVATION,,,,,NEW_BUILD,,12,true,,arabkir
Y21-0C6E4A72,20655800,459018,45,,,2,1,,6,1,,,,EURO_RENOVATION,,,,,STONE,,6,true,,arabkir
Y21-4B56D3B5,45342000,503800,90,,,3,1,,4,2,,,,GOOD,,,,,STONE,,4,false,,arabkir
Y21-B0983C61,32747000,584768,56,,,3,1,,1,1,,,,EURO_RENOVATION,,,,,STONE,,4,false,,arabkir
Y21-63CFCAE5,39296400,517058,76,,,4,1,,5,1,,,,EURO_RENOVATION,,,,,STONE,,5,false,,arabkir
Y21-7ED1ED28,73051000,579770,126,,,3,1,,10,1,,,,EURO_RENOVATION,,,,,NEW_BUILD,,10,true,,arabkir
Y21-4B71881B,37785000,555662,68,,,2,1,,1,1,,,,GOOD,,,,,PANEL,,9,true,,arabkir
Y21-792B1315,50380000,671733,75,,,3,1,,10,1,,,,EURO_RENOVATION,,,,,PANEL,,12,true,,arabkir
Y21-A2E3115D,36273600,426748,85,,,4,1,,5,2,,,,GOOD,,,,,PANEL,,9,true,,arabkir
Y21-4F1145D8,68013000,715926,95,,,3,2,,9,1,,,,EURO_RENOVATION,,,,,MONOLITH,,9,true,,arabkir
Y21-1DE043A1,44334400,738907,60,,,2,1,,8,1,,,,NEEDS_REPAIR,,,,,NEW_BUILD,,17,true,,arabkir
Y21-8A60D84A,89172600,979919,91,,,4,1,,3,2,,,,EURO_RENOVATION,,,,,STONE,,5,false,,arabkir
Y21-AD300E27,45342000,666794,68,,,3,1,,4,1,,,,EURO_RENOVATION,,,,,STONE,,5,false,,arabkir
Y21-D8CBC61F,24434300,568240,43,,,1,1,,7,1,,,,EURO_RENOVATION,,,,,PANEL,,9,true,,arabkir
Y21-1938A224,47861000,839667,57,,,2,1,,4,1,,,,GOOD,,,,,STONE,,5,false,,arabkir
Y21-32A39AA1,17476822,546151,32,,,1,1,,6,0,,,,EURO_RENOVATION,,,,,PANEL,,6,true,,arabkir
Y21-921FC2F5,59448400,577169,103,,,4,1,,2,1,,,,EURO_RENOVATION,,,,,STONE,,5,false,,arabkir
Y21-D389CAD5,43326800,646669,67,,,2,1,,4,1,,,,EURO_RENOVATION,,,,,STONE,,4,false,,arabkir
Y21-A8B9C3C8,80608000,822531,98,,,4,2,,4,2,,,,EURO_RENOVATION,,,,,NEW_BUILD,,18,true,,arabkir
Y21-028B7629,45342000,423757,107,,,3,2,,8,0,,,,EURO_RENOVATION,,,,,PANEL,,16,true,,arabkir
Y21-17C5635A,89676400,815240,110,,,4,2,,5,2,,,,EURO_RENOVATION,,,,,NEW_BUILD,,7,true,,arabkir
Y21-8A6BF8D4,37905912,430749,88,,,3,1,,5,2,,,,GOOD,,,,,PANEL,,12,true,,arabkir
Y21-AC0699D9,31991300,710918,45,,,1,1,,4,1,,,,GOOD,,,,,STONE,,5,false,,arabkir
Y21-5C475D31,60456000,765266,79,,,3,2,,2,1,,,,EURO_RENOVATION,,,,,NEW_BUILD,,11,true,,arabkir
Y21-04776EF8,32747000,409338,80,,,3,1,,15,0,,,,NEEDS_REPAIR,,,,,PANEL,,15,true,,arabkir
Y21-D3688F9D,57937000,1158740,50,,,2,1,,16,1,,,,EURO_RENOVATION,,,,,NEW_BUILD,,17,true,,arabkir
Y21-AB191B5F,47357200,584657,81,,,3,1,,1,1,,,,EURO_RENOVATION,,,,,PANEL,,9,true,,arabkir
Y21-3DEF2396,42319200,651065,65,,,2,1,,2,0,,,,EURO_RENOVATION,,,,,STONE,,3,false,,arabkir
Y21-A0963606,65494000,689411,95,,,3,2,,6,0,,,,EURO_RENOVATION,,,,,NEW_BUILD,,8,true,,arabkir
Y21-901D1070,62975000,662895,95,,,3,1,,2,1,,,,EURO_RENOVATION,,,,,PANEL,,16,true,,arabkir
Y21-088EF2F4,32747000,629750,52,,,2,1,,5,1,,,,EURO_RENOVATION,,,,,STONE,,5,false,,arabkir
Y21-9224523D,50380000,671733,75,,,3,1,,2,1,,,,EURO_RENOVATION,,,,,STONE,,5,false,,arabkir
Y21-C4CE26F4,43326800,637159,68,,,4,1,,3,1,,,,EURO_RENOVATION,,,,,STONE,,5,false,,arabkir
Y21-AE747F7C,31739400,495928,64,,,4,1,,5,1,,,,GOOD,,,,,STONE,,5,false,,arabkir
Y21-5E47575E,43830600,617332,71,,,3,1,,1,1,,,,GOOD,,,,,STONE,,5,false,,arabkir
Y21-1BD866BC,84134600,895049,94,,,3,1,,5,0,,,,NEEDS_REPAIR,,,,,STONE,,5,false,,arabkir
Y21-F5D4FBD0,90684000,647743,140,,,5,1,,1,1,,,,EURO_RENOVATION,,,,,STONE,,6,true,,arabkir
Y21-B82BAD7C,30228000,629750,48,,,2,1,,6,0,,,,EURO_RENOVATION,,,,,STONE,,7,true,,arabkir
Y21-7B74CD3F,28212800,626951,45,,,1,1,,9,1,,,,EURO_RENOVATION,,,,,PANEL,,9,true,,arabkir
Y21-1119ACB3,83630800,516240,162,,,5,2,,1,0,,,,EURO_RENOVATION,,,,,STONE,,3,false,,arabkir
Y21-06695E2B,30228000,604560,50,,,2,1,,3,1,,,,EURO_RENOVATION,,,,,STONE,,5,false,,arabkir
Y21-9026DD82,47861000,520228,92,,,3,1,,2,0,,,,NEEDS_REPAIR,,,,,STONE,,8,true,,arabkir
Y21-CBC3D2F3,45342000,487548,93,,,5,1,,2,0,,,,NEEDS_REPAIR,,,,,STONE,,5,false,,arabkir
Y21-8D1B544D,40807800,544104,75,,,3,1,,3,2,,,,NEEDS_REPAIR,,,,,STONE,,5,false,,arabkir
Y21-064324B9,26701400,445023,60,,,3,1,,5,1,,,,GOOD,,,,,STONE,,5,false,,arabkir
Y21-406D1668,60456000,643149,94,,,3,1,,8,1,,,,EURO_RENOVATION,,,,,PANEL,,9,true,,arabkir
Y21-329B70ED,75570000,572500,132,,,4,2,,7,0,,,,EURO_RENOVATION,,,,,STONE,,7,true,,arabkir
Y21-4DECE63F,46853400,503800,93,,,4,1,,5,2,,,,GOOD,,,,,STONE,,5,false,,arabkir
Y21-B867719F,43830600,541119,81,,,3,1,,5,0,,,,EURO_RENOVATION,,,,,PANEL,,14,true,,arabkir
Y21-19FB17A4,128469000,1079571,119,,,3,2,,8,2,,,,EURO_RENOVATION,,,,,NEW_BUILD,,15,true,,arabkir
Y21-08E73A6A,31235600,650742,48,,,1,1,,1,1,,,,EURO_RENOVATION,,,,,STONE,,5,false,,arabkir
Y21-3BD0CCF3,80608000,732800,110,,,4,2,,4,1,,,,EURO_RENOVATION,,,,,STONE,,5,false,,arabkir
Y21-8E83D60E,51891400,378769,137,,,3,2,,1,1,,,,EURO_RENOVATION,,,,,STONE,,5,false,,arabkir
Y21-5F5FB298,39800200,621878,64,,,3,1,,10,1,,,,EURO_RENOVATION,,,,,NEW_BUILD,,10,true,,arabkir
Y21-73FF3ACE,38288800,589058,65,,,2,2,,4,1,,,,GOOD,,,,,STONE,,5,false,,arabkir
Y21-71CC213B,36777400,503800,73,,,2,2,,9,2,,,,GOOD,,,,,MONOLITH,,16,true,,arabkir
Y21-2B362697,40304000,530316,76,,,3,2,,2,1,,,,EURO_RENOVATION,,,,,PANEL,,7,true,,arabkir
Y21-4C88DC77,43326800,541585,80,,,3,1,,3,2,,,,GOOD,,,,,STONE,,5,false,,arabkir
Y21-803E2208,45090100,395527,114,,,5,1,,4,0,,,,GOOD,,,,,STONE,,5,false,,arabkir
Y21-089EDC3C,30228000,719714,42,,,1,1,,9,1,,,,EURO_RENOVATION,,,,,PANEL,,9,true,,arabkir
Y21-3EC0E972,36273600,377850,96,,,3,1,,5,1,,,,NEEDS_REPAIR,,,,,STONE,,5,false,,arabkir
Y21-6A4530CE,68013000,790849,86,,,3,1,,6,0,,,,EURO_RENOVATION,,,,,STONE,,6,true,,arabkir
Y21-C76EAB1E,27709000,258963,107,,,4,1,,10,2,,,,GOOD,,,,,PANEL,,16,true,,arabkir
Y21-57D4063E,40304000,876174,46,,,2,1,,12,1,,,,EURO_RENOVATION,,,,,NEW_BUILD,,15,true,,arabkir
Y21-EF3DF45C,36273600,490184,74,,,4,1,,1,1,,,,EURO_RENOVATION,,,,,STONE,,5,false,,arabkir
Y21-661260F9,98241000,687000,143,,,5,1,,3,0,,,,NEEDS_REPAIR,,,,,MONOLITH,,5,false,,arabkir
Y21-26EAEBF9,34258400,601025,57,,,3,1,,4,1,,,,EURO_RENOVATION,,,,,STONE,,4,false,,arabkir
Y21-351BBD6E,32747000,528177,62,,,2,1,,8,0,,,,NEEDS_REPAIR,,,,,PANEL,,14,true,,arabkir
Y21-78BAA235,62975000,649227,97,,,3,2,,8,1,,,,NEEDS_REPAIR,,,,,NEW_BUILD,,8,true,,arabkir
Y21-50BB2814,27709000,577271,48,,,3,1,,5,0,,,,GOOD,,,,,STONE,,5,false,,arabkir
Y21-6EEC1CE6,37785000,539786,70,,,2,1,,12,1,,,,EURO_RENOVATION,,,,,PANEL,,16,true,,arabkir
Y21-586F8229,65494000,654940,100,,,3,1,,5,0,,,,NEEDS_REPAIR,,,,,PANEL,,16,true,,arabkir
Y21-4ED6E70A,60456000,643149,94,,,3,1,,8,1,,,,EURO_RENOVATION,,,,,PANEL,,9,true,,arabkir
Y21-5EB68AEA,30228000,629750,48,,,2,1,,1,1,,,,EURO_RENOVATION,,,,,STONE,,9,true,,arabkir
Y21-7BC375C1,39296400,503800,78,,,4,2,,5,2,,,,EURO_RENOVATION,,,,,STONE,,5,false,,arabkir
Y21-614BB627,52899000,556832,95,,,3,1,,16,1,,,,EURO_RENOVATION,,,,,PANEL,,16,true,,arabkir
Y21-E9696B01,22671000,515250,44,,,2,1,,4,1,,,,GOOD,,,,,STONE,,6,true,,arabkir
Y21-987FE9A2,35266000,629750,56,,,2,2,,4,1,,,,GOOD,,,,,STONE,,5,false,,arabkir
Y21-204B7F32,60456000,828164,73,,,3,1,,2,1,,,,EURO_RENOVATION,,,,,STONE,,3,false,,arabkir
Y21-38A56224,60456000,828164,73,,,3,1,,2,1,,,,EURO_RENOVATION,,,,,STONE,,3,false,,arabkir
Y21-1B89CDB9,47861000,531789,90,,,3,1,,6,0,,,,EURO_RENOVATION,,,,,PANEL,,10,true,,arabkir
Y21-3399A3EE,41311600,860658,48,,,2,1,,12,1,,,,EURO_RENOVATION,,,,,NEW_BUILD,,17,true,,arabkir
Y21-7F406635,56425600,581707,97,,,3,1,,3,0,,,,NEEDS_REPAIR,,,,,PANEL,,9,true,,arabkir
Y21-5DFB83AD,29220400,649342,45,,,1,1,,3,1,,,,EURO_RENOVATION,,,,,PANEL,,9,true,,arabkir
Y21-21EF0C70,44838200,582314,77,,,3,1,,5,1,,,,EURO_RENOVATION,,,,,STONE,,5,false,,arabkir
Y21-43EBD48F,47861000,402193,119,,,4,1,,13,1,,,,EURO_RENOVATION,,,,,PANEL,,14,true,,arabkir
Y21-3481D01A,40304000,359857,112,,,3,1,,1,1,,,,EURO_RENOVATION,,,,,PANEL,,9,true,,arabkir
Y21-94493464,50380000,629750,80,,,4,1,,1,1,,,,EURO_RENOVATION,,,,,PANEL,,9,true,,arabkir
Y21-8E85E80A,75570000,629750,120,,,3,1,,14,0,,,,NEEDS_REPAIR,,,,,STONE,,15,true,,arabkir
Y21-B31B2F3E,34258400,761298,45,,,2,1,,2,1,,,,EURO_RENOVATION,,,,,NEW_BUILD,,8,true,,arabkir
Y21-9E96BD44,29220400,487007,60,,,2,1,,1,1,,,,GOOD,,,,,STONE,,8,true,,arabkir
Y21-8FEF38D0,35266000,424892,83,,,3,2,,1,1,,,,GOOD,,,,,STONE,,5,false,,arabkir
Y21-C5F3A008,33754600,703221,48,,,2,1,,4,0,,,,EURO_RENOVATION,,,,,STONE,,5,false,,arabkir
Y21-C815832E,47861000,674099,71,,,3,1,,4,1,,,,EURO_RENOVATION,,,,,STONE,,5,false,,arabkir
Y21-6CD1FD09,47861000,563071,85,,,3,1,,5,0,,,,EURO_RENOVATION,,,,,PANEL,,12,true,,arabkir
Y21-A9913455,62975000,484423,130,,,4,1,,1,0,,,,NEEDS_REPAIR,,,,,STONE,,3,false,,arabkir
Y21-6A24D5C7,69020600,945488,73,,,3,1,,1,1,,,,EURO_RENOVATION,,,,,STONE,,5,false,,arabkir
Y21-8D0C5388,28716600,495114,58,,,2,2,,5,2,,,,GOOD,,,,,STONE,,5,false,,arabkir
Y21-D877F9FB,60456000,839667,72,,,3,1,,2,0,,,,NEEDS_REPAIR,,,,,STONE,,6,true,,arabkir
Y21-8E9CE55A,57937000,724213,80,,,3,1,,3,0,,,,NEEDS_REPAIR,,,,,STONE,,4,false,,arabkir
Y21-E799DE8A,57937000,629750,92,,,3,2,,11,1,,,,EURO_RENOVATION,,,,,NEW_BUILD,,14,true,,arabkir
Y21-EF2F193D,37785000,532183,71,,,3,2,,7,1,,,,GOOD,,,,,PANEL,,16,true,,arabkir
Y21-CA91BB93,40304000,575771,70,,,3,1,,5,0,,,,EURO_RENOVATION,,,,,STONE,,5,false,,arabkir
Y21-9599CE97,60456000,679281,89,,,3,1,,5,1,,,,EURO_RENOVATION,,,,,STONE,,5,false,,arabkir
Y21-CD4113F6,33250800,554180,60,,,2,1,,1,0,,,,GOOD,,,,,PANEL,,9,true,,arabkir
Y21-D6535D74,59952200,611757,98,,,4,1,,3,1,,,,EURO_RENOVATION,,,,,STONE,,3,false,,arabkir
Y21-24E91351,52899000,734708,72,,,3,1,,8,1,,,,EURO_RENOVATION,,,,,MONOLITH,,9,true,,arabkir
Y21-C8A9FE4A,67962620,522789,130,,,4,2,,3,1,,,,EURO_RENOVATION,,,,,STONE,,7,true,,arabkir
Y21-7812C222,50380000,519381,97,,,4,1,,1,0,,,,NEEDS_REPAIR,,,,,STONE,,5,false,,arabkir
Y21-E3BA54C6,20101620,418784,48,,,1,1,,4,1,,,,GOOD,,,,,STONE,,5,false,,arabkir
Y21-320324A6,39296400,586513,67,,,2,1,,8,1,,,,EURO_RENOVATION,,,,,PANEL,,12,true,,arabkir
Y21-A133049D,125446200,1130146,111,,,3,3,,13,1,,,,EURO_RENOVATION,,,,,NEW_BUILD,,17,true,,arabkir
Y21-21A30B7F,34762200,609863,57,,,2,1,,5,1,,,,GOOD,,,,,STONE,,5,false,,arabkir
Y21-EE484062,22671000,687000,33,,,1,1,,1,0,,,,EURO_RENOVATION,,,,,STONE,,5,false,,arabkir
Y21-1B8BD839,39800200,410311,97,,,3,1,,9,0,,,,GOOD,,,,,MONOLITH,,16,true,,arabkir
Y21-2E89B79A,34762200,534803,65,,,3,1,,3,1,,,,GOOD,,,,,STONE,,5,false,,arabkir
Y21-F16AEC37,83127000,791686,105,,,3,2,,2,2,,,,EURO_RENOVATION,,,,,NEW_BUILD,,8,true,,arabkir
Y21-AD386845,50380000,566067,89,,,3,1,,6,1,,,,EURO_RENOVATION,,,,,PANEL,,9,true,,arabkir
Y21-638E8DF7,32747000,574509,57,,,2,2,,1,1,,,,GOOD,,,,,STONE,,5,false,,arabkir
Y21-4F7F400C,32747000,436627,75,,,3,1,,1,0,,,,GOOD,,,,,STONE,,5,false,,arabkir
Y21-FC5D9ADF,25693800,389300,66,,,2,1,,8,1,,,,GOOD,,,,,PANEL,,9,true,,arabkir
Y21-F382F255,41311600,425893,97,,,3,1,,5,2,,,,GOOD,,,,,STONE,,5,false,,arabkir
Y21-1BC4B1A1,56929400,801823,71,,,3,2,,13,2,,,,EURO_RENOVATION,,,,,NEW_BUILD,,14,true,,arabkir
Y21-4CD2FEE0,28212800,564256,50,,,1,1,,2,1,,,,GOOD,,,,,STONE,,5,false,,arabkir
Y21-60640B85,70532000,671733,105,,,3,1,,1,1,,,,EURO_RENOVATION,,,,,STONE,,9,true,,arabkir
Y21-A4E95457,30228000,671733,45,,,2,1,,4,0,,,,GOOD,,,,,STONE,,5,false,,arabkir
Y21-FE1E7288,62975000,828618,76,,,3,1,,2,1,,,,EURO_RENOVATION,,,,,STONE,,4,false,,arabkir
Y21-29947B79,26701400,445023,60,,,3,1,,5,1,,,,GOOD,,,,,STONE,,5,false,,arabkir
Y21-ECECDE74,28716600,574332,50,,,2,1,,5,0,,,,EURO_RENOVATION,,,,,STONE,,5,false,,arabkir
Y21-819B256F,115874000,1072907,108,,,2,2,,2,1,,,,EURO_RENOVATION,,,,,NEW_BUILD,,4,false,,arabkir
Y21-5DADB7D9,28212800,434043,65,,,2,1,,5,1,,,,GOOD,,,,,STONE,,5,false,,arabkir
Y21-91D361D3,31739400,634788,50,,,1,1,,9,1,,,,GOOD,,,,,PANEL,,12,true,,arabkir
Y21-258B7FC5,22671000,708469,32,,,2,1,,5,1,,,,EURO_RENOVATION,,,,,PANEL,,5,false,,arabkir
Y21-E98031ED,39800200,865222,46,,,2,1,,5,1,,,,EURO_RENOVATION,,,,,STONE,,5,false,,arabkir
Y21-30266F2F,76577600,654509,117,,,4,2,,10,1,,,,EURO_RENOVATION,,,,,NEW_BUILD,,15,true,,arabkir
Y21-329AFFDD,35266000,766652,46,,,2,1,,6,1,,,,EURO_RENOVATION,,,,,NEW_BUILD,,8,true,,arabkir
Y21-0493D1B7,30228000,549600,55,,,2,1,,3,1,,,,NEEDS_REPAIR,,,,,NEW_BUILD,,12,true,,arabkir
Y21-18A9936B,26701400,445023,60,,,3,1,,5,1,,,,GOOD,,,,,STONE,,5,false,,arabkir
Y21-DA7CBC99,44334400,661707,67,,,2,1,,4,1,,,,EURO_RENOVATION,,,,,STONE,,5,false,,arabkir
Y21-5042FC42,125446200,1130146,111,,,3,3,,13,1,,,,EURO_RENOVATION,,,,,NEW_BUILD,,17,true,,arabkir
Y21-AFC017E0,67005400,736323,91,,,4,2,,10,1,,,,EURO_RENOVATION,,,,,NEW_BUILD,,12,true,,arabkir
Y21-32A5268F,28716600,522120,55,,,2,1,,7,0,,,,EURO_RENOVATION,,,,,PANEL,,9,true,,arabkir
Y21-CE38F5EE,50380000,671733,75,,,3,1,,2,1,,,,EURO_RENOVATION,,,,,STONE,,5,false,,arabkir
Y21-89C8AB48,31235600,650742,48,,,1,1,,1,1,,,,EURO_RENOVATION,,,,,STONE,,5,false,,arabkir
Y21-63BBC46D,46097700,576221,80,,,3,1,,2,1,,,,EURO_RENOVATION,,,,,PANEL,,9,true,,arabkir
Y21-22024A9B,34006500,485807,70,,,2,1,,4,0,,,,GOOD,,,,,STONE,,4,false,,arabkir
Y21-E962C082,23678600,563776,42,,,2,1,,3,1,,,,EURO_RENOVATION,,,,,PANEL,,9,true,,arabkir
Y21-5DDB5904,33754600,784991,43,,,2,1,,4,1,,,,EURO_RENOVATION,,,,,STONE,,5,false,,arabkir
Y21-2A245CA3,57937000,673686,86,,,3,2,,2,0,,,,EURO_RENOVATION,,,,,NEW_BUILD,,8,true,,arabkir
Y21-6CCC46F9,39800200,545208,73,,,3,2,,5,0,,,,GOOD,,,,,STONE,,5,false,,arabkir
Y21-FE24520A,45342000,527233,86,,,3,1,,4,1,,,,GOOD,,,,,STONE,,5,false,,arabkir
Y21-835598A2,51891400,378769,137,,,4,2,,1,0,,,,EURO_RENOVATION,,,,,STONE,,5,false,,arabkir
Y21-69D81044,29220400,621711,47,,,2,1,,6,1,,,,EURO_RENOVATION,,,,,NEW_BUILD,,8,true,,arabkir
Y21-2AC08525,70532000,750340,94,,,4,1,,3,0,,,,NEEDS_REPAIR,,,,,STONE,,5,false,,arabkir
Y21-AF4B108F,90684000,1018921,89,,,3,2,,6,1,,,,EURO_RENOVATION,,,,,NEW_BUILD,,6,true,,arabkir
Y21-0475A1ED,52899000,528990,100,,,3,1,,4,1,,,,GOOD,,,,,NEW_BUILD,,5,false,,arabkir
Y21-1E5D0B38,55418000,583347,95,,,4,1,,3,1,,,,EURO_RENOVATION,,,,,STONE,,5,false,,arabkir
Y21-E3E766EC,37785000,434310,87,,,3,1,,1,2,,,,GOOD,,,,,STONE,,4,false,,arabkir
Y21-2CA701B5,51891400,378769,137,,,3,2,,1,1,,,,EURO_RENOVATION,,,,,STONE,,5,false,,arabkir
Y21-A7495E4B,55418000,769694,72,,,3,1,,3,1,,,,GOOD,,,,,STONE,,5,false,,arabkir
Y21-CCE3BD24,42823000,570973,75,,,3,1,,9,1,,,,EURO_RENOVATION,,,,,PANEL,,9,true,,arabkir
Y21-6BE2EA4F,115874000,905266,128,,,4,3,,6,1,,,,EURO_RENOVATION,,,,,NEW_BUILD,,17,true,,arabkir
Y21-0665E310,40304000,485590,83,,,3,1,,10,1,,,,GOOD,,,,,PANEL,,10,true,,arabkir
Y21-4C859207,61463600,778020,79,,,3,2,,2,1,,,,EURO_RENOVATION,,,,,NEW_BUILD,,12,true,,arabkir
Y21-3A4F1152,42319200,564256,75,,,2,1,,3,1,,,,EURO_RENOVATION,,,,,STONE,,5,false,,arabkir
Y21-1168F7A2,43326800,515795,84,,,3,1,,5,1,,,,EURO_RENOVATION,,,,,STONE,,5,false,,arabkir
Y21-079EB8AD,28716600,358958,80,,,4,1,,1,0,,,,NEEDS_REPAIR,,,,,STONE,,1,false,,arabkir
Y21-0AF0312F,65494000,727711,90,,,3,1,,5,1,,,,EURO_RENOVATION,,,,,STONE,,5,false,,arabkir
Y21-A04A2EBB,43326800,555472,78,,,3,1,,2,1,,,,EURO_RENOVATION,,,,,STONE,,5,false,,arabkir
Y21-043EFC4A,60456000,604560,100,,,3,1,,3,1,,,,EURO_RENOVATION,,,,,STONE,,3,false,,arabkir
Y21-06082674,60456000,671733,90,,,3,1,,1,0,,,,NEEDS_REPAIR,,,,,PANEL,,9,true,,arabkir
Y21-EC89C935,37785000,497171,76,,,3,1,,5,0,,,,GOOD,,,,,STONE,,5,false,,arabkir
Y21-BE996C79,38288800,627685,61,,,2,1,,2,1,,,,EURO_RENOVATION,,,,,PANEL,,12,true,,arabkir
Y21-10206519,100760000,458000,220,,,6,3,,5,1,,,,EURO_RENOVATION,,,,,STONE,,5,false,,arabkir
Y21-7D455011,37785000,478291,79,,,3,1,,2,1,,,,EURO_RENOVATION,,,,,STONE,,4,false,,arabkir
Y21-440D5323,40304000,575771,70,,,3,1,,1,1,,,,EURO_RENOVATION,,,,,PANEL,,9,true,,arabkir
Y21-2A6054D9,40304000,575771,70,,,3,1,,1,0,,,,NEEDS_REPAIR,,,,,PANEL,,9,true,,arabkir
Y21-97FD2965,28716600,667828,43,,,2,1,,2,1,,,,GOOD,,,,,STONE,,4,false,,arabkir
Y21-638194E0,125950000,703631,179,,,3,1,,14,0,,,,NEEDS_REPAIR,,,,,MONOLITH,,14,true,,arabkir
Y21-AC7BF16F,23678600,394643,60,,,2,1,,1,1,,,,GOOD,,,,,STONE,,5,false,,arabkir
Y21-EC526CE6,32747000,642098,51,,,1,1,,1,0,,,,NEEDS_REPAIR,,,,,STONE,,5,false,,arabkir
Y21-23BE2A0B,35769800,687881,52,,,2,1,,5,1,,,,EURO_RENOVATION,,,,,STONE,,5,false,,arabkir
Y21-F49413BF,36273600,490184,74,,,3,1,,1,1,,,,NEEDS_REPAIR,,,,,STONE,,5,false,,arabkir
Y21-695A7675,29220400,679544,43,,,1,1,,3,1,,,,GOOD,,,,,STONE,,5,false,,arabkir
Y21-438119D4,21159600,587767,36,,,1,1,,5,1,,,,EURO_RENOVATION,,,,,STONE,,5,false,,arabkir
Y21-A6CEF5FD,29724200,632430,47,,,2,1,,1,1,,,,EURO_RENOVATION,,,,,STONE,,5,false,,arabkir
Y21-459A2A6A,55418000,622674,89,,,3,1,,5,1,,,,EURO_RENOVATION,,,,,NEW_BUILD,,12,true,,arabkir
Y21-0AF5E3A1,92447300,577796,160,,,5,3,,5,2,,,,EURO_RENOVATION,,,,,STONE,,5,false,,arabkir
Y21-20B0CEEA,33754600,535787,63,,,2,1,,5,1,,,,GOOD,,,,,STONE,,5,false,,arabkir
Y21-997F9C87,46853400,503800,93,,,4,1,,5,2,,,,GOOD,,,,,STONE,,5,false,,arabkir
Y21-C444FAD4,26197600,873253,30,,,1,1,,5,1,,,,EURO_RENOVATION,,,,,STONE,,5,false,,arabkir
Y21-50FCC9B1,75570000,944625,80,,,2,1,,12,1,,,,EURO_RENOVATION,,,,,NEW_BUILD,,17,true,,arabkir
Y21-A1A5DAB8,27709000,692725,40,,,1,2,,3,1,,,,EURO_RENOVATION,,,,,STONE,,5,false,,arabkir
Y21-B754C3EA,49372400,649637,76,,,3,1,,5,1,,,,EURO_RENOVATION,,,,,STONE,,6,true,,arabkir
Y21-62D9633C,42823000,594764,72,,,2,1,,4,1,,,,NEEDS_REPAIR,,,,,STONE,,5,false,,arabkir
Y21-68F3DF6A,90684000,1079571,84,,,3,2,,5,1,,,,EURO_RENOVATION,,,,,NEW_BUILD,,6,true,,arabkir
Y21-87DB4EC0,56425600,910090,62,,,2,1,,15,1,,,,EURO_RENOVATION,,,,,NEW_BUILD,,16,true,,arabkir
Y21-4602A40C,60456000,623258,97,,,4,1,,5,0,,,,EURO_RENOVATION,,,,,STONE,,5,false,,arabkir
Y21-ED4DB0E9,42823000,603141,71,,,3,1,,5,1,,,,EURO_RENOVATION,,,,,STONE,,5,false,,arabkir
Y21-D9746B9B,52899000,594371,89,,,4,1,,4,0,,,,EURO_RENOVATION,,,,,STONE,,4,false,,arabkir
Y21-54566AD7,52899000,528990,100,,,4,2,,6,1,,,,EURO_RENOVATION,,,,,STONE,,7,true,,arabkir
Y21-DA90DC85,49372400,931555,53,,,2,1,,2,1,,,,EURO_RENOVATION,,,,,NEW_BUILD,,9,true,,arabkir
Y21-6B80FB5F,33754600,401840,84,,,3,2,,5,2,,,,NEEDS_REPAIR,,,,,STONE,,5,false,,arabkir
Y21-D30E0368,32747000,503800,65,,,3,1,,2,1,,,,GOOD,,,,,STONE,,4,false,,arabkir
Y21-C6F5EA71,68516800,787549,87,,,3,2,,6,2,,,,EURO_RENOVATION,,,,,MONOLITH,,12,true,,arabkir
Y21-D21E9C79,31235600,624712,50,,,2,1,,7,0,,,,EURO_RENOVATION,,,,,STONE,,7,true,,arabkir
Y21-7D9D86FE,54410400,697569,78,,,3,1,,3,0,,,,NEEDS_REPAIR,,,,,STONE,,5,false,,arabkir
Y21-1E709B2E,35769800,627540,57,,,2,1,,5,2,,,,EURO_RENOVATION,,,,,STONE,,5,false,,arabkir
Y21-00AE1063,60456000,657130,92,,,3,1,,2,1,,,,EURO_RENOVATION,,,,,PANEL,,12,true,,arabkir
Y21-08BBE19C,60456000,657130,92,,,4,1,,2,1,,,,EURO_RENOVATION,,,,,PANEL,,12,true,,arabkir
Y21-0D8359C8,29220400,608758,48,,,2,1,,1,1,,,,GOOD,,,,,STONE,,5,false,,arabkir
Y21-2DA6FC1B,44334400,682068,65,,,3,1,,5,1,,,,EURO_RENOVATION,,,,,STONE,,5,false,,arabkir
Y21-68C83815,27709000,659738,42,,,2,1,,8,1,,,,EURO_RENOVATION,,,,,PANEL,,9,true,,arabkir
Y21-025AD741,42823000,423990,101,,,3,1,,5,2,,,,GOOD,,,,,STONE,,5,false,,arabkir
Y21-2D572AAB,60456000,643149,94,,,3,2,,1,1,,,,EURO_RENOVATION,,,,,STONE,,5,false,,arabkir
Y21-CEB70753,48868600,498659,98,,,3,1,,4,0,,,,GOOD,,,,,STONE,,8,true,,arabkir
Y21-573F47DA,37785000,478291,79,,,3,1,,4,1,,,,GOOD,,,,,PANEL,,9,true,,arabkir
Y21-09D7CB86,28716600,870200,33,,,1,1,,2,0,,,,EURO_RENOVATION,,,,,STONE,,5,false,,arabkir
Y21-123B18E5,49876200,600918,83,,,3,1,,2,1,,,,EURO_RENOVATION,,,,,STONE,,3,false,,arabkir
Y21-21214888,43830600,481655,91,,,3,1,,3,1,,,,GOOD,,,,,PANEL,,9,true,,arabkir
Y21-3E1E358B,110836000,846076,131,,,4,2,,2,0,,,,EURO_RENOVATION,,,,,NEW_BUILD,,7,true,,arabkir
Y21-7713E4FD,42823000,486625,88,,,3,1,,5,1,,,,GOOD,,,,,PANEL,,14,true,,arabkir
Y21-4C89CC14,43830600,409632,107,,,4,1,,5,1,,,,EURO_RENOVATION,,,,,STONE,,5,false,,arabkir
Y21-A576AF5D,125446200,1130146,111,,,3,3,,13,1,,,,EURO_RENOVATION,,,,,NEW_BUILD,,17,true,,arabkir
Y21-E1FD699B,43326800,637159,68,,,4,1,,3,1,,,,EURO_RENOVATION,,,,,STONE,,5,false,,arabkir
Y21-52A2E1B8,46853400,503800,93,,,4,1,,5,2,,,,GOOD,,,,,STONE,,5,false,,arabkir
Y21-1789D6D1,67005400,736323,91,,,4,2,,10,1,,,,EURO_RENOVATION,,,,,NEW_BUILD,,12,true,,arabkir
Y21-E426C181,60456000,643149,94,,,3,1,,8,1,,,,EURO_RENOVATION,,,,,PANEL,,9,true,,arabkir
Y21-E3073E5D,33250800,950023,35,,,1,1,,2,1,,,,EURO_RENOVATION,,,,,STONE,,5,false,,arabkir
Y21-F94F7315,45342000,944625,48,,,1,1,,2,0,,,,GOOD,,,,,STONE,,7,true,,arabkir
Y21-8890D5CD,65494000,727711,90,,,3,2,,3,1,,,,GOOD,,,,,STONE,,5,false,,arabkir
Y21-DBABEA14,37785000,503800,75,,,3,1,,5,1,,,,NEEDS_REPAIR,,,,,STONE,,5,false,,arabkir
Y21-13616124,83127000,654543,127,,,3,1,,15,2,,,,NEEDS_REPAIR,,,,,NEW_BUILD,,15,true,,arabkir
Y21-859CDD1E,40304000,746370,54,,,2,1,,2,1,,,,GOOD,,,,,STONE,,5,false,,arabkir
Y21-5C2BB267,50380000,503800,100,,,3,1,,5,2,,,,GOOD,,,,,PANEL,,14,true,,arabkir
Y21-44080CC1,42823000,570973,75,,,3,1,,5,0,,,,EURO_RENOVATION,,,,,STONE,,5,false,,arabkir
Y21-C193F9AD,31235600,664587,47,,,2,2,,2,0,,,,GOOD,,,,,STONE,,6,true,,arabkir
Y21-90F15DA4,76577600,665892,115,,,4,2,,10,1,,,,EURO_RENOVATION,,,,,NEW_BUILD,,16,true,,arabkir
Y21-1E536796,25190000,449821,56,,,2,1,,1,1,,,,GOOD,,,,,STONE,,5,false,,arabkir
Y21-2282A7DD,42823000,648833,66,,,2,1,,4,1,,,,EURO_RENOVATION,,,,,STONE,,5,false,,arabkir
Y21-1DEF9E82,32747000,511672,64,,,2,1,,6,1,,,,GOOD,,,,,PANEL,,9,true,,arabkir
Y21-00B5D05E,45342000,647743,70,,,2,1,,2,1,,,,EURO_RENOVATION,,,,,STONE,,3,false,,arabkir
Y21-2CB92FA6,40304000,544649,74,,,3,1,,3,1,,,,GOOD,,,,,PANEL,,9,true,,arabkir
Y21-7BFBEA3D,42319200,587767,72,,,3,1,,4,1,,,,EURO_RENOVATION,,,,,STONE,,5,false,,arabkir
Y21-31ADC4CF,57937000,650978,89,,,4,1,,7,1,,,,EURO_RENOVATION,,,,,PANEL,,9,true,,arabkir
Y21-AAC73EC4,36777400,533006,69,,,2,1,,11,2,,,,EURO_RENOVATION,,,,,PANEL,,12,true,,arabkir
Y21-505FCD07,28212800,306661,92,,,3,1,,1,1,,,,GOOD,,,,,STONE,,1,false,,arabkir
Y21-0C425099,35266000,551031,64,,,2,1,,5,1,,,,GOOD,,,,,PANEL,,9,true,,arabkir
Y21-7851172A,80608000,383848,210,,,4,2,,1,0,,,,EURO_RENOVATION,,,,,STONE,,5,false,,arabkir
Y21-7D8E8B0C,13098800,545783,24,,,1,1,,6,0,,,,NEEDS_REPAIR,,,,,STONE,,6,true,,arabkir
Y21-185A009E,17633000,489806,36,,,2,1,,1,0,,,,EURO_RENOVATION,,,,,PANEL,,9,true,,arabkir
Y21-101FEB8D,28212800,613322,46,,,1,1,,3,1,,,,GOOD,,,,,STONE,,5,false,,arabkir
Y21-BD88A9E2,47357200,599458,79,,,3,1,,11,1,,,,EURO_RENOVATION,,,,,PANEL,,14,true,,arabkir
Y21-9D5EA97F,41311600,516395,80,,,3,1,,4,1,,,,EURO_RENOVATION,,,,,PANEL,,14,true,,arabkir
Y21-45C8779A,39800200,884449,45,,,2,1,,5,1,,,,EURO_RENOVATION,,,,,STONE,,5,false,,arabkir
Y21-CB3E1A1C,78089000,848793,92,,,3,1,,5,1,,,,EURO_RENOVATION,,,,,PANEL,,9,true,,arabkir
Y21-2D80F0AC,55418000,644395,86,,,3,1,,4,1,,,,GOOD,,,,,STONE,,5,false,,arabkir
Y21-73E853ED,88165000,794279,111,,,4,2,,5,1,,,,NEEDS_REPAIR,,,,,NEW_BUILD,,18,true,,arabkir
Y21-6854C319,43830600,409632,107,,,4,1,,5,1,,,,GOOD,,,,,STONE,,5,false,,arabkir
Y21-C7ECA473,43830600,409632,107,,,4,1,,5,1,,,,EURO_RENOVATION,,,,,STONE,,5,false,,arabkir
Y21-5A57FE7F,39296400,491205,80,,,4,1,,5,1,,,,GOOD,,,,,PANEL,,14,true,,arabkir
Y21-0ED39DDB,55418000,395843,140,,,5,2,,6,0,,,,EURO_RENOVATION,,,,,STONE,,6,true,,arabkir
Y21-42AF6887,62975000,629750,100,,,3,1,,1,1,,,,EURO_RENOVATION,,,,,STONE,,5,false,,arabkir
Y21-5D4DF9C9,42823000,658815,65,,,3,1,,2,1,,,,EURO_RENOVATION,,,,,NEW_BUILD,,16,true,,arabkir
Y21-807D6FCC,68013000,647743,105,,,3,1,,5,1,,,,EURO_RENOVATION,,,,,STONE,,5,false,,arabkir
Y21-76F4F384,51891400,552036,94,,,3,1,,2,1,,,,EURO_RENOVATION,,,,,STONE,,5,false,,arabkir
Y21-798F6284,69524400,914795,76,,,3,1,,3,1,,,,GOOD,,,,,STONE,,5,false,,arabkir
Y21-EE38FBB0,22671000,612730,37,,,2,1,,9,0,,,,GOOD,,,,,PANEL,,9,true,,arabkir
Y21-0970C21D,42823000,556143,77,,,4,2,,1,2,,,,GOOD,,,,,PANEL,,9,true,,arabkir
Y21-382E614B,60456000,650065,93,,,3,1,,9,0,,,,EURO_RENOVATION,,,,,NEW_BUILD,,14,true,,arabkir
Y21-82DA8476,40304000,530316,76,,,4,2,,2,1,,,,GOOD,,,,,STONE,,3,false,,arabkir
Y21-AC1525AE,85646000,713717,120,,,3,2,,6,1,,,,NEEDS_REPAIR,,,,,MONOLITH,,8,true,,arabkir
Y21-D9C337B0,27709000,644395,43,,,2,1,,2,1,,,,EURO_RENOVATION,,,,,MONOLITH,,5,false,,arabkir
Y21-F40D1F69,47861000,613603,78,,,4,1,,5,1,,,,EURO_RENOVATION,,,,,STONE,,5,false,,arabkir
Y21-185834C9,30228000,702977,43,,,2,1,,7,0,,,,EURO_RENOVATION,,,,,NEW_BUILD,,8,true,,arabkir
Y21-E50C8DD5,31739400,495928,64,,,3,1,,1,1,,,,GOOD,,,,,STONE,,5,false,,arabkir
Y21-10B58146,75570000,614390,123,,,4,2,,5,1,,,,EURO_RENOVATION,,,,,NEW_BUILD,,8,true,,arabkir
Y21-A150FA09,40304000,575771,70,,,3,1,,5,1,,,,EURO_RENOVATION,,,,,STONE,,5,false,,arabkir
Y21-765B868C,37785000,599762,63,,,2,1,,11,1,,,,GOOD,,,,,PANEL,,12,true,,arabkir
Y21-A4C00E2D,27709000,494804,56,,,3,2,,1,0,,,,EURO_RENOVATION,,,,,MONOLITH,,9,true,,arabkir
Y21-5F500913,22267960,463916,48,,,2,1,,8,1,,,,NEEDS_REPAIR,,,,,MONOLITH,,9,true,,arabkir
Y21-9DD68BE2,36273600,503800,72,,,3,1,,1,1,,,,GOOD,,,,,STONE,,6,true,,arabkir
Y21-06D587E6,46349600,747574,62,,,3,1,,3,1,,,,EURO_RENOVATION,,,,,NEW_BUILD,,14,true,,arabkir
Y21-65289A9D,35266000,705320,50,,,2,1,,1,1,,,,EURO_RENOVATION,,,,,STONE,,3,false,,arabkir
Y21-C02E699D,27709000,589553,47,,,3,1,,4,0,,,,EURO_RENOVATION,,,,,STONE,,5,false,,arabkir
Y21-45788BE4,69524400,476195,146,,,3,2,,3,1,,,,EURO_RENOVATION,,,,,STONE,,5,false,,arabkir
Y21-F18343E9,55418000,852585,65,,,3,1,,2,1,,,,EURO_RENOVATION,,,,,NEW_BUILD,,20,true,,arabkir
Y21-DCB20265,31739400,577080,55,,,2,1,,7,1,,,,NEEDS_REPAIR,,,,,NEW_BUILD,,12,true,,arabkir
Y21-0CDE944A,31235600,400456,78,,,2,1,,1,1,,,,GOOD,,,,,STONE,,4,false,,arabkir
Y21-B30AF65F,26701400,593364,45,,,2,1,,1,0,,,,GOOD,,,,,STONE,,5,false,,arabkir
Y21-1EEED666,33754600,366898,92,,,3,2,,5,1,,,,EURO_RENOVATION,,,,,STONE,,5,false,,arabkir
Y21-EB48EEB2,44334400,599114,74,,,3,1,,3,0,,,,NEEDS_REPAIR,,,,,STONE,,5,false,,arabkir
Y21-ACD31D3D,38792600,554180,70,,,2,1,,8,2,,,,EURO_RENOVATION,,,,,PANEL,,9,true,,arabkir
Y21-ABA3AF08,84134600,895049,94,,,3,1,,5,0,,,,NEEDS_REPAIR,,,,,STONE,,5,false,,arabkir
Y21-FC35D080,42823000,713717,60,,,2,1,,4,1,,,,EURO_RENOVATION,,,,,STONE,,5,false,,arabkir
Y21-455613C3,31739400,610373,52,,,2,1,,3,1,,,,EURO_RENOVATION,,,,,NEW_BUILD,,9,true,,arabkir
Y21-3655863A,11587400,526700,22,,,1,1,,6,1,,,,GOOD,,,,,PANEL,,6,true,,arabkir
Y21-FE3E5827,52899000,587767,90,,,3,2,,2,1,,,,GOOD,,,,,STONE,,4,false,,arabkir
Y21-C51DFD4B,35266000,568806,62,,,3,2,,1,0,,,,EURO_RENOVATION,,,,,NEW_BUILD,,6,true,,arabkir
Y21-D703541C,36777400,454042,81,,,3,1,,2,1,,,,GOOD,,,,,PANEL,,16,true,,arabkir
Y21-B103BDE1,105798000,750340,141,,,3,2,,6,1,,,,EURO_RENOVATION,,,,,NEW_BUILD,,16,true,,arabkir
Y21-740F8219,39296400,623752,63,,,2,1,,4,1,,,,EURO_RENOVATION,,,,,STONE,,4,false,,arabkir
Y21-3898C460,22671000,755700,30,,,1,1,,3,1,,,,EURO_RENOVATION,,,,,STONE,,4,false,,arabkir
Y21-DB7A8598,51891400,378769,137,,,3,2,,1,1,,,,EURO_RENOVATION,,,,,STONE,,5,false,,arabkir
Y21-55DEB6A0,60456000,643149,94,,,3,1,,8,1,,,,EURO_RENOVATION,,,,,PANEL,,9,true,,arabkir
Y21-1FE2C218,75570000,572500,132,,,4,2,,7,0,,,,EURO_RENOVATION,,,,,STONE,,7,true,,arabkir
Y21-7DF66460,26701400,445023,60,,,3,1,,5,1,,,,GOOD,,,,,STONE,,5,false,,arabkir
Y21-CB2B82C7,43830600,541119,81,,,3,1,,5,0,,,,EURO_RENOVATION,,,,,PANEL,,14,true,,arabkir
Y21-02F7979C,67005400,736323,91,,,4,2,,10,1,,,,EURO_RENOVATION,,,,,NEW_BUILD,,12,true,,arabkir
Y21-198DDBF7,34082070,619674,55,,,2,1,,5,1,,,,EURO_RENOVATION,,,,,STONE,,5,false,,arabkir
Y21-3D9519FB,128469000,1079571,119,,,3,2,,8,2,,,,EURO_RENOVATION,,,,,NEW_BUILD,,15,true,,arabkir
Y21-7CE9BDF9,13098800,523952,25,,,1,1,,4,0,,,,EURO_RENOVATION,,,,,STONE,,4,false,,arabkir
Y21-8F78CE21,32747000,682229,48,,,2,1,,8,0,,,,EURO_RENOVATION,,,,,STONE,,9,true,,arabkir
Y21-6374B99F,53906600,691110,78,,,2,1,,3,1,,,,EURO_RENOVATION,,,,,STONE,,4,false,,arabkir
Y21-5030D610,55418000,559778,99,,,4,1,,2,1,,,,EURO_RENOVATION,,,,,STONE,,5,false,,arabkir
Y21-6A928525,36273600,453420,80,,,3,1,,5,1,,,,NEEDS_REPAIR,,,,,PANEL,,9,true,,arabkir
Y21-C752A40D,19144400,531789,36,,,2,2,,9,0,,,,GOOD,,,,,PANEL,,9,true,,arabkir
Y21-1C905F3A,40304000,463264,87,,,3,1,,7,0,,,,GOOD,,,,,STONE,,7,true,,arabkir
Y21-B365242B,45342000,521172,87,,,3,1,,14,1,,,,EURO_RENOVATION,,,,,PANEL,,16,true,,arabkir
Y21-518FF153,55418000,426292,130,,,6,1,,2,1,,,,GOOD,,,,,STONE,,3,false,,arabkir
Y21-D3E4A3F4,43830600,534520,82,,,3,1,,5,0,,,,GOOD,,,,,PANEL,,14,true,,arabkir
Y21-2F02E1AC,70532000,734708,96,,,3,2,,2,0,,,,EURO_RENOVATION,,,,,MONOLITH,,7,true,,arabkir
Y21-085BAFB3,28212800,626951,45,,,1,1,,4,0,,,,EURO_RENOVATION,,,,,STONE,,5,false,,arabkir
Y21-108FA2E2,37785000,503800,75,,,3,1,,2,1,,,,EURO_RENOVATION,,,,,PANEL,,9,true,,arabkir
Y21-66348B5F,70532000,522459,135,,,5,1,,4,1,,,,GOOD,,,,,STONE,,5,false,,arabkir
Y21-D77379E1,39296400,479224,82,,,4,1,,4,0,,,,GOOD,,,,,PANEL,,9,true,,arabkir
Y21-35508402,93203000,941444,99,,,2,1,,8,1,,,,EURO_RENOVATION,,,,,MONOLITH,,9,true,,arabkir
Y21-5F7A69A8,40304000,760453,53,,,1,1,,1,1,,,,GOOD,,,,,STONE,,4,false,,arabkir
Y21-FE3B1321,30228000,671733,45,,,2,1,,3,1,,,,EURO_RENOVATION,,,,,PANEL,,9,true,,arabkir
Y21-DA5F86CE,30228000,671733,45,,,2,1,,1,1,,,,EURO_RENOVATION,,,,,PANEL,,9,true,,arabkir
Y21-3FBFFA3C,39296400,491205,80,,,3,2,,6,1,,,,GOOD,,,,,PANEL,,9,true,,arabkir
Y21-CCBC02AD,73051000,695724,105,,,3,1,,5,2,,,,EURO_RENOVATION,,,,,PANEL,,13,true,,arabkir
Y21-F342549D,47861000,443157,108,,,3,3,,7,0,,,,GOOD,,,,,STONE,,8,true,,arabkir
Y21-1E2626E9,34082070,619674,55,,,2,1,,5,1,,,,EURO_RENOVATION,,,,,STONE,,5,false,,arabkir
Y21-A8E9B731,35266000,629750,56,,,2,1,,5,1,,,,EURO_RENOVATION,,,,,STONE,,5,false,,arabkir
Y21-CBA3DF3A,27709000,865906,32,,,1,1,,4,1,,,,EURO_RENOVATION,,,,,STONE,,5,false,,arabkir
Y21-C0500CA4,26197600,638966,41,,,1,1,,5,1,,,,GOOD,,,,,STONE,,5,false,,arabkir
Y21-4E0F0F2E,80608000,610667,132,,,4,2,,9,1,,,,GOOD,,,,,NEW_BUILD,,10,true,,arabkir
Y21-D5DF267C,50380000,606988,83,,,3,1,,3,2,,,,GOOD,,,,,STONE,,5,false,,arabkir
Y21-61271FC8,37785000,539786,70,,,3,1,,4,0,,,,NEEDS_REPAIR,,,,,MONOLITH,,4,false,,arabkir
Y21-501C863C,31235600,578437,54,,,2,1,,10,0,,,,EURO_RENOVATION,,,,,PANEL,,14,true,,arabkir
Y21-500F45E6,37281200,532589,70,,,2,1,,8,0,,,,GOOD,,,,,PANEL,,9,true,,arabkir
Y21-24E96272,44838200,407620,110,,,4,1,,2,1,,,,GOOD,,,,,STONE,,4,false,,arabkir
Y21-CDF07D11,30228000,458000,66,,,3,1,,2,0,,,,EURO_RENOVATION,,,,,STONE,,3,false,,arabkir
Y21-FB8804A0,80608000,822531,98,,,3,1,,2,1,,,,GOOD,,,,,STONE,,3,false,,arabkir
Y21-21BC60B5,45342000,552951,82,,,3,2,,8,2,,,,EURO_RENOVATION,,,,,PANEL,,9,true,,arabkir
Y21-0B27F2B7,45845800,573073,80,,,3,1,,2,0,,,,NEEDS_REPAIR,,,,,PANEL,,9,true,,arabkir
Y21-6FE39846,40304000,760453,53,,,2,1,,4,1,,,,GOOD,,,,,STONE,,5,false,,arabkir
Y21-19BE8459,65494000,977522,67,,,2,1,,4,1,,,,EURO_RENOVATION,,,,,NEW_BUILD,,18,true,,arabkir
Y21-0BEF4E22,45342000,596605,76,,,3,3,,6,1,,,,EURO_RENOVATION,,,,,PANEL,,9,true,,arabkir
Y21-D2F18277,42823000,658815,65,,,2,1,,2,0,,,,EURO_RENOVATION,,,,,PANEL,,9,true,,arabkir
Y21-B078F5A2,26701400,741706,36,,,2,1,,2,1,,,,EURO_RENOVATION,,,,,STONE,,5,false,,arabkir
Y21-4180EAF7,31739400,647743,49,,,2,1,,5,1,,,,EURO_RENOVATION,,,,,STONE,,5,false,,arabkir
Y21-312DA12A,33754600,688869,49,,,2,1,,6,0,,,,EURO_RENOVATION,,,,,NEW_BUILD,,9,true,,arabkir
Y21-C954953C,33754600,688869,49,,,2,1,,6,0,,,,EURO_RENOVATION,,,,,NEW_BUILD,,9,true,,arabkir
Y21-C70C30B4,30228000,719714,42,,,1,1,,9,0,,,,NEEDS_REPAIR,,,,,PANEL,,9,true,,arabkir
Y21-F6BC5A90,22671000,647743,35,,,1,1,,3,1,,,,NEEDS_REPAIR,,,,,STONE,,4,false,,arabkir
Y21-5842C162,44334400,661707,67,,,2,1,,4,1,,,,EURO_RENOVATION,,,,,STONE,,5,false,,arabkir
Y21-9711C0AC,36525500,521793,70,,,2,1,,3,1,,,,EURO_RENOVATION,,,,,PANEL,,9,true,,arabkir
Y21-99D1442B,38540700,481759,80,,,3,1,,5,1,,,,GOOD,,,,,PANEL,,9,true,,arabkir
Y21-1DCD0A80,45342000,472313,96,,,3,1,,2,0,,,,NEEDS_REPAIR,,,,,STONE,,5,false,,arabkir
Y21-8DB1FCE7,43830600,456569,96,,,4,2,,5,1,,,,GOOD,,,,,PANEL,,9,true,,arabkir
Y21-8DB85941,18640600,454649,41,,,1,1,,1,0,,,,GOOD,,,,,STONE,,5,false,,arabkir
Y21-616C9026,26197600,523952,50,,,1,1,,11,1,,,,EURO_RENOVATION,,,,,PANEL,,16,true,,arabkir
Y21-9A92C53A,29220400,584408,50,,,2,1,,2,0,,,,GOOD,,,,,MONOLITH,,10,true,,arabkir
Y21-A7CFCA2C,25190000,839667,30,,,1,1,,2,0,,,,GOOD,,,,,STONE,,5,false,,arabkir
Y21-DD104842,34258400,503800,68,,,2,1,,5,1,,,,NEEDS_REPAIR,,,,,STONE,,5,false,,arabkir
Y21-D7EAFE3B,19648200,446550,44,,,1,1,,3,1,,,,GOOD,,,,,STONE,,5,false,,arabkir
Y21-7BC867AA,55418000,554180,100,,,3,2,,4,1,,,,GOOD,,,,,NEW_BUILD,,4,false,,arabkir
Y21-445B54E8,24182400,589815,41,,,2,3,,8,0,,,,GOOD,,,,,MONOLITH,,8,true,,arabkir
Y21-FC46E644,34258400,796707,43,,,2,1,,2,1,,,,NEEDS_REPAIR,,,,,NEW_BUILD,,3,false,,arabkir
Y21-DD0EB847,32243200,658024,49,,,2,1,,4,0,,,,GOOD,,,,,STONE,,5,false,,arabkir
Y21-FE7F432A,85646000,725814,118,,,4,2,,8,2,,,,EURO_RENOVATION,,,,,NEW_BUILD,,8,true,,arabkir
Y21-DF23D1F0,40304000,491512,82,,,3,1,,1,1,,,,GOOD,,,,,STONE,,5,false,,arabkir
Y21-5EE1D246,47861000,520228,92,,,3,1,,2,1,,,,GOOD,,,,,PANEL,,7,true,,arabkir
Y21-B710048C,62975000,599762,105,,,3,1,,5,1,,,,EURO_RENOVATION,,,,,STONE,,5,false,,arabkir
Y21-503F2BF1,40807800,680130,60,,,2,1,,4,1,,,,EURO_RENOVATION,,,,,STONE,,5,false,,arabkir
Y21-64D480EA,48364800,452007,107,,,4,1,,13,1,,,,GOOD,,,,,PANEL,,16,true,,arabkir
Y21-772C1612,36525500,545157,67,,,2,1,,1,1,,,,GOOD,,,,,STONE,,5,false,,arabkir
Y21-7B70CD65,42823000,396509,108,,,4,1,,1,1,,,,EURO_RENOVATION,,,,,STONE,,3,false,,arabkir
Y21-531C20A6,42823000,793019,54,,,2,1,,6,1,,,,NEEDS_REPAIR,,,,,NEW_BUILD,,6,true,,arabkir
Y21-0628A8BB,50380000,812581,62,,,2,1,,2,1,,,,EURO_RENOVATION,,,,,STONE,,5,false,,arabkir
Y21-480F90EF,37785000,419833,90,,,3,1,,1,1,,,,GOOD,,,,,STONE,,3,false,,arabkir
Y21-A5FE4E1D,30228000,451164,67,,,3,1,,5,1,,,,EURO_RENOVATION,,,,,STONE,,5,false,,arabkir
Y21-4790B2E1,57937000,1158740,50,,,2,1,,16,0,,,,NEEDS_REPAIR,,,,,MONOLITH,,18,true,,arabkir
Y21-953F1501,36777400,574647,64,,,2,1,,3,1,,,,EURO_RENOVATION,,,,,STONE,,4,false,,arabkir
Y21-9D973337,64990200,550764,118,,,3,2,,13,1,,,,NEEDS_REPAIR,,,,,NEW_BUILD,,17,true,,arabkir
Y21-9821B4B1,38792600,440825,88,,,3,1,,5,2,,,,GOOD,,,,,PANEL,,12,true,,arabkir
Y21-10C6B587,17633000,440825,40,,,1,1,,6,0,,,,GOOD,,,,,PANEL,,6,true,,arabkir
Y21-15314CE9,113355000,1218871,93,,,1,2,,14,1,,,,EURO_RENOVATION,,,,,NEW_BUILD,,17,true,,arabkir
Y21-624CFCDB,35266000,568806,62,,,2,1,,1,1,,,,EURO_RENOVATION,,,,,STONE,,5,false,,arabkir
Y21-A94D70CF,41815400,418154,100,,,3,1,,13,1,,,,NEEDS_REPAIR,,,,,PANEL,,14,true,,arabkir
Y21-EE8E545C,45342000,676746,67,,,2,1,,2,1,,,,EURO_RENOVATION,,,,,STONE,,9,true,,arabkir
Y21-F978069B,46349600,572217,81,,,3,2,,1,0,,,,EURO_RENOVATION,,,,,STONE,,4,false,,arabkir
Y21-19AF1DE2,35266000,419833,84,,,3,1,,2,0,,,,GOOD,,,,,STONE,,2,false,,arabkir
Y21-7D8E068A,50883800,508838,100,,,3,1,,2,1,,,,GOOD,,,,,STONE,,5,false,,arabkir
Y21-3AA8FC25,13602600,377850,36,,,2,1,,3,0,,,,GOOD,,,,,STONE,,4,false,,arabkir
Y21-4BDC5931,50380000,662895,76,,,3,1,,5,0,,,,NEEDS_REPAIR,,,,,PANEL,,9,true,,arabkir
Y21-EF1E1954,33754600,544429,62,,,2,1,,3,2,,,,GOOD,,,,,STONE,,5,false,,arabkir
Y21-C65B50A0,57937000,503800,115,,,3,1,,3,2,,,,EURO_RENOVATION,,,,,NEW_BUILD,,5,false,,arabkir
Y21-17B3749D,38036900,463865,82,,,3,1,,5,1,,,,GOOD,,,,,MONOLITH,,14,true,,arabkir
Y21-02995A2C,7909660,439426,18,,,1,1,,2,0,,,,EURO_RENOVATION,,,,,STONE,,5,false,,arabkir
Y21-C4385034,37785000,1021216,37,,,1,1,,1,1,,,,GOOD,,,,,STONE,,5,false,,arabkir
Y21-287D712C,33754600,625085,54,,,1,1,,4,1,,,,EURO_RENOVATION,,,,,PANEL,,14,true,,arabkir
Y21-20FDE2CE,52899000,661238,80,,,4,2,,3,0,,,,EURO_RENOVATION,,,,,STONE,,4,false,,arabkir
Y21-BC286F24,37785000,555662,68,,,2,1,,3,1,,,,EURO_RENOVATION,,,,,PANEL,,12,true,,arabkir
Y21-06CB37E9,26197600,727711,36,,,1,1,,2,1,,,,EURO_RENOVATION,,,,,STONE,,5,false,,arabkir
Y21-2D16A6D6,26197600,582169,45,,,2,1,,4,1,,,,EURO_RENOVATION,,,,,PANEL,,9,true,,arabkir
Y21-B823C21B,60456000,828164,73,,,2,1,,13,1,,,,EURO_RENOVATION,,,,,NEW_BUILD,,18,true,,arabkir
Y21-BFBD46BF,81615600,637622,128,,,4,2,,2,1,,,,EURO_RENOVATION,,,,,STONE,,4,false,,arabkir
Y21-FCA2278C,33754600,475417,71,,,2,1,,10,2,,,,GOOD,,,,,PANEL,,16,true,,arabkir
Y21-9356DC19,31739400,793485,40,,,1,1,,4,1,,,,NEEDS_REPAIR,,,,,STONE,,4,false,,arabkir
Y21-CEBE14B8,15114000,431829,35,,,1,1,,5,1,,,,GOOD,,,,,STONE,,5,false,,arabkir
Y21-1FE47287,30731800,640246,48,,,2,1,,5,1,,,,EURO_RENOVATION,,,,,PANEL,,9,true,,arabkir
Y21-E130B2F0,73051000,619076,118,,,3,2,,2,0,,,,EURO_RENOVATION,,,,,NEW_BUILD,,10,true,,arabkir
Y21-B0A8C444,44838200,498202,90,,,4,2,,1,0,,,,EURO_RENOVATION,,,,,PANEL,,12,true,,arabkir
Y21-0513484D,24182400,562381,43,,,2,1,,1,0,,,,EURO_RENOVATION,,,,,PANEL,,12,true,,arabkir
Y21-94106129,75570000,740882,102,,,3,1,,9,2,,,,EURO_RENOVATION,,,,,NEW_BUILD,,10,true,,arabkir
Y21-A697A06A,90684000,809679,112,,,3,2,,5,1,,,,EURO_RENOVATION,,,,,NEW_BUILD,,12,true,,arabkir
Y21-1F97B2EE,60456000,554642,109,,,5,1,,1,0,,,,GOOD,,,,,STONE,,2,false,,arabkir
Y21-5C37C041,32747000,519794,63,,,2,1,,2,0,,,,GOOD,,,,,PANEL,,12,true,,arabkir
Y21-EA17A03B,57937000,629750,92,,,3,2,,1,1,,,,EURO_RENOVATION,,,,,STONE,,5,false,,arabkir
Y21-D1AC35E5,48868600,514406,95,,,4,1,,6,1,,,,EURO_RENOVATION,,,,,PANEL,,9,true,,arabkir
Y21-5E2E723E,50380000,662895,76,,,3,1,,3,0,,,,GOOD,,,,,STONE,,9,true,,arabkir
Y21-24220473,40304000,523429,77,,,2,1,,2,1,,,,GOOD,,,,,PANEL,,16,true,,arabkir
Y21-7F2BEEA0,27709000,675829,41,,,1,1,,3,1,,,,EURO_RENOVATION,,,,,STONE,,5,false,,arabkir
Y21-7EB9C1AB,41311600,459018,90,,,3,1,,2,2,,,,NEEDS_REPAIR,,,,,STONE,,4,false,,arabkir
Y21-52BF480B,56425600,503800,112,,,4,1,,5,1,,,,GOOD,,,,,STONE,,5,false,,arabkir
Y21-670D50D1,60456000,694897,87,,,3,1,,8,2,,,,EURO_RENOVATION,,,,,NEW_BUILD,,13,true,,arabkir
Y21-BFFFC366,100760000,746370,135,,,4,2,,4,1,,,,EURO_RENOVATION,,,,,NEW_BUILD,,11,true,,arabkir
Y21-5EFC7977,20403900,658190,31,,,1,1,,4,0,,,,GOOD,,,,,STONE,,4,false,,arabkir
Y21-90C66129,70532000,993408,71,,,3,1,,1,1,,,,EURO_RENOVATION,,,,,PANEL,,9,true,,arabkir
Y21-ADAA8A39,24686200,536657,46,,,2,1,,1,1,,,,GOOD,,,,,PANEL,,9,true,,arabkir
Y21-1C5694FF,37785000,674732,56,,,2,1,,5,2,,,,GOOD,,,,,STONE,,5,false,,arabkir
Y21-D367A1F9,55418000,522811,106,,,4,1,,8,0,,,,GOOD,,,,,PANEL,,16,true,,arabkir
Y21-88618611,37785000,609435,62,,,2,1,,3,0,,,,EURO_RENOVATION,,,,,STONE,,5,false,,arabkir
Y21-F82FD653,43326800,570089,76,,,3,1,,2,1,,,,GOOD,,,,,STONE,,3,false,,arabkir
Y21-797B1C27,52899000,608034,87,,,3,1,,1,0,,,,GOOD,,,,,STONE,,5,false,,arabkir
Y21-9949CC3D,13098800,689411,19,,,1,1,,4,0,,,,EURO_RENOVATION,,,,,STONE,,6,true,,arabkir
Y21-0A7A1479,37785000,687000,55,,,3,1,,2,2,,,,EURO_RENOVATION,,,,,STONE,,5,false,,arabkir
Y21-A83F7728,40304000,485590,83,,,3,1,,5,2,,,,GOOD,,,,,STONE,,5,false,,arabkir
Y21-10D6FE5E,11083600,554180,20,,,1,1,,5,1,,,,EURO_RENOVATION,,,,,MONOLITH,,5,false,,arabkir
Y21-598E14C7,41311600,607524,68,,,3,1,,7,1,,,,EURO_RENOVATION,,,,,PANEL,,9,true,,arabkir
Y21-4A17A6F7,40304000,530316,76,,,3,1,,2,1,,,,GOOD,,,,,STONE,,5,false,,arabkir
Y21-6F5D5956,38288800,435100,88,,,3,3,,5,1,,,,GOOD,,,,,PANEL,,12,true,,arabkir
Y21-5FCBD19A,32747000,488761,67,,,3,1,,5,0,,,,EURO_RENOVATION,,,,,PANEL,,9,true,,arabkir
Y21-ECA4FF54,51387600,642345,80,,,3,2,,16,1,,,,NEEDS_REPAIR,,,,,NEW_BUILD,,16,true,,arabkir
Y21-E200464F,28716600,717915,40,,,2,1,,4,1,,,,EURO_RENOVATION,,,,,PANEL,,13,true,,arabkir
Y21-591F539E,49372400,617155,80,,,3,1,,8,0,,,,EURO_RENOVATION,,,,,PANEL,,9,true,,arabkir
Y21-C4BF8CAD,42823000,586616,73,,,3,1,,4,1,,,,EURO_RENOVATION,,,,,PANEL,,9,true,,arabkir
Y21-60E11F12,59448400,516943,115,,,3,1,,4,2,,,,GOOD,,,,,STONE,,5,false,,arabkir
Y21-E560D372,61967400,619674,100,,,3,1,,4,1,,,,GOOD,,,,,PANEL,,14,true,,arabkir
Y21-07F0FF91,70532000,810713,87,,,3,2,,7,1,,,,EURO_RENOVATION,,,,,MONOLITH,,9,true,,arabkir
Y21-307C6000,45342000,539786,84,,,3,1,,4,2,,,,GOOD,,,,,STONE,,5,false,,arabkir
Y21-756035A8,28716600,776124,37,,,2,1,,2,1,,,,EURO_RENOVATION,,,,,STONE,,5,false,,arabkir
Y21-B8C7B9BF,60456000,447822,135,,,4,1,,1,1,,,,EURO_RENOVATION,,,,,STONE,,5,false,,arabkir
Y21-ADA68073,65494000,451683,145,,,4,2,,4,1,,,,EURO_RENOVATION,,,,,STONE,,5,false,,arabkir
Y21-5B5C0F47,28212800,587767,48,,,2,1,,5,0,,,,EURO_RENOVATION,,,,,STONE,,5,false,,arabkir
Y21-78BEA028,34258400,456779,75,,,2,1,,4,1,,,,GOOD,,,,,PANEL,,13,true,,arabkir
Y21-7151B67F,43326800,637159,68,,,4,1,,3,1,,,,EURO_RENOVATION,,,,,STONE,,5,false,,arabkir
Y21-EE6A9AAB,60456000,643149,94,,,3,1,,8,1,,,,EURO_RENOVATION,,,,,PANEL,,9,true,,arabkir
Y21-AA4F71B8,51891400,378769,137,,,3,2,,1,1,,,,EURO_RENOVATION,,,,,STONE,,5,false,,arabkir
Y21-FC2BE0E2,75570000,572500,132,,,4,2,,7,0,,,,EURO_RENOVATION,,,,,STONE,,7,true,,arabkir
Y21-173ADA6E,67005400,736323,91,,,4,2,,10,1,,,,EURO_RENOVATION,,,,,NEW_BUILD,,12,true,,arabkir
Y21-C04CA3DF,30228000,549600,55,,,2,1,,3,1,,,,NEEDS_REPAIR,,,,,NEW_BUILD,,12,true,,arabkir
Y21-63FAD41C,34082070,619674,55,,,2,1,,5,1,,,,EURO_RENOVATION,,,,,STONE,,5,false,,arabkir
Y21-B2EA1196,46853400,503800,93,,,4,1,,5,2,,,,GOOD,,,,,STONE,,5,false,,arabkir
Y21-C8239A87,22671000,515250,44,,,2,1,,1,0,,,,EURO_RENOVATION,,,,,STONE,,5,false,,arabkir
Y21-A43FE884,40304000,474165,85,,,4,2,,5,1,,,,EURO_RENOVATION,,,,,NEW_BUILD,,9,true,,arabkir
Y21-E39BA3F2,67005400,697973,96,,,4,2,,2,0,,,,EURO_RENOVATION,,,,,STONE,,3,false,,arabkir
Y21-857FD956,27709000,602370,46,,,2,1,,2,0,,,,EURO_RENOVATION,,,,,NEW_BUILD,,8,true,,arabkir
Y21-3E9FD1A6,146102000,954915,153,,,3,3,,5,1,,,,EURO_RENOVATION,,,,,NEW_BUILD,,6,true,,arabkir
Y21-0CA19306,62975000,669947,94,,,3,1,,15,1,,,,EURO_RENOVATION,,,,,PANEL,,16,true,,arabkir
Y21-54C765F8,29220400,495261,59,,,2,1,,4,1,,,,GOOD,,,,,STONE,,5,false,,arabkir
Y21-52C81C36,62975000,642602,98,,,3,1,,4,1,,,,EURO_RENOVATION,,,,,MONOLITH,,9,true,,arabkir
Y21-B98E3240,50380000,541720,93,,,3,1,,5,1,,,,EURO_RENOVATION,,,,,STONE,,5,false,,arabkir
Y21-C92CB642,26701400,404567,66,,,3,1,,7,1,,,,NEEDS_REPAIR,,,,,PANEL,,9,true,,arabkir
Y21-AD83A497,47861000,664736,72,,,2,1,,4,0,,,,EURO_RENOVATION,,,,,STONE,,4,false,,arabkir
Y21-A0CBF9BC,17129200,380649,45,,,1,1,,2,0,,,,GOOD,,,,,STONE,,3,false,,arabkir
Y21-71EEABF7,26701400,762897,35,,,2,1,,5,2,,,,EURO_RENOVATION,,,,,NEW_BUILD,,9,true,,arabkir
Y21-7817F9E4,33754600,784991,43,,,2,1,,3,1,,,,EURO_RENOVATION,,,,,PANEL,,10,true,,arabkir
Y21-DCDAB7E9,31739400,528990,60,,,2,1,,12,1,,,,NEEDS_REPAIR,,,,,NEW_BUILD,,12,true,,arabkir
Y21-C759F28A,49372400,580852,85,,,4,2,,5,1,,,,GOOD,,,,,PANEL,,9,true,,arabkir
Y21-3DE57BAA,49876200,665016,75,,,3,1,,8,0,,,,NEEDS_REPAIR,,,,,NEW_BUILD,,9,true,,arabkir
Y21-52BF66A4,62975000,926103,68,,,3,1,,3,1,,,,EURO_RENOVATION,,,,,NEW_BUILD,,8,true,,arabkir
Y21-537652BA,37785000,503800,75,,,3,1,,2,1,,,,EURO_RENOVATION,,,,,MONOLITH,,9,true,,arabkir
Y21-083294CD,47861000,605835,79,,,3,1,,4,2,,,,GOOD,,,,,STONE,,4,false,,arabkir
Y21-CFDCAB83,34258400,503800,68,,,3,1,,5,0,,,,GOOD,,,,,STONE,,5,false,,arabkir
Y21-DFB1BCAC,37785000,466481,81,,,3,1,,2,1,,,,EURO_RENOVATION,,,,,PANEL,,9,true,,arabkir
Y21-0EA6A5B7,57937000,482808,120,,,5,1,,5,1,,,,EURO_RENOVATION,,,,,STONE,,5,false,,arabkir
Y21-441BC8F7,105798000,641200,165,,,3,3,,2,2,,,,EURO_RENOVATION,,,,,NEW_BUILD,,5,false,,arabkir
Y21-669ED61E,85142200,795721,107,,,3,2,,14,1,,,,EURO_RENOVATION,,,,,NEW_BUILD,,16,true,,arabkir
Y21-F535019A,31235600,422103,74,,,3,1,,9,0,,,,GOOD,,,,,PANEL,,16,true,,arabkir
Y21-5E20C0C9,40304000,411265,98,,,3,1,,14,1,,,,EURO_RENOVATION,,,,,PANEL,,14,true,,arabkir
Y21-9A5B14C5,37785000,547609,69,,,3,1,,2,2,,,,GOOD,,,,,STONE,,3,false,,arabkir
Y21-E8F1B0A9,27709000,577271,48,,,1,1,,3,0,,,,GOOD,,,,,STONE,,5,false,,arabkir
Y21-57F90CF7,30228000,444529,68,,,2,1,,9,1,,,,EURO_RENOVATION,,,,,PANEL,,9,true,,arabkir
Y21-19D64A29,27709000,577271,48,,,1,1,,5,1,,,,GOOD,,,,,STONE,,5,false,,arabkir
Y21-4AE825D5,24182400,575771,42,,,1,1,,9,0,,,,NEEDS_REPAIR,,,,,PANEL,,9,true,,arabkir
Y21-CD5EA1AB,34258400,527052,65,,,2,1,,1,0,,,,NEEDS_REPAIR,,,,,PANEL,,9,true,,arabkir
Y21-AD56D82A,47861000,683729,70,,,2,1,,12,1,,,,EURO_RENOVATION,,,,,NEW_BUILD,,19,true,,arabkir
Y21-BA8B6DED,29220400,584408,50,,,1,1,,1,1,,,,GOOD,,,,,STONE,,5,false,,arabkir
Y21-8A572BCD,29220400,572949,51,,,2,1,,2,1,,,,NEEDS_REPAIR,,,,,STONE,,5,false,,arabkir
Y21-1BB5C682,30228000,702977,43,,,2,1,,5,0,,,,GOOD,,,,,PANEL,,9,true,,arabkir
Y21-BE81266B,71539600,812950,88,,,3,2,,3,1,,,,EURO_RENOVATION,,,,,NEW_BUILD,,8,true,,arabkir
Y21-7B84E13D,41815400,543057,77,,,3,1,,4,2,,,,GOOD,,,,,STONE,,5,false,,arabkir
Y21-1976955B,60456000,604560,100,,,4,1,,1,0,,,,NEEDS_REPAIR,,,,,MONOLITH,,7,true,,arabkir
Y21-C82DF245,32747000,696745,47,,,1,1,,7,1,,,,EURO_RENOVATION,,,,,NEW_BUILD,,8,true,,arabkir
Y21-21E839E9,47861000,693638,69,,,2,1,,4,1,,,,EURO_RENOVATION,,,,,NEW_BUILD,,16,true,,arabkir
Y21-223C9D70,81615600,523177,156,,,5,1,,2,1,,,,GOOD,,,,,STONE,,6,true,,arabkir
Y21-66CCE7E4,46349600,579370,80,,,2,2,,8,1,,,,NEEDS_REPAIR,,,,,NEW_BUILD,,12,true,,arabkir
Y21-34620C10,32747000,242570,135,,,3,1,,2,1,,,,GOOD,,,,,STONE,,2,false,,arabkir
Y21-1C077EF3,27709000,577271,48,,,1,1,,1,0,,,,GOOD,,,,,STONE,,5,false,,arabkir
Y21-2F12DF9B,59448400,625773,95,,,3,1,,4,0,,,,NEEDS_REPAIR,,,,,MONOLITH,,7,true,,arabkir
Y21-56B9752A,21663400,515795,42,,,1,1,,10,0,,,,GOOD,,,,,PANEL,,10,true,,arabkir
Y21-0E0F58FD,32243200,413374,78,,,3,2,,13,0,,,,GOOD,,,,,PANEL,,15,true,,arabkir
Y21-FFB54504,46853400,520593,90,,,3,1,,6,2,,,,EURO_RENOVATION,,,,,STONE,,7,true,,arabkir
Y21-F0E09930,33754600,581976,58,,,2,1,,3,1,,,,EURO_RENOVATION,,,,,STONE,,6,true,,arabkir
Y21-E9203C5C,65494000,642098,102,,,3,1,,2,1,,,,EURO_RENOVATION,,,,,STONE,,5,false,,arabkir
Y21-8EEF9858,40304000,575771,70,,,2,1,,1,0,,,,GOOD,,,,,STONE,,2,false,,arabkir
Y21-67F0DB8D,30228000,702977,43,,,1,1,,4,1,,,,EURO_RENOVATION,,,,,STONE,,5,false,,arabkir
Y21-5F37B0ED,37785000,619426,61,,,2,2,,12,1,,,,EURO_RENOVATION,,,,,PANEL,,12,true,,arabkir
Y21-B5C13008,30228000,737268,41,,,1,1,,2,1,,,,GOOD,,,,,STONE,,7,true,,arabkir
Y21-2A3B5C06,17633000,489806,36,,,2,1,,6,0,,,,EURO_RENOVATION,,,,,PANEL,,9,true,,arabkir
Y21-7DD0C405,123431000,608034,203,,,5,1,,8,1,,,,NEEDS_REPAIR,,,,,NEW_BUILD,,15,true,,arabkir
Y21-58AF6E4D,50380000,751940,67,,,2,1,,2,0,,,,EURO_RENOVATION,,,,,STONE,,4,false,,arabkir
Y21-2B5668EA,57937000,482808,120,,,3,1,,4,2,,,,GOOD,,,,,STONE,,5,false,,arabkir
Y21-EEB14A6D,36777400,557233,66,,,2,1,,7,1,,,,GOOD,,,,,STONE,,7,true,,arabkir
Y21-E38DB256,42823000,778600,55,,,3,1,,3,1,,,,EURO_RENOVATION,,,,,STONE,,5,false,,arabkir
Y21-EA711B15,39296400,473451,83,,,3,1,,11,2,,,,EURO_RENOVATION,,,,,PANEL,,12,true,,arabkir
Y21-BD20E20D,120912000,806080,150,,,3,2,,5,1,,,,NEEDS_REPAIR,,,,,NEW_BUILD,,7,true,,arabkir
Y21-1659B432,40304000,503800,80,,,4,1,,4,1,,,,EURO_RENOVATION,,,,,STONE,,5,false,,arabkir
Y21-EA603944,52899000,687000,77,,,2,1,,5,1,,,,GOOD,,,,,STONE,,6,true,,arabkir
Y21-CFC35D0D,37785000,539786,70,,,3,1,,4,2,,,,GOOD,,,,,STONE,,4,false,,arabkir
Y21-F709395E,17633000,452128,39,,,1,1,,2,1,,,,GOOD,,,,,STONE,,4,false,,arabkir
Y21-3AB12C55,50380000,751940,67,,,3,1,,5,0,,,,NEEDS_REPAIR,,,,,MONOLITH,,18,true,,arabkir
Y21-6D408E04,150132400,515919,291,,,3,1,,1,1,,,,NEEDS_REPAIR,,,,,STONE,,1,false,,arabkir
Y21-42D2775E,150132400,536187,280,,,3,1,,1,1,,,,NEEDS_REPAIR,,,,,STONE,,1,false,,arabkir
Y21-9895A92B,44838200,393318,114,,,5,1,,4,0,,,,GOOD,,,,,STONE,,5,false,,arabkir
Y21-85E1DFD8,37785000,771122,49,,,2,1,,1,0,,,,GOOD,,,,,PANEL,,12,true,,arabkir
Y21-C242D639,27709000,839667,33,,,1,1,,5,0,,,,EURO_RENOVATION,,,,,STONE,,5,false,,arabkir
Y21-C91A902C,43326800,773693,56,,,2,1,,3,1,,,,EURO_RENOVATION,,,,,STONE,,5,false,,arabkir
Y21-C7BBF75E,90684000,714047,127,,,3,1,,9,0,,,,NEEDS_REPAIR,,,,,MONOLITH,,18,true,,arabkir
Y21-FC6B8E45,40304000,544649,74,,,3,1,,3,1,,,,GOOD,,,,,STONE,,5,false,,arabkir
Y21-F1A62FF3,47861000,886315,54,,,2,1,,6,1,,,,EURO_RENOVATION,,,,,PANEL,,14,true,,arabkir
Y21-3BBC7322,37785000,434310,87,,,3,1,,1,1,,,,GOOD,,,,,STONE,,4,false,,arabkir
Y21-6F319798,41815400,529309,79,,,3,1,,5,0,,,,GOOD,,,,,STONE,,5,false,,arabkir
Y21-E2044998,60456000,816973,74,,,2,1,,2,0,,,,EURO_RENOVATION,,,,,STONE,,4,false,,arabkir
Y21-396E3A90,50380000,547609,92,,,3,2,,2,1,,,,EURO_RENOVATION,,,,,PANEL,,7,true,,arabkir
Y21-0F9CB701,38288800,478610,80,,,3,1,,5,2,,,,GOOD,,,,,STONE,,5,false,,arabkir
Y21-4CA9A811,55418000,791686,70,,,3,2,,1,1,,,,EURO_RENOVATION,,,,,NEW_BUILD,,15,true,,arabkir
Y21-940B9DD5,55418000,602370,92,,,3,1,,2,0,,,,GOOD,,,,,NEW_BUILD,,9,true,,arabkir
Y21-A97928CE,55418000,559778,99,,,4,1,,4,1,,,,GOOD,,,,,STONE,,5,false,,arabkir
Y21-5C6D6914,30228000,549600,55,,,2,1,,3,1,,,,NEEDS_REPAIR,,,,,NEW_BUILD,,12,true,,arabkir
Y21-50166E79,34082070,619674,55,,,2,1,,5,1,,,,EURO_RENOVATION,,,,,STONE,,5,false,,arabkir
Y21-11D8E209,50380000,671733,75,,,3,1,,2,1,,,,EURO_RENOVATION,,,,,STONE,,5,false,,arabkir
Y21-CE41335C,44334400,661707,67,,,2,1,,4,1,,,,EURO_RENOVATION,,,,,STONE,,5,false,,arabkir
Y21-DCC1089F,26701400,445023,60,,,3,1,,5,1,,,,GOOD,,,,,STONE,,5,false,,arabkir
Y21-8A8A0B87,43326800,637159,68,,,4,1,,3,1,,,,EURO_RENOVATION,,,,,STONE,,5,false,,arabkir
Y21-DEC42A39,42823000,486625,88,,,3,1,,5,1,,,,GOOD,,,,,PANEL,,14,true,,arabkir
Y21-5438ED68,43830600,409632,107,,,4,1,,5,1,,,,EURO_RENOVATION,,,,,STONE,,5,false,,arabkir
Y21-BDD87EDE,43830600,541119,81,,,3,1,,5,0,,,,EURO_RENOVATION,,,,,PANEL,,14,true,,arabkir
Y21-AA0BEF96,35266000,489806,72,,,3,1,,2,2,,,,GOOD,,,,,PANEL,,12,true,,arabkir
Y21-659115CA,55418000,554180,100,,,3,2,,2,2,,,,EURO_RENOVATION,,,,,STONE,,5,false,,arabkir
Y21-B9A87272,74058600,881650,84,,,3,1,,4,1,,,,EURO_RENOVATION,,,,,STONE,,5,false,,arabkir
Y21-64C69936,47861000,563071,85,,,3,2,,2,0,,,,GOOD,,,,,PANEL,,10,true,,arabkir
Y21-F4A68520,14610200,208717,70,,,3,1,,1,0,,,,NEEDS_REPAIR,,,,,STONE,,4,false,,arabkir
Y21-940FAC42,55418000,748892,74,,,2,1,,2,0,,,,EURO_RENOVATION,,,,,NEW_BUILD,,18,true,,arabkir
Y21-A8F5E8D5,73051000,924696,79,,,3,1,,2,0,,,,EURO_RENOVATION,,,,,NEW_BUILD,,18,true,,arabkir
Y21-0F478EE9,27709000,644395,43,,,1,1,,9,1,,,,EURO_RENOVATION,,,,,PANEL,,9,true,,arabkir
Y21-88DF42CB,25693800,458818,56,,,3,1,,12,1,,,,GOOD,,,,,PANEL,,12,true,,arabkir
Y21-03DEE400,30228000,559778,54,,,2,1,,9,1,,,,EURO_RENOVATION,,,,,MONOLITH,,14,true,,arabkir
Y21-AE873684,39296400,473451,83,,,3,1,,3,1,,,,GOOD,,,,,STONE,,3,false,,arabkir
Y21-9FDAC016,23678600,538150,44,,,2,1,,5,1,,,,GOOD,,,,,STONE,,5,false,,arabkir
Y21-FF697E57,47357200,446766,106,,,5,1,,1,1,,,,GOOD,,,,,STONE,,5,false,,arabkir
Y21-170651A7,25693800,597530,43,,,2,1,,5,1,,,,EURO_RENOVATION,,,,,STONE,,5,false,,arabkir
Y21-0EC9AED4,35266000,326537,108,,,4,1,,1,1,,,,GOOD,,,,,STONE,,4,false,,arabkir
Y21-039E2811,70532000,783689,90,,,4,1,,3,1,,,,EURO_RENOVATION,,,,,STONE,,5,false,,arabkir
Y21-9481A70B,39296400,561377,70,,,3,1,,3,1,,,,GOOD,,,,,STONE,,5,false,,arabkir
Y21-2D123DAD,32747000,419833,78,,,3,1,,6,1,,,,GOOD,,,,,PANEL,,9,true,,arabkir
Y21-161D876E,29220400,449545,65,,,2,1,,5,1,,,,GOOD,,,,,STONE,,5,false,,arabkir
Y21-E0D8A1DB,39296400,654940,60,,,2,1,,10,1,,,,EURO_RENOVATION,,,,,MONOLITH,,12,true,,arabkir
Y21-D3A64509,44838200,498202,90,,,4,1,,7,0,,,,NEEDS_REPAIR,,,,,PANEL,,9,true,,arabkir
Y21-E2335C60,30228000,816973,37,,,1,1,,5,1,,,,GOOD,,,,,STONE,,5,false,,arabkir
Y21-6B1FF67D,56425600,656112,86,,,2,1,,2,0,,,,GOOD,,,,,STONE,,5,false,,arabkir
Y21-0DEFE31B,74562400,810461,92,,,3,1,,5,1,,,,EURO_RENOVATION,,,,,NEW_BUILD,,15,true,,arabkir
Y21-0CD03924,32747000,574509,57,,,2,1,,2,1,,,,GOOD,,,,,STONE,,5,false,,arabkir
Y21-37B0C7C9,30228000,539786,56,,,3,1,,5,1,,,,EURO_RENOVATION,,,,,STONE,,5,false,,arabkir
Y21-A6EC94FA,32747000,389845,84,,,3,1,,8,1,,,,GOOD,,,,,PANEL,,14,true,,arabkir
Y21-6FBDD0BD,40304000,592706,68,,,2,1,,2,1,,,,GOOD,,,,,STONE,,5,false,,arabkir
Y21-197EB7B8,31235600,650742,48,,,2,1,,1,1,,,,EURO_RENOVATION,,,,,STONE,,5,false,,arabkir
Y21-C72C0593,75066200,750662,100,,,4,1,,12,0,,,,NEEDS_REPAIR,,,,,PANEL,,16,true,,arabkir
Y21-030BA730,41311600,536514,77,,,3,1,,5,0,,,,EURO_RENOVATION,,,,,STONE,,5,false,,arabkir
Y21-051C767C,83127000,903554,92,,,3,2,,6,1,,,,EURO_RENOVATION,,,,,NEW_BUILD,,8,true,,arabkir
Y21-FF7BCA3F,40807800,668980,61,,,2,1,,2,1,,,,EURO_RENOVATION,,,,,STONE,,5,false,,arabkir
Y21-EBE11814,33754600,562577,60,,,2,1,,4,1,,,,EURO_RENOVATION,,,,,PANEL,,9,true,,arabkir
Y21-D55BEA73,37785000,687000,55,,,2,1,,5,1,,,,EURO_RENOVATION,,,,,STONE,,5,false,,arabkir
Y21-8CA7B7A5,58440800,615166,95,,,4,2,,2,1,,,,NEEDS_REPAIR,,,,,NEW_BUILD,,12,true,,arabkir
Y21-D024998C,32747000,606426,54,,,2,1,,3,1,,,,GOOD,,,,,STONE,,5,false,,arabkir
Y21-5903F8CC,75570000,693303,109,,,3,1,,13,1,,,,EURO_RENOVATION,,,,,NEW_BUILD,,18,true,,arabkir
Y21-77DC2640,55418000,729184,76,,,3,2,,1,1,,,,GOOD,,,,,STONE,,6,true,,arabkir
Y21-B821C2B3,98241000,711891,138,,,4,1,,7,1,,,,EURO_RENOVATION,,,,,NEW_BUILD,,16,true,,arabkir
Y21-4A73CE59,35266000,783689,45,,,3,1,,4,0,,,,EURO_RENOVATION,,,,,STONE,,5,false,,arabkir
Y21-F48F864C,45342000,348785,130,,,5,1,,3,1,,,,GOOD,,,,,STONE,,3,false,,arabkir
Y21-60BCCAC0,47861000,703838,68,,,3,1,,10,1,,,,EURO_RENOVATION,,,,,PANEL,,16,true,,arabkir
Y21-B0A2CEE9,44838200,659385,68,,,3,1,,10,1,,,,EURO_RENOVATION,,,,,PANEL,,16,true,,arabkir
Y21-C76A762D,42823000,549013,78,,,3,1,,3,1,,,,GOOD,,,,,STONE,,5,false,,arabkir
Y21-F52AEEBC,41311600,459018,90,,,3,1,,2,0,,,,NEEDS_REPAIR,,,,,PANEL,,14,true,,arabkir
Y21-8BF763EE,32747000,430882,76,,,3,1,,1,1,,,,GOOD,,,,,PANEL,,5,false,,arabkir
Y21-636663CA,57937000,408007,142,,,3,2,,5,1,,,,EURO_RENOVATION,,,,,STONE,,5,false,,arabkir
Y21-B2F90BE6,46349600,565239,82,,,3,1,,7,1,,,,GOOD,,,,,PANEL,,9,true,,arabkir
Y21-541FAE37,37785000,563955,67,,,3,1,,9,1,,,,EURO_RENOVATION,,,,,PANEL,,9,true,,arabkir
Y21-F9F12368,18640600,466015,40,,,1,1,,1,0,,,,EURO_RENOVATION,,,,,STONE,,7,true,,arabkir
Y21-269D888D,41311600,464175,89,,,3,2,,7,1,,,,EURO_RENOVATION,,,,,PANEL,,14,true,,arabkir
Y21-572623CD,38792600,473080,82,,,3,1,,9,0,,,,EURO_RENOVATION,,,,,PANEL,,14,true,,arabkir
Y21-54DB5450,75570000,830440,91,,,3,2,,2,0,,,,EURO_RENOVATION,,,,,NEW_BUILD,,8,true,,arabkir
Y21-1D4EF7B5,80608000,1168232,69,,,2,1,,3,0,,,,NEEDS_REPAIR,,,,,MONOLITH,,18,true,,arabkir
Y21-E868B4C4,68013000,523177,130,,,4,1,,5,2,,,,EURO_RENOVATION,,,,,STONE,,5,false,,arabkir
Y21-E2F5C678,23174800,251900,92,,,3,1,,2,1,,,,NEEDS_REPAIR,,,,,STONE,,7,true,,arabkir
Y21-BB32F375,42319200,414894,102,,,4,1,,10,2,,,,GOOD,,,,,PANEL,,14,true,,arabkir
Y21-18CBBC71,88165000,678192,130,,,4,2,,1,2,,,,EURO_RENOVATION,,,,,PANEL,,9,true,,arabkir
Y21-1686B669,29724200,582827,51,,,1,1,,8,0,,,,GOOD,,,,,STONE,,8,true,,arabkir
Y21-DC0AECE7,35769800,533878,67,,,2,1,,3,1,,,,GOOD,,,,,PANEL,,9,true,,arabkir
Y21-B6EC1FAF,40304000,530316,76,,,3,1,,2,0,,,,NEEDS_REPAIR,,,,,PANEL,,7,true,,arabkir
Y21-3A2ECFD9,43830600,654188,67,,,3,1,,1,1,,,,EURO_RENOVATION,,,,,STONE,,5,false,,arabkir
Y21-8B3DC546,42823000,407838,105,,,5,1,,3,1,,,,GOOD,,,,,STONE,,5,false,,arabkir
Y21-5A913908,57937000,526700,110,,,4,1,,1,1,,,,EURO_RENOVATION,,,,,STONE,,5,false,,arabkir
Y21-0EAEB9BA,57937000,609863,95,,,4,2,,4,1,,,,EURO_RENOVATION,,,,,NEW_BUILD,,10,true,,arabkir
Y21-DB2A902C,40304000,530316,76,,,3,2,,4,1,,,,GOOD,,,,,STONE,,5,false,,arabkir
Y21-1E5C277B,80608000,1203104,67,,,2,1,,3,0,,,,NEEDS_REPAIR,,,,,MONOLITH,,18,true,,arabkir
Y21-AFA11D97,35266000,476568,74,,,4,1,,1,0,,,,EURO_RENOVATION,,,,,STONE,,5,false,,arabkir
Y21-8CB80CAB,12091200,604560,20,,,1,1,,1,0,,,,GOOD,,,,,NEW_BUILD,,3,false,,arabkir
Y21-171E05F0,34258400,503800,68,,,3,1,,3,2,,,,GOOD,,,,,STONE,,5,false,,arabkir
Y21-D1F74CB2,39296400,561377,70,,,3,1,,13,0,,,,NEEDS_REPAIR,,,,,PANEL,,16,true,,arabkir
Y21-05FA10B7,43830600,626151,70,,,2,1,,4,1,,,,EURO_RENOVATION,,,,,STONE,,4,false,,arabkir
Y21-EEAC524B,25190000,535957,47,,,1,1,,3,1,,,,GOOD,,,,,MONOLITH,,16,true,,arabkir
Y21-B13D6443,38288800,598263,64,,,3,1,,2,0,,,,EURO_RENOVATION,,,,,PANEL,,9,true,,arabkir
Y21-D30CB201,58944600,807460,73,,,3,2,,2,1,,,,EURO_RENOVATION,,,,,STONE,,5,false,,arabkir
Y21-F433D57D,50380000,559778,90,,,3,2,,3,1,,,,GOOD,,,,,STONE,,8,true,,arabkir
Y21-241DD7FE,63982600,646289,99,,,3,2,,3,1,,,,EURO_RENOVATION,,,,,NEW_BUILD,,8,true,,arabkir
Y21-944BC24A,99752400,810995,123,,,3,3,,2,0,,,,GOOD,,,,,NEW_BUILD,,5,false,,arabkir
Y21-7905E571,52899000,503800,105,,,3,1,,8,1,,,,GOOD,,,,,PANEL,,16,true,,arabkir
Y21-735966E5,42823000,586616,73,,,2,1,,5,1,,,,GOOD,,,,,MONOLITH,,9,true,,arabkir
Y21-E2F936E7,55418000,583347,95,,,3,1,,3,1,,,,GOOD,,,,,STONE,,5,false,,arabkir
Y21-D86AF47E,43830600,541119,81,,,3,1,,5,0,,,,EURO_RENOVATION,,,,,PANEL,,14,true,,arabkir
Y21-FC51FD00,51891400,378769,137,,,3,2,,1,1,,,,EURO_RENOVATION,,,,,STONE,,5,false,,arabkir
Y21-0CDD4B00,34082070,619674,55,,,2,1,,5,1,,,,EURO_RENOVATION,,,,,STONE,,5,false,,arabkir
Y21-A3F484BF,43326800,637159,68,,,4,1,,3,1,,,,EURO_RENOVATION,,,,,STONE,,5,false,,arabkir
Y21-F5F919C6,43830600,409632,107,,,4,1,,5,1,,,,EURO_RENOVATION,,,,,STONE,,5,false,,arabkir
Y21-CD558A19,80608000,732800,110,,,4,2,,4,1,,,,EURO_RENOVATION,,,,,STONE,,5,false,,arabkir
Y21-BCF80FBC,68013000,809679,84,,,3,1,,4,0,,,,NEEDS_REPAIR,,,,,MONOLITH,,7,true,,arabkir
Y21-89D8860D,44334400,481896,92,,,4,2,,4,1,,,,GOOD,,,,,PANEL,,9,true,,arabkir
Y21-0A253094,29724200,646178,46,,,2,1,,5,1,,,,GOOD,,,,,STONE,,5,false,,arabkir
Y21-B9BD22BB,27079250,629750,43,,,1,1,,2,1,,,,NEEDS_REPAIR,,,,,NEW_BUILD,,5,false,,arabkir
Y21-2B4906D3,30228000,889059,34,,,2,1,,3,1,,,,EURO_RENOVATION,,,,,STONE,,5,false,,arabkir
Y21-C34D7380,43830600,554818,79,,,3,2,,9,1,,,,NEEDS_REPAIR,,,,,NEW_BUILD,,12,true,,arabkir
Y21-9E0723AE,38288800,598263,64,,,2,1,,5,1,,,,EURO_RENOVATION,,,,,STONE,,5,false,,arabkir
Y21-46398320,47861000,583671,82,,,3,1,,10,1,,,,EURO_RENOVATION,,,,,PANEL,,16,true,,arabkir
Y21-9B5EC592,37785000,539786,70,,,2,1,,11,0,,,,NEEDS_REPAIR,,,,,PANEL,,16,true,,arabkir
Y21-34F30E01,33754600,337546,100,,,4,1,,2,1,,,,EURO_RENOVATION,,,,,PANEL,,9,true,,arabkir
Y21-4DE19684,28716600,776124,37,,,2,1,,2,1,,,,EURO_RENOVATION,,,,,STONE,,5,false,,arabkir
Y21-39C43A61,28716600,736323,39,,,2,1,,2,0,,,,NEEDS_REPAIR,,,,,STONE,,5,false,,arabkir
Y21-347EA2D3,36273600,671733,54,,,2,1,,2,0,,,,GOOD,,,,,STONE,,5,false,,arabkir
Y21-97C18E36,79600400,837899,95,,,3,1,,3,0,,,,EURO_RENOVATION,,,,,STONE,,6,true,,arabkir
Y21-CFA9A03C,75570000,614390,123,,,4,2,,2,1,,,,EURO_RENOVATION,,,,,NEW_BUILD,,15,true,,arabkir
Y21-571720EE,30228000,671733,45,,,1,1,,3,1,,,,EURO_RENOVATION,,,,,STONE,,5,false,,arabkir
Y21-EFC3B819,17633000,271277,65,,,3,1,,3,0,,,,EURO_RENOVATION,,,,,STONE,,3,false,,arabkir
Y21-A1FFF311,45342000,377850,120,,,3,1,,3,0,,,,NEEDS_REPAIR,,,,,STONE,,3,false,,arabkir
Y21-240AEED5,12595000,314875,40,,,2,1,,1,0,,,,EURO_RENOVATION,,,,,NEW_BUILD,,4,false,,avan
Y21-8A4CDC0B,27709000,494804,56,,,2,1,,1,0,,,,GOOD,,,,,PANEL,,14,true,,avan
Y21-4BECBDA3,55418000,644395,86,,,2,1,,7,0,,,,EURO_RENOVATION,,,,,NEW_BUILD,,14,true,,avan
Y21-3DF1D736,30228000,347448,87,,,3,1,,13,1,,,,GOOD,,,,,PANEL,,14,true,,avan
Y21-82FF7823,37785000,510608,74,,,3,1,,6,1,,,,EURO_RENOVATION,,,,,PANEL,,9,true,,avan
Y21-7138EF81,32747000,454819,72,,,3,1,,15,0,,,,NEEDS_REPAIR,,,,,PANEL,,15,true,,avan
Y21-86387ED3,48868600,549085,89,,,4,1,,2,2,,,,EURO_RENOVATION,,,,,PANEL,,9,true,,avan
Y21-1C0213EE,28565460,460733,62,,,3,1,,5,1,,,,EURO_RENOVATION,,,,,PANEL,,9,true,,avan
Y21-252FC29D,47357200,607144,78,,,3,1,,6,0,,,,NEEDS_REPAIR,,,,,PANEL,,9,true,,avan
Y21-8AFBAA37,38288800,450456,85,,,4,1,,7,1,,,,GOOD,,,,,PANEL,,9,true,,avan
Y21-6FB16325,27709000,461817,60,,,2,1,,2,0,,,,NEEDS_REPAIR,,,,,PANEL,,9,true,,avan
Y21-E50E80FA,27709000,426292,65,,,2,1,,4,1,,,,GOOD,,,,,PANEL,,9,true,,avan
Y21-9DD70862,29220400,347862,84,,,4,1,,4,2,,,,NEEDS_REPAIR,,,,,PANEL,,9,true,,avan
Y21-FE57FF7B,27709000,355244,78,,,3,1,,9,1,,,,GOOD,,,,,PANEL,,9,true,,avan
Y21-DA7041FE,30228000,495541,61,,,3,1,,9,0,,,,EURO_RENOVATION,,,,,PANEL,,9,true,,avan
Y21-25BF5D85,32747000,367944,89,,,3,1,,14,0,,,,EURO_RENOVATION,,,,,MONOLITH,,14,true,,avan
Y21-7A06528C,35266000,405356,87,,,4,1,,4,1,,,,EURO_RENOVATION,,,,,PANEL,,9,true,,avan
Y21-461162F8,24686200,374033,66,,,2,1,,2,1,,,,GOOD,,,,,PANEL,,9,true,,avan
Y21-5DCB725A,23678600,438493,54,,,2,1,,5,1,,,,EURO_RENOVATION,,,,,PANEL,,9,true,,avan
Y21-4ADC0F6F,68013000,647743,105,,,3,2,,2,1,,,,EURO_RENOVATION,,,,,NEW_BUILD,,3,false,,avan
Y21-DEAE50E6,38792600,408343,95,,,4,1,,4,1,,,,EURO_RENOVATION,,,,,PANEL,,5,false,,avan
Y21-08CAC638,21159600,423192,50,,,2,1,,1,0,,,,EURO_RENOVATION,,,,,STONE,,4,false,,avan
Y21-1E2B0014,62975000,669947,94,,,3,1,,1,1,,,,GOOD,,,,,NEW_BUILD,,13,true,,avan
Y21-AD2F946A,55418000,469644,118,,,3,2,,2,2,,,,GOOD,,,,,STONE,,5,false,,avan
Y21-D759C06D,28716600,341864,84,,,3,1,,4,1,,,,GOOD,,,,,PANEL,,9,true,,avan
Y21-2BD28D74,17633000,367354,48,,,1,2,,2,1,,,,GOOD,,,,,PANEL,,14,true,,avan
Y21-4D85BFE7,16877300,421933,40,,,2,1,,2,1,,,,NEEDS_REPAIR,,,,,NEW_BUILD,,4,false,,avan
Y21-F8C11AF6,42571100,532139,80,,,3,1,,6,2,,,,EURO_RENOVATION,,,,,PANEL,,9,true,,avan
Y21-2FF56422,19144400,354526,54,,,2,1,,1,0,,,,EURO_RENOVATION,,,,,PANEL,,14,true,,avan
Y21-144A250C,50128100,397842,126,,,4,2,,13,2,,,,NEEDS_REPAIR,,,,,NEW_BUILD,,14,true,,avan
Y21-C0A4E54E,56929400,580912,98,,,3,2,,10,2,,,,EURO_RENOVATION,,,,,NEW_BUILD,,14,true,,avan
Y21-FD629E8A,30731800,487806,63,,,2,1,,5,1,,,,EURO_RENOVATION,,,,,PANEL,,9,true,,avan
Y21-444BC1B4,53906600,585941,92,,,3,2,,1,2,,,,EURO_RENOVATION,,,,,NEW_BUILD,,13,true,,avan
Y21-E7D25EBB,42319200,470213,90,,,4,2,,4,1,,,,GOOD,,,,,PANEL,,9,true,,avan
Y21-3D276620,33754600,406682,83,,,4,1,,9,1,,,,EURO_RENOVATION,,,,,PANEL,,9,true,,avan
Y21-C4F879B3,21411500,475811,45,,,1,2,,1,1,,,,EURO_RENOVATION,,,,,PANEL,,9,true,,avan
Y21-0D43F8F6,39296400,491205,80,,,3,1,,6,0,,,,NEEDS_REPAIR,,,,,PANEL,,9,true,,avan
Y21-1C6E25ED,20152000,650065,31,,,2,1,,2,0,,,,NEEDS_REPAIR,,,,,STONE,,4,false,,avan
Y21-7047727B,34258400,428230,80,,,3,2,,9,1,,,,EURO_RENOVATION,,,,,PANEL,,9,true,,avan
Y21-294D51B0,29220400,328319,89,,,3,1,,15,0,,,,GOOD,,,,,PANEL,,16,true,,avan
Y21-6ABA7425,17129200,552555,31,,,1,1,,2,1,,,,EURO_RENOVATION,,,,,STONE,,5,false,,avan
Y21-AABA184B,44334400,316674,140,,,5,1,,1,1,,,,EURO_RENOVATION,,,,,STONE,,3,false,,avan
Y21-C49CFB4A,17633000,518618,34,,,1,1,,1,0,,,,GOOD,,,,,PANEL,,9,true,,avan
Y21-676D9330,34258400,511319,67,,,2,1,,8,1,,,,EURO_RENOVATION,,,,,PANEL,,9,true,,avan
Y21-968CD4E2,23174800,429163,54,,,1,1,,3,1,,,,GOOD,,,,,PANEL,,9,true,,avan
Y21-4229E840,38288800,638147,60,,,2,1,,8,1,,,,EURO_RENOVATION,,,,,NEW_BUILD,,13,true,,avan
Y21-A32E2F04,22671000,343500,66,,,3,1,,1,1,,,,EURO_RENOVATION,,,,,PANEL,,9,true,,avan
Y21-6A47144C,47861000,525945,91,,,3,1,,8,2,,,,EURO_RENOVATION,,,,,NEW_BUILD,,9,true,,avan
Y21-82048602,42319200,705320,60,,,2,1,,4,1,,,,EURO_RENOVATION,,,,,NEW_BUILD,,14,true,,avan
Y21-6FEF6E84,27709000,374446,74,,,3,1,,9,1,,,,GOOD,,,,,PANEL,,9,true,,avan
Y21-4604F4F8,60456000,521172,116,,,3,1,,4,2,,,,EURO_RENOVATION,,,,,NEW_BUILD,,9,true,,avan
Y21-1C356395,69272500,567807,122,,,4,2,,13,1,,,,EURO_RENOVATION,,,,,NEW_BUILD,,14,true,,avan
Y21-1A64132D,33754600,544429,62,,,3,1,,4,2,,,,EURO_RENOVATION,,,,,NEW_BUILD,,9,true,,avan
Y21-5CDAF035,25190000,466481,54,,,2,1,,8,0,,,,GOOD,,,,,PANEL,,16,true,,avan
Y21-531871B9,25190000,375970,67,,,3,1,,5,1,,,,NEEDS_REPAIR,,,,,PANEL,,9,true,,avan
Y21-71B42E5F,24182400,360931,67,,,3,1,,5,1,,,,GOOD,,,,,PANEL,,9,true,,avan
Y21-A674FD86,35266000,379204,93,,,4,1,,11,0,,,,NEEDS_REPAIR,,,,,PANEL,,16,true,,avan
Y21-3A6C4378,38792600,440825,88,,,3,2,,7,2,,,,GOOD,,,,,PANEL,,9,true,,avan
Y21-3409742E,46349600,586704,79,,,3,1,,7,0,,,,NEEDS_REPAIR,,,,,PANEL,,9,true,,avan
Y21-7E3930DE,43830600,476420,92,,,4,1,,3,1,,,,GOOD,,,,,PANEL,,9,true,,avan
Y21-A7526E3F,30228000,472313,64,,,2,1,,6,0,,,,GOOD,,,,,PANEL,,9,true,,avan
Y21-CDD4F648,22671000,333397,68,,,3,3,,1,1,,,,NEEDS_REPAIR,,,,,STONE,,5,false,,avan
Y21-CE8F85D3,30228000,392571,77,,,3,1,,7,0,,,,NEEDS_REPAIR,,,,,PANEL,,9,true,,avan
Y21-51A2C6C5,41311600,444211,93,,,4,1,,5,0,,,,NEEDS_REPAIR,,,,,PANEL,,9,true,,avan
Y21-2DFAB4D3,33250800,468321,71,,,3,2,,1,0,,,,EURO_RENOVATION,,,,,STONE,,14,true,,avan
Y21-040AEEA8,27205200,357963,76,,,3,1,,9,1,,,,GOOD,,,,,PANEL,,9,true,,avan
Y21-EA228260,39296400,491205,80,,,3,1,,4,0,,,,EURO_RENOVATION,,,,,PANEL,,9,true,,avan
Y21-360E5CFB,57937000,517295,112,,,4,1,,2,1,,,,EURO_RENOVATION,,,,,PANEL,,13,true,,avan
Y21-1A997259,73051000,593911,123,,,4,3,,1,2,,,,EURO_RENOVATION,,,,,NEW_BUILD,,14,true,,avan
Y21-FC324AEF,15114000,251900,60,,,2,1,,2,1,,,,GOOD,,,,,STONE,,4,false,,avan
Y21-AFEC66D3,35266000,440825,80,,,2,1,,2,0,,,,NEEDS_REPAIR,,,,,PANEL,,9,true,,avan
Y21-B30E003B,17633000,352660,50,,,1,1,,1,0,,,,EURO_RENOVATION,,,,,STONE,,4,false,,avan
Y21-3DF3D26F,31235600,410995,76,,,3,1,,13,0,,,,EURO_RENOVATION,,,,,PANEL,,14,true,,avan
Y21-F7490634,37785000,484423,78,,,3,1,,9,0,,,,NEEDS_REPAIR,,,,,PANEL,,9,true,,avan
Y21-2627FF26,30228000,387538,78,,,3,1,,9,0,,,,NEEDS_REPAIR,,,,,PANEL,,9,true,,avan
Y21-ADD2959A,30228000,387538,78,,,3,1,,9,1,,,,GOOD,,,,,PANEL,,9,true,,avan
Y21-71F13EBC,17381100,369811,47,,,1,1,,2,1,,,,GOOD,,,,,PANEL,,14,true,,avan
Y21-144D0CBE,17884900,380530,47,,,1,1,,2,1,,,,GOOD,,,,,PANEL,,14,true,,avan
Y21-D2E3F6B5,17884900,380530,47,,,1,1,,2,1,,,,GOOD,,,,,PANEL,,14,true,,avan
Y21-C93D82BF,17633000,375170,47,,,1,1,,2,1,,,,GOOD,,,,,PANEL,,14,true,,avan
Y21-45A70BDB,34258400,389300,88,,,4,1,,9,1,,,,EURO_RENOVATION,,,,,PANEL,,9,true,,avan
Y21-0AADE96A,28716600,428606,67,,,2,1,,6,1,,,,GOOD,,,,,PANEL,,9,true,,avan
Y21-13D84EAE,48364800,393210,123,,,4,1,,6,0,,,,NEEDS_REPAIR,,,,,PANEL,,9,true,,avan
Y21-8E2E4287,27709000,554180,50,,,2,1,,1,2,,,,EURO_RENOVATION,,,,,NEW_BUILD,,4,false,,avan
Y21-081F10F3,29976100,405082,74,,,2,1,,15,1,,,,EURO_RENOVATION,,,,,PANEL,,15,true,,avan
Y21-BF9240D8,32747000,409338,80,,,3,1,,1,1,,,,EURO_RENOVATION,,,,,NEW_BUILD,,9,true,,avan
Y21-31CC135C,38288800,484668,79,,,3,1,,3,1,,,,GOOD,,,,,PANEL,,9,true,,avan
Y21-F414F9F1,34762200,463496,75,,,3,3,,6,0,,,,EURO_RENOVATION,,,,,PANEL,,9,true,,avan
Y21-D5A9215C,37785000,393594,96,,,3,1,,9,1,,,,EURO_RENOVATION,,,,,PANEL,,9,true,,avan
Y21-A8AAF308,39800200,663337,60,,,2,1,,6,1,,,,EURO_RENOVATION,,,,,NEW_BUILD,,13,true,,avan
Y21-780231B9,43830600,405839,108,,,4,1,,8,1,,,,EURO_RENOVATION,,,,,PANEL,,9,true,,avan
Y21-BDFBD261,34258400,489406,70,,,3,1,,1,1,,,,EURO_RENOVATION,,,,,PANEL,,9,true,,avan
Y21-1873B745,29472300,382757,77,,,3,1,,7,1,,,,GOOD,,,,,PANEL,,9,true,,avan
Y21-F04327B3,24182400,360931,67,,,3,1,,5,1,,,,GOOD,,,,,PANEL,,9,true,,avan
Y21-4F56DCEA,24182400,360931,67,,,3,1,,5,1,,,,NEEDS_REPAIR,,,,,PANEL,,9,true,,avan
Y21-5A92AD1F,18640600,405230,46,,,2,1,,1,1,,,,GOOD,,,,,PANEL,,9,true,,avan
Y21-5553CF62,28716600,422303,68,,,2,1,,5,1,,,,EURO_RENOVATION,,,,,PANEL,,9,true,,avan
Y21-8B09F0E7,22671000,472313,48,,,2,1,,1,1,,,,EURO_RENOVATION,,,,,PANEL,,9,true,,avan
Y21-1881DAF9,41815400,440162,95,,,4,1,,9,1,,,,EURO_RENOVATION,,,,,PANEL,,9,true,,avan
Y21-8582E373,28212800,352660,80,,,3,1,,9,1,,,,GOOD,,,,,PANEL,,9,true,,avan
Y21-0CA3FD88,34762200,386247,90,,,3,1,,8,0,,,,NEEDS_REPAIR,,,,,PANEL,,9,true,,avan
Y21-65D580F0,21159600,406915,52,,,2,2,,5,1,,,,GOOD,,,,,PANEL,,14,true,,avan
Y21-121D0806,100760000,825902,122,,,4,2,,8,2,,,,EURO_RENOVATION,,,,,NEW_BUILD,,14,true,,avan
Y21-BF0DB557,35014100,233427,150,,,3,1,,9,0,,,,EURO_RENOVATION,,,,,PANEL,,9,true,,avan
Y21-2544C8E9,50380000,535957,94,,,3,2,,6,2,,,,EURO_RENOVATION,,,,,PANEL,,13,true,,avan
Y21-BF3B973A,17633000,375170,47,,,1,1,,6,0,,,,GOOD,,,,,PANEL,,12,true,,avan
Y21-B403FA11,37785000,385561,98,,,4,1,,12,0,,,,NEEDS_REPAIR,,,,,PANEL,,16,true,,avan
Y21-E52CAA6A,26550260,396273,67,,,2,1,,6,1,,,,GOOD,,,,,PANEL,,9,true,,avan
Y21-E7201654,32747000,414519,79,,,3,1,,11,1,,,,GOOD,,,,,PANEL,,14,true,,avan
Y21-E119E915,55418000,651976,85,,,2,1,,5,1,,,,EURO_RENOVATION,,,,,NEW_BUILD,,14,true,,avan
Y21-B0103990,22671000,412200,55,,,1,1,,3,1,,,,GOOD,,,,,PANEL,,9,true,,avan
Y21-A8620D32,17884900,425831,42,,,1,1,,7,0,,,,NEEDS_REPAIR,,,,,PANEL,,9,true,,avan
Y21-D18A9BFE,66501600,545095,122,,,4,2,,11,2,,,,EURO_RENOVATION,,,,,NEW_BUILD,,14,true,,avan
Y21-C679EE05,42823000,535288,80,,,3,1,,4,1,,,,EURO_RENOVATION,,,,,PANEL,,9,true,,avan
Y21-B0CD3933,16625400,369453,45,,,2,2,,1,2,,,,GOOD,,,,,NEW_BUILD,,1,false,,avan
Y21-6740FA06,19648200,338762,58,,,2,1,,13,0,,,,NEEDS_REPAIR,,,,,PANEL,,13,true,,avan
Y21-C1E9EB74,57937000,486866,119,,,4,1,,10,1,,,,EURO_RENOVATION,,,,,PANEL,,14,true,,avan
Y21-2C271EAE,27709000,413567,67,,,2,1,,3,1,,,,EURO_RENOVATION,,,,,PANEL,,9,true,,avan
Y21-2F5319A5,22167200,426292,52,,,1,1,,1,1,,,,EURO_RENOVATION,,,,,STONE,,5,false,,avan
Y21-99655636,29220400,292204,100,,,3,1,,13,1,,,,NEEDS_REPAIR,,,,,PANEL,,14,true,,avan
Y21-4B96D117,35266000,534333,66,,,4,1,,9,0,,,,EURO_RENOVATION,,,,,PANEL,,9,true,,avan
Y21-915CBD13,34258400,444914,77,,,4,1,,8,1,,,,EURO_RENOVATION,,,,,NEW_BUILD,,9,true,,avan
Y21-74A55A77,25190000,375970,67,,,2,1,,8,1,,,,EURO_RENOVATION,,,,,PANEL,,9,true,,avan
Y21-B43E69F8,22671000,419833,54,,,2,1,,3,1,,,,GOOD,,,,,STONE,,4,false,,avan
Y21-9D57E0DC,25190000,466481,54,,,1,1,,5,1,,,,EURO_RENOVATION,,,,,PANEL,,9,true,,avan
Y21-1AF67DDE,42823000,356858,120,,,2,1,,9,1,,,,NEEDS_REPAIR,,,,,PANEL,,9,true,,avan
Y21-4D004AED,27709000,446919,62,,,2,1,,4,0,,,,NEEDS_REPAIR,,,,,PANEL,,9,true,,avan
Y21-A3FBDD35,37785000,419833,90,,,3,1,,4,1,,,,GOOD,,,,,PANEL,,14,true,,avan
Y21-E5C27980,50380000,547609,92,,,3,2,,1,1,,,,EURO_RENOVATION,,,,,NEW_BUILD,,14,true,,avan
Y21-CED36358,16121600,447822,36,,,2,1,,6,1,,,,GOOD,,,,,PANEL,,9,true,,avan
Y21-58C84D87,31739400,373405,85,,,3,1,,3,1,,,,GOOD,,,,,NEW_BUILD,,12,true,,avan
Y21-6D0C0D7C,66501600,545095,122,,,4,2,,11,2,,,,EURO_RENOVATION,,,,,NEW_BUILD,,14,true,,avan
Y21-F040E1FF,37785000,455241,83,,,3,2,,8,2,,,,EURO_RENOVATION,,,,,PANEL,,9,true,,avan
Y21-33784E90,30228000,355624,85,,,3,1,,11,2,,,,GOOD,,,,,PANEL,,14,true,,avan
Y21-7FA345EE,19648200,545783,36,,,1,1,,5,1,,,,EURO_RENOVATION,,,,,STONE,,5,false,,avan
Y21-A48A0066,28716600,495114,58,,,2,1,,5,0,,,,EURO_RENOVATION,,,,,PANEL,,9,true,,avan
Y21-90325679,60456000,629750,96,,,3,1,,3,1,,,,EURO_RENOVATION,,,,,NEW_BUILD,,14,true,,avan
Y21-849F9F6A,33754600,383575,88,,,3,1,,7,1,,,,GOOD,,,,,PANEL,,9,true,,avan
Y21-FEE8B0BF,39800200,468238,85,,,3,1,,2,0,,,,NEEDS_REPAIR,,,,,PANEL,,9,true,,avan
Y21-A4D0EEF2,29220400,384479,76,,,3,1,,1,1,,,,GOOD,,,,,PANEL,,9,true,,avan
Y21-8F3AAAA6,59448400,540440,110,,,3,2,,7,2,,,,EURO_RENOVATION,,,,,NEW_BUILD,,12,true,,avan
Y21-452213AB,23174800,429163,54,,,3,1,,5,1,,,,EURO_RENOVATION,,,,,PANEL,,9,true,,avan
Y21-A04B6D41,27709000,337915,82,,,3,1,,1,1,,,,GOOD,,,,,PANEL,,9,true,,avan
Y21-3846A990,39296400,491205,80,,,3,1,,3,1,,,,EURO_RENOVATION,,,,,PANEL,,9,true,,avan
Y21-B855221F,17633000,375170,47,,,1,1,,5,1,,,,GOOD,,,,,PANEL,,14,true,,avan
Y21-347FC662,31739400,352660,90,,,3,1,,1,1,,,,EURO_RENOVATION,,,,,PANEL,,9,true,,avan
Y21-06F54726,45342000,503800,90,,,4,1,,9,2,,,,EURO_RENOVATION,,,,,PANEL,,9,true,,avan
Y21-45A0F6FE,22167200,369453,60,,,2,1,,3,1,,,,GOOD,,,,,PANEL,,9,true,,avan
Y21-F93ACFCA,35266000,293883,120,,,4,2,,1,1,,,,EURO_RENOVATION,,,,,NEW_BUILD,,2,false,,avan
Y21-A4430648,37785000,472313,80,,,3,1,,8,1,,,,EURO_RENOVATION,,,,,PANEL,,9,true,,avan
Y21-F198C0EE,31235600,385625,81,,,3,1,,1,1,,,,GOOD,,,,,PANEL,,9,true,,avan
Y21-67785A61,26701400,281067,95,,,4,1,,9,1,,,,NEEDS_REPAIR,,,,,PANEL,,9,true,,avan
Y21-8C03EE97,51387600,458818,112,,,3,1,,1,1,,,,EURO_RENOVATION,,,,,PANEL,,9,true,,avan
Y21-2A37F17F,24686200,374033,66,,,2,1,,8,1,,,,GOOD,,,,,PANEL,,9,true,,avan
Y21-35EA7216,66501600,604560,110,,,3,2,,10,1,,,,EURO_RENOVATION,,,,,MONOLITH,,14,true,,avan
Y21-6079D21F,41311600,382515,108,,,4,1,,4,1,,,,GOOD,,,,,PANEL,,9,true,,avan
Y21-D04A26EC,37281200,471914,79,,,3,1,,3,0,,,,NEEDS_REPAIR,,,,,PANEL,,9,true,,avan
Y21-9E99E743,35266000,458000,77,,,3,1,,6,2,,,,EURO_RENOVATION,,,,,STONE,,9,true,,avan
Y21-BB608B08,78089000,750856,104,,,3,1,,6,1,,,,EURO_RENOVATION,,,,,NEW_BUILD,,10,true,,avan
Y21-72C5C743,23678600,187925,126,,,3,1,,1,0,,,,NEEDS_REPAIR,,,,,STONE,,1,false,,avan
Y21-0BF49B37,47861000,455819,105,,,4,2,,13,1,,,,EURO_RENOVATION,,,,,PANEL,,14,true,,avan
Y21-49863FA3,45342000,596605,76,,,3,1,,9,0,,,,EURO_RENOVATION,,,,,PANEL,,9,true,,avan
Y21-94E9D71D,36777400,408638,90,,,3,1,,13,0,,,,NEEDS_REPAIR,,,,,PANEL,,14,true,,avan
Y21-0C2721C6,27709000,432953,64,,,2,1,,1,1,,,,EURO_RENOVATION,,,,,STONE,,14,true,,avan
Y21-56049361,37785000,251900,150,,,3,2,,14,0,,,,EURO_RENOVATION,,,,,PANEL,,15,true,,avan
Y21-0BBE7B37,32747000,419833,78,,,3,2,,1,1,,,,EURO_RENOVATION,,,,,PANEL,,14,true,,avan
Y21-7A971E3D,23678600,394643,60,,,3,1,,3,0,,,,EURO_RENOVATION,,,,,PANEL,,9,true,,avan
Y21-5BC4B137,31739400,423192,75,,,3,1,,2,1,,,,EURO_RENOVATION,,,,,PANEL,,9,true,,avan
Y21-DDD88A0D,35266000,440825,80,,,3,2,,1,1,,,,EURO_RENOVATION,,,,,PANEL,,2,false,,avan
Y21-B65709B8,31739400,423192,75,,,3,1,,6,1,,,,GOOD,,,,,PANEL,,9,true,,avan
Y21-908EE590,25190000,327143,77,,,3,2,,1,0,,,,NEEDS_REPAIR,,,,,NEW_BUILD,,1,false,,avan
Y21-08A7957F,35266000,518618,68,,,2,1,,9,0,,,,NEEDS_REPAIR,,,,,PANEL,,9,true,,avan
Y21-A8919BD2,29220400,343769,85,,,3,2,,5,2,,,,GOOD,,,,,PANEL,,14,true,,avan
Y21-0A52D6A0,35266000,440825,80,,,3,1,,6,1,,,,EURO_RENOVATION,,,,,PANEL,,9,true,,avan
Y21-9407C036,35266000,352660,100,,,4,2,,2,1,,,,EURO_RENOVATION,,,,,PANEL,,16,true,,avan
Y21-9050FC89,29220400,352053,83,,,3,1,,3,1,,,,GOOD,,,,,PANEL,,9,true,,avan
Y21-375D7241,26701400,398528,67,,,2,1,,6,1,,,,GOOD,,,,,PANEL,,9,true,,avan
Y21-0A2E313B,31739400,566775,56,,,2,1,,4,0,,,,EURO_RENOVATION,,,,,PANEL,,14,true,,avan
Y21-3CA4B03C,27709000,369453,75,,,3,1,,1,0,,,,NEEDS_REPAIR,,,,,PANEL,,9,true,,avan
Y21-0E4B2B2C,15114000,260586,58,,,3,1,,2,1,,,,EURO_RENOVATION,,,,,PANEL,,14,true,,avan
Y21-CD2F5F15,55418000,589553,94,,,3,1,,2,2,,,,EURO_RENOVATION,,,,,NEW_BUILD,,13,true,,avan
Y21-48A805C2,26197600,391009,67,,,3,1,,8,1,,,,GOOD,,,,,PANEL,,9,true,,avan
Y21-6A1A1B46,19144400,435100,44,,,1,2,,8,1,,,,NEEDS_REPAIR,,,,,PANEL,,9,true,,avan
Y21-B42D13B7,42823000,389300,110,,,4,1,,6,1,,,,GOOD,,,,,PANEL,,9,true,,avan
Y21-5C022D08,19446680,627312,31,,,2,1,,2,1,,,,EURO_RENOVATION,,,,,STONE,,5,false,,avan
Y21-49BF1EE3,27709000,477741,58,,,2,2,,4,1,,,,EURO_RENOVATION,,,,,STONE,,5,false,,avan
Y21-2EDF91ED,32747000,409338,80,,,3,1,,3,1,,,,GOOD,,,,,PANEL,,9,true,,avan
Y21-3A6B643D,20152000,438087,46,,,1,1,,1,1,,,,GOOD,,,,,PANEL,,9,true,,avan
Y21-FC893BFF,35266000,391844,90,,,4,1,,6,2,,,,EURO_RENOVATION,,,,,PANEL,,9,true,,avan
Y21-12C421A7,30228000,351488,86,,,3,1,,7,0,,,,NEEDS_REPAIR,,,,,PANEL,,14,true,,avan
Y21-8DA2FAB3,41311600,480367,86,,,3,1,,6,1,,,,EURO_RENOVATION,,,,,PANEL,,9,true,,avan
Y21-D79062C2,34258400,439210,78,,,3,1,,5,1,,,,EURO_RENOVATION,,,,,PANEL,,9,true,,avan
Y21-AFF72A33,31235600,400456,78,,,3,2,,4,1,,,,GOOD,,,,,PANEL,,14,true,,avan
Y21-9C8FE43D,23174800,429163,54,,,3,1,,5,0,,,,NEEDS_REPAIR,,,,,PANEL,,9,true,,avan
Y21-F2D6E3FF,33754600,411641,82,,,4,1,,2,0,,,,NEEDS_REPAIR,,,,,PANEL,,9,true,,avan
Y21-62534E18,32747000,545783,60,,,3,1,,8,0,,,,EURO_RENOVATION,,,,,PANEL,,14,true,,avan
Y21-BE26A8F9,21159600,459991,46,,,1,1,,4,0,,,,GOOD,,,,,PANEL,,9,true,,avan
Y21-12C23475,34258400,433651,79,,,3,1,,8,1,,,,EURO_RENOVATION,,,,,PANEL,,9,true,,avan
Y21-49D1B3A0,31235600,390445,80,,,3,2,,4,1,,,,GOOD,,,,,PANEL,,14,true,,avan
Y21-638E2F96,42823000,356858,120,,,4,1,,4,1,,,,EURO_RENOVATION,,,,,PANEL,,9,true,,avan
Y21-D4FDA008,54410400,632679,86,,,3,1,,14,2,,,,EURO_RENOVATION,,,,,NEW_BUILD,,14,true,,avan
Y21-E877FB9A,24182400,396433,61,,,2,1,,2,2,,,,GOOD,,,,,PANEL,,9,true,,avan
Y21-16681651,28716600,330076,87,,,4,1,,9,2,,,,GOOD,,,,,PANEL,,9,true,,avan
Y21-7CE0A733,32747000,372125,88,,,4,1,,6,1,,,,GOOD,,,,,NEW_BUILD,,9,true,,avan
Y21-56831C4D,25190000,375970,67,,,2,1,,1,2,,,,GOOD,,,,,PANEL,,14,true,,avan
Y21-28CCA2E2,32747000,503800,65,,,2,1,,1,0,,,,GOOD,,,,,PANEL,,9,true,,avan
Y21-7EF68540,30228000,377850,80,,,3,1,,9,1,,,,EURO_RENOVATION,,,,,PANEL,,9,true,,avan
Y21-F7115291,27709000,395843,70,,,3,1,,9,1,,,,GOOD,,,,,PANEL,,9,true,,avan
Y21-55EC687D,27709000,395843,70,,,2,1,,9,1,,,,GOOD,,,,,PANEL,,9,true,,avan
Y21-906E4C2C,24182400,575771,42,,,1,1,,1,1,,,,GOOD,,,,,PANEL,,9,true,,avan
Y21-0EFD977A,20152000,428766,47,,,1,1,,10,1,,,,EURO_RENOVATION,,,,,PANEL,,10,true,,avan
Y21-F89BE769,25190000,441930,57,,,2,1,,6,1,,,,EURO_RENOVATION,,,,,PANEL,,9,true,,avan
Y21-85795457,36273600,426748,85,,,3,1,,5,0,,,,NEEDS_REPAIR,,,,,MONOLITH,,14,true,,avan
Y21-CE51FB20,31739400,473722,67,,,2,1,,4,0,,,,NEEDS_REPAIR,,,,,PANEL,,14,true,,avan
Y21-37B9DB3C,22671000,286975,79,,,3,1,,1,1,,,,NEEDS_REPAIR,,,,,STONE,,5,false,,avan
Y21-50448E4D,47861000,531789,90,,,4,1,,7,1,,,,GOOD,,,,,PANEL,,9,true,,avan
Y21-43EBABEE,37785000,619426,61,,,2,1,,2,1,,,,EURO_RENOVATION,,,,,NEW_BUILD,,4,false,,avan
Y21-DDF2958C,21159600,346879,61,,,2,1,,9,1,,,,GOOD,,,,,PANEL,,9,true,,avan
Y21-4C177383,30228000,503800,60,,,3,1,,3,1,,,,EURO_RENOVATION,,,,,PANEL,,14,true,,avan
Y21-B7B6A5EB,18640600,388346,48,,,2,1,,5,1,,,,GOOD,,,,,PANEL,,5,false,,avan
Y21-7D67203C,20152000,447822,45,,,1,1,,5,1,,,,EURO_RENOVATION,,,,,STONE,,5,false,,avan
Y21-40E59A98,23930500,319073,75,,,3,1,,3,1,,,,NEEDS_REPAIR,,,,,PANEL,,10,true,,avan
Y21-F9EB126A,27709000,337915,82,,,4,1,,1,1,,,,NEEDS_REPAIR,,,,,MONOLITH,,9,true,,avan
Y21-1E066A1F,35266000,419833,84,,,3,1,,8,1,,,,GOOD,,,,,PANEL,,9,true,,avan
Y21-00D974C3,35266000,391844,90,,,4,1,,6,1,,,,EURO_RENOVATION,,,,,PANEL,,9,true,,avan
Y21-943B94E1,30228000,451164,67,,,2,1,,3,1,,,,GOOD,,,,,PANEL,,9,true,,avan
Y21-015850F4,40304000,491512,82,,,3,1,,6,1,,,,EURO_RENOVATION,,,,,PANEL,,16,true,,avan
Y21-61941A29,39296400,405118,97,,,3,1,,7,1,,,,EURO_RENOVATION,,,,,PANEL,,9,true,,avan
Y21-04538B37,35266000,452128,78,,,3,1,,13,1,,,,GOOD,,,,,PANEL,,16,true,,avan
Y21-0B04DD19,30228000,444529,68,,,3,1,,6,1,,,,EURO_RENOVATION,,,,,PANEL,,9,true,,avan
Y21-EEBD987B,30228000,472313,64,,,3,1,,13,0,,,,EURO_RENOVATION,,,,,PANEL,,14,true,,avan
Y21-1E2A0EF5,27709000,355244,78,,,3,2,,8,2,,,,GOOD,,,,,PANEL,,9,true,,avan
Y21-BBF8AC8A,26197600,391009,67,,,2,1,,3,1,,,,GOOD,,,,,PANEL,,9,true,,avan
Y21-86E94C5D,27709000,364592,76,,,3,2,,9,1,,,,EURO_RENOVATION,,,,,PANEL,,9,true,,avan
Y21-1325400A,22671000,453420,50,,,1,1,,7,1,,,,EURO_RENOVATION,,,,,PANEL,,9,true,,avan
Y21-BDD76FE6,24686200,374033,66,,,2,1,,2,1,,,,GOOD,,,,,PANEL,,9,true,,avan
Y21-49C667E9,34258400,433651,79,,,3,1,,1,1,,,,EURO_RENOVATION,,,,,PANEL,,9,true,,avan
Y21-9FF38769,22167200,461817,48,,,1,1,,1,1,,,,GOOD,,,,,PANEL,,9,true,,avan
Y21-4528F510,31235600,433828,72,,,2,1,,7,2,,,,GOOD,,,,,PANEL,,14,true,,avan
Y21-261F7EB5,35266000,458000,77,,,3,1,,6,0,,,,NEEDS_REPAIR,,,,,PANEL,,9,true,,avan
Y21-1F44FFA3,28212800,352660,80,,,4,1,,9,1,,,,GOOD,,,,,PANEL,,9,true,,avan
Y21-E45291FD,23174800,429163,54,,,1,1,,3,0,,,,GOOD,,,,,PANEL,,9,true,,avan
Y21-E533859E,32747000,503800,65,,,3,1,,13,0,,,,GOOD,,,,,PANEL,,14,true,,avan
Y21-983B1E49,25190000,381667,66,,,2,1,,12,1,,,,GOOD,,,,,PANEL,,16,true,,avan
Y21-D27B9F86,25190000,484423,52,,,3,1,,2,0,,,,EURO_RENOVATION,,,,,STONE,,2,false,,avan
Y21-D2FA9951,36777400,131348,280,,,6,2,,2,1,,,,GOOD,,,,,NEW_BUILD,,2,false,,avan
Y21-A82C9ED4,24686200,374033,66,,,2,1,,2,1,,,,GOOD,,,,,PANEL,,9,true,,avan
Y21-BFE31CB5,24686200,385722,64,,,2,1,,2,1,,,,NEEDS_REPAIR,,,,,PANEL,,14,true,,avan
Y21-E9077C03,35266000,424892,83,,,3,1,,3,0,,,,NEEDS_REPAIR,,,,,PANEL,,9,true,,avan
Y21-212D690A,35266000,363567,97,,,4,1,,7,1,,,,EURO_RENOVATION,,,,,PANEL,,16,true,,avan
Y21-36071AFF,28716600,363501,79,,,3,1,,1,1,,,,GOOD,,,,,PANEL,,9,true,,avan
Y21-C393591F,62975000,669947,94,,,3,2,,6,2,,,,EURO_RENOVATION,,,,,NEW_BUILD,,13,true,,avan
Y21-8C15C579,35266000,419833,84,,,3,1,,9,2,,,,GOOD,,,,,PANEL,,9,true,,avan
Y21-AE50B85C,27205200,469055,58,,,2,1,,4,1,,,,EURO_RENOVATION,,,,,STONE,,5,false,,avan
Y21-7CD04297,63982600,652884,98,,,3,2,,9,1,,,,EURO_RENOVATION,,,,,NEW_BUILD,,15,true,,avan
Y21-FE47627A,31739400,577080,55,,,2,1,,2,0,,,,NEEDS_REPAIR,,,,,PANEL,,9,true,,avan
Y21-AC9EFC57,28212800,414894,68,,,2,1,,8,1,,,,NEEDS_REPAIR,,,,,NEW_BUILD,,14,true,,avan
Y21-97CEE946,26701400,404567,66,,,3,1,,1,1,,,,EURO_RENOVATION,,,,,PANEL,,9,true,,avan
Y21-9060392C,78089000,513743,152,,,4,2,,5,2,,,,NEEDS_REPAIR,,,,,NEW_BUILD,,10,true,,avan
Y21-922C8CD9,34258400,393775,87,,,4,1,,2,0,,,,NEEDS_REPAIR,,,,,PANEL,,9,true,,avan
Y21-BD5B7E92,35266000,410070,86,,,4,1,,2,0,,,,NEEDS_REPAIR,,,,,PANEL,,9,true,,avan
Y21-6F74CF9F,29724200,381079,78,,,3,1,,9,0,,,,NEEDS_REPAIR,,,,,MONOLITH,,9,true,,avan
Y21-775298E0,25190000,387538,65,,,2,1,,9,0,,,,GOOD,,,,,PANEL,,9,true,,avan
Y21-E1B9D071,32747000,528177,62,,,3,2,,7,0,,,,EURO_RENOVATION,,,,,PANEL,,9,true,,avan
Y21-FEB6DAAC,25693800,475811,54,,,1,1,,14,0,,,,EURO_RENOVATION,,,,,PANEL,,14,true,,avan
Y21-94F60082,30228000,373185,81,,,3,2,,9,1,,,,GOOD,,,,,PANEL,,9,true,,avan
Y21-B37E98BA,25190000,466481,54,,,2,1,,8,0,,,,GOOD,,,,,PANEL,,16,true,,avan
Y21-5BAD04D4,24182400,447822,54,,,1,1,,6,0,,,,NEEDS_REPAIR,,,,,PANEL,,9,true,,avan
Y21-71873797,58944600,614006,96,,,3,2,,5,2,,,,EURO_RENOVATION,,,,,NEW_BUILD,,14,true,,avan
Y21-553C5FAE,39296400,523952,75,,,3,1,,2,0,,,,EURO_RENOVATION,,,,,PANEL,,9,true,,avan
Y21-92436D65,30228000,387538,78,,,3,1,,2,0,,,,GOOD,,,,,PANEL,,9,true,,avan
Y21-D543C7D4,55418000,615756,90,,,3,1,,4,0,,,,EURO_RENOVATION,,,,,NEW_BUILD,,9,true,,avan
Y21-76DE7715,52899000,440825,120,,,4,2,,2,0,,,,EURO_RENOVATION,,,,,PANEL,,15,true,,avan
Y21-7EF13DA3,41815400,475175,88,,,4,1,,5,0,,,,GOOD,,,,,PANEL,,9,true,,avan
Y21-DA429FF2,22671000,503800,45,,,1,1,,7,0,,,,EURO_RENOVATION,,,,,PANEL,,9,true,,avan
Y21-78FF0E2F,32747000,409338,80,,,3,3,,5,0,,,,NEEDS_REPAIR,,,,,STONE,,9,true,,avan
Y21-1C303D8B,15617800,459347,34,,,1,1,,3,1,,,,GOOD,,,,,PANEL,,4,false,,avan
Y21-86FCFEFD,50380000,359857,140,,,5,1,,1,0,,,,EURO_RENOVATION,,,,,STONE,,3,false,,avan
Y21-1E14F40D,36273600,453420,80,,,3,1,,4,0,,,,EURO_RENOVATION,,,,,PANEL,,9,true,,avan
Y21-F23424C6,25190000,434310,58,,,2,1,,12,0,,,,GOOD,,,,,PANEL,,14,true,,avan
Y21-B18EEBD9,60456000,549600,110,,,3,2,,3,0,,,,EURO_RENOVATION,,,,,NEW_BUILD,,14,true,,avan
Y21-05A848C6,22671000,453420,50,,,1,1,,2,0,,,,EURO_RENOVATION,,,,,PANEL,,9,true,,avan
Y21-BDB6F252,47861000,531789,90,,,4,1,,7,0,,,,NEEDS_REPAIR,,,,,PANEL,,9,true,,avan
Y21-078ECF3D,21663400,451321,48,,,1,1,,9,0,,,,EURO_RENOVATION,,,,,PANEL,,14,true,,avan
Y21-89BDD992,73051000,483781,151,,,4,1,,3,0,,,,NEEDS_REPAIR,,,,,MONOLITH,,10,true,,avan
Y21-EC6F892B,29220400,456569,64,,,2,1,,1,0,,,,NEEDS_REPAIR,,,,,PANEL,,9,true,,avan
Y21-28D0C5E8,38792600,497341,78,,,3,1,,2,1,,,,GOOD,,,,,PANEL,,9,true,,avan
Y21-1B12C56C,18136800,348785,52,,,2,1,,1,0,,,,NEEDS_REPAIR,,,,,STONE,,4,false,,avan
Y21-585E0F51,29220400,411555,71,,,3,1,,1,0,,,,EURO_RENOVATION,,,,,PANEL,,9,true,,avan
Y21-D56A4851,39296400,456935,86,,,3,1,,11,0,,,,NEEDS_REPAIR,,,,,PANEL,,16,true,,avan
Y21-394805BF,22671000,419833,54,,,1,1,,5,0,,,,GOOD,,,,,PANEL,,9,true,,avan
Y21-9B773AF3,75570000,629750,120,,,3,1,,1,0,,,,EURO_RENOVATION,,,,,MONOLITH,,3,false,,avan
Y21-076B80AD,45342000,533435,85,,,3,1,,10,1,,,,EURO_RENOVATION,,,,,PANEL,,14,true,,avan
Y21-F49C0552,27709000,554180,50,,,3,2,,1,0,,,,GOOD,,,,,PANEL,,9,true,,avan
Y21-60B9005F,27205200,331771,82,,,3,1,,13,0,,,,GOOD,,,,,PANEL,,14,true,,avan
Y21-2AF62815,28716600,341864,84,,,3,1,,4,0,,,,NEEDS_REPAIR,,,,,PANEL,,9,true,,avan
Y21-F77560CB,35266000,435383,81,,,3,1,,6,0,,,,EURO_RENOVATION,,,,,PANEL,,9,true,,avan
Y21-68BA770C,19648200,436627,45,,,1,1,,5,0,,,,NEEDS_REPAIR,,,,,PANEL,,14,true,,avan
Y21-74390733,42823000,535288,80,,,3,1,,5,0,,,,NEEDS_REPAIR,,,,,PANEL,,9,true,,avan
Y21-5574B671,66501600,532013,125,,,4,2,,3,0,,,,EURO_RENOVATION,,,,,MONOLITH,,14,true,,avan
Y21-9288366C,35266000,518618,68,,,2,1,,9,0,,,,NEEDS_REPAIR,,,,,PANEL,,9,true,,avan
Y21-296F980D,30228000,472313,64,,,2,1,,4,0,,,,EURO_RENOVATION,,,,,PANEL,,9,true,,avan
Y21-96D107BD,44334400,615756,72,,,2,1,,3,0,,,,EURO_RENOVATION,,,,,MONOLITH,,14,true,,avan
Y21-2916F3F6,42823000,522232,82,,,3,1,,3,0,,,,NEEDS_REPAIR,,,,,PANEL,,9,true,,avan
Y21-08430584,26701400,281067,95,,,4,1,,9,0,,,,GOOD,,,,,PANEL,,9,true,,avan
Y21-EB6A4E21,30228000,451164,67,,,2,1,,4,1,,,,EURO_RENOVATION,,,,,PANEL,,9,true,,avan
Y21-AFFA0640,84134600,701122,120,,,5,2,,4,0,,,,EURO_RENOVATION,,,,,MONOLITH,,4,false,,avan
Y21-0411EE3B,25190000,524792,48,,,1,1,,2,0,,,,NEEDS_REPAIR,,,,,PANEL,,9,true,,avan
Y21-B084F4F6,33250800,353732,94,,,3,1,,1,0,,,,NEEDS_REPAIR,,,,,PANEL,,9,true,,avan
Y21-1C17EB97,48364800,562381,86,,,3,1,,9,0,,,,NEEDS_REPAIR,,,,,MONOLITH,,14,true,,avan
Y21-FD7A3116,26701400,494470,54,,,2,1,,9,0,,,,NEEDS_REPAIR,,,,,PANEL,,9,true,,avan
Y21-8195BC58,30228000,539786,56,,,3,1,,13,0,,,,NEEDS_REPAIR,,,,,PANEL,,16,true,,avan
Y21-A3205F99,26701400,398528,67,,,2,1,,1,0,,,,NEEDS_REPAIR,,,,,PANEL,,9,true,,avan
Y21-70E0CC7E,38540700,428230,90,,,3,1,,8,0,,,,NEEDS_REPAIR,,,,,PANEL,,14,true,,avan
Y21-641199E7,33754600,397113,85,,,3,1,,3,0,,,,NEEDS_REPAIR,,,,,STONE,,4,false,,avan
Y21-F66D2C09,19144400,390702,49,,,2,1,,4,0,,,,NEEDS_REPAIR,,,,,PANEL,,5,false,,avan
Y21-B95243E6,30228000,364193,83,,,3,1,,6,0,,,,NEEDS_REPAIR,,,,,PANEL,,9,true,,avan
Y21-AB1FCD31,32747000,363856,90,,,3,1,,14,0,,,,NEEDS_REPAIR,,,,,PANEL,,14,true,,avan
Y21-8A9889BC,35266000,414894,85,,,3,1,,8,0,,,,NEEDS_REPAIR,,,,,PANEL,,9,true,,avan
Y21-7A7729FF,23678600,503800,47,,,1,1,,4,0,,,,NEEDS_REPAIR,,,,,PANEL,,9,true,,avan
Y21-92DB8316,22671000,527233,43,,,1,1,,3,0,,,,NEEDS_REPAIR,,,,,PANEL,,9,true,,avan
Y21-55F99070,19144400,330076,58,,,2,1,,13,0,,,,NEEDS_REPAIR,,,,,PANEL,,14,true,,avan
Y21-284B7B00,32747000,436627,75,,,3,1,,7,0,,,,NEEDS_REPAIR,,,,,PANEL,,9,true,,avan
Y21-A3315600,19144400,435100,44,,,2,1,,4,0,,,,NEEDS_REPAIR,,,,,STONE,,4,false,,avan
Y21-5B439B93,23678600,503800,47,,,1,1,,4,0,,,,NEEDS_REPAIR,,,,,PANEL,,9,true,,avan
Y21-0A9F4E60,35266000,400750,88,,,3,1,,2,0,,,,NEEDS_REPAIR,,,,,PANEL,,9,true,,avan
Y21-3DAA4301,27709000,532865,52,,,2,1,,2,0,,,,NEEDS_REPAIR,,,,,STONE,,5,false,,avan
Y21-12D9D474,32747000,488761,67,,,2,1,,7,0,,,,NEEDS_REPAIR,,,,,PANEL,,9,true,,avan
Y21-BF23852B,25190000,310988,81,,,3,1,,13,0,,,,NEEDS_REPAIR,,,,,STONE,,14,true,,avan
Y21-58DD33AF,25190000,310988,81,,,3,1,,13,0,,,,NEEDS_REPAIR,,,,,STONE,,14,true,,avan
Y21-CD9C8203,35266000,629750,56,,,2,1,,3,1,,,,EURO_RENOVATION,,,,,NEW_BUILD,,10,true,,avan
Y21-7982F169,40304000,671733,60,,,2,1,,2,0,,,,NEEDS_REPAIR,,,,,MONOLITH,,10,true,,avan
Y21-0EA16124,75570000,944625,80,,,3,1,,2,0,,,,NEEDS_REPAIR,,,,,MONOLITH,,3,false,,avan
Y21-FDD5C8EB,47861000,576639,83,,,3,1,,10,0,,,,NEEDS_REPAIR,,,,,STONE,,15,true,,avan
Y21-7850FCC8,62471200,533942,117,,,3,1,,9,0,,,,NEEDS_REPAIR,,,,,MONOLITH,,14,true,,avan
Y21-99E1F83D,62975000,851014,74,,,3,1,,2,0,,,,NEEDS_REPAIR,,,,,STONE,,3,false,,avan
Y21-8E6D3BB9,15114000,377850,40,,,2,1,,2,0,,,,NEEDS_REPAIR,,,,,PANEL,,5,false,,avan
Y21-4BD42088,25190000,359857,70,,,2,1,,1,1,,,,GOOD,,,,,PANEL,,9,true,,avan
Y21-ABE1BD8F,30983700,312967,99,,,3,1,,5,2,,,,NEEDS_REPAIR,,,,,PANEL,,14,true,,davtashen
Y21-C63ABF11,57937000,597289,97,,,3,2,,3,1,,,,EURO_RENOVATION,,,,,PANEL,,9,true,,davtashen
Y21-7E8623FB,22973280,450456,51,,,2,1,,1,1,,,,EURO_RENOVATION,,,,,PANEL,,14,true,,davtashen
Y21-FFA509D0,22419100,546807,41,,,1,1,,10,0,,,,EURO_RENOVATION,,,,,MONOLITH,,16,true,,davtashen
Y21-FAB6BC48,12846900,494112,26,,,1,1,,2,0,,,,GOOD,,,,,PANEL,,8,true,,davtashen
Y21-B34A211D,35266000,452128,78,,,3,1,,3,1,,,,GOOD,,,,,PANEL,,9,true,,davtashen
Y21-174EAD35,55418000,748892,74,,,4,2,,14,0,,,,EURO_RENOVATION,,,,,NEW_BUILD,,15,true,,davtashen
Y21-1D8428A7,31739400,423192,75,,,3,1,,9,1,,,,EURO_RENOVATION,,,,,PANEL,,9,true,,davtashen
Y21-6DCBD437,31739400,423192,75,,,3,1,,9,0,,,,EURO_RENOVATION,,,,,PANEL,,9,true,,davtashen
Y21-3995925F,20655800,516395,40,,,2,1,,3,1,,,,GOOD,,,,,STONE,,6,true,,davtashen
Y21-0BFA9DC4,42319200,436280,97,,,4,2,,7,1,,,,EURO_RENOVATION,,,,,PANEL,,9,true,,davtashen
Y21-EAC3E8B7,24434300,531180,46,,,2,2,,6,1,,,,GOOD,,,,,PANEL,,9,true,,davtashen
Y21-7B297F79,30228000,521172,58,,,2,1,,1,1,,,,GOOD,,,,,PANEL,,9,true,,davtashen
Y21-1DA8C98B,32747000,385259,85,,,3,1,,1,1,,,,EURO_RENOVATION,,,,,STONE,,3,false,,davtashen
Y21-C67A3EC2,41815400,449628,93,,,4,2,,8,1,,,,GOOD,,,,,PANEL,,9,true,,davtashen
Y21-E16FA0D9,42823000,470582,91,,,4,1,,14,0,,,,NEEDS_REPAIR,,,,,PANEL,,14,true,,davtashen
Y21-55950E33,72043400,900543,80,,,2,1,,8,0,,,,EURO_RENOVATION,,,,,NEW_BUILD,,11,true,,davtashen
Y21-B85BB1AC,23678600,415414,57,,,2,1,,14,0,,,,EURO_RENOVATION,,,,,PANEL,,14,true,,davtashen
Y21-C1E9A3AD,48868600,574925,85,,,3,1,,8,1,,,,EURO_RENOVATION,,,,,NEW_BUILD,,15,true,,davtashen
Y21-A0B8C72F,41563500,424117,98,,,3,1,,6,1,,,,GOOD,,,,,PANEL,,9,true,,davtashen
Y21-05BB97F0,42319200,436280,97,,,4,1,,4,1,,,,EURO_RENOVATION,,,,,PANEL,,9,true,,davtashen
Y21-A8DD5346,45342000,581308,78,,,3,1,,1,0,,,,NEEDS_REPAIR,,,,,STONE,,9,true,,davtashen
Y21-16E0C905,73051000,487007,150,,,5,1,,4,0,,,,NEEDS_REPAIR,,,,,MONOLITH,,11,true,,davtashen
Y21-03112334,39296400,405118,97,,,3,3,,2,1,,,,EURO_RENOVATION,,,,,PANEL,,9,true,,davtashen
Y21-806F57D9,39800200,510259,78,,,2,1,,12,1,,,,NEEDS_REPAIR,,,,,NEW_BUILD,,15,true,,davtashen
Y21-215E69EF,17633000,383326,46,,,2,2,,5,0,,,,EURO_RENOVATION,,,,,PANEL,,5,false,,davtashen
Y21-F312DBCB,33754600,482209,70,,,2,1,,11,0,,,,NEEDS_REPAIR,,,,,STONE,,14,true,,davtashen
Y21-48A0F311,41311600,536514,77,,,3,1,,5,1,,,,GOOD,,,,,PANEL,,9,true,,davtashen
Y21-4FADF312,36273600,465046,78,,,3,1,,5,1,,,,GOOD,,,,,PANEL,,9,true,,davtashen
Y21-27872D62,35266000,511101,69,,,3,1,,1,1,,,,EURO_RENOVATION,,,,,STONE,,14,true,,davtashen
Y21-A6A5702D,42823000,356858,120,,,4,2,,3,2,,,,GOOD,,,,,STONE,,9,true,,davtashen
Y21-5947CB20,34762200,457397,76,,,3,1,,4,2,,,,EURO_RENOVATION,,,,,PANEL,,9,true,,davtashen
Y21-7CD0B9C1,42319200,564256,75,,,3,1,,2,2,,,,EURO_RENOVATION,,,,,PANEL,,9,true,,davtashen
Y21-D4F8CB72,33150040,534678,62,,,3,1,,6,1,,,,EURO_RENOVATION,,,,,NEW_BUILD,,11,true,,davtashen
Y21-30AD67A3,34258400,728902,47,,,2,1,,4,0,,,,EURO_RENOVATION,,,,,NEW_BUILD,,4,false,,davtashen
Y21-14C7DEC1,52899000,528990,100,,,3,1,,4,1,,,,EURO_RENOVATION,,,,,PANEL,,9,true,,davtashen
Y21-125558AF,45342000,566775,80,,,2,1,,8,1,,,,EURO_RENOVATION,,,,,PANEL,,9,true,,davtashen
Y21-EAAEE82F,70532000,993408,71,,,3,1,,13,1,,,,EURO_RENOVATION,,,,,NEW_BUILD,,15,true,,davtashen
Y21-FDA4627B,28212800,829788,34,,,1,1,,2,0,,,,NEEDS_REPAIR,,,,,STONE,,4,false,,davtashen
Y21-374E73C4,27709000,426292,65,,,2,1,,3,1,,,,GOOD,,,,,PANEL,,14,true,,davtashen
Y21-C72A8FBD,47861000,543875,88,,,3,1,,10,0,,,,EURO_RENOVATION,,,,,PANEL,,14,true,,davtashen
Y21-8B4575FE,42823000,450768,95,,,4,1,,7,0,,,,GOOD,,,,,PANEL,,9,true,,davtashen
Y21-E8F37B8B,56425600,742442,76,,,4,2,,7,1,,,,EURO_RENOVATION,,,,,PANEL,,9,true,,davtashen
Y21-B63A5F2D,35769800,576932,62,,,2,1,,5,2,,,,NEEDS_REPAIR,,,,,NEW_BUILD,,5,false,,davtashen
Y21-FB428C93,37785000,393594,96,,,3,1,,3,0,,,,NEEDS_REPAIR,,,,,STONE,,9,true,,davtashen
Y21-8C0FC8F3,34258400,475811,72,,,3,3,,1,1,,,,NEEDS_REPAIR,,,,,PANEL,,9,true,,davtashen
Y21-079CD375,45342000,412200,110,,,3,2,,3,1,,,,EURO_RENOVATION,,,,,NEW_BUILD,,12,true,,davtashen
Y21-A1912008,26701400,667535,40,,,2,1,,2,0,,,,EURO_RENOVATION,,,,,NEW_BUILD,,5,false,,davtashen
Y21-2FCEECA6,37785000,755700,50,,,2,1,,2,1,,,,NEEDS_REPAIR,,,,,NEW_BUILD,,16,true,,davtashen
Y21-846A5357,39296400,374251,105,,,4,1,,6,0,,,,NEEDS_REPAIR,,,,,PANEL,,14,true,,davtashen
Y21-0B071CF7,35266000,705320,50,,,2,1,,4,0,,,,EURO_RENOVATION,,,,,NEW_BUILD,,4,false,,davtashen
Y21-D98CFEFC,70532000,727134,97,,,3,2,,4,1,,,,GOOD,,,,,NEW_BUILD,,17,true,,davtashen
Y21-7D73CCDB,43830600,350645,125,,,3,2,,10,1,,,,EURO_RENOVATION,,,,,PANEL,,11,true,,davtashen
Y21-717C971E,41815400,422378,99,,,3,1,,3,1,,,,GOOD,,,,,PANEL,,9,true,,davtashen
Y21-0E242251,37785000,517603,73,,,3,1,,6,0,,,,EURO_RENOVATION,,,,,PANEL,,9,true,,davtashen
Y21-4D6254D6,83127000,639438,130,,,3,1,,11,0,,,,NEEDS_REPAIR,,,,,MONOLITH,,11,true,,davtashen
Y21-F1C1B0F5,40304000,485590,83,,,3,2,,1,0,,,,NEEDS_REPAIR,,,,,NEW_BUILD,,5,false,,davtashen
Y21-0CF5871D,35266000,359857,98,,,3,1,,9,1,,,,NEEDS_REPAIR,,,,,PANEL,,10,true,,davtashen
Y21-F15EC962,36777400,477629,77,,,3,1,,7,0,,,,NEEDS_REPAIR,,,,,PANEL,,14,true,,davtashen
Y21-55C724F0,53906600,770094,70,,,3,1,,13,1,,,,EURO_RENOVATION,,,,,NEW_BUILD,,19,true,,davtashen
Y21-FE6B2865,52899000,513583,103,,,3,1,,1,1,,,,GOOD,,,,,PANEL,,9,true,,davtashen
Y21-42BC7620,92195400,787995,117,,,4,2,,14,1,,,,EURO_RENOVATION,,,,,NEW_BUILD,,14,true,,davtashen
Y21-1244F8F4,34258400,428230,80,,,2,1,,5,1,,,,NEEDS_REPAIR,,,,,PANEL,,9,true,,davtashen
Y21-13D4169D,37785000,460793,82,,,3,2,,6,1,,,,EURO_RENOVATION,,,,,NEW_BUILD,,14,true,,davtashen
Y21-9BAB3688,37785000,359857,105,,,3,1,,1,2,,,,EURO_RENOVATION,,,,,PANEL,,9,true,,davtashen
Y21-BA6E4B49,31739400,317394,100,,,3,1,,1,2,,,,NEEDS_REPAIR,,,,,PANEL,,9,true,,davtashen
Y21-EA19C744,70532000,705320,100,,,3,1,,1,0,,,,NEEDS_REPAIR,,,,,PANEL,,9,true,,davtashen
Y21-F2C97140,30228000,451164,67,,,3,2,,9,1,,,,EURO_RENOVATION,,,,,NEW_BUILD,,9,true,,davtashen
Y21-4678F827,30228000,444529,68,,,3,1,,9,1,,,,EURO_RENOVATION,,,,,NEW_BUILD,,9,true,,davtashen
Y21-DA073FC2,35266000,440825,80,,,3,1,,9,0,,,,EURO_RENOVATION,,,,,PANEL,,14,true,,davtashen
Y21-249F4863,25190000,466481,54,,,2,1,,12,0,,,,GOOD,,,,,PANEL,,14,true,,davtashen
Y21-DD2FE4E4,43830600,626151,70,,,2,1,,7,1,,,,NEEDS_REPAIR,,,,,NEW_BUILD,,15,true,,davtashen
Y21-C025AE29,32747000,454819,72,,,3,1,,3,1,,,,GOOD,,,,,NEW_BUILD,,5,false,,davtashen
Y21-46B391C2,32747000,414519,79,,,3,1,,13,1,,,,GOOD,,,,,PANEL,,14,true,,davtashen
Y21-826DA5FD,68013000,492848,138,,,4,2,,12,1,,,,EURO_RENOVATION,,,,,NEW_BUILD,,15,true,,davtashen
Y21-27EDEF4F,45342000,477284,95,,,4,1,,7,1,,,,GOOD,,,,,PANEL,,9,true,,davtashen
Y21-70A414EF,88165000,716789,123,,,4,3,,5,1,,,,NEEDS_REPAIR,,,,,NEW_BUILD,,16,true,,davtashen
Y21-431559ED,19648200,503800,39,,,2,1,,3,0,,,,NEEDS_REPAIR,,,,,PANEL,,5,false,,davtashen
Y21-49459F5D,22671000,404839,56,,,3,1,,2,0,,,,EURO_RENOVATION,,,,,STONE,,6,true,,davtashen
Y21-DCBA83FF,6499020,209646,31,,,1,1,,1,1,,,,GOOD,,,,,STONE,,4,false,,davtashen
Y21-BE5D820C,39296400,517058,76,,,3,1,,3,1,,,,EURO_RENOVATION,,,,,PANEL,,9,true,,davtashen
Y21-3D65D2C9,37785000,389536,97,,,4,1,,3,2,,,,GOOD,,,,,PANEL,,9,true,,davtashen
Y21-DB7B163B,40304000,485590,83,,,3,1,,13,0,,,,EURO_RENOVATION,,,,,PANEL,,14,true,,davtashen
Y21-0DECBB77,30731800,512197,60,,,2,1,,5,1,,,,GOOD,,,,,PANEL,,9,true,,davtashen
Y21-7CE63421,30228000,431829,70,,,3,1,,3,0,,,,EURO_RENOVATION,,,,,NEW_BUILD,,3,false,,davtashen
Y21-663C756B,52899000,745056,71,,,2,1,,6,1,,,,EURO_RENOVATION,,,,,NEW_BUILD,,11,true,,davtashen
Y21-B499E071,19648200,427135,46,,,2,1,,4,2,,,,EURO_RENOVATION,,,,,NEW_BUILD,,5,false,,davtashen
Y21-6F008B8C,19648200,479224,41,,,3,1,,4,2,,,,EURO_RENOVATION,,,,,NEW_BUILD,,5,false,,davtashen
Y21-749543A7,35266000,503800,70,,,3,1,,9,1,,,,GOOD,,,,,PANEL,,9,true,,davtashen
Y21-66272224,41311600,581854,71,,,2,1,,7,1,,,,GOOD,,,,,NEW_BUILD,,13,true,,davtashen
Y21-73373BB8,47861000,398842,120,,,4,1,,8,1,,,,NEEDS_REPAIR,,,,,PANEL,,9,true,,davtashen
Y21-C0B6AAB0,45342000,377850,120,,,4,1,,2,0,,,,GOOD,,,,,PANEL,,14,true,,davtashen
Y21-9C64BA24,24686200,493724,50,,,2,1,,9,0,,,,GOOD,,,,,PANEL,,9,true,,davtashen
Y21-2373F301,40304000,419833,96,,,3,1,,3,1,,,,EURO_RENOVATION,,,,,PANEL,,9,true,,davtashen
Y21-DC89A025,57937000,591194,98,,,3,2,,9,2,,,,EURO_RENOVATION,,,,,PANEL,,9,true,,davtashen
Y21-9D9F3482,41815400,572814,73,,,3,1,,9,0,,,,EURO_RENOVATION,,,,,MONOLITH,,14,true,,davtashen
Y21-58997BA7,38792600,412687,94,,,4,1,,2,0,,,,NEEDS_REPAIR,,,,,PANEL,,9,true,,davtashen
Y21-02D2511D,40304000,516718,78,,,3,1,,8,0,,,,NEEDS_REPAIR,,,,,PANEL,,14,true,,davtashen
Y21-5DEBB1E2,10327900,469450,22,,,1,1,,2,1,,,,GOOD,,,,,PANEL,,8,true,,davtashen
Y21-A0C7BD60,36273600,549600,66,,,2,1,,4,0,,,,NEEDS_REPAIR,,,,,PANEL,,9,true,,davtashen
Y21-C653F93B,42823000,441474,97,,,4,1,,6,0,,,,NEEDS_REPAIR,,,,,PANEL,,16,true,,davtashen
Y21-7F6BE7E5,36273600,329760,110,,,4,1,,12,2,,,,GOOD,,,,,PANEL,,16,true,,davtashen
Y21-74E6AFD6,53402800,568115,94,,,3,2,,3,1,,,,EURO_RENOVATION,,,,,NEW_BUILD,,12,true,,davtashen
Y21-78871329,36273600,326789,111,,,4,1,,12,2,,,,GOOD,,,,,PANEL,,16,true,,davtashen
Y21-5195341B,75570000,719714,105,,,4,2,,8,1,,,,EURO_RENOVATION,,,,,NEW_BUILD,,15,true,,davtashen
Y21-6E553497,50380000,503800,100,,,3,1,,4,0,,,,NEEDS_REPAIR,,,,,PANEL,,9,true,,davtashen
Y21-FD70F6FB,22671000,419833,54,,,3,1,,4,0,,,,NEEDS_REPAIR,,,,,STONE,,5,false,,davtashen
Y21-A274FCD0,42823000,535288,80,,,3,1,,5,1,,,,EURO_RENOVATION,,,,,PANEL,,9,true,,davtashen
Y21-B18A2DA6,36273600,329760,110,,,4,1,,14,1,,,,GOOD,,,,,PANEL,,14,true,,davtashen
Y21-BBD06369,59448400,625773,95,,,4,1,,4,1,,,,EURO_RENOVATION,,,,,PANEL,,9,true,,davtashen
Y21-0B7DC613,130988000,779690,168,,,5,3,,2,2,,,,EURO_RENOVATION,,,,,NEW_BUILD,,16,true,,davtashen
Y21-712AF85C,36273600,541397,67,,,3,1,,3,0,,,,EURO_RENOVATION,,,,,PANEL,,9,true,,davtashen
Y21-6C26D845,37785000,460793,82,,,3,1,,13,0,,,,EURO_RENOVATION,,,,,PANEL,,14,true,,davtashen
Y21-7A07C67B,44838200,457533,98,,,3,1,,4,2,,,,GOOD,,,,,PANEL,,9,true,,davtashen
Y21-6BA02D4A,42319200,436280,97,,,4,1,,7,0,,,,EURO_RENOVATION,,,,,MONOLITH,,9,true,,davtashen
Y21-0671546A,42319200,549600,77,,,2,1,,1,1,,,,EURO_RENOVATION,,,,,PANEL,,9,true,,davtashen
Y21-4B3AE48C,44334400,487191,91,,,3,1,,4,0,,,,NEEDS_REPAIR,,,,,MONOLITH,,15,true,,davtashen
Y21-24C23009,27205200,523177,52,,,1,1,,14,0,,,,EURO_RENOVATION,,,,,PANEL,,14,true,,davtashen
Y21-7ED59A3D,50329620,457542,110,,,4,2,,7,1,,,,EURO_RENOVATION,,,,,PANEL,,16,true,,davtashen
Y21-E77BCF2E,32747000,595400,55,,,2,1,,2,0,,,,EURO_RENOVATION,,,,,NEW_BUILD,,11,true,,davtashen
Y21-374BF744,34258400,353179,97,,,3,1,,10,1,,,,NEEDS_REPAIR,,,,,PANEL,,14,true,,davtashen
Y21-94BE107F,45342000,462673,98,,,3,1,,4,0,,,,NEEDS_REPAIR,,,,,MONOLITH,,11,true,,davtashen
Y21-F4B4C414,41311600,430329,96,,,3,1,,1,1,,,,EURO_RENOVATION,,,,,PANEL,,9,true,,davtashen
Y21-F0460B7B,32747000,448589,73,,,3,1,,1,1,,,,GOOD,,,,,PANEL,,9,true,,davtashen
Y21-13AA8FB1,60456000,679281,89,,,3,2,,3,1,,,,EURO_RENOVATION,,,,,NEW_BUILD,,4,false,,davtashen
Y21-1C065431,40304000,403040,100,,,3,1,,4,0,,,,GOOD,,,,,PANEL,,9,true,,davtashen
Y21-C68E6DDA,45342000,448931,101,,,3,2,,6,1,,,,EURO_RENOVATION,,,,,NEW_BUILD,,11,true,,davtashen
Y21-D2E3F7CB,35014100,538678,65,,,3,1,,7,0,,,,EURO_RENOVATION,,,,,NEW_BUILD,,11,true,,davtashen
Y21-76F68F60,34762200,289685,120,,,3,1,,1,1,,,,EURO_RENOVATION,,,,,PANEL,,2,false,,davtashen
Y21-9C1BAD55,36273600,490184,74,,,2,1,,2,1,,,,GOOD,,,,,PANEL,,9,true,,davtashen
Y21-16CA219E,62975000,434310,145,,,4,2,,3,1,,,,NEEDS_REPAIR,,,,,NEW_BUILD,,12,true,,davtashen
Y21-3D9CBF50,125950000,645897,195,,,5,3,,4,2,,,,EURO_RENOVATION,,,,,NEW_BUILD,,11,true,,davtashen
Y21-FAC9F6CD,52899000,459991,115,,,3,1,,2,0,,,,NEEDS_REPAIR,,,,,PANEL,,9,true,,davtashen
Y21-3410F7EF,38792600,399924,97,,,3,1,,7,1,,,,GOOD,,,,,PANEL,,9,true,,davtashen
Y21-B1A327E1,65494000,963147,68,,,2,1,,2,1,,,,EURO_RENOVATION,,,,,NEW_BUILD,,11,true,,davtashen
Y21-D0CD1085,40304000,610667,66,,,2,1,,10,1,,,,GOOD,,,,,NEW_BUILD,,13,true,,davtashen
Y21-F6415AF6,60959800,896468,68,,,3,1,,3,1,,,,EURO_RENOVATION,,,,,NEW_BUILD,,16,true,,davtashen
Y21-E9C13E5E,38288800,416183,92,,,4,1,,7,0,,,,GOOD,,,,,PANEL,,9,true,,davtashen
Y21-3A718421,30228000,570340,53,,,2,1,,8,0,,,,EURO_RENOVATION,,,,,PANEL,,9,true,,davtashen
Y21-080B8758,42823000,446073,96,,,3,1,,8,2,,,,EURO_RENOVATION,,,,,PANEL,,9,true,,davtashen
Y21-E2F19579,45342000,676746,67,,,2,1,,6,1,,,,EURO_RENOVATION,,,,,NEW_BUILD,,6,true,,davtashen
Y21-06239C5C,47861000,398842,120,,,4,1,,8,2,,,,GOOD,,,,,PANEL,,9,true,,davtashen
Y21-08E42F3D,47861000,493412,97,,,3,1,,9,2,,,,GOOD,,,,,PANEL,,9,true,,davtashen
Y21-28B23B26,25693800,475811,54,,,1,1,,4,1,,,,EURO_RENOVATION,,,,,PANEL,,9,true,,davtashen
Y21-469C558E,34762200,511209,68,,,3,1,,2,1,,,,EURO_RENOVATION,,,,,PANEL,,9,true,,davtashen
Y21-38C65297,38792600,484908,80,,,3,1,,7,1,,,,GOOD,,,,,PANEL,,9,true,,davtashen
Y21-FF858904,32747000,442527,74,,,3,3,,4,1,,,,GOOD,,,,,MONOLITH,,4,false,,davtashen
Y21-7F895A30,80608000,575771,140,,,3,1,,14,0,,,,NEEDS_REPAIR,,,,,MONOLITH,,16,true,,davtashen
Y21-0AAB98AB,80608000,575771,140,,,3,1,,14,0,,,,NEEDS_REPAIR,,,,,MONOLITH,,15,true,,davtashen
Y21-FBF08A78,45342000,676746,67,,,2,1,,7,0,,,,NEEDS_REPAIR,,,,,PANEL,,9,true,,davtashen
Y21-9E84D790,35266000,400750,88,,,4,1,,9,1,,,,GOOD,,,,,PANEL,,9,true,,davtashen
Y21-CEA07779,31739400,473722,67,,,3,1,,6,0,,,,NEEDS_REPAIR,,,,,PANEL,,9,true,,davtashen
Y21-F8073A95,31739400,466756,68,,,2,1,,6,0,,,,NEEDS_REPAIR,,,,,PANEL,,9,true,,davtashen
Y21-602021FE,36273600,465046,78,,,3,1,,1,1,,,,EURO_RENOVATION,,,,,PANEL,,9,true,,davtashen
Y21-4501A9D2,45342000,453420,100,,,3,1,,5,1,,,,GOOD,,,,,PANEL,,9,true,,davtashen
Y21-DBBCCD61,40304000,463264,87,,,3,2,,4,1,,,,NEEDS_REPAIR,,,,,NEW_BUILD,,14,true,,davtashen
Y21-86492958,36777400,383098,96,,,4,1,,12,2,,,,GOOD,,,,,PANEL,,14,true,,davtashen
Y21-AF777984,42822496,528673,81,,,3,1,,10,1,,,,EURO_RENOVATION,,,,,NEW_BUILD,,11,true,,davtashen
Y21-607BF40E,46349600,406575,114,,,4,1,,5,1,,,,EURO_RENOVATION,,,,,PANEL,,9,true,,davtashen
Y21-59A104DF,55418000,615756,90,,,4,1,,8,1,,,,EURO_RENOVATION,,,,,PANEL,,9,true,,davtashen
Y21-25A75FC4,47861000,613603,78,,,3,1,,5,0,,,,GOOD,,,,,PANEL,,9,true,,davtashen
Y21-ADC87690,33754600,450061,75,,,3,1,,5,1,,,,GOOD,,,,,PANEL,,9,true,,davtashen
Y21-CD519C91,35266000,503800,70,,,3,1,,9,1,,,,GOOD,,,,,PANEL,,9,true,,davtashen
Y21-EC4C1E28,38792600,517235,75,,,3,2,,7,0,,,,EURO_RENOVATION,,,,,MONOLITH,,9,true,,davtashen
Y21-4BD667EC,27709000,413567,67,,,2,1,,1,1,,,,GOOD,,,,,NEW_BUILD,,9,true,,davtashen
Y21-BA601049,50380000,606988,83,,,3,1,,9,0,,,,EURO_RENOVATION,,,,,NEW_BUILD,,11,true,,davtashen
Y21-C38C0AF5,146102000,1021692,143,,,4,3,,11,1,,,,EURO_RENOVATION,,,,,NEW_BUILD,,15,true,,davtashen
Y21-0CB94442,46349600,558429,83,,,3,1,,12,1,,,,EURO_RENOVATION,,,,,NEW_BUILD,,16,true,,davtashen
Y21-67ED1B51,34258400,428230,80,,,3,1,,2,1,,,,GOOD,,,,,PANEL,,9,true,,davtashen
Y21-7E5F8095,31487500,484423,65,,,2,1,,1,0,,,,EURO_RENOVATION,,,,,PANEL,,14,true,,davtashen
Y21-3BE69FF9,47861000,629750,76,,,3,1,,1,0,,,,EURO_RENOVATION,,,,,PANEL,,9,true,,davtashen
Y21-0699DEBD,38792600,570479,68,,,3,1,,6,0,,,,NEEDS_REPAIR,,,,,MONOLITH,,11,true,,davtashen
Y21-4B4B10B5,35266000,391844,90,,,3,1,,10,0,,,,NEEDS_REPAIR,,,,,PANEL,,14,true,,davtashen
Y21-B685B271,55418000,481896,115,,,4,1,,11,1,,,,EURO_RENOVATION,,,,,NEW_BUILD,,11,true,,davtashen
Y21-C85E19C1,29220400,365255,80,,,3,1,,14,1,,,,GOOD,,,,,PANEL,,14,true,,davtashen
Y21-40DFCE40,35266000,476568,74,,,3,1,,9,0,,,,NEEDS_REPAIR,,,,,PANEL,,9,true,,davtashen
Y21-E8F81566,42823000,679730,63,,,2,1,,3,1,,,,EURO_RENOVATION,,,,,NEW_BUILD,,16,true,,davtashen
Y21-DA1D72B1,36273600,541397,67,,,3,1,,7,1,,,,EURO_RENOVATION,,,,,PANEL,,9,true,,davtashen
Y21-BAFDE0B4,35266000,464026,76,,,3,1,,3,1,,,,GOOD,,,,,PANEL,,9,true,,davtashen
Y21-EBF7410F,35266000,464026,76,,,3,1,,3,1,,,,GOOD,,,,,PANEL,,9,true,,davtashen
Y21-BE3B199E,45342000,566775,80,,,2,1,,8,1,,,,EURO_RENOVATION,,,,,MONOLITH,,9,true,,davtashen
Y21-81EBD706,43830600,576718,76,,,3,1,,8,0,,,,NEEDS_REPAIR,,,,,PANEL,,9,true,,davtashen
Y21-4CE4D2E7,54914200,469352,117,,,3,1,,13,1,,,,GOOD,,,,,NEW_BUILD,,13,true,,davtashen
Y21-3D1C010C,36777400,395456,93,,,4,1,,9,1,,,,GOOD,,,,,PANEL,,9,true,,davtashen
Y21-D26F1E49,35266000,452128,78,,,3,1,,13,1,,,,EURO_RENOVATION,,,,,PANEL,,14,true,,davtashen
Y21-0311C973,58944600,550884,107,,,3,1,,8,1,,,,EURO_RENOVATION,,,,,NEW_BUILD,,10,true,,davtashen
Y21-0B1CCA9E,36273600,549600,66,,,2,1,,2,1,,,,EURO_RENOVATION,,,,,NEW_BUILD,,10,true,,davtashen
Y21-9E380FEE,51891400,710841,73,,,3,1,,1,1,,,,EURO_RENOVATION,,,,,PANEL,,9,true,,davtashen
Y21-CD759334,34258400,462951,74,,,3,1,,8,1,,,,NEEDS_REPAIR,,,,,PANEL,,9,true,,davtashen
Y21-35BA65A4,31235600,520593,60,,,2,1,,10,0,,,,EURO_RENOVATION,,,,,NEW_BUILD,,11,true,,davtashen
Y21-239667BA,35266000,195922,180,,,3,1,,2,0,,,,GOOD,,,,,PANEL,,3,false,,davtashen
Y21-C45BDBF1,35266000,430073,82,,,3,1,,13,0,,,,EURO_RENOVATION,,,,,PANEL,,14,true,,davtashen
Y21-3FA43CAE,33754600,482209,70,,,2,1,,14,1,,,,EURO_RENOVATION,,,,,PANEL,,16,true,,davtashen
Y21-38B4EA33,36777400,471505,78,,,2,2,,7,1,,,,GOOD,,,,,NEW_BUILD,,12,true,,davtashen
Y21-01029E1C,18640600,477964,39,,,1,1,,7,0,,,,GOOD,,,,,PANEL,,9,true,,davtashen
Y21-C11ADD9B,25190000,475283,53,,,1,1,,1,0,,,,NEEDS_REPAIR,,,,,PANEL,,9,true,,davtashen
Y21-200168A2,47357200,544336,87,,,3,1,,7,0,,,,NEEDS_REPAIR,,,,,PANEL,,11,true,,davtashen
Y21-1153387F,55418000,692725,80,,,2,1,,4,2,,,,NEEDS_REPAIR,,,,,STONE,,5,false,,davtashen
Y21-65F1B4B9,18640600,372812,50,,,3,1,,6,1,,,,GOOD,,,,,PANEL,,8,true,,davtashen
Y21-B92FAE62,32747000,545783,60,,,2,1,,2,0,,,,GOOD,,,,,NEW_BUILD,,4,false,,davtashen
Y21-F7E76335,37785000,401968,94,,,3,1,,6,1,,,,GOOD,,,,,PANEL,,9,true,,davtashen
Y21-3E060E7F,40807800,551457,74,,,3,1,,7,1,,,,EURO_RENOVATION,,,,,NEW_BUILD,,9,true,,davtashen
Y21-7174C674,39296400,374251,105,,,4,1,,6,0,,,,NEEDS_REPAIR,,,,,PANEL,,14,true,,davtashen
Y21-796B174A,35266000,483096,73,,,3,1,,2,1,,,,GOOD,,,,,PANEL,,9,true,,davtashen
Y21-458FEC49,95722000,839667,114,,,4,2,,7,1,,,,EURO_RENOVATION,,,,,NEW_BUILD,,16,true,,davtashen
Y21-54F5C33E,70532000,953135,74,,,3,2,,12,0,,,,EURO_RENOVATION,,,,,NEW_BUILD,,15,true,,davtashen
Y21-4EB28061,70532000,953135,74,,,3,2,,12,0,,,,EURO_RENOVATION,,,,,NEW_BUILD,,15,true,,davtashen
Y21-332F63CC,39296400,666041,59,,,2,1,,6,1,,,,GOOD,,,,,NEW_BUILD,,14,true,,davtashen
Y21-882041A6,88165000,716789,123,,,4,2,,8,2,,,,NEEDS_REPAIR,,,,,NEW_BUILD,,18,true,,davtashen
Y21-183881E5,40304000,530316,76,,,3,1,,5,1,,,,GOOD,,,,,PANEL,,9,true,,davtashen
Y21-F04AA795,60456000,785143,77,,,3,1,,7,1,,,,EURO_RENOVATION,,,,,NEW_BUILD,,11,true,,davtashen
Y21-474DF1B4,31739400,391844,81,,,3,2,,12,0,,,,GOOD,,,,,PANEL,,14,true,,davtashen
Y21-AE4FDD6E,30731800,495674,62,,,3,1,,1,0,,,,NEEDS_REPAIR,,,,,STONE,,14,true,,davtashen
Y21-65DB97D1,36273600,566775,64,,,2,1,,9,1,,,,GOOD,,,,,PANEL,,14,true,,davtashen
Y21-0775E32D,38792600,404090,96,,,3,1,,8,0,,,,GOOD,,,,,PANEL,,9,true,,davtashen
Y21-DD1CB921,93203000,1242707,75,,,3,1,,8,0,,,,EURO_RENOVATION,,,,,NEW_BUILD,,18,true,,davtashen
Y21-14CC8C4B,25190000,359857,70,,,1,1,,13,0,,,,GOOD,,,,,PANEL,,16,true,,davtashen
Y21-CFD0D2CE,32747000,409338,80,,,2,1,,3,0,,,,GOOD,,,,,PANEL,,9,true,,davtashen
Y21-F0AC5F61,28716600,495114,58,,,2,1,,1,0,,,,GOOD,,,,,STONE,,9,true,,davtashen
Y21-99966C4C,40304000,537387,75,,,3,1,,5,0,,,,EURO_RENOVATION,,,,,PANEL,,9,true,,davtashen
Y21-5371834B,37785000,349861,108,,,4,1,,1,0,,,,GOOD,,,,,STONE,,3,false,,davtashen
Y21-7ACAE604,40304000,491512,82,,,3,1,,9,0,,,,GOOD,,,,,PANEL,,14,true,,davtashen
Y21-05E67C20,27205200,292529,93,,,3,1,,16,0,,,,GOOD,,,,,STONE,,16,true,,davtashen
Y21-260968F4,44838200,467065,96,,,3,1,,4,0,,,,GOOD,,,,,PANEL,,9,true,,davtashen
Y21-46A880C1,125950000,1104825,114,,,4,1,,8,0,,,,EURO_RENOVATION,,,,,NEW_BUILD,,14,true,,davtashen
Y21-5AFAA60E,27205200,513306,53,,,1,1,,5,0,,,,GOOD,,,,,PANEL,,9,true,,davtashen
Y21-543B5BC0,34258400,503800,68,,,2,1,,3,0,,,,GOOD,,,,,PANEL,,9,true,,davtashen
Y21-19709494,35266000,526358,67,,,2,1,,5,0,,,,GOOD,,,,,PANEL,,9,true,,davtashen
Y21-CCEC8505,32747000,654940,50,,,2,1,,6,0,,,,EURO_RENOVATION,,,,,MONOLITH,,9,true,,davtashen
Y21-75334F51,23174800,386247,60,,,3,3,,1,0,,,,EURO_RENOVATION,,,,,PANEL,,5,false,,davtashen
Y21-28A28A6B,65494000,595400,110,,,4,2,,4,0,,,,EURO_RENOVATION,,,,,MONOLITH,,4,false,,davtashen
Y21-9BB07A48,28716600,410237,70,,,2,1,,12,0,,,,GOOD,,,,,PANEL,,16,true,,davtashen
Y21-946910CC,62975000,567342,111,,,2,2,,13,0,,,,EURO_RENOVATION,,,,,MONOLITH,,16,true,,davtashen
Y21-B95F316B,34258400,456779,75,,,3,1,,8,0,,,,NEEDS_REPAIR,,,,,STONE,,9,true,,davtashen
Y21-87ED658F,36777400,459718,80,,,3,1,,1,0,,,,NEEDS_REPAIR,,,,,PANEL,,9,true,,davtashen
Y21-DE4B90EF,15114000,251900,60,,,3,1,,3,0,,,,NEEDS_REPAIR,,,,,STONE,,3,false,,davtashen
Y21-DDE63B1B,21159600,1057980,20,,,1,3,,1,0,,,,GOOD,,,,,PANEL,,9,true,,davtashen
Y21-76C5B69D,46853400,422103,111,,,4,1,,14,0,,,,GOOD,,,,,PANEL,,16,true,,davtashen
Y21-AF78A3C8,55418000,710487,78,,,3,1,,4,0,,,,NEEDS_REPAIR,,,,,MONOLITH,,11,true,,davtashen
Y21-C18582EB,44838200,605922,74,,,3,1,,6,0,,,,NEEDS_REPAIR,,,,,PANEL,,9,true,,davtashen
Y21-30D97E75,38792600,451077,86,,,3,1,,8,0,,,,NEEDS_REPAIR,,,,,PANEL,,10,true,,davtashen
Y21-1A43CD3A,60456000,944625,64,,,3,1,,6,0,,,,NEEDS_REPAIR,,,,,MONOLITH,,7,true,,davtashen
Y21-1437D04B,42823000,428230,100,,,3,1,,9,0,,,,NEEDS_REPAIR,,,,,PANEL,,11,true,,davtashen
Y21-78F423E7,36273600,453420,80,,,3,1,,14,0,,,,NEEDS_REPAIR,,,,,PANEL,,14,true,,davtashen
Y21-9658A4DC,45342000,944625,48,,,2,1,,12,0,,,,NEEDS_REPAIR,,,,,MONOLITH,,16,true,,davtashen
Y21-D2205051,40304000,415505,97,,,3,1,,7,0,,,,NEEDS_REPAIR,,,,,PANEL,,9,true,,davtashen
Y21-423308D4,37785000,503800,75,,,3,1,,3,0,,,,GOOD,,,,,PANEL,,9,true,,davtashen
Y21-4A9ED117,29220400,400279,73,,,3,1,,3,0,,,,NEEDS_REPAIR,,,,,STONE,,5,false,,davtashen
Y21-DC8C6565,50380000,458000,110,,,4,1,,5,0,,,,NEEDS_REPAIR,,,,,PANEL,,14,true,,davtashen
Y21-F3DCDBC6,34006500,425081,80,,,3,1,,13,0,,,,NEEDS_REPAIR,,,,,PANEL,,14,true,,davtashen
Y21-26CC242C,25190000,503800,50,,,2,1,,12,0,,,,NEEDS_REPAIR,,,,,PANEL,,14,true,,davtashen
Y21-A56685B9,50380000,535957,94,,,3,1,,3,0,,,,NEEDS_REPAIR,,,,,PANEL,,9,true,,davtashen
Y21-EA9F3FB4,41311600,550821,75,,,3,1,,3,0,,,,NEEDS_REPAIR,,,,,PANEL,,9,true,,davtashen
Y21-186C47D3,36273600,459159,79,,,3,1,,14,0,,,,NEEDS_REPAIR,,,,,PANEL,,14,true,,davtashen
Y21-9F232CE4,45342000,503800,90,,,3,1,,3,0,,,,NEEDS_REPAIR,,,,,MONOLITH,,7,true,,davtashen
Y21-8C33BF0D,77585200,620682,125,,,4,1,,2,0,,,,NEEDS_REPAIR,,,,,MONOLITH,,11,true,,davtashen
Y21-BDFFABC9,21159600,384720,55,,,2,1,,3,1,,,,NEEDS_REPAIR,,,,,STONE,,5,false,,erebuni
Y21-D6CE737B,32747000,564603,58,,,2,1,,4,0,,,,EURO_RENOVATION,,,,,STONE,,5,false,,erebuni
Y21-F8C2CB2D,31739400,520318,61,,,3,1,,5,0,,,,EURO_RENOVATION,,,,,STONE,,5,false,,erebuni
Y21-60DCCE37,22671000,371656,61,,,2,1,,7,1,,,,NEEDS_REPAIR,,,,,PANEL,,9,true,,erebuni
Y21-2102451C,15114000,487548,31,,,1,1,,3,1,,,,NEEDS_REPAIR,,,,,STONE,,4,false,,erebuni
Y21-BE155820,31739400,352660,90,,,4,1,,6,1,,,,GOOD,,,,,PANEL,,9,true,,erebuni
Y21-FAF3F42A,37785000,472313,80,,,3,1,,6,1,,,,EURO_RENOVATION,,,,,PANEL,,14,true,,erebuni
Y21-5D0FC5A8,24686200,548582,45,,,2,1,,1,0,,,,EURO_RENOVATION,,,,,STONE,,5,false,,erebuni
Y21-9F824D5E,31235600,380922,82,,,4,2,,2,1,,,,EURO_RENOVATION,,,,,PANEL,,9,true,,erebuni
Y21-1DC8631C,29220400,384479,76,,,3,1,,6,1,,,,GOOD,,,,,PANEL,,9,true,,erebuni
Y21-B763C71D,37785000,478291,79,,,3,1,,2,1,,,,EURO_RENOVATION,,,,,STONE,,5,false,,erebuni
Y21-28033440,17633000,293883,60,,,3,2,,5,0,,,,GOOD,,,,,NEW_BUILD,,9,true,,erebuni
Y21-00B13419,28212800,386477,73,,,3,1,,7,0,,,,NEEDS_REPAIR,,,,,STONE,,9,true,,erebuni
Y21-E6EC7B27,12091200,390039,31,,,1,1,,3,1,,,,NEEDS_REPAIR,,,,,STONE,,5,false,,erebuni
Y21-F0A71BEA,31739400,377850,84,,,4,1,,1,1,,,,GOOD,,,,,PANEL,,9,true,,erebuni
Y21-6E04CA4A,31235600,405657,77,,,3,1,,8,1,,,,EURO_RENOVATION,,,,,PANEL,,9,true,,erebuni
Y21-CE4590E0,26449500,562755,47,,,2,1,,6,0,,,,EURO_RENOVATION,,,,,PANEL,,9,true,,erebuni
Y21-FA258530,26701400,215334,124,,,3,1,,1,1,,,,EURO_RENOVATION,,,,,NEW_BUILD,,2,false,,erebuni
Y21-84784568,26701400,476811,56,,,2,1,,2,1,,,,GOOD,,,,,STONE,,5,false,,erebuni
Y21-CB7E0568,28212800,564256,50,,,2,1,,1,1,,,,EURO_RENOVATION,,,,,MONOLITH,,4,false,,erebuni
Y21-DF7C3C7A,31739400,369063,86,,,3,2,,2,2,,,,EURO_RENOVATION,,,,,STONE,,5,false,,erebuni
Y21-0ED9DDDA,31739400,369063,86,,,3,2,,2,2,,,,EURO_RENOVATION,,,,,STONE,,5,false,,erebuni
Y21-6582137B,27205200,418542,65,,,2,1,,8,1,,,,GOOD,,,,,PANEL,,9,true,,erebuni
Y21-1DE2C781,29220400,356346,82,,,4,1,,6,0,,,,GOOD,,,,,PANEL,,9,true,,erebuni
Y21-9DFBBA77,6297500,449821,14,,,1,1,,2,0,,,,NEEDS_REPAIR,,,,,STONE,,5,false,,erebuni
Y21-7D9CFE8C,28716600,337842,85,,,3,1,,3,0,,,,EURO_RENOVATION,,,,,STONE,,5,false,,erebuni
Y21-00ED8DE6,30228000,431829,70,,,2,1,,5,1,,,,EURO_RENOVATION,,,,,STONE,,5,false,,erebuni
Y21-2E99CE2E,29220400,389605,75,,,2,1,,3,1,,,,EURO_RENOVATION,,,,,STONE,,5,false,,erebuni
Y21-A73C3D95,20152000,503800,40,,,1,1,,5,1,,,,GOOD,,,,,STONE,,5,false,,erebuni
Y21-B76465A3,19900100,248751,80,,,3,1,,2,0,,,,GOOD,,,,,PANEL,,2,false,,erebuni
Y21-3C142A1C,15114000,343500,44,,,1,1,,8,1,,,,GOOD,,,,,PANEL,,9,true,,erebuni
Y21-51B497E5,27709000,318494,87,,,3,1,,1,1,,,,GOOD,,,,,STONE,,5,false,,erebuni
Y21-6EFDD0E2,6549400,363856,18,,,1,1,,3,0,,,,GOOD,,,,,PANEL,,8,true,,erebuni
Y21-EA59CD1E,33754600,337546,100,,,4,1,,6,2,,,,GOOD,,,,,PANEL,,16,true,,erebuni
Y21-6ABEC957,25190000,387538,65,,,2,1,,2,2,,,,EURO_RENOVATION,,,,,STONE,,5,false,,erebuni
Y21-713F6C7D,36273600,477284,76,,,3,1,,4,1,,,,GOOD,,,,,PANEL,,14,true,,erebuni
Y21-0C2D094B,22671000,348785,65,,,2,1,,10,1,,,,GOOD,,,,,PANEL,,12,true,,erebuni
Y21-25CB61CE,28716600,393378,73,,,3,1,,4,1,,,,GOOD,,,,,PANEL,,9,true,,erebuni
Y21-4B3283B1,9018020,530472,17,,,1,1,,6,0,,,,NEEDS_REPAIR,,,,,PANEL,,8,true,,erebuni
Y21-7C82A9A0,38288800,398842,96,,,3,1,,3,2,,,,GOOD,,,,,STONE,,5,false,,erebuni
Y21-04F0D236,58944600,589446,100,,,3,1,,5,0,,,,EURO_RENOVATION,,,,,STONE,,5,false,,erebuni
Y21-8FA6AF8C,37785000,599762,63,,,3,1,,2,1,,,,EURO_RENOVATION,,,,,STONE,,5,false,,erebuni
Y21-4C8CEAE5,30228000,343500,88,,,3,1,,9,0,,,,NEEDS_REPAIR,,,,,STONE,,14,true,,erebuni
Y21-1C7C2D0F,14106400,503800,28,,,1,1,,2,0,,,,NEEDS_REPAIR,,,,,STONE,,5,false,,erebuni
Y21-5CF07224,35266000,503800,70,,,3,1,,3,1,,,,EURO_RENOVATION,,,,,STONE,,5,false,,erebuni
Y21-09879A88,33754600,366898,92,,,4,3,,5,1,,,,GOOD,,,,,STONE,,5,false,,erebuni
Y21-449F7753,31235600,390445,80,,,4,1,,1,0,,,,NEEDS_REPAIR,,,,,PANEL,,9,true,,erebuni
Y21-FE54D275,41311600,503800,82,,,4,2,,6,1,,,,EURO_RENOVATION,,,,,NEW_BUILD,,12,true,,erebuni
Y21-BBA16C4C,15869700,360675,44,,,2,1,,3,1,,,,EURO_RENOVATION,,,,,STONE,,3,false,,erebuni
Y21-D2BAA85C,22671000,539786,42,,,2,1,,1,0,,,,GOOD,,,,,STONE,,4,false,,erebuni
Y21-21C13304,15114000,269893,56,,,2,1,,9,0,,,,GOOD,,,,,PANEL,,9,true,,erebuni
Y21-DA097F1B,28212800,348306,81,,,4,1,,4,1,,,,GOOD,,,,,PANEL,,9,true,,erebuni
Y21-EE12A559,8060800,474165,17,,,1,1,,5,0,,,,EURO_RENOVATION,,,,,PANEL,,8,true,,erebuni
Y21-F840A7B1,32747000,209917,156,,,4,2,,2,1,,,,EURO_RENOVATION,,,,,STONE,,5,false,,erebuni
Y21-D06AEA75,32747000,409338,80,,,3,1,,6,1,,,,EURO_RENOVATION,,,,,PANEL,,9,true,,erebuni
Y21-463D8CE9,41311600,434859,95,,,3,1,,6,1,,,,GOOD,,,,,PANEL,,10,true,,erebuni
Y21-71EBBC47,25693800,401466,64,,,2,1,,9,0,,,,EURO_RENOVATION,,,,,PANEL,,9,true,,erebuni
Y21-CAAA9178,27709000,346363,80,,,3,1,,1,0,,,,GOOD,,,,,STONE,,2,false,,erebuni
Y21-A516D65F,27709000,629750,44,,,2,1,,3,1,,,,NEEDS_REPAIR,,,,,STONE,,4,false,,erebuni
Y21-75C1FE16,30228000,325032,93,,,3,2,,10,0,,,,GOOD,,,,,PANEL,,12,true,,erebuni
Y21-5F3196F4,26197600,436627,60,,,3,1,,7,0,,,,EURO_RENOVATION,,,,,PANEL,,9,true,,erebuni
Y21-63F6F56B,19144400,416183,46,,,2,1,,1,0,,,,GOOD,,,,,STONE,,5,false,,erebuni
Y21-12652B1B,30228000,479810,63,,,2,1,,8,1,,,,EURO_RENOVATION,,,,,PANEL,,14,true,,erebuni
Y21-F813CDF1,23174800,335867,69,,,4,1,,1,1,,,,GOOD,,,,,STONE,,4,false,,erebuni
Y21-A16B517D,17633000,587767,30,,,1,1,,2,0,,,,EURO_RENOVATION,,,,,STONE,,4,false,,erebuni
Y21-EE11601D,37785000,449821,84,,,5,2,,4,2,,,,EURO_RENOVATION,,,,,STONE,,4,false,,erebuni
Y21-8F93021F,37785000,449821,84,,,3,1,,4,1,,,,GOOD,,,,,STONE,,4,false,,erebuni
Y21-D2DE42C2,8060800,537387,15,,,1,1,,4,0,,,,EURO_RENOVATION,,,,,STONE,,4,false,,erebuni
Y21-1655D660,30228000,425746,71,,,2,1,,5,0,,,,NEEDS_REPAIR,,,,,STONE,,5,false,,erebuni
Y21-43643CEC,30228000,458000,66,,,3,1,,1,1,,,,EURO_RENOVATION,,,,,STONE,,5,false,,erebuni
Y21-F502341E,27709000,503800,55,,,2,1,,4,1,,,,EURO_RENOVATION,,,,,STONE,,5,false,,erebuni
Y21-68B7D757,29220400,471297,62,,,3,1,,1,0,,,,EURO_RENOVATION,,,,,STONE,,6,true,,erebuni
Y21-8F4BF1F1,40807800,453420,90,,,3,1,,2,2,,,,EURO_RENOVATION,,,,,STONE,,5,false,,erebuni
Y21-51D3DC93,35266000,440825,80,,,3,1,,2,1,,,,EURO_RENOVATION,,,,,PANEL,,14,true,,erebuni
Y21-499D9AB4,30731800,310422,99,,,5,1,,9,1,,,,GOOD,,,,,PANEL,,9,true,,erebuni
Y21-BC7454CB,18388700,408638,45,,,2,1,,6,0,,,,GOOD,,,,,PANEL,,6,true,,erebuni
Y21-25A74D28,29220400,436125,67,,,3,1,,9,1,,,,EURO_RENOVATION,,,,,PANEL,,9,true,,erebuni
Y21-53B4995A,27709000,337915,82,,,4,1,,6,0,,,,NEEDS_REPAIR,,,,,PANEL,,9,true,,erebuni
Y21-10FBB288,7557000,419833,18,,,1,1,,1,0,,,,NEEDS_REPAIR,,,,,STONE,,5,false,,erebuni
Y21-401959D7,29220400,456569,64,,,3,1,,9,0,,,,EURO_RENOVATION,,,,,PANEL,,9,true,,erebuni
Y21-76109B9E,40304000,491512,82,,,4,1,,7,1,,,,EURO_RENOVATION,,,,,PANEL,,9,true,,erebuni
Y21-5AE67CE3,26701400,333768,80,,,2,1,,4,1,,,,GOOD,,,,,STONE,,4,false,,erebuni
Y21-84BD696D,65494000,600862,109,,,3,3,,3,1,,,,EURO_RENOVATION,,,,,STONE,,4,false,,erebuni
Y21-0A4A5A17,27709000,379575,73,,,3,1,,2,1,,,,GOOD,,,,,PANEL,,9,true,,erebuni
Y21-EFB64C9D,27709000,282745,98,,,4,2,,1,1,,,,NEEDS_REPAIR,,,,,STONE,,5,false,,erebuni
Y21-A57696F0,60456000,816973,74,,,2,1,,3,0,,,,EURO_RENOVATION,,,,,NEW_BUILD,,3,false,,erebuni
Y21-ABA2C30A,60456000,650065,93,,,3,1,,4,1,,,,EURO_RENOVATION,,,,,STONE,,4,false,,erebuni
Y21-49F9967E,22671000,354234,64,,,2,1,,6,1,,,,NEEDS_REPAIR,,,,,PANEL,,14,true,,erebuni
Y21-C24AE026,20152000,134347,150,,,4,1,,1,0,,,,NEEDS_REPAIR,,,,,STONE,,2,false,,erebuni
Y21-965C8E8C,32747000,363856,90,,,4,1,,3,1,,,,EURO_RENOVATION,,,,,PANEL,,9,true,,erebuni
Y21-C12A05A4,31235600,283960,110,,,5,1,,1,2,,,,GOOD,,,,,STONE,,4,false,,erebuni
Y21-2FE45C4B,17129200,364451,47,,,2,1,,2,1,,,,EURO_RENOVATION,,,,,STONE,,5,false,,erebuni
Y21-024AF463,35266000,503800,70,,,3,1,,3,1,,,,EURO_RENOVATION,,,,,STONE,,5,false,,erebuni
Y21-89D997C2,39800200,437365,91,,,3,1,,10,0,,,,NEEDS_REPAIR,,,,,PANEL,,10,true,,erebuni
Y21-8336418D,27709000,461817,60,,,2,1,,2,1,,,,GOOD,,,,,STONE,,5,false,,erebuni
Y21-51FFC02A,27709000,461817,60,,,2,1,,2,0,,,,GOOD,,,,,STONE,,5,false,,erebuni
Y21-327387B6,27709000,419833,66,,,2,1,,9,0,,,,GOOD,,,,,PANEL,,9,true,,erebuni
Y21-7A0864D8,20152000,353544,57,,,3,1,,2,0,,,,GOOD,,,,,STONE,,3,false,,erebuni
Y21-10D99D67,36273600,403040,90,,,3,1,,3,0,,,,EURO_RENOVATION,,,,,STONE,,3,false,,erebuni
Y21-3DFBE2CA,25190000,375970,67,,,3,1,,7,1,,,,EURO_RENOVATION,,,,,PANEL,,9,true,,erebuni
Y21-10050BD4,35266000,542554,65,,,3,1,,8,0,,,,NEEDS_REPAIR,,,,,PANEL,,14,true,,erebuni
Y21-86DC8931,18136800,431829,42,,,1,1,,7,1,,,,NEEDS_REPAIR,,,,,PANEL,,9,true,,erebuni
Y21-D7870C9F,25190000,310988,81,,,4,1,,4,1,,,,GOOD,,,,,PANEL,,9,true,,erebuni
Y21-66F8A6A9,32243200,481242,67,,,3,1,,1,1,,,,EURO_RENOVATION,,,,,NEW_BUILD,,9,true,,erebuni
Y21-736F0178,35266000,503800,70,,,3,1,,3,1,,,,EURO_RENOVATION,,,,,STONE,,5,false,,erebuni
Y21-F978CD90,20152000,447822,45,,,2,1,,2,1,,,,EURO_RENOVATION,,,,,STONE,,2,false,,erebuni
Y21-7B0E024A,45342000,487548,93,,,3,1,,7,0,,,,EURO_RENOVATION,,,,,PANEL,,9,true,,erebuni
Y21-EB4FC15A,28716600,358958,80,,,3,1,,5,1,,,,GOOD,,,,,MONOLITH,,5,false,,erebuni
Y21-4A3826F5,35266000,503800,70,,,3,1,,3,1,,,,EURO_RENOVATION,,,,,STONE,,5,false,,erebuni
Y21-90D15D52,35266000,391844,90,,,3,1,,4,2,,,,GOOD,,,,,PANEL,,14,true,,erebuni
Y21-043C78BA,23174800,293352,79,,,4,2,,6,0,,,,EURO_RENOVATION,,,,,PANEL,,9,true,,erebuni
Y21-8286559D,19648200,327470,60,,,3,1,,8,0,,,,EURO_RENOVATION,,,,,PANEL,,9,true,,erebuni
Y21-2EDB89B2,37281200,414236,90,,,3,1,,5,0,,,,EURO_RENOVATION,,,,,STONE,,5,false,,erebuni
Y21-FD999752,32747000,308934,106,,,5,2,,1,0,,,,NEEDS_REPAIR,,,,,STONE,,4,false,,erebuni
Y21-7568F97F,25190000,419833,60,,,2,2,,1,1,,,,GOOD,,,,,NEW_BUILD,,1,false,,erebuni
Y21-56F9FC57,12595000,699722,18,,,1,1,,1,0,,,,GOOD,,,,,PANEL,,8,true,,erebuni
Y21-5766A973,25190000,599762,42,,,1,1,,1,1,,,,EURO_RENOVATION,,,,,STONE,,5,false,,erebuni
Y21-874C6D3F,32747000,419833,78,,,3,1,,3,0,,,,NEEDS_REPAIR,,,,,STONE,,5,false,,erebuni
Y21-27405071,25190000,242212,104,,,4,1,,4,1,,,,GOOD,,,,,PANEL,,4,false,,erebuni
Y21-07B2887E,47861000,464670,103,,,5,1,,2,2,,,,EURO_RENOVATION,,,,,PANEL,,9,true,,erebuni
Y21-D48C7DC0,30228000,465046,65,,,3,1,,3,1,,,,EURO_RENOVATION,,,,,STONE,,4,false,,erebuni
Y21-2BCAD6B9,17633000,293883,60,,,2,1,,9,0,,,,GOOD,,,,,PANEL,,9,true,,erebuni
Y21-E2CB7DCB,23174800,429163,54,,,3,1,,4,1,,,,GOOD,,,,,STONE,,5,false,,erebuni
Y21-D8C442D1,39800200,497503,80,,,3,1,,1,1,,,,EURO_RENOVATION,,,,,STONE,,5,false,,erebuni
Y21-B285297B,40807800,453420,90,,,3,1,,2,2,,,,EURO_RENOVATION,,,,,STONE,,5,false,,erebuni
Y21-479B488F,23174800,317463,73,,,3,1,,2,1,,,,NEEDS_REPAIR,,,,,STONE,,4,false,,erebuni
Y21-66C5BE3C,33754600,337546,100,,,4,1,,3,1,,,,GOOD,,,,,PANEL,,9,true,,erebuni
Y21-308C7576,50380000,503800,100,,,4,1,,2,1,,,,EURO_RENOVATION,,,,,STONE,,5,false,,erebuni
Y21-DA1A5FEF,21663400,451321,48,,,1,1,,5,1,,,,GOOD,,,,,STONE,,5,false,,erebuni
Y21-7B7F7AD4,18489460,308158,60,,,2,1,,7,1,,,,GOOD,,,,,STONE,,9,true,,erebuni
Y21-574A08B6,29220400,389605,75,,,3,1,,7,1,,,,GOOD,,,,,PANEL,,9,true,,erebuni
Y21-816A9E55,40304000,458000,88,,,2,1,,5,1,,,,EURO_RENOVATION,,,,,NEW_BUILD,,12,true,,erebuni
Y21-E1124669,32747000,341115,96,,,4,1,,2,0,,,,NEEDS_REPAIR,,,,,STONE,,5,false,,erebuni
Y21-33597B3C,22671000,503800,45,,,2,1,,3,0,,,,EURO_RENOVATION,,,,,PANEL,,9,true,,erebuni
Y21-1C0108D9,31235600,312356,100,,,4,1,,7,1,,,,EURO_RENOVATION,,,,,PANEL,,9,true,,erebuni
Y21-D7BAF24A,27709000,554180,50,,,2,1,,4,1,,,,EURO_RENOVATION,,,,,NEW_BUILD,,5,false,,erebuni
Y21-E31472DA,15617800,390445,40,,,1,1,,5,1,,,,GOOD,,,,,STONE,,5,false,,erebuni
Y21-91DEEB02,26701400,215334,124,,,3,1,,1,0,,,,EURO_RENOVATION,,,,,STONE,,2,false,,erebuni
Y21-F8BED756,29724200,412836,72,,,3,1,,3,0,,,,EURO_RENOVATION,,,,,STONE,,4,false,,erebuni
Y21-484E8FF8,17633000,259309,68,,,4,1,,1,0,,,,EURO_RENOVATION,,,,,PANEL,,4,false,,erebuni
Y21-8D57E37B,15114000,604560,25,,,1,1,,2,0,,,,GOOD,,,,,STONE,,5,false,,erebuni
Y21-5A6809B2,30228000,530316,57,,,2,1,,1,1,,,,EURO_RENOVATION,,,,,STONE,,5,false,,erebuni
Y21-1B330434,27709000,374446,74,,,3,1,,3,1,,,,GOOD,,,,,STONE,,5,false,,erebuni
Y21-2B9C1A76,14610200,471297,31,,,1,1,,5,0,,,,NEEDS_REPAIR,,,,,STONE,,5,false,,erebuni
Y21-927001C9,14862100,479423,31,,,1,1,,5,1,,,,GOOD,,,,,STONE,,5,false,,erebuni
Y21-BA8A1E77,35266000,503800,70,,,3,1,,3,1,,,,EURO_RENOVATION,,,,,STONE,,5,false,,erebuni
Y21-15998F45,16121600,335867,48,,,3,1,,5,0,,,,NEEDS_REPAIR,,,,,STONE,,5,false,,erebuni
Y21-5C2B378C,40807800,453420,90,,,3,1,,2,2,,,,EURO_RENOVATION,,,,,STONE,,5,false,,erebuni
Y21-84F91895,13854500,494804,28,,,1,1,,2,0,,,,GOOD,,,,,STONE,,5,false,,erebuni
Y21-6169AF8D,27709000,522811,53,,,2,1,,4,0,,,,GOOD,,,,,STONE,,5,false,,erebuni
Y21-0A91CA60,37785000,472313,80,,,3,1,,1,0,,,,NEEDS_REPAIR,,,,,STONE,,5,false,,erebuni
Y21-E89114FC,27709000,355244,78,,,3,1,,4,1,,,,GOOD,,,,,STONE,,9,true,,erebuni
Y21-20D160F0,32747000,409338,80,,,3,1,,5,0,,,,NEEDS_REPAIR,,,,,STONE,,5,false,,erebuni
Y21-0D908067,36273600,421786,86,,,3,1,,1,0,,,,NEEDS_REPAIR,,,,,STONE,,5,false,,erebuni
Y21-1F4AC735,27709000,419833,66,,,2,1,,9,0,,,,NEEDS_REPAIR,,,,,PANEL,,9,true,,erebuni
Y21-1B9DE347,14610200,503800,29,,,1,1,,1,0,,,,GOOD,,,,,STONE,,5,false,,erebuni
Y21-3102E7CF,22671000,515250,44,,,1,1,,4,1,,,,EURO_RENOVATION,,,,,NEW_BUILD,,5,false,,erebuni
Y21-719384E8,31739400,412200,77,,,3,1,,3,1,,,,GOOD,,,,,NEW_BUILD,,14,true,,erebuni
Y21-71973E9C,70532000,440825,160,,,6,2,,2,1,,,,EURO_RENOVATION,,,,,STONE,,3,false,,erebuni
Y21-1B426F91,15114000,472313,32,,,1,1,,5,1,,,,GOOD,,,,,STONE,,5,false,,erebuni
Y21-27656E50,27709000,346363,80,,,3,1,,5,1,,,,GOOD,,,,,PANEL,,9,true,,erebuni
Y21-969BD884,30228000,368634,82,,,3,1,,3,2,,,,NEEDS_REPAIR,,,,,STONE,,5,false,,erebuni
Y21-C4A335D0,22671000,306365,74,,,3,1,,9,0,,,,NEEDS_REPAIR,,,,,PANEL,,9,true,,erebuni
Y21-71F7CD67,7557000,444529,17,,,1,1,,5,0,,,,EURO_RENOVATION,,,,,PANEL,,8,true,,erebuni
Y21-6644E70F,33754600,553354,61,,,3,1,,4,1,,,,EURO_RENOVATION,,,,,PANEL,,9,true,,erebuni
Y21-DCA5B6AF,40304000,380226,106,,,4,1,,2,0,,,,EURO_RENOVATION,,,,,PANEL,,12,true,,erebuni
Y21-0D62313A,42823000,329408,130,,,4,1,,4,2,,,,GOOD,,,,,STONE,,4,false,,erebuni
Y21-D1D01060,37785000,484423,78,,,3,1,,3,1,,,,GOOD,,,,,STONE,,5,false,,erebuni
Y21-E83442CE,38288800,517416,74,,,3,1,,5,0,,,,GOOD,,,,,STONE,,5,false,,erebuni
Y21-673EC4DF,28212800,366400,77,,,3,1,,12,1,,,,GOOD,,,,,PANEL,,14,true,,erebuni
Y21-A7CE6068,31235600,446223,70,,,2,1,,6,1,,,,GOOD,,,,,MONOLITH,,9,true,,erebuni
Y21-51456EB1,21663400,424773,51,,,2,1,,5,0,,,,GOOD,,,,,STONE,,5,false,,erebuni
Y21-5D7D2E83,22167200,434651,51,,,2,2,,5,0,,,,EURO_RENOVATION,,,,,STONE,,5,false,,erebuni
Y21-D02B5914,27709000,346363,80,,,4,1,,4,1,,,,NEEDS_REPAIR,,,,,PANEL,,9,true,,erebuni
Y21-E5F6A672,26197600,335867,78,,,3,1,,1,1,,,,EURO_RENOVATION,,,,,STONE,,5,false,,erebuni
Y21-1D416013,27709000,659738,42,,,2,1,,4,1,,,,GOOD,,,,,PANEL,,5,false,,erebuni
Y21-ADE933B3,35769800,458587,78,,,3,1,,8,1,,,,EURO_RENOVATION,,,,,PANEL,,9,true,,erebuni
Y21-E6A517F0,37281200,477964,78,,,3,1,,4,1,,,,EURO_RENOVATION,,,,,STONE,,5,false,,erebuni
Y21-847E28C3,42823000,428230,100,,,4,1,,2,0,,,,NEEDS_REPAIR,,,,,STONE,,3,false,,erebuni
Y21-2BA1D924,25693800,347214,74,,,3,1,,3,0,,,,NEEDS_REPAIR,,,,,PANEL,,9,true,,erebuni
Y21-84C19DF5,20655800,625933,33,,,1,1,,1,1,,,,EURO_RENOVATION,,,,,NEW_BUILD,,5,false,,erebuni
Y21-FD1BA0C8,34258400,428230,80,,,3,1,,5,0,,,,GOOD,,,,,STONE,,5,false,,erebuni
Y21-A1735F35,33754600,421933,80,,,4,1,,5,0,,,,GOOD,,,,,PANEL,,9,true,,erebuni
Y21-D44A470C,18640600,582519,32,,,1,1,,4,1,,,,EURO_RENOVATION,,,,,STONE,,5,false,,erebuni
Y21-54586516,35266000,446405,79,,,3,1,,7,1,,,,EURO_RENOVATION,,,,,PANEL,,9,true,,erebuni
Y21-4F79C1F8,17129200,398353,43,,,1,1,,3,1,,,,NEEDS_REPAIR,,,,,PANEL,,9,true,,erebuni
Y21-B064CED8,30228000,377850,80,,,3,1,,1,0,,,,GOOD,,,,,STONE,,2,false,,erebuni
Y21-E5AEF918,37785000,662895,57,,,3,1,,1,0,,,,EURO_RENOVATION,,,,,STONE,,5,false,,erebuni
Y21-07DE3FA5,19144400,398842,48,,,1,1,,3,0,,,,NEEDS_REPAIR,,,,,STONE,,5,false,,erebuni
Y21-77B79880,29220400,411555,71,,,3,3,,5,1,,,,EURO_RENOVATION,,,,,STONE,,5,false,,erebuni
Y21-50B754F0,30228000,408486,74,,,3,1,,9,1,,,,GOOD,,,,,PANEL,,9,true,,erebuni
Y21-69BE5C6A,28212800,421087,67,,,2,1,,4,0,,,,GOOD,,,,,STONE,,5,false,,erebuni
Y21-E625FD74,27709000,477741,58,,,2,1,,2,0,,,,NEEDS_REPAIR,,,,,STONE,,5,false,,erebuni
Y21-FD7A5583,6297500,449821,14,,,1,1,,2,0,,,,NEEDS_REPAIR,,,,,STONE,,5,false,,erebuni
Y21-17EB3504,38792600,473080,82,,,3,1,,3,1,,,,EURO_RENOVATION,,,,,NEW_BUILD,,3,false,,erebuni
Y21-AFFF5CC6,18136800,533435,34,,,2,1,,5,0,,,,NEEDS_REPAIR,,,,,STONE,,5,false,,erebuni
Y21-3C1A5022,35266000,383326,92,,,3,1,,7,1,,,,EURO_RENOVATION,,,,,PANEL,,9,true,,erebuni
Y21-A535D1B6,30228000,364193,83,,,4,1,,7,2,,,,EURO_RENOVATION,,,,,PANEL,,9,true,,erebuni
Y21-D5AD39AC,29976100,384309,78,,,3,1,,4,1,,,,GOOD,,,,,STONE,,5,false,,erebuni
Y21-481790E9,28212800,447822,63,,,3,1,,2,1,,,,EURO_RENOVATION,,,,,PANEL,,9,true,,erebuni
Y21-2D3344AF,32747000,363856,90,,,4,1,,9,0,,,,EURO_RENOVATION,,,,,NEW_BUILD,,9,true,,erebuni
Y21-3C5C7D07,42823000,475811,90,,,4,1,,6,0,,,,EURO_RENOVATION,,,,,PANEL,,9,true,,erebuni
Y21-B6E24618,26197600,358871,73,,,3,1,,6,1,,,,GOOD,,,,,PANEL,,9,true,,erebuni
Y21-B5A785FC,29220400,286475,102,,,4,2,,5,2,,,,NEEDS_REPAIR,,,,,STONE,,5,false,,erebuni
Y21-7A5E11E2,19144400,319073,60,,,3,1,,3,0,,,,GOOD,,,,,PANEL,,4,false,,erebuni
Y21-E600BB61,26197600,451683,58,,,2,1,,2,1,,,,GOOD,,,,,STONE,,5,false,,erebuni
Y21-9C5B2E70,19144400,299131,64,,,3,1,,4,1,,,,EURO_RENOVATION,,,,,STONE,,4,false,,erebuni
Y21-7091C0B4,25190000,524792,48,,,1,1,,9,1,,,,EURO_RENOVATION,,,,,PANEL,,9,true,,erebuni
Y21-F3ED8EB9,21663400,171932,126,,,4,1,,2,0,,,,NEEDS_REPAIR,,,,,STONE,,2,false,,erebuni
Y21-5A40F8E1,35266000,542554,65,,,3,1,,4,0,,,,NEEDS_REPAIR,,,,,STONE,,4,false,,erebuni
Y21-20A1F19C,28212800,564256,50,,,1,1,,1,1,,,,EURO_RENOVATION,,,,,STONE,,4,false,,erebuni
Y21-5924D538,34258400,658815,52,,,1,2,,3,1,,,,GOOD,,,,,MONOLITH,,12,true,,erebuni
Y21-EF808D24,32747000,359857,91,,,3,1,,8,0,,,,NEEDS_REPAIR,,,,,PANEL,,9,true,,erebuni
Y21-FFBEC6C6,28464700,395343,72,,,2,2,,3,1,,,,EURO_RENOVATION,,,,,STONE,,5,false,,erebuni
Y21-582E8F0A,26701400,593364,45,,,2,1,,5,1,,,,EURO_RENOVATION,,,,,PANEL,,9,true,,erebuni
Y21-BEFEAB82,34258400,428230,80,,,3,1,,6,1,,,,EURO_RENOVATION,,,,,PANEL,,9,true,,erebuni
Y21-DF857688,14106400,470213,30,,,1,1,,5,1,,,,NEEDS_REPAIR,,,,,STONE,,5,false,,erebuni
Y21-5F3DA040,50380000,614390,82,,,3,1,,2,0,,,,EURO_RENOVATION,,,,,STONE,,5,false,,erebuni
Y21-F79F2BF4,32747000,414519,79,,,3,1,,2,1,,,,GOOD,,,,,STONE,,5,false,,erebuni
Y21-11C21E4D,23174800,335867,69,,,4,1,,1,1,,,,GOOD,,,,,STONE,,4,false,,erebuni
Y21-8D984B35,18640600,454649,41,,,1,1,,8,1,,,,GOOD,,,,,PANEL,,9,true,,erebuni
Y21-958A9564,24434300,325791,75,,,3,1,,8,0,,,,EURO_RENOVATION,,,,,PANEL,,9,true,,erebuni
Y21-6B71262E,41311600,474846,87,,,3,1,,3,1,,,,NEEDS_REPAIR,,,,,STONE,,5,false,,erebuni
Y21-D4D45B4B,20152000,245756,82,,,3,1,,5,2,,,,GOOD,,,,,STONE,,5,false,,erebuni
Y21-4F65B45D,22671000,453420,50,,,3,1,,3,1,,,,GOOD,,,,,STONE,,4,false,,erebuni
Y21-DB341F78,45342000,348785,130,,,5,1,,3,0,,,,NEEDS_REPAIR,,,,,PANEL,,9,true,,erebuni
Y21-6FC327EB,48364800,439680,110,,,4,3,,2,1,,,,EURO_RENOVATION,,,,,STONE,,4,false,,erebuni
Y21-06FB31D5,30228000,351488,86,,,4,1,,8,1,,,,EURO_RENOVATION,,,,,PANEL,,9,true,,erebuni
Y21-17CD6374,28716600,319073,90,,,4,1,,1,1,,,,EURO_RENOVATION,,,,,PANEL,,9,true,,erebuni
Y21-E26BC183,28716600,441794,65,,,4,1,,1,0,,,,NEEDS_REPAIR,,,,,STONE,,3,false,,erebuni
Y21-86C38B76,32747000,448589,73,,,3,1,,5,0,,,,GOOD,,,,,PANEL,,9,true,,erebuni
Y21-801D877D,29220400,495261,59,,,2,1,,9,1,,,,EURO_RENOVATION,,,,,PANEL,,9,true,,erebuni
Y21-336D72FE,39296400,577888,68,,,3,1,,5,0,,,,NEEDS_REPAIR,,,,,STONE,,5,false,,erebuni
Y21-27BEF361,17633000,345745,51,,,1,1,,5,1,,,,GOOD,,,,,PANEL,,9,true,,erebuni
Y21-0442920A,40304000,403040,100,,,3,1,,1,0,,,,NEEDS_REPAIR,,,,,STONE,,5,false,,erebuni
Y21-319F97C1,36273600,442361,82,,,3,1,,2,1,,,,EURO_RENOVATION,,,,,STONE,,5,false,,erebuni
Y21-174E1F48,37785000,687000,55,,,3,1,,2,0,,,,EURO_RENOVATION,,,,,STONE,,5,false,,erebuni
Y21-36982E05,28716600,428606,67,,,2,1,,9,1,,,,GOOD,,,,,PANEL,,9,true,,erebuni
Y21-9C1DCCAC,34258400,342584,100,,,4,1,,6,0,,,,GOOD,,,,,PANEL,,12,true,,erebuni
Y21-232B650F,31739400,364821,87,,,3,1,,2,0,,,,GOOD,,,,,STONE,,5,false,,erebuni
Y21-FF0D7D3C,50380000,479810,105,,,4,1,,4,1,,,,EURO_RENOVATION,,,,,NEW_BUILD,,5,false,,erebuni
Y21-7C10F9BD,50380000,503800,100,,,4,1,,4,1,,,,EURO_RENOVATION,,,,,NEW_BUILD,,5,false,,erebuni
Y21-11FBB7EA,35769800,496803,72,,,3,1,,6,0,,,,EURO_RENOVATION,,,,,PANEL,,9,true,,erebuni
Y21-AB213D4D,39296400,413646,95,,,3,2,,2,1,,,,EURO_RENOVATION,,,,,PANEL,,9,true,,erebuni
Y21-0EC72B19,22671000,314875,72,,,3,1,,7,1,,,,GOOD,,,,,PANEL,,9,true,,erebuni
Y21-FA5939A4,7557000,444529,17,,,1,1,,7,0,,,,GOOD,,,,,STONE,,8,true,,erebuni
Y21-A46793B5,50380000,662895,76,,,3,1,,6,0,,,,EURO_RENOVATION,,,,,PANEL,,9,true,,erebuni
Y21-804C3D77,32243200,474165,68,,,2,1,,7,2,,,,EURO_RENOVATION,,,,,MONOLITH,,14,true,,erebuni
Y21-4DF27A03,20655800,286886,72,,,3,1,,1,1,,,,GOOD,,,,,PANEL,,9,true,,erebuni
Y21-C270E0AD,28716600,478610,60,,,2,1,,8,1,,,,GOOD,,,,,PANEL,,9,true,,erebuni
Y21-66A45F8B,24686200,338167,73,,,3,1,,9,1,,,,GOOD,,,,,PANEL,,9,true,,erebuni
Y21-1FD76C98,26197600,363856,72,,,3,1,,8,1,,,,GOOD,,,,,PANEL,,9,true,,erebuni
Y21-C40E7528,24686200,368451,67,,,2,1,,7,1,,,,EURO_RENOVATION,,,,,PANEL,,9,true,,erebuni
Y21-7E63A17F,24182400,345463,70,,,2,3,,5,1,,,,EURO_RENOVATION,,,,,STONE,,5,false,,erebuni
Y21-4AB197E6,24182400,345463,70,,,4,3,,5,1,,,,EURO_RENOVATION,,,,,STONE,,5,false,,erebuni
Y21-097FE699,24182400,345463,70,,,2,3,,5,1,,,,EURO_RENOVATION,,,,,STONE,,5,false,,erebuni
Y21-1D5A1611,15114000,503800,30,,,1,1,,5,0,,,,GOOD,,,,,STONE,,5,false,,erebuni
Y21-98EB16E5,40304000,403040,100,,,4,1,,5,1,,,,EURO_RENOVATION,,,,,NEW_BUILD,,5,false,,erebuni
Y21-FC2A3C4D,20152000,491512,41,,,1,1,,3,1,,,,NEEDS_REPAIR,,,,,STONE,,9,true,,erebuni
Y21-9F65C903,17884900,397442,45,,,1,1,,5,1,,,,GOOD,,,,,PANEL,,9,true,,erebuni
Y21-1EDF54A6,36273600,477284,76,,,3,1,,2,0,,,,NEEDS_REPAIR,,,,,STONE,,3,false,,erebuni
Y21-15F03F11,19144400,416183,46,,,2,1,,1,0,,,,GOOD,,,,,STONE,,5,false,,erebuni
Y21-A8352889,36273600,390039,93,,,3,1,,4,2,,,,GOOD,,,,,PANEL,,9,true,,erebuni
Y21-A5EDA7AC,17633000,430073,41,,,1,1,,4,1,,,,GOOD,,,,,PANEL,,9,true,,erebuni
Y21-07675C6B,30228000,795474,38,,,2,1,,6,1,,,,EURO_RENOVATION,,,,,PANEL,,9,true,,erebuni
Y21-B13706D1,29220400,324671,90,,,3,1,,5,1,,,,GOOD,,,,,STONE,,5,false,,erebuni
Y21-944F2BDF,24182400,424253,57,,,2,1,,2,1,,,,GOOD,,,,,STONE,,5,false,,erebuni
Y21-6B3249E8,27205200,503800,54,,,2,1,,5,0,,,,EURO_RENOVATION,,,,,STONE,,5,false,,erebuni
Y21-A75EF78D,32747000,409338,80,,,3,2,,8,1,,,,EURO_RENOVATION,,,,,PANEL,,9,true,,erebuni
Y21-5CCF1203,25190000,375970,67,,,2,1,,1,1,,,,EURO_RENOVATION,,,,,STONE,,5,false,,erebuni
Y21-BD7D3AB4,17633000,339096,52,,,1,1,,5,1,,,,GOOD,,,,,PANEL,,9,true,,erebuni
Y21-8C0D6C82,31739400,412200,77,,,3,2,,8,1,,,,EURO_RENOVATION,,,,,PANEL,,9,true,,erebuni
Y21-EEE4EEF2,15114000,302280,50,,,2,2,,2,1,,,,GOOD,,,,,MONOLITH,,14,true,,erebuni
Y21-BBB19ABD,18136800,518194,35,,,1,1,,4,1,,,,GOOD,,,,,STONE,,5,false,,erebuni
Y21-8CF2E9FF,22671000,419833,54,,,1,1,,7,1,,,,GOOD,,,,,PANEL,,9,true,,erebuni
Y21-D147361D,27709000,379575,73,,,3,1,,6,1,,,,GOOD,,,,,PANEL,,9,true,,erebuni
Y21-FF7C00DD,40304000,322432,125,,,4,1,,1,0,,,,NEEDS_REPAIR,,,,,STONE,,1,false,,erebuni
Y21-A78F538B,45342000,412200,110,,,3,1,,3,0,,,,NEEDS_REPAIR,,,,,STONE,,3,false,,erebuni
Y21-88D2D4ED,24686200,548582,45,,,2,1,,3,0,,,,EURO_RENOVATION,,,,,STONE,,3,false,,erebuni
Y21-7B7128AC,26197600,261976,100,,,4,1,,5,0,,,,GOOD,,,,,STONE,,5,false,,erebuni
Y21-DB47858B,17633000,419833,42,,,2,1,,4,1,,,,EURO_RENOVATION,,,,,MONOLITH,,9,true,,erebuni
Y21-2383D8FE,7557000,687000,11,,,1,1,,2,1,,,,EURO_RENOVATION,,,,,STONE,,4,false,,erebuni
Y21-3EC32D12,34258400,428230,80,,,4,1,,1,0,,,,EURO_RENOVATION,,,,,STONE,,5,false,,erebuni
Y21-60FDC941,20152000,314875,64,,,2,1,,2,1,,,,GOOD,,,,,STONE,,5,false,,erebuni
Y21-1F01E2F9,25190000,719714,35,,,1,1,,5,1,,,,EURO_RENOVATION,,,,,NEW_BUILD,,5,false,,erebuni
Y21-0FFF0875,30228000,465046,65,,,3,1,,3,1,,,,EURO_RENOVATION,,,,,STONE,,4,false,,erebuni
Y21-BE170F40,19648200,446550,44,,,2,1,,6,1,,,,EURO_RENOVATION,,,,,PANEL,,9,true,,erebuni
Y21-F893DDFA,27709000,374446,74,,,3,1,,5,2,,,,NEEDS_REPAIR,,,,,STONE,,5,false,,erebuni
Y21-E729D4F3,31739400,352660,90,,,4,3,,3,1,,,,EURO_RENOVATION,,,,,PANEL,,14,true,,erebuni
Y21-EDB1225B,13854500,494804,28,,,1,1,,2,0,,,,GOOD,,,,,STONE,,5,false,,erebuni
Y21-A90C1434,33250800,310755,107,,,4,1,,3,1,,,,GOOD,,,,,STONE,,4,false,,erebuni
Y21-652AA7FE,19144400,445219,43,,,1,1,,8,0,,,,EURO_RENOVATION,,,,,PANEL,,9,true,,erebuni
Y21-F1C3AC93,46349600,437260,106,,,4,1,,3,0,,,,NEEDS_REPAIR,,,,,STONE,,5,false,,erebuni
Y21-CBF0A415,14106400,427467,33,,,2,1,,1,0,,,,EURO_RENOVATION,,,,,STONE,,2,false,,erebuni
Y21-73C1F95C,32747000,454819,72,,,3,1,,7,0,,,,EURO_RENOVATION,,,,,NEW_BUILD,,9,true,,erebuni
Y21-83DAED79,23678600,353412,67,,,2,1,,3,0,,,,EURO_RENOVATION,,,,,STONE,,5,false,,erebuni
Y21-8EB31377,17633000,352660,50,,,3,1,,5,0,,,,NEEDS_REPAIR,,,,,STONE,,5,false,,erebuni
Y21-AD13D7C5,19144400,503800,38,,,1,2,,2,0,,,,GOOD,,,,,NEW_BUILD,,4,false,,erebuni
Y21-3ED99460,27709000,307878,90,,,3,1,,9,0,,,,NEEDS_REPAIR,,,,,PANEL,,9,true,,erebuni
Y21-67551F78,19648200,427135,46,,,1,1,,4,0,,,,NEEDS_REPAIR,,,,,STONE,,4,false,,erebuni
Y21-D4FE0056,35266000,335867,105,,,4,1,,13,0,,,,EURO_RENOVATION,,,,,PANEL,,14,true,,erebuni
Y21-928BD046,20152000,458000,44,,,2,1,,5,0,,,,NEEDS_REPAIR,,,,,STONE,,5,false,,erebuni
Y21-F05CDDE9,20152000,458000,44,,,2,1,,5,0,,,,NEEDS_REPAIR,,,,,STONE,,5,false,,erebuni
Y21-D031F989,19144400,319073,60,,,2,1,,9,0,,,,GOOD,,,,,PANEL,,9,true,,erebuni
Y21-B2361914,9068400,533435,17,,,1,1,,3,0,,,,GOOD,,,,,PANEL,,9,true,,erebuni
Y21-707D1B98,35266000,476568,74,,,4,1,,3,0,,,,EURO_RENOVATION,,,,,STONE,,5,false,,erebuni
Y21-C738963E,17633000,263179,67,,,3,2,,2,0,,,,GOOD,,,,,STONE,,5,false,,erebuni
Y21-3FFB4743,18136800,518194,35,,,2,1,,1,0,,,,GOOD,,,,,STONE,,2,false,,erebuni
Y21-E158C6D6,22671000,260586,87,,,3,1,,2,0,,,,GOOD,,,,,STONE,,2,false,,erebuni
Y21-D4BCA7F1,33754600,450061,75,,,3,1,,1,0,,,,NEEDS_REPAIR,,,,,STONE,,2,false,,erebuni
Y21-7F4CC346,12595000,314875,40,,,2,1,,5,0,,,,NEEDS_REPAIR,,,,,PANEL,,6,true,,erebuni
Y21-04C1FD98,20152000,419833,48,,,1,1,,4,0,,,,NEEDS_REPAIR,,,,,STONE,,5,false,,erebuni
Y21-8516EAE1,28212800,376171,75,,,3,1,,1,0,,,,EURO_RENOVATION,,,,,STONE,,5,false,,erebuni
Y21-699B4F01,17633000,293883,60,,,3,1,,3,0,,,,EURO_RENOVATION,,,,,PANEL,,4,false,,erebuni
Y21-67D0255A,15114000,472313,32,,,1,1,,2,0,,,,GOOD,,,,,STONE,,3,false,,erebuni
Y21-9203C06C,25190000,354789,71,,,3,2,,5,0,,,,GOOD,,,,,PANEL,,9,true,,erebuni
Y21-7548BD80,55418000,565490,98,,,3,1,,5,0,,,,EURO_RENOVATION,,,,,PANEL,,9,true,,erebuni
Y21-462C3C76,30228000,308449,98,,,4,1,,3,0,,,,EURO_RENOVATION,,,,,STONE,,5,false,,erebuni
Y21-33BC06D6,28212800,376171,75,,,3,1,,1,0,,,,EURO_RENOVATION,,,,,STONE,,5,false,,erebuni
Y21-6527AB76,42823000,329408,130,,,3,1,,5,0,,,,NEEDS_REPAIR,,,,,STONE,,5,false,,erebuni
Y21-65184992,27709000,197921,140,,,3,1,,1,0,,,,EURO_RENOVATION,,,,,STONE,,1,false,,erebuni
Y21-9411B8C5,12091200,390039,31,,,1,1,,1,0,,,,EURO_RENOVATION,,,,,PANEL,,5,false,,erebuni
Y21-CBE14372,16625400,210448,79,,,3,1,,5,0,,,,GOOD,,,,,STONE,,5,false,,erebuni
Y21-13E9A94A,27709000,297946,93,,,4,1,,2,0,,,,GOOD,,,,,STONE,,5,false,,erebuni
Y21-364B2E7A,30228000,431829,70,,,3,2,,8,0,,,,NEEDS_REPAIR,,,,,STONE,,9,true,,erebuni
Y21-A7853894,29472300,355088,83,,,3,1,,5,0,,,,NEEDS_REPAIR,,,,,PANEL,,9,true,,erebuni
Y21-1774407F,13098800,409338,32,,,2,1,,3,0,,,,EURO_RENOVATION,,,,,STONE,,3,false,,erebuni
Y21-8A386F37,15114000,308449,49,,,3,1,,1,0,,,,NEEDS_REPAIR,,,,,STONE,,1,false,,erebuni
Y21-5076090D,40304000,196605,205,,,5,1,,1,0,,,,NEEDS_REPAIR,,,,,STONE,,2,false,,erebuni
Y21-B2A160EA,26701400,503800,53,,,3,1,,5,0,,,,NEEDS_REPAIR,,,,,STONE,,5,false,,erebuni
Y21-8D230A2D,19144400,455819,42,,,1,1,,4,0,,,,NEEDS_REPAIR,,,,,PANEL,,9,true,,erebuni
Y21-AD9A62FA,30228000,387538,78,,,3,1,,2,0,,,,NEEDS_REPAIR,,,,,STONE,,2,false,,erebuni
Y21-923FCE9F,44838200,747303,60,,,3,1,,1,0,,,,NEEDS_REPAIR,,,,,STONE,,5,false,,erebuni
Y21-3DD1B7C6,26701400,445023,60,,,3,1,,7,0,,,,NEEDS_REPAIR,,,,,PANEL,,9,true,,erebuni
Y21-71B6A6C7,23174800,463496,50,,,2,1,,8,0,,,,NEEDS_REPAIR,,,,,PANEL,,9,true,,erebuni
Y21-39145A01,34258400,489406,70,,,2,1,,3,0,,,,NEEDS_REPAIR,,,,,PANEL,,10,true,,erebuni
Y21-86505470,22166696,554167,40,,,1,1,,2,0,,,,NEEDS_REPAIR,,,,,STONE,,5,false,,erebuni
Y21-7276AC8C,34258400,450768,76,,,3,1,,7,0,,,,NEEDS_REPAIR,,,,,PANEL,,9,true,,erebuni
Y21-C0D112D9,16625400,377850,44,,,2,1,,2,0,,,,NEEDS_REPAIR,,,,,PANEL,,9,true,,erebuni
Y21-308C92BE,20152000,100760,200,,,4,1,,1,1,,,,GOOD,,,,,STONE,,1,false,,erebuni
Y21-3B64A241,37785000,377850,100,,,4,1,,6,0,,,,NEEDS_REPAIR,,,,,PANEL,,6,true,,erebuni
Y21-69A2EA33,29220400,394870,74,,,3,1,,3,0,,,,GOOD,,,,,NEW_BUILD,,5,false,,erebuni
Y21-F0107D9D,25190000,393594,64,,,2,1,,4,0,,,,NEEDS_REPAIR,,,,,PANEL,,14,true,,erebuni
Y21-8E2B84A1,37785000,455241,83,,,3,1,,6,0,,,,NEEDS_REPAIR,,,,,PANEL,,9,true,,erebuni
Y21-BBDEAD4A,34258400,317207,108,,,4,1,,9,0,,,,NEEDS_REPAIR,,,,,PANEL,,12,true,,erebuni
Y21-703F5B63,18388700,593184,31,,,1,1,,4,0,,,,NEEDS_REPAIR,,,,,STONE,,5,false,,erebuni
Y21-A6A4EA6D,26197600,358871,73,,,3,1,,6,0,,,,NEEDS_REPAIR,,,,,PANEL,,9,true,,erebuni
Y21-D2A8B1F4,32747000,334153,98,,,4,1,,1,0,,,,NEEDS_REPAIR,,,,,STONE,,5,false,,erebuni
Y21-362C56CA,20655800,625933,33,,,1,1,,1,0,,,,NEEDS_REPAIR,,,,,STONE,,5,false,,erebuni
Y21-5453EFA9,30228000,279889,108,,,4,1,,14,0,,,,NEEDS_REPAIR,,,,,PANEL,,14,true,,erebuni
Y21-F6F0D106,22671000,338373,67,,,2,1,,7,0,,,,NEEDS_REPAIR,,,,,PANEL,,9,true,,erebuni
Y21-2888F2A2,22671000,323871,70,,,2,1,,5,0,,,,NEEDS_REPAIR,,,,,STONE,,5,false,,erebuni
Y21-4B5BCC4B,22671000,472313,48,,,2,1,,3,0,,,,NEEDS_REPAIR,,,,,STONE,,9,true,,erebuni
Y21-7C28802F,36777400,443101,83,,,3,1,,6,0,,,,NEEDS_REPAIR,,,,,PANEL,,9,true,,erebuni
Y21-CBAA776D,26197600,422542,62,,,2,1,,5,0,,,,NEEDS_REPAIR,,,,,STONE,,9,true,,erebuni
Y21-49FC7FAA,24182400,335867,72,,,4,1,,8,0,,,,NEEDS_REPAIR,,,,,PANEL,,9,true,,erebuni
Y21-34BA67F4,37785000,524792,72,,,2,1,,6,0,,,,NEEDS_REPAIR,,,,,PANEL,,9,true,,erebuni
Y21-0B75F512,23174800,463496,50,,,2,1,,5,0,,,,NEEDS_REPAIR,,,,,STONE,,5,false,,erebuni
Y21-F96E48A4,65494000,885054,74,,,4,1,,1,0,,,,NEEDS_REPAIR,,,,,STONE,,2,false,,erebuni
Y21-BE136AE2,11083600,325988,34,,,1,1,,3,0,,,,NEEDS_REPAIR,,,,,STONE,,5,false,,erebuni
Y21-5161B666,23174800,482808,48,,,2,1,,5,0,,,,NEEDS_REPAIR,,,,,MONOLITH,,5,false,,erebuni
Y21-123DA2A3,42823000,497942,86,,,3,1,,6,0,,,,NEEDS_REPAIR,,,,,PANEL,,14,true,,erebuni
Y21-893439A4,35266000,452128,78,,,3,1,,5,0,,,,NEEDS_REPAIR,,,,,STONE,,5,false,,erebuni
Y21-C3096329,25190000,393594,64,,,2,1,,4,0,,,,NEEDS_REPAIR,,,,,PANEL,,14,true,,erebuni
Y21-BABEFA23,36777400,510797,72,,,2,1,,1,0,,,,NEEDS_REPAIR,,,,,STONE,,2,false,,erebuni
Y21-0922B437,30228000,755700,40,,,1,1,,2,0,,,,NEEDS_REPAIR,,,,,STONE,,5,false,,erebuni
Y21-1012C446,16625400,386637,43,,,1,1,,6,0,,,,NEEDS_REPAIR,,,,,PANEL,,9,true,,erebuni
Y21-2DAB6B7D,32747000,564603,58,,,3,1,,3,0,,,,NEEDS_REPAIR,,,,,STONE,,3,false,,erebuni
Y21-3CB0FB5E,36021700,554180,65,,,2,1,,5,1,,,,NEEDS_REPAIR,,,,,NEW_BUILD,,16,true,,kanaker-zeytun
Y21-C3229A80,28464700,517540,55,,,3,1,,4,1,,,,EURO_RENOVATION,,,,,PANEL,,4,false,,kanaker-zeytun
Y21-27CE95E8,37785000,599762,63,,,3,1,,5,1,,,,EURO_RENOVATION,,,,,STONE,,5,false,,kanaker-zeytun
Y21-FDFAC421,37785000,449821,84,,,4,1,,10,1,,,,GOOD,,,,,NEW_BUILD,,11,true,,kanaker-zeytun
Y21-DBF1E55E,30731800,480184,64,,,3,1,,9,0,,,,EURO_RENOVATION,,,,,PANEL,,9,true,,kanaker-zeytun
Y21-BAF7424F,41815400,572814,73,,,2,1,,15,1,,,,EURO_RENOVATION,,,,,NEW_BUILD,,15,true,,kanaker-zeytun
Y21-BA9C9BFA,33754600,432751,78,,,3,1,,2,0,,,,EURO_RENOVATION,,,,,PANEL,,9,true,,kanaker-zeytun
Y21-3B659E6D,36273600,241824,150,,,4,1,,2,2,,,,GOOD,,,,,STONE,,3,false,,kanaker-zeytun
Y21-9EDC80D6,55418000,577271,96,,,3,2,,6,1,,,,EURO_RENOVATION,,,,,NEW_BUILD,,9,true,,kanaker-zeytun
Y21-16F29396,20151496,671717,30,,,1,1,,1,1,,,,EURO_RENOVATION,,,,,PANEL,,4,false,,kanaker-zeytun
Y21-A1782EA8,35064480,604560,58,,,2,1,,5,1,,,,EURO_RENOVATION,,,,,NEW_BUILD,,15,true,,kanaker-zeytun
Y21-EEA4200A,26197600,327470,80,,,2,1,,2,0,,,,EURO_RENOVATION,,,,,PANEL,,5,false,,kanaker-zeytun
Y21-C8FCC5D9,35266000,435383,81,,,4,1,,2,1,,,,EURO_RENOVATION,,,,,STONE,,2,false,,kanaker-zeytun
Y21-653E2AE8,31739400,364821,87,,,4,1,,1,1,,,,GOOD,,,,,PANEL,,4,false,,kanaker-zeytun
Y21-2F7B809B,28716600,363501,79,,,3,1,,3,2,,,,EURO_RENOVATION,,,,,PANEL,,4,false,,kanaker-zeytun
Y21-B00AB0CF,40304000,335867,120,,,3,1,,1,1,,,,GOOD,,,,,STONE,,5,false,,kanaker-zeytun
Y21-A2144B32,55418000,659738,84,,,3,1,,1,0,,,,NEEDS_REPAIR,,,,,STONE,,6,true,,kanaker-zeytun
Y21-17E37E91,27709000,477741,58,,,2,1,,4,0,,,,EURO_RENOVATION,,,,,PANEL,,4,false,,kanaker-zeytun
Y21-CD5A6FEA,18136800,566775,32,,,1,1,,4,1,,,,GOOD,,,,,STONE,,4,false,,kanaker-zeytun
Y21-A1B99D81,88165000,603870,146,,,4,2,,12,2,,,,EURO_RENOVATION,,,,,NEW_BUILD,,15,true,,kanaker-zeytun
Y21-98D74696,26197600,385259,68,,,2,1,,10,2,,,,GOOD,,,,,NEW_BUILD,,10,true,,kanaker-zeytun
Y21-FB4E7EBC,40304000,575771,70,,,3,1,,4,1,,,,EURO_RENOVATION,,,,,PANEL,,9,true,,kanaker-zeytun
Y21-20212117,75570000,472313,160,,,5,2,,5,2,,,,EURO_RENOVATION,,,,,NEW_BUILD,,6,true,,kanaker-zeytun
Y21-185CA5B2,36273600,416938,87,,,3,2,,4,1,,,,EURO_RENOVATION,,,,,STONE,,4,false,,kanaker-zeytun
Y21-AEED986E,28716600,441794,65,,,2,1,,9,1,,,,EURO_RENOVATION,,,,,PANEL,,9,true,,kanaker-zeytun
Y21-12638054,29220400,456569,64,,,2,1,,1,2,,,,EURO_RENOVATION,,,,,PANEL,,4,false,,kanaker-zeytun
Y21-14067E36,34510300,371078,93,,,3,1,,3,1,,,,GOOD,,,,,STONE,,5,false,,kanaker-zeytun
Y21-9085F43B,40304000,376673,107,,,4,1,,5,2,,,,EURO_RENOVATION,,,,,STONE,,5,false,,kanaker-zeytun
Y21-48DF4064,32747000,341115,96,,,5,2,,9,2,,,,EURO_RENOVATION,,,,,PANEL,,9,true,,kanaker-zeytun
Y21-F55312A7,52899000,587767,90,,,3,3,,1,2,,,,EURO_RENOVATION,,,,,PANEL,,9,true,,kanaker-zeytun
Y21-476CDDD5,21159600,325532,65,,,3,1,,1,0,,,,GOOD,,,,,STONE,,1,false,,kanaker-zeytun
Y21-A8C048E8,37785000,572500,66,,,2,2,,4,1,,,,NEEDS_REPAIR,,,,,NEW_BUILD,,5,false,,kanaker-zeytun
Y21-520649B3,42823000,486625,88,,,3,3,,5,1,,,,NEEDS_REPAIR,,,,,NEW_BUILD,,5,false,,kanaker-zeytun
Y21-051EC1EE,36273600,684408,53,,,2,1,,1,1,,,,EURO_RENOVATION,,,,,STONE,,11,true,,kanaker-zeytun
Y21-A1D7432B,20152000,491512,41,,,1,1,,8,1,,,,GOOD,,,,,NEW_BUILD,,10,true,,kanaker-zeytun
Y21-6E9EFBDF,13602600,251900,54,,,2,1,,1,0,,,,GOOD,,,,,STONE,,4,false,,kanaker-zeytun
Y21-658AD52E,27205200,453420,60,,,3,1,,3,1,,,,EURO_RENOVATION,,,,,PANEL,,4,false,,kanaker-zeytun
Y21-A16CBDD9,23678600,422832,56,,,2,1,,3,0,,,,NEEDS_REPAIR,,,,,PANEL,,4,false,,kanaker-zeytun
Y21-11D680AF,32747000,409338,80,,,3,1,,8,1,,,,EURO_RENOVATION,,,,,PANEL,,9,true,,kanaker-zeytun
Y21-D728482A,30177620,324491,93,,,4,1,,7,1,,,,GOOD,,,,,PANEL,,9,true,,kanaker-zeytun
Y21-DAB4BB49,54914200,549142,100,,,4,1,,3,0,,,,NEEDS_REPAIR,,,,,MONOLITH,,8,true,,kanaker-zeytun
Y21-6C3735B1,16121600,503800,32,,,1,1,,2,1,,,,GOOD,,,,,PANEL,,4,false,,kanaker-zeytun
Y21-559E1666,35266000,251900,140,,,4,1,,1,2,,,,GOOD,,,,,STONE,,2,false,,kanaker-zeytun
Y21-6C277D80,68013000,566775,120,,,4,1,,4,0,,,,EURO_RENOVATION,,,,,MONOLITH,,11,true,,kanaker-zeytun
Y21-856ED264,36273600,390039,93,,,3,1,,9,2,,,,GOOD,,,,,PANEL,,9,true,,kanaker-zeytun
Y21-1228D664,27709000,333843,83,,,4,1,,13,0,,,,GOOD,,,,,NEW_BUILD,,16,true,,kanaker-zeytun
Y21-6738ED9E,26197600,335867,78,,,3,1,,1,1,,,,EURO_RENOVATION,,,,,PANEL,,9,true,,kanaker-zeytun
Y21-DE72B8C1,40304000,592706,68,,,2,1,,10,1,,,,NEEDS_REPAIR,,,,,NEW_BUILD,,18,true,,kanaker-zeytun
Y21-B239B537,16625400,503800,33,,,1,1,,4,2,,,,GOOD,,,,,NEW_BUILD,,4,false,,kanaker-zeytun
Y21-E04DF779,10579800,587767,18,,,1,1,,6,0,,,,EURO_RENOVATION,,,,,PANEL,,7,true,,kanaker-zeytun
Y21-F8AB6EAA,26197600,331615,79,,,3,1,,4,2,,,,GOOD,,,,,MONOLITH,,16,true,,kanaker-zeytun
Y21-9C3E32C5,40304000,463264,87,,,4,1,,2,1,,,,EURO_RENOVATION,,,,,PANEL,,4,false,,kanaker-zeytun
Y21-F7E53E19,19648200,545783,36,,,1,1,,1,1,,,,EURO_RENOVATION,,,,,PANEL,,4,false,,kanaker-zeytun
Y21-A1B6A739,47861000,683729,70,,,3,1,,8,1,,,,EURO_RENOVATION,,,,,MONOLITH,,9,true,,kanaker-zeytun
Y21-1A8801B5,27709000,426292,65,,,2,1,,9,0,,,,NEEDS_REPAIR,,,,,PANEL,,16,true,,kanaker-zeytun
Y21-B381BBF1,35266000,440825,80,,,3,1,,2,0,,,,EURO_RENOVATION,,,,,NEW_BUILD,,9,true,,kanaker-zeytun
Y21-CC1E77CE,30228000,570340,53,,,1,1,,3,1,,,,EURO_RENOVATION,,,,,STONE,,7,true,,kanaker-zeytun
Y21-FAC4F62E,23174800,356535,65,,,3,1,,4,1,,,,GOOD,,,,,PANEL,,4,false,,kanaker-zeytun
Y21-90CD69AC,27709000,346363,80,,,3,2,,8,1,,,,GOOD,,,,,PANEL,,9,true,,kanaker-zeytun
Y21-1776E3EC,34510300,436839,79,,,3,1,,4,2,,,,EURO_RENOVATION,,,,,PANEL,,16,true,,kanaker-zeytun
Y21-89C09D5A,10579800,377850,28,,,1,1,,1,0,,,,GOOD,,,,,STONE,,2,false,,kanaker-zeytun
Y21-7BF3CF77,19144400,517416,37,,,2,1,,4,0,,,,EURO_RENOVATION,,,,,PANEL,,4,false,,kanaker-zeytun
Y21-5BA53F35,27709000,307878,90,,,4,1,,1,1,,,,GOOD,,,,,STONE,,4,false,,kanaker-zeytun
Y21-30BFC1C9,37785000,460793,82,,,3,1,,1,1,,,,EURO_RENOVATION,,,,,STONE,,4,false,,kanaker-zeytun
Y21-79BE4AAF,27709000,407485,68,,,3,1,,4,1,,,,EURO_RENOVATION,,,,,PANEL,,4,false,,kanaker-zeytun
Y21-4205E057,56425600,564256,100,,,3,1,,8,1,,,,EURO_RENOVATION,,,,,PANEL,,9,true,,kanaker-zeytun
Y21-5FBBA4D0,21159600,232523,91,,,3,1,,1,0,,,,GOOD,,,,,STONE,,5,false,,kanaker-zeytun
Y21-1DDB6489,42823000,549013,78,,,3,1,,5,1,,,,EURO_RENOVATION,,,,,STONE,,5,false,,kanaker-zeytun
Y21-DA146F8D,23174800,493081,47,,,1,1,,3,1,,,,NEEDS_REPAIR,,,,,STONE,,5,false,,kanaker-zeytun
Y21-D19E88A0,32747000,488761,67,,,2,2,,9,1,,,,EURO_RENOVATION,,,,,PANEL,,9,true,,kanaker-zeytun
Y21-5E6D08CA,50380000,559778,90,,,3,1,,13,2,,,,EURO_RENOVATION,,,,,PANEL,,16,true,,kanaker-zeytun
Y21-3568A184,23678600,401332,59,,,2,1,,1,0,,,,EURO_RENOVATION,,,,,PANEL,,4,false,,kanaker-zeytun
Y21-E878F7E1,85646000,611757,140,,,5,2,,2,2,,,,EURO_RENOVATION,,,,,STONE,,4,false,,kanaker-zeytun
Y21-157DB43D,21663400,503800,43,,,2,1,,3,1,,,,EURO_RENOVATION,,,,,STONE,,5,false,,kanaker-zeytun
Y21-8BB1182A,40304000,403040,100,,,4,1,,5,1,,,,EURO_RENOVATION,,,,,STONE,,5,false,,kanaker-zeytun
Y21-F6EA89EA,16625400,519544,32,,,1,1,,3,1,,,,GOOD,,,,,STONE,,5,false,,kanaker-zeytun
Y21-4FDD4C69,20152000,491512,41,,,1,1,,7,1,,,,GOOD,,,,,NEW_BUILD,,10,true,,kanaker-zeytun
Y21-FF0BEC5D,40304000,575771,70,,,2,1,,2,1,,,,EURO_RENOVATION,,,,,PANEL,,9,true,,kanaker-zeytun
Y21-931D0F3D,32747000,430882,76,,,3,2,,3,2,,,,NEEDS_REPAIR,,,,,STONE,,5,false,,kanaker-zeytun
Y21-3AA3C01A,40304000,447822,90,,,3,1,,12,0,,,,NEEDS_REPAIR,,,,,PANEL,,13,true,,kanaker-zeytun
Y21-532E82FA,23174800,503800,46,,,1,1,,11,0,,,,NEEDS_REPAIR,,,,,PANEL,,11,true,,kanaker-zeytun
Y21-2D15F7B4,28716600,463171,62,,,1,1,,3,0,,,,EURO_RENOVATION,,,,,PANEL,,16,true,,kanaker-zeytun
Y21-A6996E35,30228000,302280,100,,,4,3,,2,1,,,,GOOD,,,,,PANEL,,2,false,,kanaker-zeytun
Y21-90ED38FD,46853400,493194,95,,,3,1,,3,0,,,,NEEDS_REPAIR,,,,,PANEL,,12,true,,kanaker-zeytun
Y21-85102CA6,26197600,327470,80,,,2,1,,2,0,,,,EURO_RENOVATION,,,,,PANEL,,5,false,,kanaker-zeytun
Y21-379857B7,23930500,419833,57,,,2,1,,4,1,,,,GOOD,,,,,STONE,,4,false,,kanaker-zeytun
Y21-240CF62F,42823000,535288,80,,,3,1,,4,1,,,,EURO_RENOVATION,,,,,STONE,,6,true,,kanaker-zeytun
Y21-C4BC7C89,32998900,549982,60,,,2,2,,2,1,,,,EURO_RENOVATION,,,,,STONE,,5,false,,kanaker-zeytun
Y21-83756272,55418000,571320,97,,,3,2,,2,2,,,,EURO_RENOVATION,,,,,NEW_BUILD,,14,true,,kanaker-zeytun
Y21-32EB6DE4,37785000,590391,64,,,3,1,,1,0,,,,EURO_RENOVATION,,,,,STONE,,5,false,,kanaker-zeytun
Y21-75E0FED9,32747000,511672,64,,,3,1,,7,2,,,,EURO_RENOVATION,,,,,STONE,,7,true,,kanaker-zeytun
Y21-499418B9,30228000,314875,96,,,5,1,,1,1,,,,EURO_RENOVATION,,,,,STONE,,5,false,,kanaker-zeytun
Y21-6F8AD5B0,29472300,377850,78,,,3,2,,4,1,,,,EURO_RENOVATION,,,,,PANEL,,9,true,,kanaker-zeytun
Y21-B515392A,16625400,426292,39,,,2,1,,1,0,,,,EURO_RENOVATION,,,,,STONE,,4,false,,kanaker-zeytun
Y21-F970446A,37785000,397737,95,,,3,1,,11,2,,,,GOOD,,,,,PANEL,,13,true,,kanaker-zeytun
Y21-B66BBAFD,20655800,480367,43,,,1,1,,6,1,,,,EURO_RENOVATION,,,,,PANEL,,9,true,,kanaker-zeytun
Y21-C947B400,14106400,403040,35,,,1,1,,5,0,,,,GOOD,,,,,STONE,,5,false,,kanaker-zeytun
Y21-6B7D5EC7,52899000,556832,95,,,3,1,,7,0,,,,EURO_RENOVATION,,,,,PANEL,,9,true,,kanaker-zeytun
Y21-EE43E7D8,42823000,563461,76,,,3,1,,4,2,,,,EURO_RENOVATION,,,,,MONOLITH,,9,true,,kanaker-zeytun
Y21-F0EFB288,27709000,413567,67,,,3,1,,7,1,,,,EURO_RENOVATION,,,,,MONOLITH,,9,true,,kanaker-zeytun
Y21-3DE6B451,34762200,632040,55,,,2,1,,7,1,,,,EURO_RENOVATION,,,,,PANEL,,13,true,,kanaker-zeytun
Y21-20D9761B,34762200,632040,55,,,2,1,,7,1,,,,EURO_RENOVATION,,,,,PANEL,,13,true,,kanaker-zeytun
Y21-DEBDFA24,25693800,458818,56,,,2,1,,3,0,,,,EURO_RENOVATION,,,,,STONE,,4,false,,kanaker-zeytun
Y21-3DCA4D10,40304000,503800,80,,,3,1,,4,1,,,,EURO_RENOVATION,,,,,STONE,,4,false,,kanaker-zeytun
Y21-CA0FCF65,37785000,401968,94,,,3,1,,15,1,,,,EURO_RENOVATION,,,,,PANEL,,16,true,,kanaker-zeytun
Y21-452D9279,16625400,426292,39,,,2,1,,1,0,,,,EURO_RENOVATION,,,,,STONE,,4,false,,kanaker-zeytun
Y21-D864C520,15063620,485923,31,,,1,1,,2,1,,,,GOOD,,,,,PANEL,,4,false,,kanaker-zeytun
Y21-97ED1484,37785000,419833,90,,,5,1,,5,0,,,,NEEDS_REPAIR,,,,,MONOLITH,,16,true,,kanaker-zeytun
Y21-94B085FA,29220400,317613,92,,,4,1,,15,1,,,,EURO_RENOVATION,,,,,PANEL,,16,true,,kanaker-zeytun
Y21-9FF4F367,24182400,345463,70,,,2,1,,5,1,,,,GOOD,,,,,PANEL,,9,true,,kanaker-zeytun
Y21-274AEAA2,22671000,472313,48,,,2,1,,4,1,,,,EURO_RENOVATION,,,,,STONE,,5,false,,kanaker-zeytun
Y21-3C8AF25E,32998900,549982,60,,,2,2,,2,1,,,,EURO_RENOVATION,,,,,STONE,,5,false,,kanaker-zeytun
Y21-CEDB430C,16121600,503800,32,,,1,1,,1,0,,,,GOOD,,,,,PANEL,,5,false,,kanaker-zeytun
Y21-A5FC63E9,28212800,564256,50,,,2,1,,4,0,,,,EURO_RENOVATION,,,,,STONE,,7,true,,kanaker-zeytun
Y21-FB993C7A,27709000,379575,73,,,3,1,,2,0,,,,NEEDS_REPAIR,,,,,PANEL,,4,false,,kanaker-zeytun
Y21-869E7CD2,21663400,318579,68,,,3,2,,5,2,,,,GOOD,,,,,PANEL,,9,true,,kanaker-zeytun
Y21-57D65351,35266000,391844,90,,,3,1,,1,1,,,,EURO_RENOVATION,,,,,NEW_BUILD,,11,true,,kanaker-zeytun
Y21-EE97B280,27709000,346363,80,,,3,1,,3,1,,,,GOOD,,,,,PANEL,,9,true,,kanaker-zeytun
Y21-6BE16195,25693800,535288,48,,,1,1,,3,0,,,,EURO_RENOVATION,,,,,STONE,,5,false,,kanaker-zeytun
Y21-1F363559,36273600,403040,90,,,4,1,,1,1,,,,EURO_RENOVATION,,,,,PANEL,,9,true,,kanaker-zeytun
Y21-B6CDF2CF,32747000,503800,65,,,2,1,,2,1,,,,EURO_RENOVATION,,,,,NEW_BUILD,,11,true,,kanaker-zeytun
Y21-2DB780AC,31235600,452690,69,,,3,3,,5,1,,,,EURO_RENOVATION,,,,,STONE,,6,true,,kanaker-zeytun
Y21-78E98E90,32747000,467814,70,,,3,1,,1,0,,,,NEEDS_REPAIR,,,,,PANEL,,16,true,,kanaker-zeytun
Y21-7D4C0F42,38792600,484908,80,,,3,1,,9,1,,,,GOOD,,,,,PANEL,,9,true,,kanaker-zeytun
Y21-41D899FB,60456000,451164,134,,,5,1,,5,0,,,,GOOD,,,,,STONE,,6,true,,kanaker-zeytun
Y21-ED91E470,25693800,333686,77,,,3,1,,3,1,,,,GOOD,,,,,PANEL,,4,false,,kanaker-zeytun
Y21-C29F32E2,26197600,436627,60,,,2,1,,2,0,,,,NEEDS_REPAIR,,,,,STONE,,7,true,,kanaker-zeytun
Y21-37DB1172,44838200,373652,120,,,4,1,,2,1,,,,EURO_RENOVATION,,,,,STONE,,5,false,,kanaker-zeytun
Y21-00794908,44838200,370564,121,,,3,1,,2,1,,,,EURO_RENOVATION,,,,,PANEL,,4,false,,kanaker-zeytun
Y21-9C8EEF52,32747000,419833,78,,,3,2,,2,1,,,,GOOD,,,,,STONE,,5,false,,kanaker-zeytun
Y21-281753E0,57433200,574332,100,,,3,3,,4,1,,,,NEEDS_REPAIR,,,,,NEW_BUILD,,5,false,,kanaker-zeytun
Y21-E854708D,52899000,345745,153,,,5,2,,1,2,,,,EURO_RENOVATION,,,,,PANEL,,9,true,,kanaker-zeytun
Y21-8D728B3D,32747000,488761,67,,,2,1,,9,1,,,,EURO_RENOVATION,,,,,PANEL,,9,true,,kanaker-zeytun
Y21-19E5EB1F,37785000,699722,54,,,2,1,,3,1,,,,EURO_RENOVATION,,,,,PANEL,,5,false,,kanaker-zeytun
Y21-16EA8EC4,30983700,584598,53,,,2,1,,5,1,,,,EURO_RENOVATION,,,,,STONE,,5,false,,kanaker-zeytun
Y21-E5388DC7,45845800,472637,97,,,4,1,,4,2,,,,EURO_RENOVATION,,,,,STONE,,5,false,,kanaker-zeytun
Y21-E7054944,14610200,471297,31,,,1,1,,1,1,,,,NEEDS_REPAIR,,,,,PANEL,,4,false,,kanaker-zeytun
Y21-94128B3B,17129200,535288,32,,,1,1,,2,1,,,,EURO_RENOVATION,,,,,PANEL,,4,false,,kanaker-zeytun
Y21-76FA7491,42823000,389300,110,,,4,1,,3,2,,,,GOOD,,,,,STONE,,5,false,,kanaker-zeytun
Y21-17948729,36777400,510797,72,,,3,1,,5,1,,,,EURO_RENOVATION,,,,,PANEL,,9,true,,kanaker-zeytun
Y21-F434B560,27709000,503800,55,,,2,1,,4,1,,,,EURO_RENOVATION,,,,,PANEL,,4,false,,kanaker-zeytun
Y21-B8844250,27709000,503800,55,,,2,1,,4,1,,,,EURO_RENOVATION,,,,,PANEL,,4,false,,kanaker-zeytun
Y21-D1E3BB52,25190000,289540,87,,,4,1,,2,2,,,,NEEDS_REPAIR,,,,,PANEL,,9,true,,kanaker-zeytun
Y21-EF3A7858,27709000,426292,65,,,3,1,,4,1,,,,EURO_RENOVATION,,,,,PANEL,,4,false,,kanaker-zeytun
Y21-3E5A8FE3,24686200,411437,60,,,2,1,,1,1,,,,EURO_RENOVATION,,,,,PANEL,,9,true,,kanaker-zeytun
Y21-01074119,40807800,609072,67,,,2,2,,8,1,,,,NEEDS_REPAIR,,,,,NEW_BUILD,,18,true,,kanaker-zeytun
Y21-A1B14423,16121600,503800,32,,,1,1,,2,1,,,,GOOD,,,,,PANEL,,4,false,,kanaker-zeytun
Y21-ADC9D014,38792600,484908,80,,,3,3,,9,1,,,,EURO_RENOVATION,,,,,PANEL,,9,true,,kanaker-zeytun
Y21-EB1571C4,22671000,365661,62,,,2,1,,3,2,,,,GOOD,,,,,PANEL,,4,false,,kanaker-zeytun
Y21-5CDC750A,24182400,483648,50,,,2,1,,1,1,,,,GOOD,,,,,PANEL,,4,false,,kanaker-zeytun
Y21-F0BBE2EB,73051000,456569,160,,,3,2,,5,1,,,,EURO_RENOVATION,,,,,NEW_BUILD,,5,false,,kanaker-zeytun
Y21-6D10081C,62975000,503800,125,,,5,2,,4,1,,,,EURO_RENOVATION,,,,,STONE,,5,false,,kanaker-zeytun
Y21-B024B005,16625400,346363,48,,,2,1,,4,0,,,,EURO_RENOVATION,,,,,STONE,,4,false,,kanaker-zeytun
Y21-5330500B,88165000,608034,145,,,4,2,,5,1,,,,EURO_RENOVATION,,,,,NEW_BUILD,,15,true,,kanaker-zeytun
Y21-A15D4908,18136800,503800,36,,,1,1,,4,1,,,,GOOD,,,,,STONE,,5,false,,kanaker-zeytun
Y21-558D2669,37785000,393594,96,,,4,1,,8,0,,,,EURO_RENOVATION,,,,,PANEL,,9,true,,kanaker-zeytun
Y21-31AB4AB3,55418000,477741,116,,,4,1,,1,1,,,,EURO_RENOVATION,,,,,STONE,,5,false,,kanaker-zeytun
Y21-0C71C091,47861000,525945,91,,,4,2,,4,1,,,,GOOD,,,,,PANEL,,9,true,,kanaker-zeytun
Y21-1D93226C,26197600,349301,75,,,3,1,,4,1,,,,NEEDS_REPAIR,,,,,PANEL,,4,false,,kanaker-zeytun
Y21-D7FFE2E0,22671000,323871,70,,,3,1,,1,0,,,,EURO_RENOVATION,,,,,STONE,,5,false,,kanaker-zeytun
Y21-ACD8BE4A,68013000,731323,93,,,3,1,,2,1,,,,EURO_RENOVATION,,,,,STONE,,7,true,,kanaker-zeytun
Y21-84AB381B,37785000,755700,50,,,2,1,,13,1,,,,EURO_RENOVATION,,,,,NEW_BUILD,,15,true,,kanaker-zeytun
Y21-A8F13805,41311600,503800,82,,,3,3,,5,2,,,,EURO_RENOVATION,,,,,STONE,,6,true,,kanaker-zeytun
Y21-44DC1B34,35266000,542554,65,,,2,2,,4,1,,,,NEEDS_REPAIR,,,,,STONE,,4,false,,kanaker-zeytun
Y21-5B354F3B,35266000,391844,90,,,3,1,,2,0,,,,NEEDS_REPAIR,,,,,PANEL,,16,true,,kanaker-zeytun
Y21-00ED853D,25190000,629750,40,,,1,1,,3,1,,,,GOOD,,,,,STONE,,5,false,,kanaker-zeytun
Y21-41D3800A,31739400,423192,75,,,4,1,,2,2,,,,GOOD,,,,,STONE,,2,false,,kanaker-zeytun
Y21-AE823B20,17129200,519067,33,,,1,1,,2,1,,,,EURO_RENOVATION,,,,,PANEL,,4,false,,kanaker-zeytun
Y21-7F4D43A4,16121600,503800,32,,,1,1,,2,1,,,,GOOD,,,,,PANEL,,4,false,,kanaker-zeytun
Y21-38EB91C1,21411500,389300,55,,,2,1,,3,1,,,,NEEDS_REPAIR,,,,,PANEL,,4,false,,kanaker-zeytun
Y21-03B2199E,21411500,389300,55,,,2,1,,3,1,,,,NEEDS_REPAIR,,,,,PANEL,,4,false,,kanaker-zeytun
Y21-0EF8BA14,37785000,539786,70,,,3,1,,3,1,,,,EURO_RENOVATION,,,,,PANEL,,9,true,,kanaker-zeytun
Y21-0839EB5A,29220400,384479,76,,,3,1,,8,1,,,,NEEDS_REPAIR,,,,,PANEL,,9,true,,kanaker-zeytun
Y21-2C23331F,44838200,582314,77,,,2,1,,5,1,,,,EURO_RENOVATION,,,,,NEW_BUILD,,8,true,,kanaker-zeytun
Y21-8F6DE9FB,33754600,456143,74,,,3,1,,2,0,,,,NEEDS_REPAIR,,,,,PANEL,,4,false,,kanaker-zeytun
Y21-4DD605D1,26197600,451683,58,,,2,3,,2,1,,,,GOOD,,,,,PANEL,,4,false,,kanaker-zeytun
Y21-2D95D538,28716600,422303,68,,,2,1,,2,1,,,,GOOD,,,,,PANEL,,9,true,,kanaker-zeytun
Y21-1889C668,29220400,442733,66,,,3,1,,3,1,,,,EURO_RENOVATION,,,,,NEW_BUILD,,4,false,,kanaker-zeytun
Y21-154ADFF2,32998900,549982,60,,,2,2,,2,1,,,,EURO_RENOVATION,,,,,STONE,,5,false,,kanaker-zeytun
Y21-63D01648,37785000,517603,73,,,3,1,,2,1,,,,GOOD,,,,,PANEL,,5,false,,kanaker-zeytun
Y21-5C045FA5,25693800,546677,47,,,3,1,,4,1,,,,EURO_RENOVATION,,,,,STONE,,5,false,,kanaker-zeytun
Y21-1EA588D6,25190000,535957,47,,,2,1,,1,0,,,,NEEDS_REPAIR,,,,,STONE,,5,false,,kanaker-zeytun
Y21-727598BE,64486400,358258,180,,,3,1,,9,1,,,,EURO_RENOVATION,,,,,PANEL,,9,true,,kanaker-zeytun
Y21-8EC27ED5,61967400,645494,96,,,3,2,,14,1,,,,EURO_RENOVATION,,,,,NEW_BUILD,,15,true,,kanaker-zeytun
Y21-000A6DE3,65494000,545783,120,,,4,2,,8,1,,,,EURO_RENOVATION,,,,,MONOLITH,,9,true,,kanaker-zeytun
Y21-189BC7BA,40304000,411265,98,,,3,1,,16,1,,,,GOOD,,,,,PANEL,,16,true,,kanaker-zeytun
Y21-35F5FAF1,36777400,395456,93,,,4,1,,4,1,,,,EURO_RENOVATION,,,,,STONE,,4,false,,kanaker-zeytun
Y21-07BE427A,26701400,342326,78,,,3,1,,12,1,,,,EURO_RENOVATION,,,,,PANEL,,16,true,,kanaker-zeytun
Y21-20084219,33754600,519302,65,,,3,1,,1,1,,,,EURO_RENOVATION,,,,,PANEL,,9,true,,kanaker-zeytun
Y21-73B1E729,24686200,316490,78,,,3,1,,1,1,,,,NEEDS_REPAIR,,,,,PANEL,,9,true,,kanaker-zeytun
Y21-FDB23629,40304000,403040,100,,,4,1,,2,0,,,,NEEDS_REPAIR,,,,,STONE,,5,false,,kanaker-zeytun
Y21-0DC7A6E8,18136800,335867,54,,,2,1,,1,0,,,,EURO_RENOVATION,,,,,STONE,,5,false,,kanaker-zeytun
Y21-72B6448F,45845800,472637,97,,,4,1,,4,2,,,,EURO_RENOVATION,,,,,STONE,,5,false,,kanaker-zeytun
Y21-BF734DEE,42823000,460462,93,,,3,1,,9,2,,,,EURO_RENOVATION,,,,,PANEL,,9,true,,kanaker-zeytun
Y21-B08613BE,37785000,484423,78,,,4,1,,1,1,,,,GOOD,,,,,PANEL,,9,true,,kanaker-zeytun
Y21-7E4BD0A6,38288800,490882,78,,,3,2,,1,1,,,,EURO_RENOVATION,,,,,PANEL,,9,true,,kanaker-zeytun
Y21-13C82C91,24686200,493724,50,,,2,1,,4,1,,,,EURO_RENOVATION,,,,,PANEL,,4,false,,kanaker-zeytun
Y21-8B4789EA,26197600,476320,55,,,2,1,,4,0,,,,EURO_RENOVATION,,,,,STONE,,4,false,,kanaker-zeytun
Y21-55E25330,29724200,582827,51,,,2,1,,3,1,,,,NEEDS_REPAIR,,,,,STONE,,6,true,,kanaker-zeytun
Y21-C7664A8E,27709000,439825,63,,,3,1,,1,0,,,,EURO_RENOVATION,,,,,STONE,,5,false,,kanaker-zeytun
Y21-A1550DEC,31235600,452690,69,,,3,1,,5,1,,,,EURO_RENOVATION,,,,,STONE,,6,true,,kanaker-zeytun
Y21-A25033B8,41311600,536514,77,,,3,1,,4,1,,,,GOOD,,,,,STONE,,5,false,,kanaker-zeytun
Y21-5F4F2B46,27709000,503800,55,,,2,1,,4,1,,,,EURO_RENOVATION,,,,,PANEL,,4,false,,kanaker-zeytun
Y21-B1F1F110,27709000,503800,55,,,2,1,,4,1,,,,EURO_RENOVATION,,,,,PANEL,,4,false,,kanaker-zeytun
Y21-48DE174A,37785000,524792,72,,,3,1,,2,0,,,,GOOD,,,,,STONE,,5,false,,kanaker-zeytun
Y21-E24B8BF4,35266000,352660,100,,,4,1,,2,1,,,,EURO_RENOVATION,,,,,NEW_BUILD,,2,false,,kanaker-zeytun
Y21-3C35FBDA,18086420,334934,54,,,1,1,,14,1,,,,EURO_RENOVATION,,,,,PANEL,,16,true,,kanaker-zeytun
Y21-D416B42D,39296400,338762,116,,,4,1,,6,0,,,,NEEDS_REPAIR,,,,,MONOLITH,,6,true,,kanaker-zeytun
Y21-4880D7C3,41311600,751120,55,,,2,1,,7,0,,,,EURO_RENOVATION,,,,,NEW_BUILD,,11,true,,kanaker-zeytun
Y21-1B9F3525,31235600,416475,75,,,2,1,,3,2,,,,GOOD,,,,,PANEL,,12,true,,kanaker-zeytun
Y21-C888E026,27709000,301185,92,,,4,3,,15,1,,,,EURO_RENOVATION,,,,,PANEL,,16,true,,kanaker-zeytun
Y21-F034CD77,8060800,474165,17,,,1,1,,2,0,,,,GOOD,,,,,STONE,,7,true,,kanaker-zeytun
Y21-92FE6F87,45342000,412200,110,,,4,1,,1,0,,,,GOOD,,,,,PANEL,,9,true,,kanaker-zeytun
Y21-CD7246DB,46349096,634919,73,,,3,1,,4,2,,,,EURO_RENOVATION,,,,,STONE,,4,false,,kanaker-zeytun
Y21-84602ED4,8060800,474165,17,,,1,1,,2,0,,,,EURO_RENOVATION,,,,,STONE,,6,true,,kanaker-zeytun
Y21-A0519482,30228000,387538,78,,,3,1,,2,1,,,,GOOD,,,,,PANEL,,9,true,,kanaker-zeytun
Y21-B0AF27B3,31134840,404349,77,,,3,1,,6,1,,,,EURO_RENOVATION,,,,,PANEL,,9,true,,kanaker-zeytun
Y21-58200135,47861000,531789,90,,,4,1,,5,1,,,,EURO_RENOVATION,,,,,PANEL,,9,true,,kanaker-zeytun
Y21-2B968B77,34762200,609863,57,,,2,1,,7,1,,,,EURO_RENOVATION,,,,,PANEL,,13,true,,kanaker-zeytun
Y21-3F6ED299,27709000,384847,72,,,3,1,,9,2,,,,EURO_RENOVATION,,,,,PANEL,,9,true,,kanaker-zeytun
Y21-A8EAC5C6,26197600,304623,86,,,4,1,,3,1,,,,GOOD,,,,,PANEL,,9,true,,kanaker-zeytun
Y21-A90B3EDF,21663400,503800,43,,,2,1,,1,0,,,,EURO_RENOVATION,,,,,STONE,,5,false,,kanaker-zeytun
Y21-F642E223,28716600,486722,59,,,3,1,,2,1,,,,EURO_RENOVATION,,,,,STONE,,4,false,,kanaker-zeytun
Y21-8AFDDC91,45342000,503800,90,,,4,1,,3,1,,,,EURO_RENOVATION,,,,,PANEL,,9,true,,kanaker-zeytun
Y21-5B2B6293,29220400,429712,68,,,2,1,,9,2,,,,EURO_RENOVATION,,,,,PANEL,,16,true,,kanaker-zeytun
Y21-42F44B7A,38288800,531789,72,,,2,2,,8,1,,,,GOOD,,,,,PANEL,,9,true,,kanaker-zeytun
Y21-A056FA21,21159600,440825,48,,,1,1,,3,1,,,,NEEDS_REPAIR,,,,,STONE,,5,false,,kanaker-zeytun
Y21-5B13070B,16121600,240621,67,,,2,1,,16,1,,,,NEEDS_REPAIR,,,,,PANEL,,16,true,,kanaker-zeytun
Y21-A4C616DE,43578700,622553,70,,,2,1,,3,1,,,,EURO_RENOVATION,,,,,MONOLITH,,15,true,,kanaker-zeytun
Y21-B2857254,36777400,721125,51,,,2,1,,2,1,,,,EURO_RENOVATION,,,,,PANEL,,12,true,,kanaker-zeytun
Y21-24F2262C,35769800,496803,72,,,3,1,,1,1,,,,EURO_RENOVATION,,,,,PANEL,,4,false,,kanaker-zeytun
Y21-257099A6,29724200,471813,63,,,3,1,,1,1,,,,EURO_RENOVATION,,,,,PANEL,,9,true,,kanaker-zeytun
Y21-D32DE427,27709000,355244,78,,,3,1,,3,1,,,,NEEDS_REPAIR,,,,,PANEL,,9,true,,kanaker-zeytun
Y21-D00E16E5,37785000,434310,87,,,3,1,,1,1,,,,GOOD,,,,,STONE,,4,false,,kanaker-zeytun
Y21-536C54E4,45342000,566775,80,,,3,1,,4,1,,,,EURO_RENOVATION,,,,,STONE,,4,false,,kanaker-zeytun
Y21-9A49AEE4,27709000,390268,71,,,3,1,,3,1,,,,GOOD,,,,,PANEL,,4,false,,kanaker-zeytun
Y21-D8354DA1,44838200,605922,74,,,3,1,,6,1,,,,EURO_RENOVATION,,,,,PANEL,,9,true,,kanaker-zeytun
Y21-F7A85314,30228000,368634,82,,,3,1,,4,0,,,,NEEDS_REPAIR,,,,,STONE,,4,false,,kanaker-zeytun
Y21-D426979A,42823000,407838,105,,,4,1,,5,1,,,,GOOD,,,,,STONE,,5,false,,kanaker-zeytun
Y21-CCE87AF0,84638400,666444,127,,,4,1,,11,0,,,,NEEDS_REPAIR,,,,,MONOLITH,,15,true,,kanaker-zeytun
Y21-A69969C6,21159600,311171,68,,,2,3,,5,1,,,,EURO_RENOVATION,,,,,NEW_BUILD,,16,true,,kanaker-zeytun
Y21-751053D3,35266000,342388,103,,,4,2,,4,1,,,,EURO_RENOVATION,,,,,STONE,,5,false,,kanaker-zeytun
Y21-19AA8AEB,22671000,462673,49,,,2,1,,2,1,,,,EURO_RENOVATION,,,,,NEW_BUILD,,10,true,,kanaker-zeytun
Y21-A68E7C7A,29220400,429712,68,,,2,1,,5,1,,,,GOOD,,,,,PANEL,,9,true,,kanaker-zeytun
Y21-0DA37534,34258400,342584,100,,,4,1,,6,1,,,,GOOD,,,,,PANEL,,9,true,,kanaker-zeytun
Y21-DA58D35A,21159600,440825,48,,,1,1,,3,1,,,,GOOD,,,,,STONE,,5,false,,kanaker-zeytun
Y21-661137F6,35266000,470213,75,,,3,1,,10,1,,,,GOOD,,,,,PANEL,,12,true,,kanaker-zeytun
Y21-484C0514,21663400,416604,52,,,2,1,,4,0,,,,EURO_RENOVATION,,,,,PANEL,,4,false,,kanaker-zeytun
Y21-2478ACB0,19900100,552781,36,,,2,1,,2,0,,,,EURO_RENOVATION,,,,,PANEL,,4,false,,kanaker-zeytun
Y21-1B0FF98E,28716600,463171,62,,,2,1,,3,1,,,,EURO_RENOVATION,,,,,PANEL,,16,true,,kanaker-zeytun
Y21-E5C3FF6A,60456000,828164,73,,,3,1,,6,1,,,,EURO_RENOVATION,,,,,PANEL,,9,true,,kanaker-zeytun
Y21-8D650F4B,39296400,409338,96,,,3,2,,3,1,,,,EURO_RENOVATION,,,,,PANEL,,9,true,,kanaker-zeytun
Y21-D2493C5D,39296400,409338,96,,,3,2,,3,1,,,,EURO_RENOVATION,,,,,PANEL,,9,true,,kanaker-zeytun
Y21-4EDE520B,42823000,465467,92,,,4,1,,6,0,,,,NEEDS_REPAIR,,,,,PANEL,,9,true,,kanaker-zeytun
Y21-0DEFA1D0,24938100,479579,52,,,2,1,,1,1,,,,EURO_RENOVATION,,,,,PANEL,,4,false,,kanaker-zeytun
Y21-D930AA7E,30731800,512197,60,,,2,2,,2,1,,,,EURO_RENOVATION,,,,,PANEL,,5,false,,kanaker-zeytun
Y21-2C742581,62975000,629750,100,,,3,1,,6,1,,,,EURO_RENOVATION,,,,,PANEL,,12,true,,kanaker-zeytun
Y21-6B5CAC73,23174800,429163,54,,,2,1,,3,1,,,,GOOD,,,,,PANEL,,4,false,,kanaker-zeytun
Y21-FB0C58D5,75570000,839667,90,,,3,1,,8,1,,,,EURO_RENOVATION,,,,,NEW_BUILD,,15,true,,kanaker-zeytun
Y21-A1D1A5E0,45342000,647743,70,,,2,1,,4,1,,,,EURO_RENOVATION,,,,,NEW_BUILD,,14,true,,kanaker-zeytun
Y21-8F6A07B5,19144400,580133,33,,,2,1,,4,1,,,,EURO_RENOVATION,,,,,PANEL,,5,false,,kanaker-zeytun
Y21-E6A90C85,40304000,575771,70,,,2,1,,2,1,,,,EURO_RENOVATION,,,,,PANEL,,9,true,,kanaker-zeytun
Y21-B8EF19D1,45342000,566775,80,,,3,1,,5,1,,,,EURO_RENOVATION,,,,,STONE,,5,false,,kanaker-zeytun
Y21-61D9B617,62975000,572500,110,,,3,2,,3,1,,,,EURO_RENOVATION,,,,,NEW_BUILD,,15,true,,kanaker-zeytun
Y21-FBB5E707,21159600,384720,55,,,2,1,,9,1,,,,EURO_RENOVATION,,,,,PANEL,,9,true,,kanaker-zeytun
Y21-FAD93E5D,30228000,495541,61,,,2,1,,8,0,,,,GOOD,,,,,STONE,,9,true,,kanaker-zeytun
Y21-2EE78EDB,35769800,447123,80,,,3,1,,5,1,,,,GOOD,,,,,NEW_BUILD,,9,true,,kanaker-zeytun
Y21-8880318A,32243200,537387,60,,,2,3,,2,2,,,,EURO_RENOVATION,,,,,PANEL,,4,false,,kanaker-zeytun
Y21-55AB814C,37785000,503800,75,,,3,1,,3,1,,,,GOOD,,,,,MONOLITH,,9,true,,kanaker-zeytun
Y21-5722EA07,60456000,465046,130,,,4,2,,5,1,,,,GOOD,,,,,STONE,,7,true,,kanaker-zeytun
Y21-A8248FDB,31235600,400456,78,,,3,1,,2,1,,,,GOOD,,,,,STONE,,5,false,,kanaker-zeytun
Y21-4466DC24,31235600,624712,50,,,2,1,,5,2,,,,EURO_RENOVATION,,,,,NEW_BUILD,,9,true,,kanaker-zeytun
Y21-BA698645,52899000,539786,98,,,3,2,,10,1,,,,NEEDS_REPAIR,,,,,NEW_BUILD,,15,true,,kanaker-zeytun
Y21-C756855B,29220400,384479,76,,,3,1,,8,1,,,,NEEDS_REPAIR,,,,,PANEL,,9,true,,kanaker-zeytun
Y21-F12C25C2,42823000,460462,93,,,3,1,,8,2,,,,GOOD,,,,,PANEL,,9,true,,kanaker-zeytun
Y21-CB0081CB,17633000,551031,32,,,1,1,,5,1,,,,EURO_RENOVATION,,,,,STONE,,5,false,,kanaker-zeytun
Y21-9A0AE56D,29220400,389605,75,,,3,1,,4,1,,,,GOOD,,,,,STONE,,5,false,,kanaker-zeytun
Y21-2C46A03F,32747000,454819,72,,,3,1,,3,1,,,,GOOD,,,,,STONE,,5,false,,kanaker-zeytun
Y21-F0C3C263,44838200,640546,70,,,3,1,,6,1,,,,EURO_RENOVATION,,,,,NEW_BUILD,,14,true,,kanaker-zeytun
Y21-8BF06D8A,34258400,372374,92,,,3,1,,7,0,,,,NEEDS_REPAIR,,,,,PANEL,,13,true,,kanaker-zeytun
Y21-76A3C66E,19648200,427135,46,,,1,1,,3,1,,,,EURO_RENOVATION,,,,,NEW_BUILD,,10,true,,kanaker-zeytun
Y21-0F94FD86,37785000,581308,65,,,3,1,,1,0,,,,EURO_RENOVATION,,,,,STONE,,5,false,,kanaker-zeytun
Y21-5AE2121B,30228000,581308,52,,,2,1,,1,0,,,,GOOD,,,,,STONE,,5,false,,kanaker-zeytun
Y21-6B9CCAF0,27709000,301185,92,,,4,1,,3,1,,,,GOOD,,,,,PANEL,,9,true,,kanaker-zeytun
Y21-FDE399F3,40304000,468651,86,,,3,2,,2,1,,,,EURO_RENOVATION,,,,,STONE,,2,false,,kanaker-zeytun
Y21-699F9A0B,21159600,661238,32,,,1,1,,1,0,,,,EURO_RENOVATION,,,,,MONOLITH,,3,false,,kanaker-zeytun
Y21-4FE9DA49,22671000,566775,40,,,2,1,,7,0,,,,EURO_RENOVATION,,,,,PANEL,,9,true,,kanaker-zeytun
Y21-87D77DAC,27205200,400076,68,,,2,1,,4,0,,,,EURO_RENOVATION,,,,,PANEL,,9,true,,kanaker-zeytun
Y21-1EB6F1ED,55418000,571320,97,,,3,1,,2,0,,,,NEEDS_REPAIR,,,,,MONOLITH,,9,true,,kanaker-zeytun
Y21-8286E4B1,35266000,464026,76,,,2,1,,2,1,,,,EURO_RENOVATION,,,,,PANEL,,9,true,,kanaker-zeytun
Y21-EB202FA3,30228000,377850,80,,,3,1,,4,1,,,,GOOD,,,,,PANEL,,4,false,,kanaker-zeytun
Y21-BBEE7957,61967400,520734,119,,,4,2,,2,1,,,,EURO_RENOVATION,,,,,STONE,,2,false,,kanaker-zeytun
Y21-A2E47E99,37785000,260586,145,,,3,1,,2,2,,,,GOOD,,,,,STONE,,6,true,,kanaker-zeytun
Y21-EE57F1C9,26197600,429469,61,,,2,1,,1,1,,,,GOOD,,,,,PANEL,,4,false,,kanaker-zeytun
Y21-C5ED55D1,40304000,474165,85,,,3,1,,7,1,,,,EURO_RENOVATION,,,,,MONOLITH,,11,true,,kanaker-zeytun
Y21-EC97CC7E,45342000,647743,70,,,2,1,,9,1,,,,EURO_RENOVATION,,,,,NEW_BUILD,,12,true,,kanaker-zeytun
Y21-48005ED8,46853400,493194,95,,,3,1,,4,0,,,,EURO_RENOVATION,,,,,STONE,,7,true,,kanaker-zeytun
Y21-9E039D66,32747000,584768,56,,,2,1,,2,0,,,,NEEDS_REPAIR,,,,,STONE,,4,false,,kanaker-zeytun
Y21-6DD4BCF3,63982600,503800,127,,,4,1,,10,0,,,,NEEDS_REPAIR,,,,,MONOLITH,,14,true,,kanaker-zeytun
Y21-FA3E6B3E,29220400,584408,50,,,2,1,,3,1,,,,EURO_RENOVATION,,,,,PANEL,,4,false,,kanaker-zeytun
Y21-D042D8F7,45342000,566775,80,,,3,1,,3,0,,,,NEEDS_REPAIR,,,,,PANEL,,9,true,,kanaker-zeytun
Y21-5E35B43B,42823000,407838,105,,,5,1,,4,0,,,,NEEDS_REPAIR,,,,,STONE,,5,false,,kanaker-zeytun
Y21-054AA53E,30228000,419833,72,,,3,1,,9,1,,,,EURO_RENOVATION,,,,,PANEL,,9,true,,kanaker-zeytun
Y21-5B0E4E2E,30228000,377850,80,,,3,1,,5,1,,,,EURO_RENOVATION,,,,,PANEL,,9,true,,kanaker-zeytun
Y21-00E4B3FC,30228000,335867,90,,,3,1,,9,0,,,,EURO_RENOVATION,,,,,PANEL,,9,true,,kanaker-zeytun
Y21-EB5B05AD,42823000,460462,93,,,3,2,,8,2,,,,GOOD,,,,,PANEL,,9,true,,kanaker-zeytun
Y21-6D635952,28464700,284647,100,,,4,1,,7,2,,,,GOOD,,,,,PANEL,,9,true,,kanaker-zeytun
Y21-640E1E82,30228000,512339,59,,,2,1,,5,0,,,,NEEDS_REPAIR,,,,,STONE,,5,false,,kanaker-zeytun
Y21-D06F2CA3,31235600,427885,73,,,3,1,,4,1,,,,GOOD,,,,,PANEL,,4,false,,kanaker-zeytun
Y21-3352E87E,18388700,383098,48,,,2,1,,3,0,,,,GOOD,,,,,STONE,,4,false,,kanaker-zeytun
Y21-396F2A87,32747000,409338,80,,,3,1,,6,1,,,,EURO_RENOVATION,,,,,PANEL,,9,true,,kanaker-zeytun
Y21-9FE39909,30228000,403040,75,,,3,1,,3,2,,,,GOOD,,,,,PANEL,,4,false,,kanaker-zeytun
Y21-508018AB,55418000,852585,65,,,3,1,,4,0,,,,NEEDS_REPAIR,,,,,PANEL,,9,true,,kanaker-zeytun
Y21-6DB9FC6C,17129200,450768,38,,,2,1,,1,0,,,,GOOD,,,,,PANEL,,5,false,,kanaker-zeytun
Y21-0A7E2629,16625400,437511,38,,,1,1,,1,0,,,,NEEDS_REPAIR,,,,,PANEL,,5,false,,kanaker-zeytun
Y21-9479636B,29220400,292204,100,,,4,1,,3,2,,,,GOOD,,,,,STONE,,5,false,,kanaker-zeytun
Y21-F0B8350F,35266000,542554,65,,,3,1,,1,0,,,,EURO_RENOVATION,,,,,STONE,,5,false,,kanaker-zeytun
Y21-1FE8E98D,62975000,677151,93,,,3,1,,9,1,,,,EURO_RENOVATION,,,,,MONOLITH,,9,true,,kanaker-zeytun
Y21-DD14EDDC,31235600,363205,86,,,3,1,,9,2,,,,EURO_RENOVATION,,,,,NEW_BUILD,,10,true,,kanaker-zeytun
Y21-3C475724,18640600,564867,33,,,1,1,,5,1,,,,GOOD,,,,,STONE,,5,false,,kanaker-zeytun
Y21-4D9A728D,25693800,377850,68,,,2,1,,7,0,,,,NEEDS_REPAIR,,,,,PANEL,,9,true,,kanaker-zeytun
Y21-ACEB8497,30228000,368634,82,,,3,1,,5,2,,,,GOOD,,,,,STONE,,5,false,,kanaker-zeytun
Y21-F5678FAD,85646000,690694,124,,,3,1,,4,0,,,,NEEDS_REPAIR,,,,,STONE,,8,true,,kanaker-zeytun
Y21-E8D87C41,28212800,397363,71,,,2,1,,1,0,,,,EURO_RENOVATION,,,,,STONE,,5,false,,kanaker-zeytun
Y21-D321F163,33754600,482209,70,,,3,1,,5,0,,,,EURO_RENOVATION,,,,,PANEL,,9,true,,kanaker-zeytun
Y21-7AB63114,34258400,456779,75,,,3,1,,4,1,,,,EURO_RENOVATION,,,,,PANEL,,4,false,,kanaker-zeytun
Y21-2CF6EAA2,25693800,317207,81,,,3,1,,6,1,,,,NEEDS_REPAIR,,,,,PANEL,,16,true,,kanaker-zeytun
Y21-0B7FB4CC,29220400,394870,74,,,3,1,,3,0,,,,NEEDS_REPAIR,,,,,PANEL,,5,false,,kanaker-zeytun
Y21-59410ED1,93203000,634034,147,,,4,2,,12,2,,,,EURO_RENOVATION,,,,,NEW_BUILD,,15,true,,kanaker-zeytun
Y21-B0F270D8,32747000,436627,75,,,3,1,,7,0,,,,NEEDS_REPAIR,,,,,PANEL,,9,true,,kanaker-zeytun
Y21-4952D479,30228000,465046,65,,,2,1,,9,1,,,,EURO_RENOVATION,,,,,PANEL,,9,true,,kanaker-zeytun
Y21-566128C8,24686200,312484,79,,,3,1,,8,2,,,,GOOD,,,,,PANEL,,9,true,,kanaker-zeytun
Y21-C80E4F12,19900100,585297,34,,,1,1,,3,1,,,,EURO_RENOVATION,,,,,STONE,,4,false,,kanaker-zeytun
Y21-85BAE198,19648200,545783,36,,,2,1,,4,0,,,,EURO_RENOVATION,,,,,PANEL,,4,false,,kanaker-zeytun
Y21-603A1CE5,20655800,261466,79,,,3,1,,13,1,,,,GOOD,,,,,PANEL,,16,true,,kanaker-zeytun
Y21-BEE4D700,45342000,472313,96,,,3,1,,2,0,,,,NEEDS_REPAIR,,,,,STONE,,5,false,,kanaker-zeytun
Y21-C3224A42,24182400,653578,37,,,1,1,,3,1,,,,EURO_RENOVATION,,,,,STONE,,5,false,,kanaker-zeytun
Y21-E260D23E,19648200,491205,40,,,1,1,,9,1,,,,GOOD,,,,,PANEL,,9,true,,kanaker-zeytun
Y21-F541F068,24434300,334716,73,,,2,1,,2,1,,,,GOOD,,,,,PANEL,,9,true,,kanaker-zeytun
Y21-7726663A,61463600,548782,112,,,3,1,,8,1,,,,EURO_RENOVATION,,,,,NEW_BUILD,,13,true,,kanaker-zeytun
Y21-86BBF3DB,27709000,379575,73,,,3,1,,1,2,,,,NEEDS_REPAIR,,,,,PANEL,,9,true,,kanaker-zeytun
Y21-F6EBF10D,47861000,395545,121,,,5,1,,3,1,,,,GOOD,,,,,STONE,,5,false,,kanaker-zeytun
Y21-4C1CB042,55418000,565490,98,,,3,2,,3,0,,,,EURO_RENOVATION,,,,,STONE,,7,true,,kanaker-zeytun
Y21-4C306A13,22167200,492604,45,,,1,1,,5,0,,,,GOOD,,,,,STONE,,5,false,,kanaker-zeytun
Y21-F0094051,25190000,387538,65,,,3,1,,1,0,,,,GOOD,,,,,STONE,,2,false,,kanaker-zeytun
Y21-C51C851A,9068400,503800,18,,,1,1,,4,0,,,,GOOD,,,,,STONE,,7,true,,kanaker-zeytun
Y21-34902331,30228000,465046,65,,,2,1,,2,0,,,,NEEDS_REPAIR,,,,,PANEL,,16,true,,kanaker-zeytun
Y21-B7CB3329,16121600,383848,42,,,2,1,,1,0,,,,GOOD,,,,,STONE,,5,false,,kanaker-zeytun
Y21-7E5E791C,55418000,659738,84,,,3,1,,4,1,,,,EURO_RENOVATION,,,,,NEW_BUILD,,13,true,,kanaker-zeytun
Y21-8509F649,22671000,427755,53,,,1,1,,9,0,,,,NEEDS_REPAIR,,,,,PANEL,,13,true,,kanaker-zeytun
Y21-DD4D898D,37281200,540307,69,,,3,1,,7,0,,,,EURO_RENOVATION,,,,,STONE,,7,true,,kanaker-zeytun
Y21-A9CA47C0,28212800,522459,54,,,2,1,,1,0,,,,GOOD,,,,,PANEL,,5,false,,kanaker-zeytun
Y21-6A006DC1,42823000,415757,103,,,4,1,,2,0,,,,NEEDS_REPAIR,,,,,STONE,,5,false,,kanaker-zeytun
Y21-5AE49A97,36777400,548916,67,,,2,1,,3,0,,,,EURO_RENOVATION,,,,,PANEL,,9,true,,kanaker-zeytun
Y21-0584E23D,15114000,472313,32,,,1,1,,4,0,,,,EURO_RENOVATION,,,,,PANEL,,4,false,,kanaker-zeytun
Y21-F8D537D7,27709000,322198,86,,,4,1,,15,0,,,,GOOD,,,,,MONOLITH,,17,true,,kanaker-zeytun
Y21-B62A6978,78089000,796827,98,,,3,2,,12,0,,,,EURO_RENOVATION,,,,,NEW_BUILD,,15,true,,kanaker-zeytun
Y21-57D7BBB2,30228000,419833,72,,,3,1,,3,1,,,,GOOD,,,,,STONE,,5,false,,kanaker-zeytun
Y21-2937F142,31739400,352660,90,,,4,1,,6,0,,,,GOOD,,,,,PANEL,,9,true,,kanaker-zeytun
Y21-F392FB97,36273600,297325,122,,,4,1,,2,0,,,,GOOD,,,,,STONE,,4,false,,kanaker-zeytun
Y21-4E55DDC7,17633000,551031,32,,,1,1,,2,0,,,,EURO_RENOVATION,,,,,PANEL,,4,false,,kanaker-zeytun
Y21-481FD48E,31739400,417624,76,,,3,1,,9,0,,,,EURO_RENOVATION,,,,,PANEL,,9,true,,kanaker-zeytun
Y21-044021DA,32747000,425286,77,,,3,1,,4,0,,,,GOOD,,,,,STONE,,5,false,,kanaker-zeytun
Y21-73D985AA,28918120,401641,72,,,2,2,,3,0,,,,EURO_RENOVATION,,,,,PANEL,,5,false,,kanaker-zeytun
Y21-2FA7947C,13602600,176657,77,,,3,1,,1,0,,,,NEEDS_REPAIR,,,,,STONE,,2,false,,kanaker-zeytun
Y21-2715A448,25190000,503800,50,,,2,1,,7,0,,,,EURO_RENOVATION,,,,,NEW_BUILD,,11,true,,kanaker-zeytun
Y21-A9DCF39A,23678600,408252,58,,,2,1,,4,0,,,,GOOD,,,,,STONE,,4,false,,kanaker-zeytun
Y21-274DE72E,24182400,409871,59,,,2,1,,4,0,,,,NEEDS_REPAIR,,,,,PANEL,,4,false,,kanaker-zeytun
Y21-FC3CFE67,35266000,518618,68,,,2,1,,11,0,,,,GOOD,,,,,STONE,,12,true,,kanaker-zeytun
Y21-9853E345,35266000,440825,80,,,3,1,,5,0,,,,GOOD,,,,,STONE,,5,false,,kanaker-zeytun
Y21-BA820A10,27205200,503800,54,,,2,1,,3,0,,,,EURO_RENOVATION,,,,,PANEL,,5,false,,kanaker-zeytun
Y21-A901B9DB,56929400,459108,124,,,4,2,,3,2,,,,EURO_RENOVATION,,,,,NEW_BUILD,,8,true,,kanaker-zeytun
Y21-7174CE0D,42823000,465467,92,,,3,2,,3,0,,,,GOOD,,,,,STONE,,6,true,,kanaker-zeytun
Y21-082535FD,17633000,534333,33,,,1,1,,2,0,,,,GOOD,,,,,PANEL,,5,false,,kanaker-zeytun
Y21-22BCA1FC,35266000,352660,100,,,4,1,,9,0,,,,GOOD,,,,,PANEL,,9,true,,kanaker-zeytun
Y21-E00C7150,19648200,531032,37,,,2,1,,9,0,,,,NEEDS_REPAIR,,,,,PANEL,,9,true,,kanaker-zeytun
Y21-849EA9C9,30731800,415295,74,,,3,1,,7,0,,,,NEEDS_REPAIR,,,,,PANEL,,13,true,,kanaker-zeytun
Y21-85F1B060,61967400,402386,154,,,6,2,,5,0,,,,EURO_RENOVATION,,,,,NEW_BUILD,,6,true,,kanaker-zeytun
Y21-D87E651A,19144400,531789,36,,,2,1,,2,0,,,,EURO_RENOVATION,,,,,PANEL,,4,false,,kanaker-zeytun
Y21-E071FEB2,27709000,407485,68,,,3,1,,4,0,,,,EURO_RENOVATION,,,,,PANEL,,4,false,,kanaker-zeytun
Y21-C36BC2BA,37785000,449821,84,,,3,1,,10,0,,,,NEEDS_REPAIR,,,,,PANEL,,14,true,,kanaker-zeytun
Y21-AB8450A4,33754600,462392,73,,,3,2,,7,0,,,,EURO_RENOVATION,,,,,PANEL,,9,true,,kanaker-zeytun
Y21-17BCD3F5,37785000,609435,62,,,2,2,,5,1,,,,GOOD,,,,,PANEL,,9,true,,kanaker-zeytun
Y21-0B154C2E,37785000,343500,110,,,3,1,,2,0,,,,EURO_RENOVATION,,,,,STONE,,5,false,,kanaker-zeytun
Y21-21F52CE8,35266000,440825,80,,,3,1,,5,0,,,,EURO_RENOVATION,,,,,PANEL,,5,false,,kanaker-zeytun
Y21-53EC4D69,31739400,440825,72,,,3,1,,2,0,,,,EURO_RENOVATION,,,,,PANEL,,4,false,,kanaker-zeytun
Y21-ED878FE0,22671000,384254,59,,,3,1,,2,0,,,,GOOD,,,,,PANEL,,4,false,,kanaker-zeytun
Y21-54CA24EB,23678600,430520,55,,,2,1,,9,0,,,,EURO_RENOVATION,,,,,PANEL,,9,true,,kanaker-zeytun
Y21-A0AACFC8,13098800,409338,32,,,1,1,,4,1,,,,NEEDS_REPAIR,,,,,PANEL,,4,false,,kanaker-zeytun
Y21-EC011E3A,27709000,364592,76,,,3,1,,5,0,,,,EURO_RENOVATION,,,,,PANEL,,5,false,,kanaker-zeytun
Y21-A5E595B2,25190000,289540,87,,,4,1,,2,0,,,,NEEDS_REPAIR,,,,,PANEL,,9,true,,kanaker-zeytun
Y21-132CBD5A,30228000,604560,50,,,2,1,,9,0,,,,EURO_RENOVATION,,,,,PANEL,,12,true,,kanaker-zeytun
Y21-FC1A639F,27709000,602370,46,,,1,1,,9,0,,,,GOOD,,,,,PANEL,,9,true,,kanaker-zeytun
Y21-4A0291F8,17633000,263179,67,,,2,1,,16,0,,,,NEEDS_REPAIR,,,,,PANEL,,16,true,,kanaker-zeytun
Y21-632D1C47,14610200,471297,31,,,1,1,,1,0,,,,EURO_RENOVATION,,,,,PANEL,,4,false,,kanaker-zeytun
Y21-582FE435,35266000,391844,90,,,3,1,,1,0,,,,EURO_RENOVATION,,,,,STONE,,4,false,,kanaker-zeytun
Y21-7E121D3C,70532000,783689,90,,,3,1,,3,0,,,,NEEDS_REPAIR,,,,,STONE,,5,false,,kanaker-zeytun
Y21-AEE23839,30228000,364193,83,,,3,1,,12,0,,,,EURO_RENOVATION,,,,,PANEL,,16,true,,kanaker-zeytun
Y21-950897D6,26701400,445023,60,,,2,2,,2,0,,,,EURO_RENOVATION,,,,,PANEL,,2,false,,kanaker-zeytun
Y21-B8557A1C,42823000,366009,117,,,3,1,,1,0,,,,NEEDS_REPAIR,,,,,PANEL,,9,true,,kanaker-zeytun
Y21-BA6A71F1,50380000,503800,100,,,6,1,,3,0,,,,NEEDS_REPAIR,,,,,STONE,,5,false,,kanaker-zeytun
Y21-E6D3A2C1,30228000,451164,67,,,3,1,,3,0,,,,NEEDS_REPAIR,,,,,PANEL,,4,false,,kanaker-zeytun
Y21-EDC45632,42823000,407838,105,,,4,1,,2,0,,,,NEEDS_REPAIR,,,,,STONE,,5,false,,kanaker-zeytun
Y21-0E1D0EA7,50380000,645897,78,,,3,1,,7,0,,,,NEEDS_REPAIR,,,,,PANEL,,9,true,,kanaker-zeytun
Y21-118DF9D6,47861000,488378,98,,,3,1,,3,0,,,,NEEDS_REPAIR,,,,,STONE,,5,false,,kanaker-zeytun
Y21-B03539BE,45342000,539786,84,,,4,1,,1,0,,,,NEEDS_REPAIR,,,,,STONE,,4,false,,kanaker-zeytun
Y21-FF08F235,25190000,493922,51,,,2,1,,5,0,,,,NEEDS_REPAIR,,,,,STONE,,5,false,,kanaker-zeytun
Y21-BF6FAA86,25190000,387538,65,,,3,1,,1,0,,,,NEEDS_REPAIR,,,,,STONE,,5,false,,kanaker-zeytun
Y21-3BFF7054,26701400,392668,68,,,2,1,,3,0,,,,NEEDS_REPAIR,,,,,PANEL,,9,true,,kanaker-zeytun
Y21-57D58099,33754600,421933,80,,,3,1,,2,0,,,,NEEDS_REPAIR,,,,,PANEL,,9,true,,kanaker-zeytun
Y21-0C46E7F1,29724200,386029,77,,,2,1,,2,0,,,,NEEDS_REPAIR,,,,,PANEL,,12,true,,kanaker-zeytun
Y21-4505A30B,27709000,258963,107,,,4,1,,5,0,,,,NEEDS_REPAIR,,,,,STONE,,5,false,,kanaker-zeytun
Y21-18374DEB,58440800,704106,83,,,4,1,,1,0,,,,NEEDS_REPAIR,,,,,STONE,,4,false,,kanaker-zeytun
Y21-5C6CF680,26197600,523952,50,,,2,1,,3,0,,,,NEEDS_REPAIR,,,,,STONE,,4,false,,kanaker-zeytun
Y21-E416B981,78089000,867656,90,,,3,1,,7,0,,,,NEEDS_REPAIR,,,,,MONOLITH,,8,true,,kanaker-zeytun
Y21-6A3BC982,32747000,311876,105,,,3,1,,3,0,,,,GOOD,,,,,STONE,,5,false,,kanaker-zeytun
Y21-C27B3D23,17633000,568806,31,,,1,1,,2,0,,,,NEEDS_REPAIR,,,,,STONE,,4,false,,kanaker-zeytun
Y21-744291B1,37785000,419833,90,,,3,1,,2,0,,,,NEEDS_REPAIR,,,,,MONOLITH,,2,false,,kanaker-zeytun
Y21-F532F7B5,28716600,495114,58,,,3,1,,5,0,,,,NEEDS_REPAIR,,,,,STONE,,6,true,,kanaker-zeytun
Y21-25880F85,32747000,409338,80,,,3,1,,4,0,,,,NEEDS_REPAIR,,,,,PANEL,,9,true,,kanaker-zeytun
Y21-8649DF3C,31739400,334099,95,,,3,1,,4,0,,,,NEEDS_REPAIR,,,,,PANEL,,12,true,,kanaker-zeytun
Y21-5A154CD8,17129200,475811,36,,,1,1,,4,0,,,,NEEDS_REPAIR,,,,,PANEL,,4,false,,kanaker-zeytun
Y21-85F88B99,75570000,839667,90,,,3,1,,7,0,,,,NEEDS_REPAIR,,,,,MONOLITH,,8,true,,kanaker-zeytun
Y21-5209BEBE,40304000,307664,131,,,4,1,,4,0,,,,NEEDS_REPAIR,,,,,STONE,,4,false,,kanaker-zeytun
Y21-01AAFA33,32747000,308934,106,,,5,1,,1,0,,,,NEEDS_REPAIR,,,,,STONE,,5,false,,kanaker-zeytun
Y21-B2227193,25190000,503800,50,,,2,1,,1,0,,,,NEEDS_REPAIR,,,,,PANEL,,4,false,,kanaker-zeytun
Y21-B1B74F13,34258400,380649,90,,,4,1,,1,0,,,,NEEDS_REPAIR,,,,,STONE,,1,false,,kanaker-zeytun
Y21-EBAB0647,24938100,461817,54,,,2,1,,3,0,,,,NEEDS_REPAIR,,,,,PANEL,,12,true,,kanaker-zeytun
Y21-9247BDE2,42823000,679730,63,,,3,1,,5,0,,,,NEEDS_REPAIR,,,,,PANEL,,9,true,,kanaker-zeytun
Y21-939F0A5F,36273600,394278,92,,,3,1,,3,0,,,,NEEDS_REPAIR,,,,,STONE,,5,false,,kanaker-zeytun
Y21-B78E8928,30228000,302280,100,,,4,1,,3,0,,,,NEEDS_REPAIR,,,,,STONE,,5,false,,kanaker-zeytun
Y21-8F5950A5,28212800,386477,73,,,3,1,,4,0,,,,NEEDS_REPAIR,,,,,PANEL,,4,false,,kanaker-zeytun
Y21-95E3BC2A,31235600,380922,82,,,3,1,,4,0,,,,NEEDS_REPAIR,,,,,PANEL,,4,false,,kanaker-zeytun
Y21-7BC663BB,33754600,324563,104,,,4,1,,2,0,,,,NEEDS_REPAIR,,,,,PANEL,,9,true,,kanaker-zeytun
Y21-30E19BE2,42823000,389300,110,,,3,1,,1,0,,,,NEEDS_REPAIR,,,,,STONE,,5,false,,kanaker-zeytun
Y21-ED991B61,29220400,487007,60,,,2,1,,3,0,,,,NEEDS_REPAIR,,,,,PANEL,,4,false,,kanaker-zeytun
Y21-C32419CF,25190000,359857,70,,,2,1,,8,0,,,,NEEDS_REPAIR,,,,,PANEL,,9,true,,kanaker-zeytun
Y21-D1BCD07D,35266000,367354,96,,,3,1,,9,0,,,,NEEDS_REPAIR,,,,,PANEL,,9,true,,kanaker-zeytun
Y21-6C2EA5AD,35266000,383326,92,,,4,1,,3,0,,,,NEEDS_REPAIR,,,,,PANEL,,9,true,,kanaker-zeytun
Y21-CFB6C651,37785000,547609,69,,,3,1,,7,0,,,,NEEDS_REPAIR,,,,,PANEL,,9,true,,kanaker-zeytun
Y21-1D10C61C,27709000,333843,83,,,4,1,,9,0,,,,NEEDS_REPAIR,,,,,PANEL,,9,true,,kanaker-zeytun
Y21-0C2EEC33,40304000,383848,105,,,4,1,,2,0,,,,NEEDS_REPAIR,,,,,PANEL,,9,true,,kanaker-zeytun
Y21-5F83FFE9,37785000,353131,107,,,4,1,,4,0,,,,NEEDS_REPAIR,,,,,STONE,,5,false,,kanaker-zeytun
Y21-1AD5D40A,22671000,286975,79,,,3,1,,1,0,,,,NEEDS_REPAIR,,,,,STONE,,5,false,,kanaker-zeytun
Y21-FB9E8511,35014100,402461,87,,,3,1,,12,0,,,,NEEDS_REPAIR,,,,,MONOLITH,,16,true,,kanaker-zeytun
Y21-DED5BF8A,17884900,483376,37,,,1,1,,4,0,,,,NEEDS_REPAIR,,,,,STONE,,4,false,,kanaker-zeytun
Y21-90F66C4B,40304000,403040,100,,,3,1,,5,0,,,,NEEDS_REPAIR,,,,,STONE,,5,false,,kanaker-zeytun
Y21-954F54B5,16625400,386637,43,,,2,1,,7,0,,,,NEEDS_REPAIR,,,,,STONE,,7,true,,kanaker-zeytun
Y21-13C33AD0,87736770,680130,129,,,4,1,,9,0,,,,NEEDS_REPAIR,,,,,MONOLITH,,12,true,,kanaker-zeytun
Y21-DA25942C,29220400,304379,96,,,4,1,,10,0,,,,NEEDS_REPAIR,,,,,PANEL,,16,true,,kanaker-zeytun
Y21-C25AE6FB,36777400,612957,60,,,2,1,,1,0,,,,NEEDS_REPAIR,,,,,PANEL,,4,false,,kanaker-zeytun
Y21-8732BA1F,27709000,577271,48,,,2,1,,4,0,,,,NEEDS_REPAIR,,,,,STONE,,4,false,,kanaker-zeytun
Y21-DBD5803A,44838200,407620,110,,,3,1,,2,0,,,,NEEDS_REPAIR,,,,,STONE,,5,false,,kanaker-zeytun
Y21-10C36DE9,26197600,363856,72,,,3,1,,1,0,,,,NEEDS_REPAIR,,,,,STONE,,4,false,,kanaker-zeytun
Y21-2A045204,26701400,503800,53,,,2,1,,2,0,,,,NEEDS_REPAIR,,,,,STONE,,5,false,,kanaker-zeytun
Y21-0B6207A0,33754600,456143,74,,,3,1,,1,0,,,,NEEDS_REPAIR,,,,,PANEL,,5,false,,kanaker-zeytun
Y21-BC6334A4,40304000,479810,84,,,3,1,,2,0,,,,NEEDS_REPAIR,,,,,STONE,,5,false,,kanaker-zeytun
Y21-42849646,45342000,566775,80,,,3,1,,5,0,,,,NEEDS_REPAIR,,,,,STONE,,6,true,,kanaker-zeytun
Y21-2C4CE409,19144400,407328,47,,,1,1,,5,0,,,,NEEDS_REPAIR,,,,,STONE,,5,false,,kanaker-zeytun
Y21-A7BBBE7C,22671000,390879,58,,,2,1,,4,0,,,,NEEDS_REPAIR,,,,,PANEL,,4,false,,kanaker-zeytun
Y21-9031C849,42823000,339865,126,,,5,1,,4,0,,,,NEEDS_REPAIR,,,,,STONE,,5,false,,kanaker-zeytun
Y21-BA9990FB,27709000,384847,72,,,3,1,,3,0,,,,NEEDS_REPAIR,,,,,PANEL,,5,false,,kanaker-zeytun
Y21-8E481998,42823000,611757,70,,,2,1,,7,0,,,,NEEDS_REPAIR,,,,,MONOLITH,,15,true,,kanaker-zeytun
Y21-115992F5,33754600,450061,75,,,3,1,,6,0,,,,NEEDS_REPAIR,,,,,PANEL,,12,true,,kanaker-zeytun
Y21-53D6A7AC,69524400,655891,106,,,3,1,,1,0,,,,EURO_RENOVATION,,,,,STONE,,4,false,,kentron
Y21-2290A336,63478800,881650,72,,,3,1,,5,1,,,,GOOD,,,,,NEW_BUILD,,5,false,,kentron
Y21-152E4EE4,26701400,365773,73,,,3,1,,1,1,,,,GOOD,,,,,STONE,,5,false,,kentron
Y21-1DF2BC38,72043400,615756,117,,,4,2,,12,2,,,,EURO_RENOVATION,,,,,NEW_BUILD,,14,true,,kentron
Y21-A9D5D6E9,73000620,608339,120,,,4,1,,5,1,,,,NEEDS_REPAIR,,,,,STONE,,5,false,,kentron
Y21-E1CD7B99,18136800,412200,44,,,2,1,,2,1,,,,NEEDS_REPAIR,,,,,STONE,,2,false,,kentron
Y21-4B7AAB9A,75570000,640424,118,,,5,1,,5,2,,,,GOOD,,,,,STONE,,5,false,,kentron
Y21-EF6E7A41,34258400,326270,105,,,4,1,,4,0,,,,NEEDS_REPAIR,,,,,STONE,,4,false,,kentron
Y21-67C0246E,80608000,848505,95,,,3,1,,3,0,,,,EURO_RENOVATION,,,,,STONE,,5,false,,kentron
Y21-A0710AEA,60456000,525704,115,,,5,1,,1,0,,,,NEEDS_REPAIR,,,,,STONE,,4,false,,kentron
Y21-FA04B052,120912000,1374000,88,,,3,2,,9,0,,,,EURO_RENOVATION,,,,,NEW_BUILD,,21,true,,kentron
Y21-A0D8E67E,93203000,932030,100,,,4,1,,5,2,,,,EURO_RENOVATION,,,,,STONE,,5,false,,kentron
Y21-6C6FDE04,28212800,641200,44,,,1,1,,5,1,,,,GOOD,,,,,PANEL,,9,true,,kentron
Y21-A79C2376,28212800,641200,44,,,2,1,,5,1,,,,GOOD,,,,,PANEL,,9,true,,kentron
Y21-D66F1A2A,69524400,847859,82,,,3,1,,2,0,,,,NEEDS_REPAIR,,,,,PANEL,,9,true,,kentron
Y21-C060FD79,34510300,639080,54,,,2,1,,14,1,,,,EURO_RENOVATION,,,,,NEW_BUILD,,14,true,,kentron
Y21-C2F58BDB,30228000,616898,49,,,1,1,,1,1,,,,GOOD,,,,,PANEL,,9,true,,kentron
Y21-11E3E798,56425600,829788,68,,,2,2,,9,2,,,,NEEDS_REPAIR,,,,,NEW_BUILD,,16,true,,kentron
Y21-175BF8E1,138545000,1259500,110,,,3,1,,2,2,,,,EURO_RENOVATION,,,,,STONE,,3,false,,kentron
Y21-41F8B3B5,60456000,863657,70,,,3,2,,8,1,,,,EURO_RENOVATION,,,,,MONOLITH,,10,true,,kentron
Y21-65E594C7,150636200,912947,165,,,5,2,,3,1,,,,EURO_RENOVATION,,,,,NEW_BUILD,,5,false,,kentron
Y21-59CCBED9,77081400,856460,90,,,3,1,,4,0,,,,NEEDS_REPAIR,,,,,STONE,,4,false,,kentron
Y21-7A8BC6DD,32747000,654940,50,,,1,1,,6,1,,,,GOOD,,,,,STONE,,7,true,,kentron
Y21-0450ABAE,69524400,556195,125,,,3,3,,1,0,,,,EURO_RENOVATION,,,,,MONOLITH,,9,true,,kentron
Y21-D5015E56,75570000,1574375,48,,,1,1,,7,1,,,,EURO_RENOVATION,,,,,MONOLITH,,9,true,,kentron
Y21-789EE7B4,43830600,534520,82,,,3,1,,5,0,,,,NEEDS_REPAIR,,,,,STONE,,6,true,,kentron
Y21-CA169F3E,125950000,1574375,80,,,3,1,,6,1,,,,EURO_RENOVATION,,,,,NEW_BUILD,,18,true,,kentron
Y21-8CC9C63E,27709000,748892,37,,,1,1,,12,1,,,,EURO_RENOVATION,,,,,NEW_BUILD,,14,true,,kentron
Y21-8B4A8184,32998900,568947,58,,,2,1,,1,1,,,,GOOD,,,,,STONE,,5,false,,kentron
Y21-6537CBE1,130988000,727711,180,,,4,2,,3,1,,,,EURO_RENOVATION,,,,,STONE,,3,false,,kentron
Y21-F170AD0F,44334400,1031033,43,,,2,2,,2,0,,,,EURO_RENOVATION,,,,,PANEL,,8,true,,kentron
Y21-6BA3DBA6,55418000,376993,147,,,4,2,,3,1,,,,NEEDS_REPAIR,,,,,NEW_BUILD,,7,true,,kentron
Y21-DC245D27,141064000,940427,150,,,3,3,,4,0,,,,EURO_RENOVATION,,,,,NEW_BUILD,,10,true,,kentron
Y21-CAB6534F,79600400,1851172,43,,,1,1,,12,1,,,,EURO_RENOVATION,,,,,NEW_BUILD,,18,true,,kentron
Y21-C72DE145,80104200,1953761,41,,,1,1,,11,1,,,,EURO_RENOVATION,,,,,NEW_BUILD,,17,true,,kentron
Y21-A78CC974,128469000,1259500,102,,,4,2,,7,1,,,,EURO_RENOVATION,,,,,NEW_BUILD,,9,true,,kentron
Y21-178B32D1,57685100,901330,64,,,2,1,,2,0,,,,NEEDS_REPAIR,,,,,MONOLITH,,15,true,,kentron
Y21-9E0E0032,50380000,489126,103,,,4,1,,5,2,,,,NEEDS_REPAIR,,,,,STONE,,5,false,,kentron
Y21-3F6AFAAB,46349600,813151,57,,,2,1,,1,0,,,,EURO_RENOVATION,,,,,NEW_BUILD,,5,false,,kentron
Y21-6A0A1EA3,75066200,834069,90,,,3,1,,3,1,,,,EURO_RENOVATION,,,,,STONE,,4,false,,kentron
Y21-99C5CA22,29220400,811678,36,,,1,1,,5,1,,,,EURO_RENOVATION,,,,,NEW_BUILD,,14,true,,kentron
Y21-71A050C0,83127000,923633,90,,,4,2,,4,2,,,,EURO_RENOVATION,,,,,STONE,,4,false,,kentron
Y21-BFBAFC5E,68013000,850163,80,,,3,1,,5,0,,,,EURO_RENOVATION,,,,,STONE,,5,false,,kentron
Y21-1DA050FD,60456000,657130,92,,,3,3,,5,1,,,,EURO_RENOVATION,,,,,NEW_BUILD,,5,false,,kentron
Y21-17BD0514,37785000,510608,74,,,2,1,,14,1,,,,EURO_RENOVATION,,,,,PANEL,,16,true,,kentron
Y21-19D8EDBB,80608000,1151543,70,,,3,1,,2,1,,,,EURO_RENOVATION,,,,,STONE,,6,true,,kentron
Y21-BE43F8B8,40807800,1020195,40,,,1,1,,6,1,,,,EURO_RENOVATION,,,,,PANEL,,10,true,,kentron
Y21-F60A6A99,70532000,564256,125,,,3,2,,1,1,,,,GOOD,,,,,STONE,,5,false,,kentron
Y21-C39876D8,90180200,1127253,80,,,3,1,,2,0,,,,EURO_RENOVATION,,,,,STONE,,4,false,,kentron
Y21-D9A482BE,120912000,1612160,75,,,3,1,,3,0,,,,EURO_RENOVATION,,,,,STONE,,5,false,,kentron
Y21-DB3CB392,136026000,900834,151,,,5,2,,1,1,,,,EURO_RENOVATION,,,,,NEW_BUILD,,3,false,,kentron
Y21-43CFEEC7,125950000,1325789,95,,,3,1,,4,0,,,,NEEDS_REPAIR,,,,,STONE,,4,false,,kentron
Y21-B53AD91C,35266000,452128,78,,,3,1,,3,0,,,,NEEDS_REPAIR,,,,,STONE,,5,false,,kentron
Y21-E601AEF9,68013000,723543,94,,,3,1,,4,1,,,,GOOD,,,,,STONE,,6,true,,kentron
Y21-F93074EC,20655800,344263,60,,,2,1,,2,1,,,,EURO_RENOVATION,,,,,PANEL,,9,true,,kentron
Y21-3EA9DBEF,55418000,1787677,31,,,1,1,,4,0,,,,NEEDS_REPAIR,,,,,MONOLITH,,12,true,,kentron
Y21-9A053FAA,33754600,767150,44,,,2,1,,4,1,,,,GOOD,,,,,STONE,,4,false,,kentron
Y21-E1BCE312,62975000,983984,64,,,3,1,,7,0,,,,NEEDS_REPAIR,,,,,PANEL,,9,true,,kentron
Y21-B2D9B351,60456000,806080,75,,,3,1,,2,1,,,,GOOD,,,,,STONE,,5,false,,kentron
Y21-0D74A457,46853400,720822,65,,,3,1,,4,1,,,,EURO_RENOVATION,,,,,STONE,,4,false,,kentron
Y21-164685A2,73051000,561931,130,,,3,2,,3,1,,,,EURO_RENOVATION,,,,,NEW_BUILD,,5,false,,kentron
Y21-3A055E86,55418000,923633,60,,,2,1,,4,1,,,,EURO_RENOVATION,,,,,MONOLITH,,9,true,,kentron
Y21-81CF7334,22671000,755700,30,,,1,1,,2,0,,,,GOOD,,,,,STONE,,4,false,,kentron
Y21-8DD25AF4,73051000,1123862,65,,,2,1,,9,1,,,,EURO_RENOVATION,,,,,NEW_BUILD,,14,true,,kentron
Y21-97366938,38288800,933873,41,,,2,2,,4,1,,,,EURO_RENOVATION,,,,,STONE,,4,false,,kentron
Y21-5A9ECC72,37785000,858750,44,,,2,1,,3,1,,,,NEEDS_REPAIR,,,,,MONOLITH,,10,true,,kentron
Y21-04977803,52899000,661238,80,,,3,1,,5,1,,,,EURO_RENOVATION,,,,,NEW_BUILD,,16,true,,kentron
Y21-42F433ED,41311600,430329,96,,,3,1,,5,0,,,,NEEDS_REPAIR,,,,,PANEL,,12,true,,kentron
Y21-6A0FBE34,44838200,640546,70,,,3,2,,2,0,,,,EURO_RENOVATION,,,,,STONE,,4,false,,kentron
Y21-A24BAF8D,95722000,719714,133,,,4,2,,2,1,,,,EURO_RENOVATION,,,,,STONE,,5,false,,kentron
Y21-E269EEE3,68013000,1133550,60,,,3,1,,5,1,,,,EURO_RENOVATION,,,,,NEW_BUILD,,5,false,,kentron
Y21-404640DC,68013000,1236600,55,,,3,1,,5,1,,,,EURO_RENOVATION,,,,,NEW_BUILD,,5,false,,kentron
Y21-8195F41C,60456000,694897,87,,,3,1,,1,0,,,,NEEDS_REPAIR,,,,,PANEL,,9,true,,kentron
Y21-7B0ED42C,28716600,326325,88,,,4,1,,5,2,,,,GOOD,,,,,STONE,,5,false,,kentron
Y21-8947AC55,78089000,1561780,50,,,2,1,,1,1,,,,EURO_RENOVATION,,,,,STONE,,5,false,,kentron
Y21-D07E98A7,52899000,629750,84,,,3,1,,13,1,,,,EURO_RENOVATION,,,,,PANEL,,16,true,,kentron
Y21-9F422ED6,52899000,622341,85,,,3,1,,13,1,,,,EURO_RENOVATION,,,,,PANEL,,17,true,,kentron
Y21-9C537FA7,69524400,695244,100,,,3,1,,3,1,,,,EURO_RENOVATION,,,,,STONE,,5,false,,kentron
Y21-D30B7196,45342000,453420,100,,,3,3,,1,0,,,,GOOD,,,,,STONE,,4,false,,kentron
Y21-4A490E9F,74562400,540307,138,,,3,2,,3,2,,,,EURO_RENOVATION,,,,,NEW_BUILD,,5,false,,kentron
Y21-D2004E00,47861000,1113047,43,,,2,1,,2,0,,,,EURO_RENOVATION,,,,,PANEL,,10,true,,kentron
Y21-C11F5D89,39800200,386410,103,,,3,1,,3,1,,,,GOOD,,,,,STONE,,5,false,,kentron
Y21-144D7046,90684000,1133550,80,,,3,2,,2,2,,,,GOOD,,,,,STONE,,4,false,,kentron
Y21-47CF0CA4,30228000,755700,40,,,1,1,,11,0,,,,EURO_RENOVATION,,,,,PANEL,,14,true,,kentron
Y21-DBDF6025,99752400,810995,123,,,3,2,,8,1,,,,EURO_RENOVATION,,,,,NEW_BUILD,,14,true,,kentron
Y21-D1C37791,59448400,814362,73,,,3,1,,6,2,,,,EURO_RENOVATION,,,,,STONE,,6,true,,kentron
Y21-B81D1C27,40253620,609903,66,,,3,1,,6,1,,,,NEEDS_REPAIR,,,,,PANEL,,9,true,,kentron
Y21-7D0BAB7A,65494000,1007600,65,,,2,1,,7,0,,,,NEEDS_REPAIR,,,,,MONOLITH,,9,true,,kentron
Y21-1556DFB4,37785000,944625,40,,,2,1,,5,0,,,,EURO_RENOVATION,,,,,STONE,,6,true,,kentron
Y21-43F87DD9,37281200,611167,61,,,2,1,,2,0,,,,EURO_RENOVATION,,,,,PANEL,,9,true,,kentron
Y21-C030D7C7,39296400,357240,110,,,4,1,,1,1,,,,EURO_RENOVATION,,,,,PANEL,,12,true,,kentron
Y21-7D37BF05,60456000,863657,70,,,3,1,,2,1,,,,EURO_RENOVATION,,,,,STONE,,5,false,,kentron
Y21-F9E855D1,37734620,725666,52,,,2,1,,2,0,,,,EURO_RENOVATION,,,,,NEW_BUILD,,14,true,,kentron
Y21-6D3AEEC8,123431000,1299274,95,,,3,1,,3,2,,,,EURO_RENOVATION,,,,,STONE,,4,false,,kentron
Y21-37965DF5,78089000,743705,105,,,3,1,,4,0,,,,NEEDS_REPAIR,,,,,STONE,,4,false,,kentron
Y21-8C15644B,41311600,860658,48,,,3,1,,7,0,,,,EURO_RENOVATION,,,,,MONOLITH,,10,true,,kentron
Y21-A3F63A1C,34258400,978811,35,,,1,1,,2,1,,,,EURO_RENOVATION,,,,,STONE,,5,false,,kentron
Y21-127E98A6,25190000,514082,49,,,2,2,,2,1,,,,GOOD,,,,,STONE,,4,false,,kentron
Y21-3A0CC3E0,70532000,705320,100,,,3,1,,3,2,,,,GOOD,,,,,STONE,,3,false,,kentron
Y21-FA0B847C,100760000,1185412,85,,,3,1,,1,1,,,,NEEDS_REPAIR,,,,,STONE,,5,false,,kentron
Y21-EEB6DDAD,73051000,702413,104,,,3,1,,9,0,,,,NEEDS_REPAIR,,,,,MONOLITH,,14,true,,kentron
Y21-46E51839,85646000,2379056,36,,,2,1,,5,1,,,,EURO_RENOVATION,,,,,STONE,,5,false,,kentron
Y21-324D2D9B,37785000,858750,44,,,2,1,,4,1,,,,EURO_RENOVATION,,,,,MONOLITH,,9,true,,kentron
Y21-DF065309,75570000,286250,264,,,4,1,,6,2,,,,NEEDS_REPAIR,,,,,NEW_BUILD,,6,true,,kentron
Y21-51CFD4A0,55418000,908492,61,,,3,1,,3,0,,,,NEEDS_REPAIR,,,,,MONOLITH,,9,true,,kentron
Y21-D37E93B4,34006500,755700,45,,,1,1,,1,0,,,,GOOD,,,,,PANEL,,9,true,,kentron
Y21-11F1A442,39296400,604560,65,,,2,2,,4,2,,,,EURO_RENOVATION,,,,,STONE,,5,false,,kentron
Y21-48DE64C0,70532000,671733,105,,,3,1,,5,0,,,,NEEDS_REPAIR,,,,,STONE,,5,false,,kentron
Y21-45D3DCE6,33754600,750102,45,,,2,1,,13,0,,,,NEEDS_REPAIR,,,,,MONOLITH,,14,true,,kentron
Y21-6F1F2E9F,42823000,856460,50,,,2,1,,4,0,,,,NEEDS_REPAIR,,,,,MONOLITH,,14,true,,kentron
Y21-2D355A5B,100760000,735474,137,,,3,1,,4,1,,,,EURO_RENOVATION,,,,,STONE,,4,false,,kentron
Y21-96908E70,61967400,1068403,58,,,2,1,,2,0,,,,EURO_RENOVATION,,,,,NEW_BUILD,,6,true,,kentron
Y21-C0AAE7B1,38792600,554180,70,,,3,1,,9,1,,,,EURO_RENOVATION,,,,,PANEL,,9,true,,kentron
Y21-078B8426,43830600,466283,94,,,3,1,,4,1,,,,GOOD,,,,,MONOLITH,,8,true,,kentron
Y21-C484C083,39800200,765388,52,,,2,1,,4,1,,,,EURO_RENOVATION,,,,,STONE,,6,true,,kentron
Y21-B988B128,75570000,1079571,70,,,2,1,,2,0,,,,GOOD,,,,,STONE,,5,false,,kentron
Y21-19DC9504,98241000,1045117,94,,,3,3,,3,1,,,,EURO_RENOVATION,,,,,PANEL,,10,true,,kentron
Y21-7565CFD3,32747000,481574,68,,,3,1,,1,0,,,,EURO_RENOVATION,,,,,STONE,,14,true,,kentron
Y21-6259B664,45342000,621123,73,,,3,1,,7,2,,,,EURO_RENOVATION,,,,,NEW_BUILD,,9,true,,kentron
Y21-56595086,19648200,436627,45,,,1,1,,7,1,,,,GOOD,,,,,PANEL,,9,true,,kentron
Y21-DFDC8458,60456000,650065,93,,,3,1,,4,1,,,,EURO_RENOVATION,,,,,STONE,,11,true,,kentron
Y21-F009D5C9,22671000,527233,43,,,2,1,,13,1,,,,EURO_RENOVATION,,,,,PANEL,,14,true,,kentron
Y21-831B4632,22671000,462673,49,,,2,1,,13,1,,,,NEEDS_REPAIR,,,,,PANEL,,16,true,,kentron
Y21-44F0D9A9,30228000,604560,50,,,2,1,,12,1,,,,EURO_RENOVATION,,,,,NEW_BUILD,,13,true,,kentron
Y21-CA2395DC,65494000,635864,103,,,2,1,,3,1,,,,GOOD,,,,,MONOLITH,,8,true,,kentron
Y21-70199ED9,31739400,511926,62,,,2,1,,1,1,,,,EURO_RENOVATION,,,,,NEW_BUILD,,3,false,,kentron
Y21-15521B5A,46853400,571383,82,,,3,1,,1,1,,,,EURO_RENOVATION,,,,,NEW_BUILD,,3,false,,kentron
Y21-73837EC1,25945700,341391,76,,,3,1,,7,1,,,,EURO_RENOVATION,,,,,PANEL,,9,true,,kentron
Y21-D7E2AF3C,100760000,1599365,63,,,2,1,,6,1,,,,EURO_RENOVATION,,,,,NEW_BUILD,,17,true,,kentron
Y21-8D6F5629,37785000,581308,65,,,3,1,,1,0,,,,NEEDS_REPAIR,,,,,PANEL,,9,true,,kentron
Y21-22C125D0,105798000,881650,120,,,5,1,,3,1,,,,EURO_RENOVATION,,,,,STONE,,5,false,,kentron
Y21-91C99357,39296400,913870,43,,,1,1,,1,0,,,,NEEDS_REPAIR,,,,,STONE,,5,false,,kentron
Y21-A5DDC59F,27709000,439825,63,,,2,1,,1,0,,,,NEEDS_REPAIR,,,,,STONE,,5,false,,kentron
Y21-46E7636D,65494000,612093,107,,,3,1,,7,0,,,,NEEDS_REPAIR,,,,,STONE,,16,true,,kentron
Y21-06576937,62571960,579370,108,,,3,2,,7,1,,,,NEEDS_REPAIR,,,,,NEW_BUILD,,12,true,,kentron
Y21-2ADC2341,29724200,239711,124,,,4,2,,5,0,,,,NEEDS_REPAIR,,,,,STONE,,5,false,,kentron
Y21-95A23FEF,61967400,619674,100,,,4,2,,3,2,,,,NEEDS_REPAIR,,,,,STONE,,3,false,,kentron
Y21-F86E0392,44334400,583347,76,,,3,1,,2,0,,,,GOOD,,,,,STONE,,4,false,,kentron
Y21-6DE3F287,60456000,755700,80,,,3,2,,5,1,,,,NEEDS_REPAIR,,,,,NEW_BUILD,,13,true,,kentron
Y21-DE5CBF7E,78089000,697223,112,,,3,2,,4,2,,,,NEEDS_REPAIR,,,,,NEW_BUILD,,13,true,,kentron
Y21-C5D0A834,45342000,944625,48,,,2,1,,6,0,,,,EURO_RENOVATION,,,,,NEW_BUILD,,13,true,,kentron
Y21-95EA0158,55418000,791686,70,,,2,1,,10,1,,,,EURO_RENOVATION,,,,,PANEL,,10,true,,kentron
Y21-CFEEAF93,50380000,629750,80,,,3,1,,3,2,,,,EURO_RENOVATION,,,,,MONOLITH,,10,true,,kentron
Y21-43BDF2FE,67005400,744504,90,,,3,1,,5,0,,,,NEEDS_REPAIR,,,,,MONOLITH,,18,true,,kentron
Y21-C50576C8,65494000,818675,80,,,3,1,,10,1,,,,EURO_RENOVATION,,,,,PANEL,,12,true,,kentron
Y21-003BCFCB,68013000,894908,76,,,3,2,,9,0,,,,EURO_RENOVATION,,,,,NEW_BUILD,,15,true,,kentron
Y21-5A1E634D,48868600,688290,71,,,2,1,,7,1,,,,GOOD,,,,,PANEL,,9,true,,kentron
Y21-1574EBDE,90684000,906840,100,,,3,1,,1,2,,,,GOOD,,,,,STONE,,6,true,,kentron
Y21-9C199D47,95722000,714343,134,,,3,2,,7,2,,,,EURO_RENOVATION,,,,,NEW_BUILD,,10,true,,kentron
Y21-3F11FDBC,55418000,1065731,52,,,2,1,,4,0,,,,EURO_RENOVATION,,,,,STONE,,10,true,,kentron
Y21-8B9C1598,44334400,487191,91,,,4,2,,1,1,,,,EURO_RENOVATION,,,,,PANEL,,12,true,,kentron
Y21-F5E83F40,75570000,858750,88,,,3,1,,8,0,,,,NEEDS_REPAIR,,,,,MONOLITH,,10,true,,kentron
Y21-EF829FB0,42823000,611757,70,,,3,1,,1,1,,,,EURO_RENOVATION,,,,,STONE,,5,false,,kentron
Y21-9509D2FF,26046460,964684,27,,,2,1,,6,1,,,,EURO_RENOVATION,,,,,NEW_BUILD,,6,true,,kentron
Y21-5C7FDFA0,52899000,789537,67,,,2,1,,4,1,,,,EURO_RENOVATION,,,,,PANEL,,9,true,,kentron
Y21-9319217B,40304000,760453,53,,,2,1,,6,0,,,,NEEDS_REPAIR,,,,,MONOLITH,,14,true,,kentron
Y21-7343A2E8,46853400,807817,58,,,2,1,,5,1,,,,EURO_RENOVATION,,,,,STONE,,9,true,,kentron
Y21-11EE1EE3,30228000,414082,73,,,3,1,,3,1,,,,GOOD,,,,,STONE,,5,false,,kentron
Y21-7003B5C2,64486400,716516,90,,,3,1,,7,1,,,,GOOD,,,,,PANEL,,9,true,,kentron
Y21-F6153323,38792600,923633,42,,,2,1,,5,1,,,,EURO_RENOVATION,,,,,STONE,,5,false,,kentron
Y21-43A89C2C,125950000,1234804,102,,,3,2,,2,1,,,,EURO_RENOVATION,,,,,STONE,,3,false,,kentron
Y21-CB333BB8,34762200,560681,62,,,2,1,,4,0,,,,EURO_RENOVATION,,,,,STONE,,5,false,,kentron
Y21-51242320,65494000,1423783,46,,,2,1,,14,1,,,,EURO_RENOVATION,,,,,NEW_BUILD,,17,true,,kentron
Y21-5D06844F,47861000,854661,56,,,1,1,,4,0,,,,EURO_RENOVATION,,,,,PANEL,,10,true,,kentron
Y21-A17632DF,103279000,965224,107,,,2,1,,3,1,,,,EURO_RENOVATION,,,,,STONE,,5,false,,kentron
Y21-39373AA9,37281200,828471,45,,,1,1,,5,1,,,,EURO_RENOVATION,,,,,PANEL,,9,true,,kentron
Y21-85628512,16625400,615756,27,,,1,1,,3,0,,,,GOOD,,,,,STONE,,4,false,,kentron
Y21-728C031F,42823000,951622,45,,,1,1,,10,0,,,,EURO_RENOVATION,,,,,PANEL,,11,true,,kentron
Y21-2D94D215,55418000,791686,70,,,2,1,,10,1,,,,EURO_RENOVATION,,,,,PANEL,,10,true,,kentron
Y21-BFA8768B,44838200,1120955,40,,,1,1,,2,0,,,,NEEDS_REPAIR,,,,,STONE,,3,false,,kentron
Y21-498CA554,83127000,1108360,75,,,3,2,,2,1,,,,EURO_RENOVATION,,,,,STONE,,4,false,,kentron
Y21-289F268E,37785000,581308,65,,,3,1,,1,1,,,,EURO_RENOVATION,,,,,NEW_BUILD,,5,false,,kentron
Y21-7E06ED3B,110836000,1154542,96,,,3,1,,3,0,,,,NEEDS_REPAIR,,,,,STONE,,5,false,,kentron
Y21-EDFD3C04,52899000,801500,66,,,3,1,,8,0,,,,EURO_RENOVATION,,,,,PANEL,,8,true,,kentron
Y21-41DA01BF,29220400,561931,52,,,2,2,,5,1,,,,EURO_RENOVATION,,,,,NEW_BUILD,,5,false,,kentron
Y21-0EA1CAB6,51891400,786233,66,,,2,1,,11,0,,,,NEEDS_REPAIR,,,,,STONE,,11,true,,kentron
Y21-1F65D20F,60456000,575771,105,,,3,1,,6,1,,,,NEEDS_REPAIR,,,,,STONE,,6,true,,kentron
Y21-1479B290,44838200,1120955,40,,,2,1,,3,0,,,,NEEDS_REPAIR,,,,,STONE,,4,false,,kentron
Y21-C519628F,65494000,1455422,45,,,2,1,,5,0,,,,NEEDS_REPAIR,,,,,MONOLITH,,11,true,,kentron
Y21-E48B0559,133507000,1711628,78,,,3,1,,9,0,,,,NEEDS_REPAIR,,,,,MONOLITH,,10,true,,kentron
Y21-E6FBE24C,98241000,1198061,82,,,3,1,,2,0,,,,NEEDS_REPAIR,,,,,STONE,,5,false,,kentron
Y21-29680577,67509200,695971,97,,,4,2,,6,1,,,,EURO_RENOVATION,,,,,PANEL,,12,true,,kentron
Y21-9EB05D20,28716600,478610,60,,,2,1,,5,1,,,,GOOD,,,,,STONE,,5,false,,kentron
Y21-4FCC5112,55418000,852585,65,,,2,1,,3,1,,,,EURO_RENOVATION,,,,,STONE,,3,false,,kentron
Y21-BBFF160C,65494000,654940,100,,,3,1,,5,0,,,,NEEDS_REPAIR,,,,,PANEL,,9,true,,kentron
Y21-6D8FB6A4,65494000,654940,100,,,3,1,,5,0,,,,NEEDS_REPAIR,,,,,PANEL,,9,true,,kentron
Y21-586B87DA,68013000,971614,70,,,2,1,,5,0,,,,EURO_RENOVATION,,,,,STONE,,5,false,,kentron
Y21-C2067D2E,44334400,591125,75,,,3,1,,7,1,,,,EURO_RENOVATION,,,,,PANEL,,9,true,,kentron
Y21-E3AC5C6B,55418000,684173,81,,,3,1,,14,0,,,,EURO_RENOVATION,,,,,STONE,,16,true,,kentron
Y21-F0069A03,100760000,1343467,75,,,5,1,,1,0,,,,EURO_RENOVATION,,,,,STONE,,5,false,,kentron
Y21-2E8B2408,84638400,1128512,75,,,3,1,,4,1,,,,EURO_RENOVATION,,,,,PANEL,,9,true,,kentron
Y21-A76A5D53,100256200,1432231,70,,,3,1,,7,1,,,,EURO_RENOVATION,,,,,NEW_BUILD,,10,true,,kentron
Y21-E23B144A,50380000,1119556,45,,,1,2,,3,0,,,,EURO_RENOVATION,,,,,STONE,,5,false,,kentron
Y21-99ECB687,36273600,684408,53,,,2,1,,5,0,,,,EURO_RENOVATION,,,,,PANEL,,13,true,,kentron
Y21-C903F674,110836000,1108360,100,,,3,1,,2,0,,,,NEEDS_REPAIR,,,,,STONE,,4,false,,kentron
Y21-9B0A0EC6,62975000,594104,106,,,3,2,,14,2,,,,EURO_RENOVATION,,,,,NEW_BUILD,,14,true,,kentron
Y21-F96786BF,88165000,979611,90,,,3,1,,7,1,,,,EURO_RENOVATION,,,,,PANEL,,9,true,,kentron
Y21-6D45B562,40304000,806080,50,,,2,1,,3,1,,,,EURO_RENOVATION,,,,,STONE,,3,false,,kentron
Y21-D8C08E05,58440800,1145898,51,,,2,1,,3,0,,,,GOOD,,,,,MONOLITH,,11,true,,kentron
Y21-629EDE38,50380000,489126,103,,,4,1,,5,2,,,,NEEDS_REPAIR,,,,,STONE,,5,false,,kentron
Y21-E64A6EDF,42823000,441474,97,,,3,1,,9,1,,,,NEEDS_REPAIR,,,,,MONOLITH,,9,true,,kentron
Y21-82CE399D,32747000,380779,86,,,3,1,,2,1,,,,GOOD,,,,,STONE,,2,false,,kentron
Y21-CAAC1C1A,49876200,702482,71,,,3,1,,8,1,,,,EURO_RENOVATION,,,,,PANEL,,10,true,,kentron
Y21-C47E09D7,32747000,344705,95,,,3,1,,1,1,,,,EURO_RENOVATION,,,,,STONE,,9,true,,kentron
Y21-F71D4965,38792600,484908,80,,,4,1,,2,1,,,,GOOD,,,,,STONE,,5,false,,kentron
Y21-8A89F523,125950000,1574375,80,,,3,1,,6,1,,,,EURO_RENOVATION,,,,,NEW_BUILD,,10,true,,kentron
Y21-10E74F25,22671000,527233,43,,,2,2,,13,0,,,,EURO_RENOVATION,,,,,PANEL,,14,true,,kentron
Y21-487B1479,64486400,560751,115,,,4,1,,9,0,,,,GOOD,,,,,PANEL,,14,true,,kentron
Y21-900B3621,80608000,885802,91,,,3,2,,12,1,,,,GOOD,,,,,NEW_BUILD,,13,true,,kentron
Y21-48B1A68F,60456000,902328,67,,,2,1,,8,1,,,,EURO_RENOVATION,,,,,NEW_BUILD,,10,true,,kentron
Y21-D6BBCF9C,86653600,1083170,80,,,3,1,,4,1,,,,GOOD,,,,,STONE,,5,false,,kentron
Y21-8D6496E4,45190860,1129772,40,,,1,1,,5,1,,,,EURO_RENOVATION,,,,,NEW_BUILD,,7,true,,kentron
Y21-0EFAAEF0,45342000,1162615,39,,,1,1,,5,1,,,,EURO_RENOVATION,,,,,NEW_BUILD,,7,true,,kentron
Y21-56A62BA0,79096600,653691,121,,,4,1,,12,2,,,,EURO_RENOVATION,,,,,PANEL,,16,true,,kentron
Y21-186A7832,51387600,1167900,44,,,2,1,,1,0,,,,NEEDS_REPAIR,,,,,STONE,,7,true,,kentron
Y21-C3DBBBB8,44334400,1007600,44,,,1,1,,6,1,,,,GOOD,,,,,PANEL,,11,true,,kentron
Y21-7C1904EF,42823000,603141,71,,,2,1,,3,1,,,,EURO_RENOVATION,,,,,STONE,,4,false,,kentron
Y21-F668CFC1,43074900,1050607,41,,,1,1,,5,1,,,,NEEDS_REPAIR,,,,,STONE,,5,false,,kentron
Y21-C03E488C,49372400,587767,84,,,3,1,,1,0,,,,NEEDS_REPAIR,,,,,STONE,,4,false,,kentron
Y21-3805E3B9,41815400,871154,48,,,2,1,,2,0,,,,NEEDS_REPAIR,,,,,STONE,,5,false,,kentron
Y21-2007C0E8,57937000,681612,85,,,3,1,,2,1,,,,EURO_RENOVATION,,,,,NEW_BUILD,,4,false,,kentron
Y21-06CF5036,55418000,1007600,55,,,3,1,,1,1,,,,EURO_RENOVATION,,,,,STONE,,3,false,,kentron
Y21-31BD5807,65494000,1488500,44,,,2,1,,5,0,,,,EURO_RENOVATION,,,,,PANEL,,11,true,,kentron
Y21-0237DA79,67005400,859044,78,,,3,1,,5,1,,,,EURO_RENOVATION,,,,,PANEL,,9,true,,kentron
Y21-0C8DF00D,73051000,702413,104,,,3,1,,9,0,,,,NEEDS_REPAIR,,,,,MONOLITH,,14,true,,kentron
Y21-2CC44492,57937000,1053400,55,,,2,1,,3,1,,,,EURO_RENOVATION,,,,,STONE,,5,false,,kentron
Y21-E5077442,115370200,1153702,100,,,4,2,,1,1,,,,EURO_RENOVATION,,,,,STONE,,3,false,,kentron
Y21-1DC97662,6549400,109157,60,,,2,1,,2,0,,,,NEEDS_REPAIR,,,,,STONE,,2,false,,kentron
Y21-7E24D69A,43326800,424773,102,,,4,1,,8,0,,,,NEEDS_REPAIR,,,,,PANEL,,16,true,,kentron
Y21-E0D5B73C,60456000,816973,74,,,2,1,,2,0,,,,NEEDS_REPAIR,,,,,STONE,,6,true,,kentron
Y21-71F4511A,118393000,1029504,115,,,4,2,,2,0,,,,EURO_RENOVATION,,,,,NEW_BUILD,,9,true,,kentron
Y21-9887CA4B,27709000,355244,78,,,3,1,,1,1,,,,GOOD,,,,,PANEL,,9,true,,kentron
Y21-E1C070F0,30228000,592706,51,,,1,1,,8,0,,,,NEEDS_REPAIR,,,,,PANEL,,9,true,,kentron
Y21-93E417CE,33754600,843865,40,,,2,1,,4,1,,,,GOOD,,,,,STONE,,4,false,,kentron
Y21-91323837,36273600,954568,38,,,2,1,,2,0,,,,EURO_RENOVATION,,,,,STONE,,5,false,,kentron
Y21-B06978DB,40304000,806080,50,,,2,1,,4,1,,,,EURO_RENOVATION,,,,,STONE,,4,false,,kentron
Y21-6FB5079C,100760000,403040,250,,,6,2,,4,1,,,,EURO_RENOVATION,,,,,NEW_BUILD,,5,false,,kentron
Y21-22F18106,65494000,654940,100,,,4,1,,13,0,,,,NEEDS_REPAIR,,,,,PANEL,,14,true,,kentron
Y21-C664794A,61463600,596734,103,,,4,1,,3,2,,,,EURO_RENOVATION,,,,,STONE,,3,false,,kentron
Y21-C27E233C,75570000,932963,81,,,3,2,,3,0,,,,EURO_RENOVATION,,,,,PANEL,,13,true,,kentron
Y21-D388B77E,52899000,801500,66,,,2,1,,6,0,,,,NEEDS_REPAIR,,,,,STONE,,6,true,,kentron
Y21-61B80B70,40304000,916000,44,,,2,1,,3,0,,,,EURO_RENOVATION,,,,,PANEL,,10,true,,kentron
Y21-17948635,65494000,682229,96,,,3,1,,5,1,,,,GOOD,,,,,STONE,,6,true,,kentron
Y21-2E2C267B,103279000,2065580,50,,,2,1,,10,1,,,,EURO_RENOVATION,,,,,NEW_BUILD,,17,true,,kentron
Y21-4AEAFC30,55418000,565490,98,,,3,1,,4,0,,,,NEEDS_REPAIR,,,,,STONE,,4,false,,kentron
Y21-B57EACBB,80608000,713345,113,,,3,3,,5,2,,,,EURO_RENOVATION,,,,,STONE,,5,false,,kentron
Y21-91823876,133507000,1202766,111,,,4,2,,10,1,,,,EURO_RENOVATION,,,,,NEW_BUILD,,15,true,,kentron
Y21-63210183,85646000,973250,88,,,3,1,,4,1,,,,EURO_RENOVATION,,,,,STONE,,5,false,,kentron
Y21-ACFAFF9C,47861000,683729,70,,,3,3,,3,1,,,,EURO_RENOVATION,,,,,STONE,,9,true,,kentron
Y21-001EEA18,90684000,1374000,66,,,3,1,,3,0,,,,NEEDS_REPAIR,,,,,STONE,,4,false,,kentron
Y21-D45CEDCB,85142200,946024,90,,,4,2,,4,1,,,,EURO_RENOVATION,,,,,STONE,,4,false,,kentron
Y21-487BDB1A,125950000,614390,205,,,4,1,,5,1,,,,NEEDS_REPAIR,,,,,STONE,,5,false,,kentron
Y21-D002BF73,70532000,966192,73,,,3,1,,7,0,,,,NEEDS_REPAIR,,,,,MONOLITH,,11,true,,kentron
Y21-71AC4150,38792600,570479,68,,,2,1,,3,1,,,,NEEDS_REPAIR,,,,,STONE,,4,false,,kentron
Y21-A4001340,27709000,710487,39,,,2,1,,12,0,,,,EURO_RENOVATION,,,,,PANEL,,14,true,,kentron
Y21-553210C7,40304000,559778,72,,,2,1,,6,1,,,,EURO_RENOVATION,,,,,MONOLITH,,11,true,,kentron
Y21-EFC7D524,65494000,1091567,60,,,2,1,,4,0,,,,NEEDS_REPAIR,,,,,STONE,,5,false,,kentron
Y21-95B67694,70028200,1167137,60,,,2,1,,5,1,,,,EURO_RENOVATION,,,,,PANEL,,9,true,,kentron
Y21-DB70408E,67509200,1007600,67,,,2,1,,3,0,,,,EURO_RENOVATION,,,,,PANEL,,9,true,,kentron
Y21-DC72A432,37785000,325733,116,,,3,1,,2,1,,,,GOOD,,,,,STONE,,2,false,,kentron
Y21-4458231F,36273600,725472,50,,,2,1,,3,0,,,,EURO_RENOVATION,,,,,PANEL,,13,true,,kentron
Y21-DB5C54FA,72547200,1860185,39,,,2,1,,5,0,,,,EURO_RENOVATION,,,,,NEW_BUILD,,18,true,,kentron
Y21-1F042B6B,38792600,478921,81,,,3,1,,4,1,,,,GOOD,,,,,PANEL,,14,true,,kentron
Y21-8FAB8301,120912000,999273,121,,,3,2,,3,1,,,,EURO_RENOVATION,,,,,NEW_BUILD,,14,true,,kentron
Y21-1907FDC9,40304000,732800,55,,,1,1,,6,1,,,,GOOD,,,,,PANEL,,9,true,,kentron
Y21-3E560D49,63982600,743984,86,,,3,1,,5,0,,,,NEEDS_REPAIR,,,,,STONE,,5,false,,kentron
Y21-6EC673A1,108317000,820583,132,,,4,2,,3,1,,,,GOOD,,,,,STONE,,5,false,,kentron
Y21-7E4C403D,55418000,791686,70,,,1,1,,10,1,,,,EURO_RENOVATION,,,,,PANEL,,10,true,,kentron
Y21-4F4186E2,30731800,451938,68,,,2,1,,9,1,,,,EURO_RENOVATION,,,,,PANEL,,9,true,,kentron
Y21-97A3D24A,37785000,563955,67,,,2,1,,2,1,,,,GOOD,,,,,PANEL,,14,true,,kentron
Y21-04612943,47861000,563071,85,,,3,1,,12,1,,,,EURO_RENOVATION,,,,,PANEL,,12,true,,kentron
Y21-90F82BD1,60456000,1007600,60,,,3,1,,3,1,,,,EURO_RENOVATION,,,,,PANEL,,9,true,,kentron
Y21-67118444,74310500,629750,118,,,3,1,,13,0,,,,NEEDS_REPAIR,,,,,MONOLITH,,14,true,,kentron
Y21-FE39B855,27709000,644395,43,,,2,1,,5,1,,,,GOOD,,,,,STONE,,6,true,,kentron
Y21-2D98F496,105798000,1230209,86,,,3,1,,5,0,,,,NEEDS_REPAIR,,,,,MONOLITH,,13,true,,kentron
Y21-9BD0B604,44334400,682068,65,,,2,1,,7,0,,,,EURO_RENOVATION,,,,,NEW_BUILD,,14,true,,kentron
Y21-59ECD991,37785000,839667,45,,,3,1,,3,0,,,,EURO_RENOVATION,,,,,STONE,,9,true,,kentron
Y21-8551128D,50380000,1199524,42,,,1,1,,2,1,,,,EURO_RENOVATION,,,,,PANEL,,10,true,,kentron
Y21-0597C1E2,36273600,725472,50,,,2,1,,3,0,,,,EURO_RENOVATION,,,,,MONOLITH,,14,true,,kentron
Y21-4194FD89,55418000,1026259,54,,,1,1,,10,1,,,,EURO_RENOVATION,,,,,PANEL,,10,true,,kentron
Y21-74901060,17633000,367354,48,,,2,1,,1,0,,,,GOOD,,,,,STONE,,4,false,,kentron
Y21-471BCC26,45342000,515250,88,,,3,3,,7,1,,,,EURO_RENOVATION,,,,,PANEL,,9,true,,kentron
Y21-B607A60B,42823000,669109,64,,,2,1,,8,1,,,,EURO_RENOVATION,,,,,PANEL,,12,true,,kentron
Y21-88A16FBE,50380000,579080,87,,,3,1,,10,2,,,,EURO_RENOVATION,,,,,PANEL,,11,true,,kentron
Y21-7CADF630,75570000,839667,90,,,3,1,,9,1,,,,EURO_RENOVATION,,,,,PANEL,,11,true,,kentron
Y21-0AE8ED40,42823000,973250,44,,,2,2,,3,1,,,,EURO_RENOVATION,,,,,NEW_BUILD,,9,true,,kentron
Y21-C3477E32,68013000,772875,88,,,3,1,,8,0,,,,EURO_RENOVATION,,,,,PANEL,,9,true,,kentron
Y21-34B25B07,36273600,518194,70,,,2,1,,3,1,,,,NEEDS_REPAIR,,,,,STONE,,5,false,,kentron
Y21-4DB8DE7E,47861000,460202,104,,,3,1,,1,1,,,,EURO_RENOVATION,,,,,PANEL,,16,true,,kentron
Y21-E92E5715,32747000,779690,42,,,1,1,,11,1,,,,GOOD,,,,,PANEL,,11,true,,kentron
Y21-B86AC199,43830600,974013,45,,,2,1,,2,0,,,,EURO_RENOVATION,,,,,STONE,,5,false,,kentron
Y21-90D74A44,14106400,503800,28,,,1,1,,2,0,,,,GOOD,,,,,STONE,,5,false,,kentron
Y21-643934AC,88165000,1025174,86,,,2,2,,5,1,,,,EURO_RENOVATION,,,,,NEW_BUILD,,9,true,,kentron
Y21-49730592,61967400,619674,100,,,3,1,,5,0,,,,NEEDS_REPAIR,,,,,STONE,,6,true,,kentron
Y21-A3D59746,47861000,478610,100,,,3,1,,5,1,,,,EURO_RENOVATION,,,,,STONE,,5,false,,kentron
Y21-7C859A34,42823000,713717,60,,,3,1,,4,1,,,,EURO_RENOVATION,,,,,STONE,,5,false,,kentron
Y21-F7A1081C,85142200,1001673,85,,,3,1,,4,0,,,,NEEDS_REPAIR,,,,,STONE,,5,false,,kentron
Y21-4BC0DB23,17129200,398353,43,,,1,1,,3,1,,,,GOOD,,,,,PANEL,,9,true,,kentron
Y21-6E8A9D9A,52899000,489806,108,,,4,2,,2,1,,,,GOOD,,,,,PANEL,,10,true,,kentron
Y21-E74045AD,90684000,925347,98,,,3,2,,3,1,,,,EURO_RENOVATION,,,,,STONE,,4,false,,kentron
Y21-327439E4,58944600,807460,73,,,3,1,,5,0,,,,EURO_RENOVATION,,,,,STONE,,8,true,,kentron
Y21-D6052A02,75570000,547609,138,,,3,1,,2,0,,,,NEEDS_REPAIR,,,,,STONE,,4,false,,kentron
Y21-2CB72595,65494000,595400,110,,,3,1,,14,0,,,,NEEDS_REPAIR,,,,,PANEL,,16,true,,kentron
Y21-2DA88E85,40304000,544649,74,,,2,1,,10,0,,,,NEEDS_REPAIR,,,,,MONOLITH,,10,true,,kentron
Y21-72754B27,38792600,1293087,30,,,2,1,,4,1,,,,EURO_RENOVATION,,,,,STONE,,4,false,,kentron
Y21-517E1C50,36273600,483648,75,,,2,1,,8,0,,,,NEEDS_REPAIR,,,,,PANEL,,10,true,,kentron
Y21-016BAB2E,62975000,807372,78,,,3,1,,5,1,,,,GOOD,,,,,PANEL,,14,true,,kentron
Y21-7C5BE449,74058600,961800,77,,,3,2,,7,1,,,,EURO_RENOVATION,,,,,NEW_BUILD,,11,true,,kentron
Y21-522CC190,74058600,961800,77,,,3,2,,6,1,,,,EURO_RENOVATION,,,,,PANEL,,11,true,,kentron
Y21-18296288,61463600,1159691,53,,,2,1,,4,0,,,,NEEDS_REPAIR,,,,,STONE,,4,false,,kentron
Y21-8E5FA25E,61967400,427361,145,,,4,2,,5,2,,,,EURO_RENOVATION,,,,,STONE,,5,false,,kentron
Y21-073EFEBD,94210600,942106,100,,,3,2,,9,1,,,,EURO_RENOVATION,,,,,NEW_BUILD,,11,true,,kentron
Y21-DED14641,75066200,974886,77,,,3,2,,7,1,,,,EURO_RENOVATION,,,,,NEW_BUILD,,11,true,,kentron
Y21-1B9CBE57,94210600,942106,100,,,3,2,,9,1,,,,EURO_RENOVATION,,,,,NEW_BUILD,,11,true,,kentron
Y21-19B70906,75570000,699722,108,,,3,2,,10,2,,,,GOOD,,,,,PANEL,,10,true,,kentron
Y21-13D58C0A,69524400,1053400,66,,,3,1,,8,1,,,,EURO_RENOVATION,,,,,NEW_BUILD,,10,true,,kentron
Y21-403E60CB,41311600,751120,55,,,2,1,,2,1,,,,NEEDS_REPAIR,,,,,NEW_BUILD,,15,true,,kentron
Y21-E2499CE3,60456000,575771,105,,,4,1,,4,0,,,,EURO_RENOVATION,,,,,PANEL,,16,true,,kentron
Y21-D89DAF26,48868600,842562,58,,,2,1,,3,0,,,,EURO_RENOVATION,,,,,PANEL,,10,true,,kentron
Y21-4634FDFC,85142200,826623,103,,,5,2,,1,0,,,,EURO_RENOVATION,,,,,STONE,,1,false,,kentron
Y21-3F402B07,52899000,724644,73,,,3,1,,4,2,,,,EURO_RENOVATION,,,,,NEW_BUILD,,14,true,,kentron
Y21-037543B3,46853400,720822,65,,,3,1,,4,1,,,,EURO_RENOVATION,,,,,STONE,,4,false,,kentron
Y21-8EB58210,37785000,563955,67,,,2,1,,2,1,,,,GOOD,,,,,PANEL,,14,true,,kentron
Y21-9CD51351,68013000,944625,72,,,3,2,,4,1,,,,EURO_RENOVATION,,,,,MONOLITH,,9,true,,kentron
Y21-7BADBD70,30228000,816973,37,,,1,1,,5,0,,,,NEEDS_REPAIR,,,,,MONOLITH,,14,true,,kentron
Y21-D56929AC,65494000,519794,126,,,4,1,,4,2,,,,EURO_RENOVATION,,,,,STONE,,4,false,,kentron
Y21-75FD096E,65494000,595400,110,,,4,2,,1,0,,,,NEEDS_REPAIR,,,,,NEW_BUILD,,4,false,,kentron
Y21-68486B41,65494000,569513,115,,,3,1,,2,1,,,,EURO_RENOVATION,,,,,STONE,,6,true,,kentron
Y21-2EF5A40F,105798000,1793186,59,,,3,1,,4,0,,,,NEEDS_REPAIR,,,,,STONE,,5,false,,kentron
Y21-0D0D275F,35266000,440825,80,,,2,2,,7,0,,,,NEEDS_REPAIR,,,,,NEW_BUILD,,7,true,,kentron
Y21-52CE6B39,55418000,583347,95,,,3,1,,8,1,,,,EURO_RENOVATION,,,,,PANEL,,10,true,,kentron
Y21-F5D747E5,88165000,1062229,83,,,2,1,,5,0,,,,NEEDS_REPAIR,,,,,NEW_BUILD,,10,true,,kentron
Y21-50ACB153,62975000,594104,106,,,3,2,,14,2,,,,EURO_RENOVATION,,,,,NEW_BUILD,,14,true,,kentron
Y21-4A8ABD05,26701400,333768,80,,,3,1,,5,2,,,,EURO_RENOVATION,,,,,PANEL,,16,true,,kentron
Y21-EF6EE14A,55418000,791686,70,,,3,1,,6,0,,,,GOOD,,,,,STONE,,6,true,,kentron
Y21-CA9B8B2A,29220400,649342,45,,,1,1,,7,1,,,,GOOD,,,,,PANEL,,9,true,,kentron
Y21-DD420374,39800200,371964,107,,,4,1,,5,1,,,,EURO_RENOVATION,,,,,NEW_BUILD,,10,true,,kentron
Y21-AE85C9EC,75570000,755700,100,,,3,1,,3,1,,,,EURO_RENOVATION,,,,,STONE,,5,false,,kentron
Y21-1CCF823F,11083600,382193,29,,,1,1,,3,0,,,,GOOD,,,,,STONE,,3,false,,kentron
Y21-CD45D1ED,40052100,667535,60,,,3,2,,1,0,,,,EURO_RENOVATION,,,,,STONE,,5,false,,kentron
Y21-877297A5,35266000,587767,60,,,2,1,,5,1,,,,GOOD,,,,,STONE,,5,false,,kentron
Y21-B5D69801,129980400,1299804,100,,,3,1,,7,2,,,,EURO_RENOVATION,,,,,STONE,,7,true,,kentron
Y21-CAFBC80E,61463600,698450,88,,,3,1,,11,1,,,,EURO_RENOVATION,,,,,MONOLITH,,11,true,,kentron
Y21-2964C3A4,55418000,1385450,40,,,2,1,,2,0,,,,NEEDS_REPAIR,,,,,STONE,,5,false,,kentron
Y21-B257305D,57937000,622978,93,,,4,1,,14,0,,,,EURO_RENOVATION,,,,,NEW_BUILD,,14,true,,kentron
Y21-7761F354,36777400,1021594,36,,,1,1,,2,1,,,,NEEDS_REPAIR,,,,,STONE,,5,false,,kentron
Y21-E83714FE,41311600,688527,60,,,2,1,,3,1,,,,EURO_RENOVATION,,,,,STONE,,4,false,,kentron
Y21-CD838419,64990200,1477050,44,,,2,1,,5,0,,,,EURO_RENOVATION,,,,,NEW_BUILD,,11,true,,kentron
Y21-3EB71091,57937000,681612,85,,,4,1,,2,0,,,,EURO_RENOVATION,,,,,STONE,,4,false,,kentron
Y21-6D817841,48868600,788203,62,,,2,1,,2,0,,,,EURO_RENOVATION,,,,,STONE,,5,false,,kentron
Y21-3B84760A,28212800,542554,52,,,2,1,,1,1,,,,EURO_RENOVATION,,,,,STONE,,4,false,,kentron
Y21-50A66C13,50380000,553626,91,,,3,1,,6,1,,,,EURO_RENOVATION,,,,,STONE,,6,true,,kentron
Y21-339DAE1F,79096600,807108,98,,,3,2,,4,1,,,,EURO_RENOVATION,,,,,STONE,,5,false,,kentron
Y21-42344EC3,52899000,297185,178,,,3,1,,1,1,,,,GOOD,,,,,STONE,,5,false,,kentron
Y21-9BE074D2,46349600,503800,92,,,3,1,,5,1,,,,EURO_RENOVATION,,,,,PANEL,,10,true,,kentron
Y21-D73CFDF3,135018400,1607362,84,,,2,1,,5,1,,,,NEEDS_REPAIR,,,,,NEW_BUILD,,10,true,,kentron
Y21-53142CCC,42823000,1070575,40,,,1,1,,8,1,,,,EURO_RENOVATION,,,,,PANEL,,10,true,,kentron
Y21-5D75A035,35266000,801500,44,,,2,1,,5,1,,,,EURO_RENOVATION,,,,,NEW_BUILD,,11,true,,kentron
Y21-60EDD467,46349600,579370,80,,,3,1,,5,1,,,,EURO_RENOVATION,,,,,PANEL,,9,true,,kentron
Y21-5AFB5D87,60456000,785143,77,,,3,1,,1,1,,,,GOOD,,,,,PANEL,,10,true,,kentron
Y21-AD45ADCE,33754600,964417,35,,,1,1,,3,0,,,,GOOD,,,,,STONE,,4,false,,kentron
Y21-14D35ABF,38792600,484908,80,,,3,2,,11,1,,,,EURO_RENOVATION,,,,,PANEL,,14,true,,kentron
Y21-5BD44F8F,103279000,826232,125,,,3,2,,3,1,,,,NEEDS_REPAIR,,,,,NEW_BUILD,,6,true,,kentron
Y21-42F2A322,50380000,671733,75,,,3,2,,3,0,,,,EURO_RENOVATION,,,,,NEW_BUILD,,3,false,,kentron
Y21-44A587DE,42823000,549013,78,,,3,1,,4,1,,,,GOOD,,,,,PANEL,,10,true,,kentron
Y21-6CC80FD2,27709000,659738,42,,,2,1,,4,0,,,,EURO_RENOVATION,,,,,STONE,,11,true,,kentron
Y21-1C301EF6,60456000,629750,96,,,3,1,,5,1,,,,EURO_RENOVATION,,,,,STONE,,5,false,,kentron
Y21-CD7E87FE,31739400,317394,100,,,4,1,,1,1,,,,NEEDS_REPAIR,,,,,STONE,,1,false,,kentron
Y21-53796E06,63982600,1066377,60,,,2,1,,3,1,,,,NEEDS_REPAIR,,,,,STONE,,5,false,,kentron
Y21-41777F6C,24182400,671733,36,,,1,1,,9,0,,,,NEEDS_REPAIR,,,,,PANEL,,11,true,,kentron
Y21-E2350B72,99752400,810995,123,,,3,2,,8,1,,,,EURO_RENOVATION,,,,,NEW_BUILD,,14,true,,kentron
Y21-332C975D,22671000,755700,30,,,1,1,,1,0,,,,EURO_RENOVATION,,,,,STONE,,5,false,,kentron
Y21-008E9243,62975000,740882,85,,,3,2,,5,1,,,,EURO_RENOVATION,,,,,STONE,,5,false,,kentron
Y21-2BD4B3D7,73051000,859424,85,,,3,2,,3,1,,,,GOOD,,,,,NEW_BUILD,,4,false,,kentron
Y21-CD26D303,110836000,1108360,100,,,3,2,,17,1,,,,NEEDS_REPAIR,,,,,NEW_BUILD,,19,true,,kentron
Y21-2387FD0A,42823000,839667,51,,,2,2,,2,1,,,,GOOD,,,,,NEW_BUILD,,4,false,,kentron
Y21-ED7136B0,42823000,486625,88,,,3,1,,4,1,,,,NEEDS_REPAIR,,,,,PANEL,,10,true,,kentron
Y21-4BFDE0D1,65494000,654940,100,,,4,1,,4,0,,,,NEEDS_REPAIR,,,,,STONE,,5,false,,kentron
Y21-45213C55,70532000,587767,120,,,4,1,,14,0,,,,NEEDS_REPAIR,,,,,MONOLITH,,14,true,,kentron
Y21-11FAF900,90684000,871962,104,,,3,1,,3,2,,,,GOOD,,,,,STONE,,4,false,,kentron
Y21-A02DF95F,60456000,1405953,43,,,2,1,,9,0,,,,EURO_RENOVATION,,,,,PANEL,,9,true,,kentron
Y21-B54F895C,49876200,525013,95,,,3,1,,3,2,,,,GOOD,,,,,STONE,,5,false,,kentron
Y21-E7C0059D,20152000,610667,33,,,2,1,,2,0,,,,GOOD,,,,,STONE,,4,false,,kentron
Y21-D7C558DF,54914200,677953,81,,,3,1,,11,0,,,,EURO_RENOVATION,,,,,PANEL,,14,true,,kentron
Y21-249C5F94,41563500,593764,70,,,3,1,,9,1,,,,GOOD,,,,,STONE,,11,true,,kentron
Y21-38CB119D,79096600,1235884,64,,,2,1,,10,0,,,,EURO_RENOVATION,,,,,MONOLITH,,12,true,,kentron
Y21-B0AC00CD,45342000,697569,65,,,2,1,,5,2,,,,GOOD,,,,,STONE,,5,false,,kentron
Y21-2265B23B,27709000,297946,93,,,3,1,,5,0,,,,NEEDS_REPAIR,,,,,MONOLITH,,7,true,,kentron
Y21-4E93FAA9,32747000,744250,44,,,2,1,,3,1,,,,EURO_RENOVATION,,,,,PANEL,,9,true,,kentron
Y21-B090330C,40304000,806080,50,,,2,1,,4,1,,,,EURO_RENOVATION,,,,,STONE,,4,false,,kentron
Y21-DF8F5CFF,100760000,916000,110,,,3,1,,3,1,,,,NEEDS_REPAIR,,,,,STONE,,3,false,,kentron
Y21-D0F81476,136026000,1247945,109,,,4,1,,2,0,,,,GOOD,,,,,STONE,,4,false,,kentron
Y21-FF8FA407,75570000,1679333,45,,,2,1,,10,1,,,,EURO_RENOVATION,,,,,NEW_BUILD,,18,true,,kentron
Y21-82FF1CD2,88165000,1546754,57,,,2,1,,6,0,,,,NEEDS_REPAIR,,,,,MONOLITH,,18,true,,kentron
Y21-2C488635,54410400,777291,70,,,2,1,,8,0,,,,NEEDS_REPAIR,,,,,PANEL,,11,true,,kentron
Y21-A4E04F9A,63982600,940921,68,,,2,1,,2,2,,,,EURO_RENOVATION,,,,,STONE,,4,false,,kentron
Y21-8795F3BE,83127000,1204739,69,,,3,1,,5,1,,,,EURO_RENOVATION,,,,,STONE,,5,false,,kentron
Y21-3442F9C5,85646000,535288,160,,,5,2,,10,2,,,,EURO_RENOVATION,,,,,NEW_BUILD,,14,true,,kentron
Y21-05467B2A,31739400,835247,38,,,1,1,,4,0,,,,EURO_RENOVATION,,,,,STONE,,5,false,,kentron
Y21-A93BD364,35769800,503800,71,,,2,1,,14,1,,,,NEEDS_REPAIR,,,,,PANEL,,16,true,,kentron
Y21-EB1E31E1,57937000,891338,65,,,3,1,,1,1,,,,EURO_RENOVATION,,,,,PANEL,,12,true,,kentron
Y21-2FE4438E,40304000,937302,43,,,2,1,,3,0,,,,EURO_RENOVATION,,,,,PANEL,,10,true,,kentron
Y21-B5B34497,57937000,827671,70,,,3,1,,2,1,,,,EURO_RENOVATION,,,,,STONE,,5,false,,kentron
Y21-A9715279,7557000,377850,20,,,1,1,,1,0,,,,GOOD,,,,,PANEL,,4,false,,kentron
Y21-6BAE9EDC,41311600,449039,92,,,4,1,,15,0,,,,NEEDS_REPAIR,,,,,PANEL,,16,true,,kentron
Y21-AE066A4E,20655800,516395,40,,,1,1,,3,1,,,,GOOD,,,,,PANEL,,9,true,,kentron
Y21-9237D5B0,52899000,551031,96,,,3,1,,1,1,,,,GOOD,,,,,PANEL,,15,true,,kentron
Y21-9786889B,75570000,1511400,50,,,2,1,,13,0,,,,NEEDS_REPAIR,,,,,MONOLITH,,13,true,,kentron
Y21-A56B9DB9,68013000,472313,144,,,3,1,,1,1,,,,EURO_RENOVATION,,,,,NEW_BUILD,,1,false,,kentron
Y21-430DA3F4,37785000,539786,70,,,2,1,,8,0,,,,EURO_RENOVATION,,,,,PANEL,,9,true,,kentron
Y21-BEDE8366,47861000,854661,56,,,1,1,,4,0,,,,EURO_RENOVATION,,,,,PANEL,,10,true,,kentron
Y21-C6F2CB72,57937000,706549,82,,,3,1,,1,0,,,,NEEDS_REPAIR,,,,,STONE,,4,false,,kentron
Y21-84DBA865,119400600,1681699,71,,,2,2,,11,1,,,,EURO_RENOVATION,,,,,NEW_BUILD,,11,true,,kentron
Y21-6DDAC33B,67005400,1340108,50,,,2,1,,2,0,,,,EURO_RENOVATION,,,,,STONE,,5,false,,kentron
Y21-F2C024F8,52899000,979611,54,,,2,1,,13,1,,,,NEEDS_REPAIR,,,,,NEW_BUILD,,17,true,,kentron
Y21-44926C39,65494000,752805,87,,,3,1,,5,1,,,,NEEDS_REPAIR,,,,,PANEL,,9,true,,kentron
Y21-33F1E692,36525500,702413,52,,,2,1,,9,0,,,,EURO_RENOVATION,,,,,MONOLITH,,14,true,,kentron
Y21-B20D05D4,65494000,327470,200,,,4,1,,1,1,,,,NEEDS_REPAIR,,,,,STONE,,2,false,,kentron
Y21-3710365F,43326800,451321,96,,,3,1,,10,1,,,,GOOD,,,,,PANEL,,16,true,,kentron
Y21-54F532C2,136026000,850163,160,,,5,2,,4,2,,,,GOOD,,,,,STONE,,5,false,,kentron
Y21-88678812,54410400,591417,92,,,3,1,,8,1,,,,EURO_RENOVATION,,,,,PANEL,,9,true,,kentron
Y21-78A40B1C,100760000,1343467,75,,,5,1,,1,0,,,,EURO_RENOVATION,,,,,STONE,,4,false,,kentron
Y21-74351C9E,60456000,650065,93,,,3,1,,10,1,,,,GOOD,,,,,PANEL,,11,true,,kentron
Y21-AB5FAC8B,64990200,722113,90,,,3,1,,9,1,,,,GOOD,,,,,PANEL,,11,true,,kentron
Y21-BD15BB0D,40304000,537387,75,,,3,1,,10,1,,,,NEEDS_REPAIR,,,,,PANEL,,10,true,,kentron
Y21-86577603,46853400,807817,58,,,2,1,,5,1,,,,EURO_RENOVATION,,,,,MONOLITH,,9,true,,kentron
Y21-B754D233,70532000,1037235,68,,,2,1,,2,0,,,,NEEDS_REPAIR,,,,,STONE,,5,false,,kentron
Y21-A68DE145,27709000,173181,160,,,4,2,,2,0,,,,GOOD,,,,,STONE,,4,false,,kentron
Y21-AB2B2AD4,113355000,827409,137,,,3,1,,9,0,,,,NEEDS_REPAIR,,,,,MONOLITH,,14,true,,kentron
Y21-80E283F7,113355000,827409,137,,,3,1,,9,0,,,,NEEDS_REPAIR,,,,,MONOLITH,,14,true,,kentron
Y21-9BDDC0C4,113355000,833493,136,,,3,2,,9,2,,,,EURO_RENOVATION,,,,,NEW_BUILD,,13,true,,kentron
Y21-5CF18237,113355000,827409,137,,,3,2,,9,2,,,,EURO_RENOVATION,,,,,NEW_BUILD,,14,true,,kentron
Y21-3664ED90,26197600,415835,63,,,2,1,,5,0,,,,EURO_RENOVATION,,,,,PANEL,,5,false,,kentron
Y21-CE6FC950,78089000,1346362,58,,,2,1,,3,0,,,,NEEDS_REPAIR,,,,,MONOLITH,,12,true,,kentron
Y21-918F9725,99752400,831270,120,,,3,1,,10,1,,,,NEEDS_REPAIR,,,,,NEW_BUILD,,13,true,,kentron
Y21-5AC47599,55418000,522811,106,,,4,1,,2,0,,,,NEEDS_REPAIR,,,,,MONOLITH,,4,false,,kentron
Y21-43398015,38792600,570479,68,,,2,1,,3,0,,,,NEEDS_REPAIR,,,,,STONE,,4,false,,kentron
Y21-719D20D5,36777400,735548,50,,,2,1,,4,0,,,,EURO_RENOVATION,,,,,PANEL,,14,true,,kentron
Y21-1ACBBBF2,42319200,503800,84,,,3,2,,10,1,,,,EURO_RENOVATION,,,,,PANEL,,10,true,,kentron
Y21-02CBDFA6,98241000,503800,195,,,6,3,,10,1,,,,EURO_RENOVATION,,,,,PANEL,,10,true,,kentron
Y21-855C10C2,55418000,1154542,48,,,2,1,,4,1,,,,EURO_RENOVATION,,,,,PANEL,,10,true,,kentron
Y21-1CB5E75C,83127000,875021,95,,,3,1,,1,2,,,,EURO_RENOVATION,,,,,STONE,,5,false,,kentron
Y21-A7BF61EC,37785000,307195,123,,,4,2,,4,0,,,,NEEDS_REPAIR,,,,,STONE,,4,false,,kentron
Y21-119342FF,41815400,440162,95,,,3,1,,3,1,,,,EURO_RENOVATION,,,,,PANEL,,9,true,,kentron
Y21-6C560AF7,78089000,679035,115,,,4,2,,8,1,,,,EURO_RENOVATION,,,,,PANEL,,16,true,,kentron
Y21-7025A62C,81615600,1059943,77,,,3,1,,4,0,,,,NEEDS_REPAIR,,,,,MONOLITH,,10,true,,kentron
Y21-98E238A2,50380000,621975,81,,,3,1,,2,2,,,,NEEDS_REPAIR,,,,,STONE,,6,true,,kentron
Y21-AD5EE375,45342000,1054465,43,,,1,1,,2,0,,,,NEEDS_REPAIR,,,,,STONE,,3,false,,kentron
Y21-1776DEAC,125950000,1574375,80,,,3,1,,4,2,,,,EURO_RENOVATION,,,,,STONE,,5,false,,kentron
Y21-B2B09F34,42823000,1070575,40,,,2,1,,5,0,,,,EURO_RENOVATION,,,,,PANEL,,9,true,,kentron
Y21-16C56E72,55418000,1204739,46,,,2,1,,1,0,,,,GOOD,,,,,STONE,,3,false,,kentron
Y21-674EB103,29220400,572949,51,,,1,1,,11,0,,,,GOOD,,,,,PANEL,,13,true,,kentron
Y21-2462ADE4,27709000,644395,43,,,2,1,,5,1,,,,GOOD,,,,,STONE,,6,true,,kentron
Y21-167DE719,26197600,770518,34,,,1,1,,5,0,,,,EURO_RENOVATION,,,,,STONE,,5,false,,kentron
Y21-7581620B,38792600,484908,80,,,3,2,,11,1,,,,EURO_RENOVATION,,,,,PANEL,,14,true,,kentron
Y21-FC4AC09B,90684000,1066871,85,,,3,3,,4,1,,,,NEEDS_REPAIR,,,,,STONE,,5,false,,kentron
Y21-FC7DDBF3,40304000,610667,66,,,4,1,,1,0,,,,EURO_RENOVATION,,,,,STONE,,4,false,,kentron
Y21-1E6D261A,26046460,1001787,26,,,2,1,,7,1,,,,EURO_RENOVATION,,,,,NEW_BUILD,,7,true,,kentron
Y21-CFE59AA7,54914200,686428,80,,,3,1,,2,1,,,,GOOD,,,,,STONE,,5,false,,kentron
Y21-FBDAB816,25945700,341391,76,,,3,1,,7,1,,,,EURO_RENOVATION,,,,,PANEL,,9,true,,kentron
Y21-E932244C,49372400,530886,93,,,3,2,,9,1,,,,EURO_RENOVATION,,,,,PANEL,,10,true,,kentron
Y21-DE01CB43,16121600,503800,32,,,2,1,,3,0,,,,NEEDS_REPAIR,,,,,STONE,,5,false,,kentron
Y21-C693396C,39246020,817625,48,,,2,1,,1,0,,,,EURO_RENOVATION,,,,,PANEL,,9,true,,kentron
Y21-7A86B58D,75570000,657130,115,,,3,1,,1,0,,,,NEEDS_REPAIR,,,,,STONE,,1,false,,kentron
Y21-07370ECF,70532000,1052716,67,,,2,1,,2,0,,,,EURO_RENOVATION,,,,,STONE,,4,false,,kentron
Y21-06B62F45,38238420,749773,51,,,2,1,,1,0,,,,EURO_RENOVATION,,,,,PANEL,,9,true,,kentron
Y21-B80067F0,39246020,769530,51,,,2,1,,1,0,,,,EURO_RENOVATION,,,,,PANEL,,10,true,,kentron
Y21-8AD95306,59448400,512486,116,,,5,1,,4,1,,,,EURO_RENOVATION,,,,,STONE,,4,false,,kentron
Y21-63EA67B4,37130060,608690,61,,,3,1,,12,0,,,,NEEDS_REPAIR,,,,,PANEL,,14,true,,kentron
Y21-BAAF11CD,42823000,951622,45,,,1,1,,10,1,,,,EURO_RENOVATION,,,,,STONE,,11,true,,kentron
Y21-43ED453C,52899000,853210,62,,,2,1,,5,0,,,,EURO_RENOVATION,,,,,STONE,,5,false,,kentron
Y21-593D421F,52899000,1057980,50,,,2,1,,4,0,,,,EURO_RENOVATION,,,,,STONE,,9,true,,kentron
Y21-0A3F8D5B,137033600,1756841,78,,,3,1,,2,0,,,,NEEDS_REPAIR,,,,,STONE,,4,false,,kentron
Y21-7E4E83C3,52899000,528990,100,,,4,1,,1,0,,,,GOOD,,,,,STONE,,14,true,,kentron
Y21-791801AE,70532000,928053,76,,,3,1,,3,0,,,,NEEDS_REPAIR,,,,,MONOLITH,,3,false,,kentron
Y21-D7C41266,39800200,503800,79,,,2,1,,7,1,,,,GOOD,,,,,PANEL,,12,true,,kentron
Y21-2533A495,32495100,855134,38,,,1,1,,4,1,,,,GOOD,,,,,STONE,,5,false,,kentron
Y21-3C39421F,44334400,1055581,42,,,1,1,,3,0,,,,NEEDS_REPAIR,,,,,MONOLITH,,3,false,,kentron
Y21-C02F6DFA,50380000,787188,64,,,3,1,,9,1,,,,EURO_RENOVATION,,,,,MONOLITH,,9,true,,kentron
Y21-91AC4BCA,120408200,1450701,83,,,3,1,,3,1,,,,EURO_RENOVATION,,,,,STONE,,5,false,,kentron
Y21-C2513482,53906600,770094,70,,,3,1,,8,1,,,,EURO_RENOVATION,,,,,PANEL,,10,true,,kentron
Y21-7FF89161,57433200,820474,70,,,3,1,,5,0,,,,NEEDS_REPAIR,,,,,STONE,,5,false,,kentron
Y21-4C19ED33,45342000,647743,70,,,3,1,,12,0,,,,EURO_RENOVATION,,,,,PANEL,,16,true,,kentron
Y21-80FFA9D0,24182400,604560,40,,,1,1,,8,0,,,,NEEDS_REPAIR,,,,,PANEL,,10,true,,kentron
Y21-A6F13EAA,37785000,726635,52,,,2,1,,4,1,,,,EURO_RENOVATION,,,,,MONOLITH,,14,true,,kentron
Y21-470EE9B1,23678600,473572,50,,,2,1,,14,0,,,,GOOD,,,,,PANEL,,16,true,,kentron
Y21-F4BE0DED,80356100,1131776,71,,,3,1,,8,1,,,,EURO_RENOVATION,,,,,NEW_BUILD,,13,true,,kentron
Y21-E6DABF17,55418000,1319476,42,,,2,1,,7,0,,,,EURO_RENOVATION,,,,,PANEL,,9,true,,kentron
Y21-17F2F314,44838200,846004,53,,,2,1,,12,1,,,,EURO_RENOVATION,,,,,NEW_BUILD,,14,true,,kentron
Y21-B8E19EE7,31235600,743705,42,,,2,1,,2,0,,,,EURO_RENOVATION,,,,,NEW_BUILD,,12,true,,kentron
Y21-55E5589A,74562400,654056,114,,,3,1,,8,0,,,,NEEDS_REPAIR,,,,,STONE,,11,true,,kentron
Y21-E69CC0E4,47861000,531789,90,,,3,1,,7,1,,,,GOOD,,,,,PANEL,,9,true,,kentron
Y21-98A88A79,46349600,526700,88,,,3,1,,4,2,,,,GOOD,,,,,STONE,,4,false,,kentron
Y21-21054608,52899000,551031,96,,,3,1,,2,1,,,,GOOD,,,,,MONOLITH,,10,true,,kentron
Y21-3F89B087,75570000,787188,96,,,3,1,,5,1,,,,GOOD,,,,,PANEL,,11,true,,kentron
Y21-5771EDDB,60456000,657130,92,,,4,2,,7,1,,,,EURO_RENOVATION,,,,,PANEL,,9,true,,kentron
Y21-878F8DD9,28716600,522120,55,,,2,1,,1,1,,,,NEEDS_REPAIR,,,,,STONE,,5,false,,kentron
Y21-7813DC8A,52899000,661238,80,,,3,1,,5,1,,,,GOOD,,,,,PANEL,,9,true,,kentron
Y21-CE273D93,85646000,984437,87,,,2,1,,5,0,,,,EURO_RENOVATION,,,,,NEW_BUILD,,14,true,,kentron
Y21-E04F37A1,59448400,958845,62,,,2,1,,2,0,,,,EURO_RENOVATION,,,,,PANEL,,14,true,,kentron
Y21-46F99B05,39800200,1105561,36,,,1,1,,3,1,,,,EURO_RENOVATION,,,,,STONE,,4,false,,kentron
Y21-6FCC783A,40304000,806080,50,,,1,1,,2,0,,,,EURO_RENOVATION,,,,,STONE,,4,false,,kentron
Y21-A0B885A3,17633000,251900,70,,,2,1,,2,1,,,,GOOD,,,,,STONE,,2,false,,kentron
Y21-16495F52,38792600,484908,80,,,3,2,,11,1,,,,EURO_RENOVATION,,,,,PANEL,,14,true,,kentron
Y21-249D200A,35266000,534333,66,,,3,1,,3,1,,,,GOOD,,,,,PANEL,,9,true,,kentron
Y21-9293BD36,70532000,758409,93,,,4,1,,3,0,,,,GOOD,,,,,PANEL,,9,true,,kentron
Y21-4F19C79A,23174800,579370,40,,,1,1,,2,1,,,,GOOD,,,,,PANEL,,9,true,,kentron
Y21-A38F69E7,141064000,656112,215,,,5,1,,7,2,,,,EURO_RENOVATION,,,,,NEW_BUILD,,7,true,,kentron
Y21-2E6665F9,60456000,636379,95,,,3,1,,4,0,,,,NEEDS_REPAIR,,,,,STONE,,4,false,,kentron
Y21-FBC33775,83127000,602370,138,,,4,1,,4,1,,,,GOOD,,,,,STONE,,4,false,,kentron
Y21-5161B24D,100760000,1049583,96,,,3,1,,1,1,,,,EURO_RENOVATION,,,,,PANEL,,12,true,,kentron
Y21-889EF616,73051000,561931,130,,,4,1,,1,1,,,,EURO_RENOVATION,,,,,STONE,,5,false,,kentron
Y21-BE1A7815,78089000,1904610,41,,,2,1,,3,1,,,,EURO_RENOVATION,,,,,STONE,,5,false,,kentron
Y21-7BCECBC9,136026000,1478543,92,,,3,1,,1,1,,,,EURO_RENOVATION,,,,,STONE,,4,false,,kentron
Y21-82C72532,75570000,932963,81,,,4,2,,2,1,,,,EURO_RENOVATION,,,,,PANEL,,9,true,,kentron
Y21-F215324F,82119400,726720,113,,,4,2,,5,1,,,,EURO_RENOVATION,,,,,STONE,,5,false,,kentron
Y21-ED942A72,125950000,1114602,113,,,3,2,,6,1,,,,EURO_RENOVATION,,,,,NEW_BUILD,,8,true,,kentron
Y21-93D111AB,44334400,642528,69,,,2,2,,2,1,,,,EURO_RENOVATION,,,,,NEW_BUILD,,13,true,,kentron
Y21-0432023C,91691600,916916,100,,,4,2,,9,1,,,,EURO_RENOVATION,,,,,MONOLITH,,9,true,,kentron
Y21-89F9B13C,49372400,594848,83,,,4,3,,8,1,,,,GOOD,,,,,PANEL,,9,true,,kentron
Y21-8E81D168,58440800,521793,112,,,3,2,,9,1,,,,NEEDS_REPAIR,,,,,NEW_BUILD,,14,true,,kentron
Y21-D2631C8D,119400600,970737,123,,,4,1,,9,0,,,,NEEDS_REPAIR,,,,,NEW_BUILD,,11,true,,kentron
Y21-FAE301CD,60456000,1343467,45,,,1,1,,3,0,,,,EURO_RENOVATION,,,,,PANEL,,10,true,,kentron
Y21-4FAE1B39,36273600,659520,55,,,2,1,,3,0,,,,EURO_RENOVATION,,,,,PANEL,,13,true,,kentron
Y21-E76F1BD2,57937000,643744,90,,,4,1,,11,2,,,,EURO_RENOVATION,,,,,NEW_BUILD,,12,true,,kentron
Y21-94B3D3BF,78089000,908012,86,,,3,2,,1,0,,,,EURO_RENOVATION,,,,,STONE,,4,false,,kentron
Y21-2CF5B61A,30228000,629750,48,,,2,1,,1,1,,,,GOOD,,,,,STONE,,5,false,,kentron
Y21-F5230850,80608000,1033436,78,,,3,1,,3,1,,,,GOOD,,,,,STONE,,5,false,,kentron
Y21-75722847,35266000,618702,57,,,2,1,,3,1,,,,NEEDS_REPAIR,,,,,STONE,,5,false,,kentron
Y21-69AA360E,73051000,652241,112,,,4,1,,5,0,,,,NEEDS_REPAIR,,,,,MONOLITH,,14,true,,kentron
Y21-2ED43584,26701400,721659,37,,,1,1,,1,0,,,,NEEDS_REPAIR,,,,,MONOLITH,,14,true,,kentron
Y21-0E745C06,33502700,620420,54,,,2,1,,12,1,,,,EURO_RENOVATION,,,,,NEW_BUILD,,14,true,,kentron
Y21-814DC9A0,11083600,299557,37,,,1,1,,3,1,,,,GOOD,,,,,STONE,,4,false,,kentron
Y21-E6EDE9B3,50380000,559778,90,,,3,1,,7,1,,,,GOOD,,,,,PANEL,,10,true,,kentron
Y21-19CB84D1,50380000,559778,90,,,3,1,,7,1,,,,GOOD,,,,,PANEL,,10,true,,kentron
Y21-8A7ACFDC,53906600,1146949,47,,,2,1,,6,0,,,,NEEDS_REPAIR,,,,,NEW_BUILD,,17,true,,kentron
Y21-0B58CEC1,143583000,1004077,143,,,4,2,,6,2,,,,NEEDS_REPAIR,,,,,NEW_BUILD,,16,true,,kentron
Y21-B22C894E,75570000,944625,80,,,3,1,,3,0,,,,NEEDS_REPAIR,,,,,STONE,,9,true,,kentron
Y21-BF776B4B,40304000,1007600,40,,,1,1,,4,0,,,,EURO_RENOVATION,,,,,MONOLITH,,9,true,,kentron
Y21-570B1358,41311600,510020,81,,,2,1,,12,2,,,,GOOD,,,,,PANEL,,12,true,,kentron
Y21-EDF9C07B,31235600,446223,70,,,3,1,,5,1,,,,NEEDS_REPAIR,,,,,STONE,,5,false,,kentron
Y21-3385DA6A,70532000,1533304,46,,,2,1,,11,1,,,,EURO_RENOVATION,,,,,NEW_BUILD,,18,true,,kentron
Y21-41679EBA,41815400,663737,63,,,2,1,,6,2,,,,GOOD,,,,,NEW_BUILD,,9,true,,kentron
Y21-0DC491AD,34006500,755700,45,,,1,1,,3,0,,,,EURO_RENOVATION,,,,,NEW_BUILD,,3,false,,kentron
Y21-BD02957F,55418000,1154542,48,,,1,1,,4,1,,,,EURO_RENOVATION,,,,,PANEL,,10,true,,kentron
Y21-7DCDFD8E,65494000,617868,106,,,5,2,,7,2,,,,GOOD,,,,,STONE,,16,true,,kentron
Y21-11BA0984,30228000,671733,45,,,1,1,,4,1,,,,EURO_RENOVATION,,,,,PANEL,,10,true,,kentron
Y21-14750B72,26701400,404567,66,,,3,1,,7,1,,,,NEEDS_REPAIR,,,,,PANEL,,9,true,,kentron
Y21-6BD02BBD,40304000,937302,43,,,2,1,,1,0,,,,NEEDS_REPAIR,,,,,STONE,,3,false,,kentron
Y21-7C6ABE35,43830600,876612,50,,,2,1,,4,0,,,,EURO_RENOVATION,,,,,PANEL,,11,true,,kentron
Y21-46E3F174,70532000,881650,80,,,2,1,,4,0,,,,NEEDS_REPAIR,,,,,PANEL,,9,true,,kentron
Y21-7E88C9E3,40304000,503800,80,,,3,1,,9,1,,,,EURO_RENOVATION,,,,,PANEL,,9,true,,kentron
Y21-243B8763,52899000,622341,85,,,3,1,,3,1,,,,EURO_RENOVATION,,,,,STONE,,3,false,,kentron
Y21-0DDAFB2B,40304000,403040,100,,,3,1,,2,2,,,,EURO_RENOVATION,,,,,STONE,,3,false,,kentron
Y21-D9DB00FB,54914200,832033,66,,,3,1,,6,1,,,,EURO_RENOVATION,,,,,PANEL,,11,true,,kentron
Y21-2DE16819,42823000,1098026,39,,,1,1,,5,1,,,,EURO_RENOVATION,,,,,NEW_BUILD,,7,true,,kentron
Y21-E28290C1,45291620,1132291,40,,,1,1,,5,1,,,,EURO_RENOVATION,,,,,NEW_BUILD,,7,true,,kentron
Y21-6B63CB1B,40807800,668980,61,,,2,1,,2,1,,,,EURO_RENOVATION,,,,,STONE,,5,false,,kentron
Y21-53B9998E,43326800,618954,70,,,2,2,,3,1,,,,GOOD,,,,,MONOLITH,,11,true,,kentron
Y21-DC5EC3AD,36777400,1081688,34,,,1,1,,4,1,,,,EURO_RENOVATION,,,,,STONE,,4,false,,kentron
Y21-CA5D218D,75570000,1064366,71,,,3,1,,2,0,,,,EURO_RENOVATION,,,,,PANEL,,10,true,,kentron
Y21-3CE81169,110836000,791686,140,,,4,2,,3,2,,,,GOOD,,,,,STONE,,6,true,,kentron
Y21-CC28E5A3,65494000,612093,107,,,3,1,,7,0,,,,NEEDS_REPAIR,,,,,STONE,,16,true,,kentron
Y21-A6D2DB5F,55418000,1026259,54,,,2,1,,5,0,,,,EURO_RENOVATION,,,,,NEW_BUILD,,10,true,,kentron
Y21-2FFD82D3,45342000,573949,79,,,4,1,,6,2,,,,EURO_RENOVATION,,,,,STONE,,6,true,,kentron
Y21-6AEB9FF0,62975000,1399444,45,,,2,1,,2,1,,,,EURO_RENOVATION,,,,,STONE,,5,false,,kentron
Y21-EB54FD9B,40304000,1007600,40,,,2,1,,5,0,,,,NEEDS_REPAIR,,,,,PANEL,,10,true,,kentron
Y21-8B230AF2,50380000,1228780,41,,,1,1,,5,1,,,,EURO_RENOVATION,,,,,STONE,,5,false,,kentron
Y21-5CC9465D,115874000,1245957,93,,,3,2,,3,1,,,,EURO_RENOVATION,,,,,STONE,,4,false,,kentron
Y21-9481FDF5,47861000,563071,85,,,3,2,,9,1,,,,EURO_RENOVATION,,,,,PANEL,,10,true,,kentron
Y21-F7B40DF8,60456000,1727314,35,,,1,1,,2,1,,,,NEEDS_REPAIR,,,,,STONE,,5,false,,kentron
Y21-B6094B70,31739400,755700,42,,,2,1,,6,0,,,,NEEDS_REPAIR,,,,,MONOLITH,,9,true,,kentron
Y21-B9AC3E84,44838200,1179953,38,,,1,1,,3,1,,,,GOOD,,,,,STONE,,4,false,,kentron
Y21-63B90558,36273600,684408,53,,,2,1,,2,0,,,,NEEDS_REPAIR,,,,,PANEL,,9,true,,kentron
Y21-002B8377,43830600,1095765,40,,,1,1,,3,1,,,,EURO_RENOVATION,,,,,STONE,,6,true,,kentron
Y21-58C76D15,70532000,1007600,70,,,3,1,,11,0,,,,EURO_RENOVATION,,,,,PANEL,,11,true,,kentron
Y21-1A65CD2E,50380000,680811,74,,,2,1,,1,1,,,,GOOD,,,,,MONOLITH,,9,true,,kentron
Y21-61D66BE1,105798000,1290220,82,,,4,2,,1,1,,,,GOOD,,,,,STONE,,4,false,,kentron
Y21-B0330F7B,43830600,842896,52,,,2,1,,7,0,,,,EURO_RENOVATION,,,,,PANEL,,10,true,,kentron
Y21-2A9F63F8,53906600,414666,130,,,4,1,,1,1,,,,EURO_RENOVATION,,,,,STONE,,5,false,,kentron
Y21-09E1E1C5,60456000,629750,96,,,4,1,,2,0,,,,EURO_RENOVATION,,,,,PANEL,,14,true,,kentron
Y21-391016F3,44334400,403040,110,,,3,1,,3,1,,,,GOOD,,,,,PANEL,,9,true,,kentron
Y21-39E8DD7B,100760000,1481765,68,,,2,2,,9,1,,,,EURO_RENOVATION,,,,,PANEL,,11,true,,kentron
Y21-AE303084,52899000,1259500,42,,,1,1,,5,0,,,,EURO_RENOVATION,,,,,STONE,,5,false,,kentron
Y21-148454E1,57937000,386247,150,,,4,2,,7,2,,,,EURO_RENOVATION,,,,,STONE,,10,true,,kentron
Y21-810AC4CC,42823000,497942,86,,,2,1,,2,1,,,,EURO_RENOVATION,,,,,NEW_BUILD,,10,true,,kentron
Y21-C358D13D,75570000,994342,76,,,2,1,,5,2,,,,GOOD,,,,,STONE,,5,false,,kentron
Y21-E6B83ED5,38792600,562212,69,,,2,1,,2,0,,,,NEEDS_REPAIR,,,,,PANEL,,11,true,,kentron
Y21-7509B051,80608000,916000,88,,,3,2,,5,0,,,,EURO_RENOVATION,,,,,STONE,,6,true,,kentron
Y21-EAD79274,40304000,1300129,31,,,1,1,,3,1,,,,EURO_RENOVATION,,,,,STONE,,5,false,,kentron
Y21-F5A15193,31739400,738126,43,,,1,1,,6,1,,,,EURO_RENOVATION,,,,,PANEL,,10,true,,kentron
Y21-21679502,36273600,824400,44,,,1,1,,2,1,,,,EURO_RENOVATION,,,,,STONE,,4,false,,kentron
Y21-6705C183,40304000,775077,52,,,2,1,,2,0,,,,NEEDS_REPAIR,,,,,MONOLITH,,14,true,,kentron
Y21-511338B1,47861000,664736,72,,,2,1,,2,0,,,,NEEDS_REPAIR,,,,,MONOLITH,,10,true,,kentron
Y21-D806AD12,65494000,1129207,58,,,2,1,,3,1,,,,NEEDS_REPAIR,,,,,NEW_BUILD,,18,true,,kentron
Y21-3BB5E41D,50380000,932963,54,,,2,1,,13,2,,,,EURO_RENOVATION,,,,,PANEL,,14,true,,kentron
Y21-556E3DBC,74058600,1322475,56,,,2,1,,3,0,,,,NEEDS_REPAIR,,,,,STONE,,5,false,,kentron
Y21-2DEE3CD5,80608000,1389793,58,,,2,1,,5,0,,,,EURO_RENOVATION,,,,,MONOLITH,,18,true,,kentron
Y21-AC37248E,92195400,878051,105,,,3,2,,3,2,,,,EURO_RENOVATION,,,,,NEW_BUILD,,10,true,,kentron
Y21-4CC54A39,65494000,654940,100,,,4,1,,4,2,,,,GOOD,,,,,STONE,,5,false,,kentron
Y21-49378044,44334400,554180,80,,,2,1,,5,0,,,,EURO_RENOVATION,,,,,PANEL,,15,true,,kentron
Y21-1EE25DF4,52899000,813831,65,,,2,1,,4,1,,,,EURO_RENOVATION,,,,,PANEL,,9,true,,kentron
Y21-0B80385A,50380000,559778,90,,,3,1,,4,0,,,,EURO_RENOVATION,,,,,STONE,,5,false,,kentron
Y21-AE744500,47861000,957220,50,,,2,1,,6,0,,,,NEEDS_REPAIR,,,,,MONOLITH,,13,true,,kentron
Y21-CB0ADB6C,54914200,998440,55,,,2,1,,3,1,,,,EURO_RENOVATION,,,,,STONE,,4,false,,kentron
Y21-152C9814,70028200,1000403,70,,,2,1,,2,0,,,,NEEDS_REPAIR,,,,,MONOLITH,,13,true,,kentron
Y21-C0059B17,53402800,721659,74,,,3,2,,6,1,,,,EURO_RENOVATION,,,,,NEW_BUILD,,9,true,,kentron
Y21-624778EB,64738300,719314,90,,,3,1,,6,1,,,,NEEDS_REPAIR,,,,,PANEL,,11,true,,kentron
Y21-A54C4979,75570000,1007600,75,,,3,1,,2,1,,,,GOOD,,,,,STONE,,5,false,,kentron
Y21-3056BD25,44334400,575771,77,,,3,1,,9,1,,,,GOOD,,,,,PANEL,,9,true,,kentron
Y21-D64AF017,70028200,583568,120,,,4,1,,3,2,,,,NEEDS_REPAIR,,,,,PANEL,,16,true,,kentron
Y21-28123E72,65494000,1284196,51,,,2,1,,4,1,,,,GOOD,,,,,STONE,,4,false,,kentron
Y21-74739FCB,22671000,666794,34,,,1,1,,1,1,,,,GOOD,,,,,STONE,,5,false,,kentron
Y21-1EAD5423,17633000,367354,48,,,2,1,,1,0,,,,EURO_RENOVATION,,,,,STONE,,4,false,,kentron
Y21-BBBC85C0,95722000,832365,115,,,3,1,,3,1,,,,GOOD,,,,,STONE,,5,false,,kentron
Y21-A7C2C02B,98241000,392964,250,,,6,2,,1,2,,,,GOOD,,,,,STONE,,7,true,,kentron
Y21-94ED34DA,64990200,970003,67,,,3,1,,8,0,,,,NEEDS_REPAIR,,,,,MONOLITH,,9,true,,kentron
Y21-51D0B0DC,40555900,1192821,34,,,2,1,,5,1,,,,EURO_RENOVATION,,,,,STONE,,5,false,,kentron
Y21-CC0851BD,26197600,748503,35,,,1,1,,1,0,,,,EURO_RENOVATION,,,,,STONE,,5,false,,kentron
Y21-E2994D11,55418000,1007600,55,,,1,1,,10,1,,,,EURO_RENOVATION,,,,,PANEL,,10,true,,kentron
Y21-69A35F82,37785000,899643,42,,,1,1,,3,0,,,,EURO_RENOVATION,,,,,PANEL,,11,true,,kentron
Y21-749CE9DF,62975000,851014,74,,,3,1,,8,1,,,,EURO_RENOVATION,,,,,PANEL,,10,true,,kentron
Y21-6BA97352,40304000,916000,44,,,2,1,,3,2,,,,EURO_RENOVATION,,,,,PANEL,,10,true,,kentron
Y21-6F029A20,100760000,1975686,51,,,1,1,,12,1,,,,EURO_RENOVATION,,,,,NEW_BUILD,,15,true,,kentron
Y21-E60B49A8,52899000,734708,72,,,2,1,,5,1,,,,EURO_RENOVATION,,,,,PANEL,,10,true,,kentron
Y21-468657F3,75570000,1349464,56,,,2,1,,5,2,,,,NEEDS_REPAIR,,,,,STONE,,6,true,,kentron
Y21-0F434B32,59448400,724980,82,,,3,1,,6,1,,,,GOOD,,,,,PANEL,,9,true,,kentron
Y21-897928B6,46349600,601943,77,,,3,1,,5,0,,,,NEEDS_REPAIR,,,,,STONE,,6,true,,kentron
Y21-2FAA4F12,39800200,1206067,33,,,1,1,,3,1,,,,EURO_RENOVATION,,,,,STONE,,5,false,,kentron
Y21-DD45DD69,42823000,951622,45,,,2,1,,2,1,,,,EURO_RENOVATION,,,,,STONE,,4,false,,kentron
Y21-530400D1,105294200,974946,108,,,4,2,,2,1,,,,EURO_RENOVATION,,,,,STONE,,3,false,,kentron
Y21-8D5F55B5,100256200,1179485,85,,,4,1,,2,1,,,,EURO_RENOVATION,,,,,STONE,,4,false,,kentron
Y21-703DE8D6,93203000,951051,98,,,3,1,,4,1,,,,EURO_RENOVATION,,,,,STONE,,9,true,,kentron
Y21-4BCF2B41,52899000,801500,66,,,3,1,,7,1,,,,GOOD,,,,,MONOLITH,,16,true,,kentron
Y21-DF4FC00B,31235600,459347,68,,,3,1,,9,1,,,,EURO_RENOVATION,,,,,PANEL,,9,true,,kentron
Y21-E0E20F5A,28212800,688117,41,,,1,1,,5,0,,,,EURO_RENOVATION,,,,,PANEL,,9,true,,kentron
Y21-9E623D63,68013000,1062703,64,,,2,1,,2,1,,,,EURO_RENOVATION,,,,,NEW_BUILD,,10,true,,kentron
Y21-2FB7AB5E,47861000,1087750,44,,,2,1,,5,0,,,,NEEDS_REPAIR,,,,,PANEL,,8,true,,kentron
Y21-7FA77F26,43830600,1019316,43,,,2,1,,10,0,,,,NEEDS_REPAIR,,,,,PANEL,,11,true,,kentron
Y21-F153CA63,35266000,608034,58,,,2,1,,3,0,,,,NEEDS_REPAIR,,,,,STONE,,10,true,,kentron
Y21-2C367917,95722000,1040457,92,,,3,1,,3,1,,,,GOOD,,,,,STONE,,5,false,,kentron
Y21-B2455053,65494000,935629,70,,,3,1,,6,1,,,,EURO_RENOVATION,,,,,PANEL,,10,true,,kentron
Y21-A5F15BDE,65494000,1039587,63,,,2,1,,9,1,,,,EURO_RENOVATION,,,,,MONOLITH,,10,true,,kentron
Y21-31D62849,118393000,730821,162,,,4,1,,2,0,,,,NEEDS_REPAIR,,,,,MONOLITH,,17,true,,kentron
Y21-A7A30AB8,67005400,807294,83,,,3,1,,9,0,,,,NEEDS_REPAIR,,,,,NEW_BUILD,,16,true,,kentron
Y21-16A580A0,45342000,482362,94,,,3,1,,4,2,,,,EURO_RENOVATION,,,,,PANEL,,12,true,,kentron
Y21-3F9E8129,61463600,731710,84,,,4,3,,2,0,,,,EURO_RENOVATION,,,,,STONE,,5,false,,kentron
Y21-34F0690F,7557000,188925,40,,,2,1,,1,0,,,,NEEDS_REPAIR,,,,,STONE,,1,false,,kentron
Y21-60A6D436,56425600,587767,96,,,4,1,,8,1,,,,EURO_RENOVATION,,,,,PANEL,,9,true,,kentron
Y21-F7E4F44F,73051000,1043586,70,,,3,1,,3,0,,,,EURO_RENOVATION,,,,,STONE,,4,false,,kentron
Y21-8567A821,137033600,1827115,75,,,3,1,,6,1,,,,EURO_RENOVATION,,,,,NEW_BUILD,,10,true,,kentron
Y21-EFDA39FF,60456000,806080,75,,,3,1,,4,0,,,,EURO_RENOVATION,,,,,STONE,,5,false,,kentron
Y21-4111827A,138545000,706862,196,,,5,1,,5,0,,,,NEEDS_REPAIR,,,,,STONE,,5,false,,kentron
Y21-2D901C34,90180200,540001,167,,,6,2,,12,2,,,,NEEDS_REPAIR,,,,,NEW_BUILD,,13,true,,kentron
Y21-B6261634,28212800,386477,73,,,2,1,,1,1,,,,GOOD,,,,,STONE,,5,false,,kentron
Y21-B554B380,31235600,446223,70,,,3,1,,5,1,,,,NEEDS_REPAIR,,,,,STONE,,5,false,,kentron
Y21-D05E5421,68013000,687000,99,,,4,2,,4,1,,,,EURO_RENOVATION,,,,,STONE,,4,false,,kentron
Y21-A43995EA,45342000,492848,92,,,3,1,,4,0,,,,NEEDS_REPAIR,,,,,STONE,,4,false,,kentron
Y21-707031A7,58440800,749241,78,,,2,1,,4,0,,,,EURO_RENOVATION,,,,,NEW_BUILD,,11,true,,kentron
Y21-AB9A8A66,58440800,739757,79,,,2,1,,4,0,,,,EURO_RENOVATION,,,,,NEW_BUILD,,11,true,,kentron
Y21-B204ADFF,47861000,1196525,40,,,2,1,,4,0,,,,NEEDS_REPAIR,,,,,STONE,,4,false,,kentron
Y21-209823AE,47861000,854661,56,,,1,1,,10,0,,,,EURO_RENOVATION,,,,,PANEL,,10,true,,kentron
Y21-FA6753DE,105798000,1469417,72,,,3,1,,1,1,,,,EURO_RENOVATION,,,,,STONE,,4,false,,kentron
Y21-B88B36AC,66753500,1483411,45,,,2,1,,5,0,,,,EURO_RENOVATION,,,,,NEW_BUILD,,10,true,,kentron
Y21-3025F56A,25693800,676153,38,,,1,1,,4,1,,,,EURO_RENOVATION,,,,,NEW_BUILD,,14,true,,kentron
Y21-9E9391C6,69020600,1030158,67,,,2,1,,3,1,,,,EURO_RENOVATION,,,,,NEW_BUILD,,6,true,,kentron
Y21-447A7809,72043400,766419,94,,,3,2,,1,1,,,,EURO_RENOVATION,,,,,STONE,,3,false,,kentron
Y21-620A835F,40304000,650065,62,,,2,1,,5,1,,,,GOOD,,,,,STONE,,5,false,,kentron
Y21-21E8487E,125446200,784039,160,,,4,2,,4,2,,,,EURO_RENOVATION,,,,,STONE,,4,false,,kentron
Y21-9C2DB2FE,80608000,822531,98,,,3,1,,6,1,,,,EURO_RENOVATION,,,,,PANEL,,11,true,,kentron
Y21-D3E69D72,55418000,955483,58,,,2,1,,10,1,,,,EURO_RENOVATION,,,,,PANEL,,10,true,,kentron
Y21-BD4E3F1F,25190000,629750,40,,,1,1,,6,0,,,,EURO_RENOVATION,,,,,NEW_BUILD,,12,true,,kentron
Y21-33145828,63478800,477284,133,,,5,2,,3,2,,,,GOOD,,,,,NEW_BUILD,,12,true,,kentron
Y21-9B8522EE,78089000,679035,115,,,4,2,,3,2,,,,EURO_RENOVATION,,,,,STONE,,4,false,,kentron
Y21-7BCE7881,75570000,719714,105,,,3,1,,5,0,,,,NEEDS_REPAIR,,,,,STONE,,5,false,,kentron
Y21-6021C51A,43326800,618954,70,,,3,1,,5,1,,,,GOOD,,,,,STONE,,7,true,,kentron
Y21-D995A275,64486400,921234,70,,,3,1,,13,1,,,,EURO_RENOVATION,,,,,PANEL,,16,true,,kentron
Y21-860C817D,68516800,978811,70,,,3,1,,5,0,,,,NEEDS_REPAIR,,,,,STONE,,5,false,,kentron
Y21-0CC58B85,40304000,639746,63,,,3,1,,6,1,,,,EURO_RENOVATION,,,,,MONOLITH,,9,true,,kentron
Y21-FBCD109C,23678600,1315478,18,,,1,1,,3,0,,,,NEEDS_REPAIR,,,,,STONE,,3,false,,kentron
Y21-40168240,85646000,1223514,70,,,3,1,,2,0,,,,EURO_RENOVATION,,,,,NEW_BUILD,,10,true,,kentron
Y21-5C721B92,63982600,1279652,50,,,2,1,,2,1,,,,EURO_RENOVATION,,,,,STONE,,5,false,,kentron
Y21-3478F600,24938100,656266,38,,,1,1,,4,1,,,,EURO_RENOVATION,,,,,NEW_BUILD,,13,true,,kentron
Y21-5BBF9B8D,75066200,974886,77,,,3,2,,7,2,,,,EURO_RENOVATION,,,,,PANEL,,11,true,,kentron
Y21-5B318747,130988000,1082545,121,,,4,2,,3,0,,,,EURO_RENOVATION,,,,,PANEL,,11,true,,kentron
Y21-62D192B9,26197600,1007600,26,,,1,1,,2,0,,,,NEEDS_REPAIR,,,,,STONE,,4,false,,kentron
Y21-AABC939D,49876200,525013,95,,,3,1,,3,0,,,,NEEDS_REPAIR,,,,,STONE,,5,false,,kentron
Y21-B62E6434,46349600,503800,92,,,4,1,,7,1,,,,GOOD,,,,,PANEL,,9,true,,kentron
Y21-65E88F1E,148621000,1061579,140,,,4,1,,7,1,,,,EURO_RENOVATION,,,,,NEW_BUILD,,17,true,,kentron
Y21-F10B7C6E,37785000,899643,42,,,2,1,,2,1,,,,GOOD,,,,,PANEL,,9,true,,kentron
Y21-29CF7095,31235600,446223,70,,,3,1,,5,1,,,,GOOD,,,,,STONE,,5,false,,kentron
Y21-D6560E5F,31235600,446223,70,,,3,1,,5,1,,,,NEEDS_REPAIR,,,,,STONE,,5,false,,kentron
Y21-BC038AE5,50380000,1007600,50,,,2,1,,5,0,,,,NEEDS_REPAIR,,,,,STONE,,5,false,,kentron
Y21-B46C88C0,37785000,517603,73,,,3,2,,4,1,,,,GOOD,,,,,STONE,,5,false,,kentron
Y21-E4320A4B,50380000,559778,90,,,4,1,,1,2,,,,EURO_RENOVATION,,,,,STONE,,5,false,,kentron
Y21-4CE64E8E,40304000,335867,120,,,3,1,,3,0,,,,EURO_RENOVATION,,,,,STONE,,3,false,,kentron
Y21-4CCB2DE1,31235600,679035,46,,,2,1,,2,0,,,,EURO_RENOVATION,,,,,NEW_BUILD,,12,true,,kentron
Y21-234D82E0,84134600,1502404,56,,,2,1,,3,0,,,,EURO_RENOVATION,,,,,NEW_BUILD,,8,true,,kentron
Y21-D3524FB1,34510300,639080,54,,,3,1,,14,1,,,,EURO_RENOVATION,,,,,NEW_BUILD,,14,true,,kentron
Y21-B8F1D805,141064000,1454268,97,,,2,1,,4,1,,,,EURO_RENOVATION,,,,,NEW_BUILD,,7,true,,kentron
Y21-67C034FC,74562400,828471,90,,,3,1,,9,0,,,,EURO_RENOVATION,,,,,PANEL,,10,true,,kentron
Y21-C1B3DFC2,70532000,705320,100,,,3,1,,4,1,,,,EURO_RENOVATION,,,,,STONE,,4,false,,kentron
Y21-C434B09F,52899000,661238,80,,,3,2,,2,1,,,,EURO_RENOVATION,,,,,PANEL,,9,true,,kentron
Y21-B95609C4,110836000,1055581,105,,,3,2,,3,1,,,,EURO_RENOVATION,,,,,NEW_BUILD,,21,true,,kentron
Y21-127F8E5C,90684000,1105902,82,,,3,1,,1,0,,,,GOOD,,,,,PANEL,,2,false,,kentron
Y21-1E8FB657,38792600,606134,64,,,1,2,,8,1,,,,GOOD,,,,,NEW_BUILD,,8,true,,kentron
Y21-1B4FF3D0,37785000,944625,40,,,2,1,,8,0,,,,EURO_RENOVATION,,,,,NEW_BUILD,,8,true,,kentron
Y21-89C98ED6,26197600,654940,40,,,1,1,,4,1,,,,GOOD,,,,,STONE,,4,false,,kentron
Y21-4BFE4F46,90684000,816973,111,,,3,1,,5,0,,,,NEEDS_REPAIR,,,,,MONOLITH,,8,true,,kentron
Y21-1E140FD8,35266000,518618,68,,,2,1,,8,2,,,,GOOD,,,,,PANEL,,9,true,,kentron
Y21-352CA89E,105798000,1007600,105,,,2,2,,8,1,,,,NEEDS_REPAIR,,,,,NEW_BUILD,,14,true,,kentron
Y21-5B15F481,68013000,957930,71,,,2,1,,5,2,,,,GOOD,,,,,STONE,,8,true,,kentron
Y21-38A88D8C,25190000,484423,52,,,2,1,,1,1,,,,EURO_RENOVATION,,,,,STONE,,6,true,,kentron
Y21-CBF378B5,68013000,739272,92,,,3,1,,5,2,,,,EURO_RENOVATION,,,,,PANEL,,11,true,,kentron
Y21-2A5D34B9,45342000,503800,90,,,3,1,,7,1,,,,GOOD,,,,,PANEL,,10,true,,kentron
Y21-9F3D2BCC,37785000,444529,85,,,5,1,,2,0,,,,NEEDS_REPAIR,,,,,STONE,,2,false,,kentron
Y21-98D1E45C,30228000,755700,40,,,1,1,,13,1,,,,EURO_RENOVATION,,,,,NEW_BUILD,,14,true,,kentron
Y21-7A2E50D0,47861000,997104,48,,,2,1,,2,0,,,,EURO_RENOVATION,,,,,PANEL,,10,true,,kentron
Y21-40322372,85646000,873939,98,,,3,1,,6,0,,,,EURO_RENOVATION,,,,,PANEL,,11,true,,kentron
Y21-CAE3DEDD,122171500,604809,202,,,3,2,,1,1,,,,NEEDS_REPAIR,,,,,NEW_BUILD,,5,false,,kentron
Y21-C2CDE7CE,60456000,795474,76,,,3,1,,10,1,,,,EURO_RENOVATION,,,,,NEW_BUILD,,16,true,,kentron
Y21-92F9A2C1,56425600,527342,107,,,3,2,,3,0,,,,EURO_RENOVATION,,,,,NEW_BUILD,,5,false,,kentron
Y21-AE1F6AC0,42823000,778600,55,,,1,1,,15,1,,,,GOOD,,,,,PANEL,,16,true,,kentron
Y21-8AB08134,31235600,466203,67,,,2,1,,8,1,,,,GOOD,,,,,PANEL,,10,true,,kentron
Y21-A3BAA822,80608000,1343467,60,,,2,1,,5,0,,,,EURO_RENOVATION,,,,,MONOLITH,,16,true,,kentron
Y21-422DA5B7,113355000,977198,116,,,5,1,,1,0,,,,NEEDS_REPAIR,,,,,STONE,,5,false,,kentron
Y21-098E4C9D,32747000,367944,89,,,5,1,,2,0,,,,NEEDS_REPAIR,,,,,STONE,,2,false,,kentron
Y21-70655BA4,68013000,708469,96,,,3,1,,3,1,,,,EURO_RENOVATION,,,,,STONE,,5,false,,kentron
Y21-979FD956,73051000,664100,110,,,4,2,,10,0,,,,EURO_RENOVATION,,,,,PANEL,,11,true,,kentron
Y21-5CD32434,50380000,614390,82,,,3,2,,3,1,,,,GOOD,,,,,STONE,,4,false,,kentron
Y21-216EF721,32747000,818675,40,,,2,1,,11,0,,,,EURO_RENOVATION,,,,,MONOLITH,,11,true,,kentron
Y21-752FD340,60456000,863657,70,,,2,1,,8,0,,,,NEEDS_REPAIR,,,,,PANEL,,11,true,,kentron
Y21-FB0BBCB8,29724200,743105,40,,,1,2,,5,0,,,,GOOD,,,,,MONOLITH,,11,true,,kentron
Y21-DC789602,89676400,996404,90,,,4,1,,4,1,,,,EURO_RENOVATION,,,,,STONE,,5,false,,kentron
Y21-F322818A,55418000,738907,75,,,2,1,,5,0,,,,EURO_RENOVATION,,,,,STONE,,6,true,,kentron
Y21-F9530E6B,44838200,659385,68,,,3,1,,3,1,,,,EURO_RENOVATION,,,,,STONE,,4,false,,kentron
Y21-41C928C5,28716600,683729,42,,,2,1,,6,1,,,,EURO_RENOVATION,,,,,PANEL,,11,true,,kentron
Y21-5867E56F,29220400,649342,45,,,2,1,,4,1,,,,EURO_RENOVATION,,,,,PANEL,,11,true,,kentron
Y21-9FAEA60E,63982600,984348,65,,,2,1,,7,1,,,,EURO_RENOVATION,,,,,MONOLITH,,9,true,,kentron
Y21-281D3120,80608000,760453,106,,,3,1,,3,2,,,,EURO_RENOVATION,,,,,NEW_BUILD,,13,true,,kentron
Y21-70B9E304,105798000,1079571,98,,,3,1,,4,0,,,,NEEDS_REPAIR,,,,,STONE,,4,false,,kentron
Y21-7D98177D,105798000,813831,130,,,4,2,,15,2,,,,EURO_RENOVATION,,,,,NEW_BUILD,,17,true,,kentron
Y21-2E8622E6,79096600,952971,83,,,2,3,,2,1,,,,NEEDS_REPAIR,,,,,STONE,,5,false,,kentron
Y21-95731D58,40304000,523429,77,,,3,1,,1,0,,,,EURO_RENOVATION,,,,,STONE,,2,false,,kentron
Y21-C3154581,62975000,767988,82,,,3,1,,1,0,,,,NEEDS_REPAIR,,,,,STONE,,5,false,,kentron
Y21-67A123C1,70028200,555779,126,,,4,1,,5,1,,,,EURO_RENOVATION,,,,,STONE,,5,false,,kentron
Y21-D0699C53,33250800,437511,76,,,2,1,,13,1,,,,GOOD,,,,,PANEL,,13,true,,kentron
Y21-47FB9D0D,100760000,1399444,72,,,2,1,,2,1,,,,EURO_RENOVATION,,,,,NEW_BUILD,,10,true,,kentron
Y21-D8FB5271,56425600,829788,68,,,3,1,,8,1,,,,EURO_RENOVATION,,,,,PANEL,,9,true,,kentron
Y21-E49801C3,125950000,899643,140,,,5,2,,3,1,,,,EURO_RENOVATION,,,,,STONE,,4,false,,kentron
Y21-8C88A750,46349600,532754,87,,,4,3,,9,1,,,,EURO_RENOVATION,,,,,PANEL,,9,true,,kentron
Y21-34622BFA,70532000,1007600,70,,,2,1,,4,1,,,,NEEDS_REPAIR,,,,,NEW_BUILD,,17,true,,kentron
Y21-2E25EFF0,65494000,654940,100,,,3,1,,5,1,,,,GOOD,,,,,PANEL,,9,true,,kentron
Y21-87836449,55418000,989607,56,,,2,1,,4,1,,,,EURO_RENOVATION,,,,,STONE,,5,false,,kentron
Y21-A7E3A90E,26197600,485141,54,,,2,1,,2,0,,,,EURO_RENOVATION,,,,,STONE,,5,false,,kentron
Y21-0CCB25B1,42823000,658815,65,,,3,1,,9,1,,,,NEEDS_REPAIR,,,,,NEW_BUILD,,14,true,,kentron
Y21-E869830B,88165000,899643,98,,,3,1,,13,2,,,,EURO_RENOVATION,,,,,NEW_BUILD,,14,true,,kentron
Y21-53ABBE7B,61967400,860658,72,,,2,1,,9,0,,,,NEEDS_REPAIR,,,,,MONOLITH,,14,true,,kentron
Y21-A676CF8D,47861000,997104,48,,,2,1,,8,0,,,,NEEDS_REPAIR,,,,,STONE,,10,true,,kentron
Y21-07B9F74A,125950000,932963,135,,,5,2,,3,1,,,,EURO_RENOVATION,,,,,NEW_BUILD,,11,true,,kentron
Y21-E754E689,43326800,1056751,41,,,1,2,,4,0,,,,EURO_RENOVATION,,,,,MONOLITH,,10,true,,kentron
Y21-BCDFF7AF,60456000,930092,65,,,2,1,,8,1,,,,GOOD,,,,,PANEL,,10,true,,kentron
Y21-352A33A9,70532000,705320,100,,,4,1,,8,0,,,,EURO_RENOVATION,,,,,NEW_BUILD,,14,true,,kentron
Y21-5B20FBC1,95722000,1519397,63,,,2,1,,12,0,,,,EURO_RENOVATION,,,,,NEW_BUILD,,14,true,,kentron
Y21-2036FB9A,40304000,523429,77,,,3,1,,2,0,,,,NEEDS_REPAIR,,,,,STONE,,5,false,,kentron
Y21-715CA107,61463600,1078309,57,,,2,1,,3,1,,,,EURO_RENOVATION,,,,,NEW_BUILD,,10,true,,kentron
Y21-EB522F50,125950000,899643,140,,,5,2,,3,1,,,,EURO_RENOVATION,,,,,STONE,,4,false,,kentron
Y21-DDA56CE1,118393000,1183930,100,,,4,1,,4,2,,,,EURO_RENOVATION,,,,,STONE,,4,false,,kentron
Y21-766AC8E3,74310500,1109112,67,,,3,1,,2,1,,,,GOOD,,,,,STONE,,3,false,,kentron
Y21-0A437276,52899000,881650,60,,,3,1,,8,0,,,,NEEDS_REPAIR,,,,,PANEL,,16,true,,kentron
Y21-DECE3BFF,57937000,877833,66,,,2,1,,2,0,,,,EURO_RENOVATION,,,,,STONE,,5,false,,kentron
Y21-84CDF1C7,44838200,521374,86,,,4,1,,7,1,,,,GOOD,,,,,PANEL,,9,true,,kentron
Y21-9E3AB89C,105798000,1216069,87,,,3,1,,5,1,,,,GOOD,,,,,STONE,,6,true,,kentron
Y21-3ABC13B1,35266000,542554,65,,,2,1,,2,0,,,,GOOD,,,,,STONE,,3,false,,kentron
Y21-DA2A4737,115874000,957636,121,,,4,1,,6,0,,,,NEEDS_REPAIR,,,,,PANEL,,10,true,,kentron
Y21-F89FB707,44838200,457533,98,,,4,1,,7,1,,,,GOOD,,,,,PANEL,,9,true,,kentron
Y21-C53DC790,44838200,423002,106,,,3,1,,3,2,,,,GOOD,,,,,STONE,,7,true,,kentron
Y21-0F8F03C1,75570000,1049583,72,,,2,1,,3,0,,,,NEEDS_REPAIR,,,,,STONE,,5,false,,kentron
Y21-AD78959D,68013000,850163,80,,,3,1,,10,1,,,,GOOD,,,,,MONOLITH,,10,true,,kentron
Y21-FE7EC652,74058600,796329,93,,,3,1,,2,0,,,,EURO_RENOVATION,,,,,PANEL,,11,true,,kentron
Y21-612818C3,83127000,1629941,51,,,1,1,,1,0,,,,NEEDS_REPAIR,,,,,MONOLITH,,10,true,,kentron
Y21-B77D5F88,39800200,386410,103,,,3,1,,3,0,,,,NEEDS_REPAIR,,,,,STONE,,5,false,,kentron
Y21-EEB8E5E7,68013000,653971,104,,,3,2,,3,1,,,,GOOD,,,,,NEW_BUILD,,3,false,,kentron
Y21-AC507264,60456000,1474537,41,,,2,1,,7,0,,,,EURO_RENOVATION,,,,,PANEL,,9,true,,kentron
Y21-3769A1E2,46349600,724213,64,,,2,1,,3,2,,,,GOOD,,,,,MONOLITH,,9,true,,kentron
Y21-AD2BFB4C,76577600,969337,79,,,2,1,,13,1,,,,EURO_RENOVATION,,,,,NEW_BUILD,,14,true,,kentron
Y21-96F4AB6D,53402800,513488,104,,,3,1,,6,0,,,,NEEDS_REPAIR,,,,,PANEL,,16,true,,kentron
Y21-E31E4BBD,31235600,600685,52,,,1,1,,11,1,,,,GOOD,,,,,PANEL,,13,true,,kentron
Y21-CCE0ABCA,90684000,1416938,64,,,3,1,,4,1,,,,EURO_RENOVATION,,,,,NEW_BUILD,,16,true,,kentron
Y21-A2828260,99752400,717643,139,,,5,2,,3,2,,,,EURO_RENOVATION,,,,,STONE,,3,false,,kentron
Y21-B772C2AB,22671000,1030500,22,,,1,1,,1,0,,,,EURO_RENOVATION,,,,,STONE,,4,false,,kentron
Y21-B04B7D8A,54914200,784489,70,,,2,1,,3,1,,,,GOOD,,,,,STONE,,4,false,,kentron
Y21-22CC1FBE,45090100,501001,90,,,3,2,,4,1,,,,NEEDS_REPAIR,,,,,STONE,,4,false,,kentron
Y21-69098797,75570000,719714,105,,,3,1,,4,0,,,,NEEDS_REPAIR,,,,,STONE,,4,false,,kentron
Y21-0480D5DD,46853400,498440,94,,,2,1,,4,1,,,,GOOD,,,,,STONE,,4,false,,kentron
Y21-945E7C8B,90684000,824400,110,,,4,1,,5,0,,,,NEEDS_REPAIR,,,,,STONE,,5,false,,kentron
Y21-EBD08913,60456000,657130,92,,,3,1,,7,0,,,,NEEDS_REPAIR,,,,,PANEL,,9,true,,kentron
Y21-B572CFE4,91691600,1256049,73,,,2,1,,4,0,,,,NEEDS_REPAIR,,,,,STONE,,5,false,,kentron
Y21-E423D55E,80456860,1133195,71,,,3,1,,8,1,,,,EURO_RENOVATION,,,,,NEW_BUILD,,14,true,,kentron
Y21-A3F6EBFD,37785000,539786,70,,,2,1,,7,0,,,,EURO_RENOVATION,,,,,PANEL,,9,true,,kentron
Y21-BD14360F,37281200,621353,60,,,2,1,,4,1,,,,EURO_RENOVATION,,,,,STONE,,4,false,,kentron
Y21-80000AD4,68013000,566775,120,,,2,1,,3,1,,,,EURO_RENOVATION,,,,,NEW_BUILD,,9,true,,kentron
Y21-BAA47795,90684000,1439429,63,,,2,2,,2,1,,,,EURO_RENOVATION,,,,,STONE,,5,false,,kentron
Y21-113169BD,75570000,787188,96,,,4,1,,3,0,,,,EURO_RENOVATION,,,,,STONE,,5,false,,kentron
Y21-86DA6A6A,40304000,552110,73,,,3,1,,4,0,,,,NEEDS_REPAIR,,,,,PANEL,,9,true,,kentron
Y21-B59A1FFC,42823000,475811,90,,,3,1,,12,1,,,,EURO_RENOVATION,,,,,PANEL,,12,true,,kentron
Y21-0FBA3D50,37785000,921585,41,,,2,1,,6,1,,,,EURO_RENOVATION,,,,,STONE,,6,true,,kentron
Y21-A50020F2,68013000,523177,130,,,5,2,,7,2,,,,EURO_RENOVATION,,,,,PANEL,,12,true,,kentron
Y21-23F360CA,68013000,523177,130,,,5,2,,7,2,,,,EURO_RENOVATION,,,,,PANEL,,12,true,,kentron
Y21-EEA84B3D,37785000,755700,50,,,2,1,,14,1,,,,EURO_RENOVATION,,,,,NEW_BUILD,,14,true,,kentron
Y21-DE4716B0,55418000,791686,70,,,2,1,,10,1,,,,EURO_RENOVATION,,,,,PANEL,,10,true,,kentron
Y21-A8C02F60,84638400,1057980,80,,,3,1,,3,0,,,,NEEDS_REPAIR,,,,,STONE,,6,true,,kentron
Y21-78CCB13A,90684000,1353493,67,,,2,1,,2,0,,,,GOOD,,,,,STONE,,5,false,,kentron
Y21-8517A1DA,80608000,753346,107,,,3,1,,1,1,,,,GOOD,,,,,PANEL,,11,true,,kentron
Y21-6594D0A8,125446200,1608285,78,,,3,1,,9,0,,,,EURO_RENOVATION,,,,,MONOLITH,,10,true,,kentron
Y21-04B61C26,59448400,660538,90,,,3,1,,1,1,,,,GOOD,,,,,PANEL,,9,true,,kentron
Y21-776254CB,100760000,1399444,72,,,2,1,,2,2,,,,EURO_RENOVATION,,,,,NEW_BUILD,,10,true,,kentron
Y21-100E24BE,45342000,708469,64,,,3,1,,2,1,,,,EURO_RENOVATION,,,,,PANEL,,9,true,,kentron
Y21-4F8F709F,89676400,747303,120,,,3,2,,11,2,,,,EURO_RENOVATION,,,,,NEW_BUILD,,14,true,,kentron
Y21-27F19E95,23174800,579370,40,,,1,1,,4,0,,,,EURO_RENOVATION,,,,,PANEL,,9,true,,kentron
Y21-4F3BE883,78089000,867656,90,,,4,2,,1,1,,,,NEEDS_REPAIR,,,,,PANEL,,9,true,,kentron
Y21-A393E8A0,88165000,1102063,80,,,3,1,,8,1,,,,EURO_RENOVATION,,,,,STONE,,9,true,,kentron
Y21-BA260A9A,70028200,875353,80,,,3,1,,2,1,,,,EURO_RENOVATION,,,,,STONE,,2,false,,kentron
Y21-80202088,108317000,1083170,100,,,5,2,,9,0,,,,EURO_RENOVATION,,,,,MONOLITH,,9,true,,kentron
Y21-F2C213C0,80608000,732800,110,,,3,2,,11,2,,,,EURO_RENOVATION,,,,,NEW_BUILD,,16,true,,kentron
Y21-76736715,60456000,851493,71,,,2,1,,5,2,,,,NEEDS_REPAIR,,,,,STONE,,8,true,,kentron
Y21-9A2E9D7B,46853400,498440,94,,,3,1,,4,1,,,,GOOD,,,,,STONE,,4,false,,kentron
Y21-05F23889,55418000,692725,80,,,2,1,,12,1,,,,GOOD,,,,,PANEL,,12,true,,kentron
Y21-E2CDA303,93203000,745624,125,,,3,1,,3,2,,,,GOOD,,,,,STONE,,4,false,,kentron
Y21-0CDC33A3,60456000,687000,88,,,4,2,,4,0,,,,EURO_RENOVATION,,,,,NEW_BUILD,,9,true,,kentron
Y21-461A4EE5,60456000,657130,92,,,3,1,,2,2,,,,GOOD,,,,,STONE,,4,false,,kentron
Y21-953A57E0,58440800,1168816,50,,,2,1,,3,1,,,,EURO_RENOVATION,,,,,MONOLITH,,10,true,,kentron
Y21-4F742888,42823000,611757,70,,,2,1,,8,1,,,,EURO_RENOVATION,,,,,PANEL,,10,true,,kentron
Y21-49B0DEF3,49876200,554180,90,,,3,1,,9,1,,,,GOOD,,,,,PANEL,,11,true,,kentron
Y21-2121774C,62975000,684511,92,,,3,1,,7,0,,,,EURO_RENOVATION,,,,,PANEL,,10,true,,kentron
Y21-3A5FD593,31235600,427885,73,,,2,1,,5,0,,,,GOOD,,,,,PANEL,,9,true,,kentron
Y21-FE9052C6,78089000,839667,93,,,3,1,,2,2,,,,EURO_RENOVATION,,,,,PANEL,,11,true,,kentron
Y21-92CB186E,28212800,705320,40,,,1,1,,3,1,,,,EURO_RENOVATION,,,,,STONE,,5,false,,kentron
Y21-577E7431,33754600,259651,130,,,3,2,,2,1,,,,EURO_RENOVATION,,,,,STONE,,3,false,,kentron
Y21-51A4C931,85646000,764696,112,,,3,1,,2,1,,,,GOOD,,,,,STONE,,3,false,,kentron
Y21-7ABAD6F8,41311600,516395,80,,,3,1,,2,1,,,,EURO_RENOVATION,,,,,PANEL,,9,true,,kentron
Y21-9998499C,47861000,683729,70,,,2,1,,9,0,,,,EURO_RENOVATION,,,,,PANEL,,11,true,,kentron
Y21-31788447,35215620,525606,67,,,2,1,,9,1,,,,GOOD,,,,,PANEL,,9,true,,kentron
Y21-33570F30,70532000,1282400,55,,,3,1,,5,1,,,,EURO_RENOVATION,,,,,NEW_BUILD,,6,true,,kentron
Y21-155186C0,71539600,1324807,54,,,2,1,,6,1,,,,EURO_RENOVATION,,,,,NEW_BUILD,,6,true,,kentron
Y21-B93C8255,47861000,683729,70,,,2,2,,9,0,,,,EURO_RENOVATION,,,,,PANEL,,11,true,,kentron
Y21-75ED1B91,41815400,557539,75,,,2,2,,2,0,,,,EURO_RENOVATION,,,,,NEW_BUILD,,5,false,,kentron
Y21-F0B4650B,27709000,494804,56,,,2,1,,2,0,,,,NEEDS_REPAIR,,,,,NEW_BUILD,,4,false,,kentron
Y21-C3A28377,119400600,970737,123,,,5,2,,9,1,,,,NEEDS_REPAIR,,,,,NEW_BUILD,,11,true,,kentron
Y21-6E8A7291,67005400,870200,77,,,3,1,,10,1,,,,EURO_RENOVATION,,,,,PANEL,,12,true,,kentron
Y21-03D75F85,37281200,433502,86,,,3,1,,9,1,,,,GOOD,,,,,PANEL,,10,true,,kentron
Y21-9A508A4D,80608000,1203104,67,,,3,1,,2,1,,,,GOOD,,,,,STONE,,3,false,,kentron
Y21-3ECFF3DB,80608000,895644,90,,,3,1,,3,0,,,,NEEDS_REPAIR,,,,,PANEL,,9,true,,kentron
Y21-EF721167,35769800,993606,36,,,1,1,,9,0,,,,GOOD,,,,,PANEL,,11,true,,kentron
Y21-420AD2B6,55367620,615196,90,,,3,1,,15,0,,,,EURO_RENOVATION,,,,,PANEL,,16,true,,kentron
Y21-70EF35A0,148621000,1651344,90,,,4,1,,7,0,,,,NEEDS_REPAIR,,,,,MONOLITH,,16,true,,kentron
Y21-41007E98,73051000,702413,104,,,3,1,,9,0,,,,EURO_RENOVATION,,,,,NEW_BUILD,,14,true,,kentron
Y21-CC3B4892,57937000,681612,85,,,3,1,,6,0,,,,NEEDS_REPAIR,,,,,PANEL,,10,true,,kentron
Y21-51F782F6,38792600,445892,87,,,3,1,,14,0,,,,GOOD,,,,,PANEL,,14,true,,kentron
Y21-2E7945EC,55418000,651976,85,,,3,1,,6,0,,,,NEEDS_REPAIR,,,,,PANEL,,16,true,,kentron
Y21-AA72FA01,125950000,629750,200,,,5,3,,6,0,,,,EURO_RENOVATION,,,,,NEW_BUILD,,7,true,,kentron
Y21-1AAA65DE,39296400,727711,54,,,2,1,,12,0,,,,GOOD,,,,,NEW_BUILD,,14,true,,kentron
Y21-F27A9334,43326800,481409,90,,,4,1,,3,0,,,,EURO_RENOVATION,,,,,PANEL,,9,true,,kentron
Y21-E5B822E6,41311600,794454,52,,,3,1,,4,0,,,,GOOD,,,,,STONE,,5,false,,kentron
Y21-B2156575,70532000,916000,77,,,3,1,,5,0,,,,EURO_RENOVATION,,,,,NEW_BUILD,,5,false,,kentron
Y21-89684BFD,78089000,765578,102,,,4,1,,4,0,,,,EURO_RENOVATION,,,,,STONE,,7,true,,kentron
Y21-9447675F,85646000,973250,88,,,4,1,,4,0,,,,EURO_RENOVATION,,,,,STONE,,4,false,,kentron
Y21-562DCE49,88165000,937926,94,,,3,2,,7,0,,,,EURO_RENOVATION,,,,,NEW_BUILD,,9,true,,kentron
Y21-B478AFC9,35266000,801500,44,,,1,2,,5,0,,,,GOOD,,,,,PANEL,,10,true,,kentron
Y21-021AE71B,85646000,785743,109,,,3,2,,3,0,,,,EURO_RENOVATION,,,,,NEW_BUILD,,13,true,,kentron
Y21-2B0BDE6E,25190000,393594,64,,,2,1,,2,0,,,,GOOD,,,,,STONE,,2,false,,kentron
Y21-FF2BA1A8,79096600,909156,87,,,3,1,,2,0,,,,EURO_RENOVATION,,,,,PANEL,,10,true,,kentron
Y21-B42F4534,57937000,579370,100,,,4,1,,3,0,,,,NEEDS_REPAIR,,,,,STONE,,3,false,,kentron
Y21-FC958013,75570000,662895,114,,,3,1,,8,0,,,,NEEDS_REPAIR,,,,,MONOLITH,,8,true,,kentron
Y21-30E502D1,45342000,731323,62,,,2,1,,1,0,,,,EURO_RENOVATION,,,,,STONE,,5,false,,kentron
Y21-7B2ED8FC,50380000,1095217,46,,,2,1,,16,0,,,,NEEDS_REPAIR,,,,,NEW_BUILD,,18,true,,kentron
Y21-AA143F53,37785000,662895,57,,,3,1,,2,0,,,,GOOD,,,,,STONE,,5,false,,kentron
Y21-81DF1A6D,65494000,744250,88,,,3,1,,5,0,,,,EURO_RENOVATION,,,,,STONE,,5,false,,kentron
Y21-93C9171C,42823000,492218,87,,,3,1,,9,0,,,,EURO_RENOVATION,,,,,PANEL,,9,true,,kentron
Y21-C636015C,44838200,597843,75,,,3,1,,10,0,,,,NEEDS_REPAIR,,,,,PANEL,,11,true,,kentron
Y21-03C63D21,108317000,866536,125,,,4,2,,7,0,,,,EURO_RENOVATION,,,,,MONOLITH,,8,true,,kentron
Y21-C87CD14C,61967400,774593,80,,,3,2,,3,0,,,,GOOD,,,,,PANEL,,9,true,,kentron
Y21-4068C263,93203000,932030,100,,,3,1,,5,0,,,,NEEDS_REPAIR,,,,,PANEL,,12,true,,kentron
Y21-7FB53AE5,141064000,854933,165,,,4,1,,5,1,,,,EURO_RENOVATION,,,,,STONE,,5,false,,kentron
Y21-20A821A1,40304000,395137,102,,,4,1,,1,0,,,,NEEDS_REPAIR,,,,,STONE,,2,false,,kentron
Y21-70A817CB,68013000,906840,75,,,2,1,,5,0,,,,GOOD,,,,,STONE,,5,false,,kentron
Y21-1B1D1308,75570000,803936,94,,,3,2,,3,0,,,,EURO_RENOVATION,,,,,STONE,,5,false,,kentron
Y21-93F8AB34,31235600,427885,73,,,2,2,,5,0,,,,GOOD,,,,,PANEL,,9,true,,kentron
Y21-83CCCB10,47357200,493304,96,,,4,2,,2,0,,,,EURO_RENOVATION,,,,,PANEL,,10,true,,kentron
Y21-56A5F5C6,46349600,908816,51,,,2,2,,2,0,,,,EURO_RENOVATION,,,,,NEW_BUILD,,7,true,,kentron
Y21-74B626FB,93203000,1165038,80,,,3,2,,6,0,,,,EURO_RENOVATION,,,,,NEW_BUILD,,9,true,,kentron
Y21-B064F892,44838200,1120955,40,,,1,1,,5,0,,,,EURO_RENOVATION,,,,,NEW_BUILD,,6,true,,kentron
Y21-C82639EC,46349600,482808,96,,,3,1,,15,0,,,,GOOD,,,,,PANEL,,16,true,,kentron
Y21-E2A4D7D4,50380000,968846,52,,,2,1,,4,0,,,,EURO_RENOVATION,,,,,STONE,,10,true,,kentron
Y21-E8C3AB62,65494000,818675,80,,,2,1,,10,0,,,,EURO_RENOVATION,,,,,PANEL,,12,true,,kentron
Y21-B6F965A8,37785000,366845,103,,,3,1,,12,0,,,,EURO_RENOVATION,,,,,PANEL,,14,true,,kentron
Y21-8991D88D,55418000,692725,80,,,3,1,,8,0,,,,NEEDS_REPAIR,,,,,PANEL,,9,true,,kentron
Y21-85906E33,58944600,685402,86,,,3,1,,1,0,,,,EURO_RENOVATION,,,,,STONE,,9,true,,kentron
Y21-F05873CB,40304000,746370,54,,,2,1,,11,0,,,,NEEDS_REPAIR,,,,,MONOLITH,,14,true,,kentron
Y21-6DF6B43E,31235600,427885,73,,,2,1,,5,0,,,,NEEDS_REPAIR,,,,,PANEL,,9,true,,kentron
Y21-803CF97E,116881600,708373,165,,,4,2,,15,0,,,,EURO_RENOVATION,,,,,NEW_BUILD,,17,true,,kentron
Y21-FA74BFF5,30228000,816973,37,,,1,1,,5,0,,,,EURO_RENOVATION,,,,,NEW_BUILD,,14,true,,kentron
Y21-D91DF399,60456000,1259500,48,,,2,1,,6,0,,,,EURO_RENOVATION,,,,,PANEL,,9,true,,kentron
Y21-E08A979F,50380000,883860,57,,,2,1,,3,0,,,,EURO_RENOVATION,,,,,NEW_BUILD,,10,true,,kentron
Y21-AF5FB2C5,52899000,678192,78,,,3,1,,8,0,,,,EURO_RENOVATION,,,,,STONE,,8,true,,kentron
Y21-F9E34B5A,42823000,611757,70,,,2,1,,4,0,,,,EURO_RENOVATION,,,,,NEW_BUILD,,17,true,,kentron
Y21-AA5F5288,70532000,940427,75,,,3,1,,3,0,,,,EURO_RENOVATION,,,,,PANEL,,11,true,,kentron
Y21-3EF0FD8E,60456000,737268,82,,,3,1,,4,0,,,,EURO_RENOVATION,,,,,PANEL,,16,true,,kentron
Y21-00458F0F,75570000,944625,80,,,2,1,,1,0,,,,EURO_RENOVATION,,,,,STONE,,5,false,,kentron
Y21-AB3709C5,98241000,1034116,95,,,3,1,,2,0,,,,EURO_RENOVATION,,,,,PANEL,,9,true,,kentron
Y21-9EBE1AA7,56425600,620062,91,,,3,2,,2,0,,,,GOOD,,,,,STONE,,5,false,,kentron
Y21-A075424A,45342000,1105902,41,,,1,1,,2,0,,,,NEEDS_REPAIR,,,,,MONOLITH,,8,true,,kentron
Y21-1FDB2E62,47861000,498552,96,,,3,1,,5,0,,,,EURO_RENOVATION,,,,,MONOLITH,,16,true,,kentron
Y21-F8504410,47861000,498552,96,,,3,1,,5,0,,,,EURO_RENOVATION,,,,,MONOLITH,,16,true,,kentron
Y21-C015447F,42823000,793019,54,,,2,1,,5,0,,,,EURO_RENOVATION,,,,,NEW_BUILD,,14,true,,kentron
Y21-78D5A2F2,33754600,784991,43,,,1,1,,8,0,,,,EURO_RENOVATION,,,,,PANEL,,9,true,,kentron
Y21-A380BF41,35266000,320600,110,,,3,1,,9,0,,,,GOOD,,,,,PANEL,,12,true,,kentron
Y21-6F3353EF,34762200,434528,80,,,3,1,,10,0,,,,NEEDS_REPAIR,,,,,PANEL,,13,true,,kentron
Y21-993D7C13,27709000,659738,42,,,1,1,,4,0,,,,EURO_RENOVATION,,,,,STONE,,11,true,,kentron
Y21-DAF009DE,37281200,601310,62,,,2,1,,2,0,,,,NEEDS_REPAIR,,,,,MONOLITH,,9,true,,kentron
Y21-76B255FA,31235600,422103,74,,,2,1,,5,0,,,,NEEDS_REPAIR,,,,,PANEL,,9,true,,kentron
Y21-6CDE4B81,31235600,427885,73,,,2,1,,5,0,,,,NEEDS_REPAIR,,,,,PANEL,,9,true,,kentron
Y21-7FFACDBE,64990200,1444227,45,,,1,1,,5,0,,,,EURO_RENOVATION,,,,,STONE,,6,true,,kentron
Y21-4B5C735B,64990200,1444227,45,,,1,1,,5,0,,,,EURO_RENOVATION,,,,,STONE,,6,true,,kentron
Y21-5AB56B78,103279000,1043222,99,,,3,1,,5,0,,,,EURO_RENOVATION,,,,,STONE,,5,false,,kentron
Y21-10928484,57937000,526700,110,,,3,1,,1,0,,,,EURO_RENOVATION,,,,,STONE,,5,false,,kentron
Y21-11242420,27709000,554180,50,,,2,1,,3,0,,,,EURO_RENOVATION,,,,,STONE,,4,false,,kentron
Y21-FF9C2A29,73051000,664100,110,,,2,1,,1,0,,,,NEEDS_REPAIR,,,,,PANEL,,11,true,,kentron
Y21-DEFC2D6D,49372400,617155,80,,,2,1,,2,0,,,,EURO_RENOVATION,,,,,PANEL,,16,true,,kentron
Y21-DEA9D5F8,61967400,815361,76,,,3,1,,6,0,,,,EURO_RENOVATION,,,,,PANEL,,10,true,,kentron
Y21-AC3116F1,17633000,734708,24,,,1,1,,4,0,,,,GOOD,,,,,STONE,,4,false,,kentron
Y21-D00FF1F2,105798000,1244682,85,,,2,1,,2,0,,,,EURO_RENOVATION,,,,,MONOLITH,,14,true,,kentron
Y21-95D64418,50380000,629750,80,,,3,2,,2,0,,,,EURO_RENOVATION,,,,,MONOLITH,,4,false,,kentron
Y21-25EA6534,103279000,930441,111,,,3,2,,13,0,,,,NEEDS_REPAIR,,,,,MONOLITH,,14,true,,kentron
Y21-F4EF3D40,128469000,694427,185,,,5,2,,3,0,,,,GOOD,,,,,STONE,,5,false,,kentron
Y21-C99E53D6,75570000,651466,116,,,4,2,,3,0,,,,GOOD,,,,,PANEL,,9,true,,kentron
Y21-9A9099FA,50380000,592706,85,,,3,1,,6,0,,,,NEEDS_REPAIR,,,,,STONE,,6,true,,kentron
Y21-108DB6F0,31739400,428911,74,,,3,1,,8,0,,,,GOOD,,,,,PANEL,,9,true,,kentron
Y21-5DF5D1D6,100760000,1095217,92,,,3,1,,6,0,,,,NEEDS_REPAIR,,,,,MONOLITH,,10,true,,kentron
Y21-5571E9D8,70532000,750340,94,,,3,1,,9,0,,,,EURO_RENOVATION,,,,,PANEL,,10,true,,kentron
Y21-EFD279D1,27709000,769694,36,,,1,1,,2,0,,,,EURO_RENOVATION,,,,,MONOLITH,,14,true,,kentron
Y21-0D05C6D2,32747000,727711,45,,,2,2,,5,0,,,,NEEDS_REPAIR,,,,,MONOLITH,,5,false,,kentron
Y21-8F664BD2,55418000,719714,77,,,3,3,,4,0,,,,GOOD,,,,,STONE,,4,false,,kentron
Y21-2BADC4FC,60456000,711247,85,,,3,2,,3,0,,,,EURO_RENOVATION,,,,,STONE,,5,false,,kentron
Y21-D255D04D,65494000,818675,80,,,3,2,,10,0,,,,EURO_RENOVATION,,,,,PANEL,,12,true,,kentron
Y21-C02F26E0,60959800,1563072,39,,,2,1,,3,0,,,,EURO_RENOVATION,,,,,STONE,,4,false,,kentron
Y21-8E8CC125,32747000,818675,40,,,1,1,,1,0,,,,EURO_RENOVATION,,,,,STONE,,4,false,,kentron
Y21-1F43ECB6,42823000,549013,78,,,2,1,,4,0,,,,GOOD,,,,,STONE,,4,false,,kentron
Y21-C9162B43,40304000,937302,43,,,2,1,,6,0,,,,EURO_RENOVATION,,,,,PANEL,,10,true,,kentron
Y21-CDAB7E0E,30228000,559778,54,,,2,1,,9,0,,,,GOOD,,,,,PANEL,,9,true,,kentron
Y21-CB0BCC16,48868600,997318,49,,,2,1,,4,0,,,,NEEDS_REPAIR,,,,,STONE,,5,false,,kentron
Y21-81FA9DC6,26701400,556279,48,,,1,1,,4,0,,,,EURO_RENOVATION,,,,,MONOLITH,,16,true,,kentron
Y21-D818A25D,40304000,790275,51,,,2,1,,7,0,,,,EURO_RENOVATION,,,,,STONE,,9,true,,kentron
Y21-3161F90B,37785000,539786,70,,,2,1,,3,0,,,,EURO_RENOVATION,,,,,PANEL,,9,true,,kentron
Y21-6A5D6A5D,141064000,1516817,93,,,3,1,,15,0,,,,EURO_RENOVATION,,,,,MONOLITH,,15,true,,kentron
Y21-5B08FDB6,141064000,1516817,93,,,3,1,,15,0,,,,EURO_RENOVATION,,,,,MONOLITH,,15,true,,kentron
Y21-C2365ADE,57937000,919635,63,,,2,1,,2,0,,,,NEEDS_REPAIR,,,,,STONE,,5,false,,kentron
Y21-75411656,83127000,1385450,60,,,2,1,,5,0,,,,NEEDS_REPAIR,,,,,MONOLITH,,15,true,,kentron
Y21-71399581,60456000,863657,70,,,3,1,,3,0,,,,NEEDS_REPAIR,,,,,MONOLITH,,10,true,,kentron
Y21-6A94AC56,46853400,633154,74,,,3,1,,4,0,,,,EURO_RENOVATION,,,,,STONE,,4,false,,kentron
Y21-83AECA4C,68768700,755700,91,,,3,1,,13,0,,,,NEEDS_REPAIR,,,,,MONOLITH,,18,true,,kentron
Y21-DF52AA48,148621000,1402085,106,,,3,1,,6,0,,,,NEEDS_REPAIR,,,,,STONE,,10,true,,kentron
Y21-A467A14D,55418000,503800,110,,,4,2,,2,0,,,,EURO_RENOVATION,,,,,MONOLITH,,4,false,,kentron
Y21-460C858B,46853400,454887,103,,,3,2,,16,0,,,,GOOD,,,,,PANEL,,16,true,,kentron
Y21-F49B0FDF,125950000,1095217,115,,,4,1,,7,0,,,,NEEDS_REPAIR,,,,,MONOLITH,,17,true,,kentron
Y21-C1E48C61,85646000,1297667,66,,,3,1,,8,0,,,,EURO_RENOVATION,,,,,PANEL,,10,true,,kentron
Y21-ADFD83D0,83127000,1039088,80,,,3,1,,4,0,,,,GOOD,,,,,STONE,,5,false,,kentron
Y21-61DBEB5A,40304000,650065,62,,,2,1,,2,0,,,,GOOD,,,,,PANEL,,9,true,,kentron
Y21-123D4650,105798000,953135,111,,,3,1,,9,0,,,,EURO_RENOVATION,,,,,MONOLITH,,15,true,,kentron
Y21-CE0E8B00,40304000,1007600,40,,,2,1,,2,0,,,,EURO_RENOVATION,,,,,PANEL,,10,true,,kentron
Y21-A731CC44,67005400,1080732,62,,,2,1,,9,0,,,,EURO_RENOVATION,,,,,PANEL,,9,true,,kentron
Y21-F841AEFD,65494000,818675,80,,,2,1,,10,0,,,,EURO_RENOVATION,,,,,PANEL,,12,true,,kentron
Y21-A2D4305D,37281200,503800,74,,,3,1,,4,0,,,,NEEDS_REPAIR,,,,,STONE,,5,false,,kentron
Y21-C1607CFF,30228000,755700,40,,,1,1,,7,0,,,,EURO_RENOVATION,,,,,MONOLITH,,10,true,,kentron
Y21-CAEDB8BB,55418000,692725,80,,,2,2,,2,0,,,,EURO_RENOVATION,,,,,STONE,,5,false,,kentron
Y21-C3EDCE9F,34258400,439210,78,,,3,1,,7,0,,,,EURO_RENOVATION,,,,,PANEL,,9,true,,kentron
Y21-1922909D,78089000,610070,128,,,6,1,,3,0,,,,NEEDS_REPAIR,,,,,STONE,,3,false,,kentron
Y21-629A4CE8,26701400,568115,47,,,1,1,,3,0,,,,NEEDS_REPAIR,,,,,PANEL,,12,true,,kentron
Y21-BBE1A6E4,37785000,1111324,34,,,1,1,,5,0,,,,NEEDS_REPAIR,,,,,STONE,,6,true,,kentron
Y21-DE840326,39800200,737041,54,,,2,1,,11,0,,,,EURO_RENOVATION,,,,,PANEL,,14,true,,kentron
Y21-275E1FB0,65494000,818675,80,,,2,1,,10,0,,,,NEEDS_REPAIR,,,,,PANEL,,12,true,,kentron
Y21-87A4712C,68013000,944625,72,,,3,1,,10,0,,,,NEEDS_REPAIR,,,,,PANEL,,10,true,,kentron
Y21-53632464,27205200,680130,40,,,1,1,,8,0,,,,NEEDS_REPAIR,,,,,PANEL,,9,true,,kentron
Y21-2FBE5166,50380000,645897,78,,,3,1,,8,0,,,,NEEDS_REPAIR,,,,,PANEL,,10,true,,kentron
Y21-7D3C0DC7,55418000,1086627,51,,,1,1,,5,0,,,,NEEDS_REPAIR,,,,,MONOLITH,,9,true,,kentron
Y21-297D3C3F,93203000,621353,150,,,3,1,,5,0,,,,NEEDS_REPAIR,,,,,STONE,,5,false,,kentron
Y21-092E9436,27709000,769694,36,,,1,1,,1,0,,,,NEEDS_REPAIR,,,,,MONOLITH,,10,true,,kentron
Y21-F90ACF3D,23678600,401332,59,,,2,1,,3,0,,,,NEEDS_REPAIR,,,,,STONE,,5,false,,kentron
Y21-E7597B77,31739400,577080,55,,,3,1,,3,0,,,,NEEDS_REPAIR,,,,,STONE,,5,false,,kentron
Y21-1EA529F2,15114000,487548,31,,,1,1,,1,0,,,,NEEDS_REPAIR,,,,,STONE,,2,false,,kentron
Y21-F7F95FB1,41815400,614932,68,,,2,1,,3,0,,,,NEEDS_REPAIR,,,,,STONE,,4,false,,kentron
Y21-87480C54,114362600,879712,130,,,4,1,,2,0,,,,NEEDS_REPAIR,,,,,STONE,,4,false,,kentron
Y21-400E6FF4,62975000,1049583,60,,,2,1,,4,0,,,,NEEDS_REPAIR,,,,,PANEL,,11,true,,kentron
Y21-2E3A7814,80608000,916000,88,,,3,1,,5,0,,,,NEEDS_REPAIR,,,,,STONE,,6,true,,kentron
Y21-2905FB2B,45342000,855509,53,,,1,1,,10,0,,,,NEEDS_REPAIR,,,,,PANEL,,12,true,,kentron
Y21-BEB84105,42823000,629750,68,,,2,1,,2,0,,,,GOOD,,,,,STONE,,5,false,,kentron
Y21-34DA28B4,55418000,748892,74,,,3,1,,1,0,,,,NEEDS_REPAIR,,,,,STONE,,5,false,,kentron
Y21-709F84FA,23174800,551781,42,,,1,1,,9,0,,,,NEEDS_REPAIR,,,,,PANEL,,10,true,,kentron
Y21-02DB8469,18136800,604560,30,,,1,1,,1,0,,,,NEEDS_REPAIR,,,,,STONE,,4,false,,kentron
Y21-D67B3BDA,55418000,571320,97,,,3,1,,5,0,,,,NEEDS_REPAIR,,,,,PANEL,,9,true,,kentron
Y21-B5D3A80B,65494000,818675,80,,,4,1,,10,0,,,,NEEDS_REPAIR,,,,,PANEL,,12,true,,kentron
Y21-74EB2C7F,136026000,1333588,102,,,4,1,,2,0,,,,NEEDS_REPAIR,,,,,STONE,,4,false,,kentron
Y21-5266A24D,55418000,583347,95,,,3,1,,2,0,,,,NEEDS_REPAIR,,,,,PANEL,,10,true,,kentron
Y21-5ECDB19B,43326800,593518,73,,,3,1,,3,0,,,,NEEDS_REPAIR,,,,,STONE,,5,false,,kentron
Y21-320FDF5A,50380000,419833,120,,,3,1,,2,0,,,,NEEDS_REPAIR,,,,,STONE,,2,false,,kentron
Y21-4835DB4C,100760000,1095217,92,,,3,1,,2,0,,,,NEEDS_REPAIR,,,,,MONOLITH,,9,true,,kentron
Y21-1E63AE62,75570000,968846,78,,,2,1,,6,0,,,,NEEDS_REPAIR,,,,,MONOLITH,,14,true,,kentron
Y21-E6A208F8,70532000,953135,74,,,3,1,,9,0,,,,NEEDS_REPAIR,,,,,MONOLITH,,13,true,,kentron
Y21-48A59F07,45342000,855509,53,,,1,1,,10,0,,,,NEEDS_REPAIR,,,,,PANEL,,12,true,,kentron
Y21-F1C1D513,45342000,855509,53,,,1,1,,10,0,,,,NEEDS_REPAIR,,,,,PANEL,,12,true,,kentron
Y21-7A55690B,27709000,748892,37,,,1,1,,2,0,,,,NEEDS_REPAIR,,,,,MONOLITH,,9,true,,kentron
Y21-336A9D85,47861000,646770,74,,,3,1,,5,0,,,,NEEDS_REPAIR,,,,,STONE,,5,false,,kentron
Y21-53460725,65494000,727711,90,,,4,1,,2,0,,,,NEEDS_REPAIR,,,,,STONE,,4,false,,kentron
Y21-2BB2A4B7,92195400,1024393,90,,,3,1,,7,0,,,,NEEDS_REPAIR,,,,,PANEL,,11,true,,kentron
Y21-26F78C49,39800200,970737,41,,,1,1,,5,0,,,,NEEDS_REPAIR,,,,,STONE,,5,false,,kentron
Y21-59744F55,120912000,909113,133,,,4,1,,3,0,,,,NEEDS_REPAIR,,,,,STONE,,5,false,,kentron
Y21-A2952892,70532000,839667,84,,,2,1,,2,0,,,,NEEDS_REPAIR,,,,,MONOLITH,,22,true,,kentron
Y21-91B428EC,55418000,769694,72,,,3,1,,5,0,,,,NEEDS_REPAIR,,,,,PANEL,,9,true,,kentron
Y21-0B070BFC,37281200,677840,55,,,2,1,,5,0,,,,NEEDS_REPAIR,,,,,STONE,,5,false,,kentron
Y21-FF35D2BD,26701400,381449,70,,,2,1,,3,0,,,,NEEDS_REPAIR,,,,,STONE,,5,false,,kentron
Y21-77D759BA,35266000,503800,70,,,2,1,,2,0,,,,NEEDS_REPAIR,,,,,PANEL,,9,true,,kentron
Y21-5A2A27A1,55418000,865906,64,,,3,1,,10,0,,,,NEEDS_REPAIR,,,,,PANEL,,10,true,,kentron
Y21-51E6B269,89676400,996404,90,,,4,1,,4,0,,,,EURO_RENOVATION,,,,,STONE,,5,false,,kentron
Y21-10000BD6,40807800,503800,81,,,3,1,,1,0,,,,NEEDS_REPAIR,,,,,PANEL,,9,true,,kentron
Y21-E1A56AC6,42823000,1044463,41,,,1,1,,6,0,,,,NEEDS_REPAIR,,,,,PANEL,,11,true,,kentron
Y21-FCCBC952,64486400,921234,70,,,2,1,,8,0,,,,NEEDS_REPAIR,,,,,PANEL,,11,true,,kentron
Y21-3202BC18,65494000,1007600,65,,,2,1,,2,0,,,,NEEDS_REPAIR,,,,,PANEL,,10,true,,kentron
Y21-6584B410,40304000,806080,50,,,2,1,,4,0,,,,NEEDS_REPAIR,,,,,STONE,,4,false,,kentron
Y21-4AFE5D46,40304000,806080,50,,,2,1,,4,0,,,,NEEDS_REPAIR,,,,,STONE,,4,false,,kentron
Y21-77CE89DC,57937000,517295,112,,,3,1,,8,0,,,,NEEDS_REPAIR,,,,,STONE,,12,true,,kentron
Y21-4B6EF141,75570000,755700,100,,,3,1,,11,0,,,,NEEDS_REPAIR,,,,,PANEL,,12,true,,kentron
Y21-A82B8DC8,36273600,549600,66,,,2,1,,3,0,,,,NEEDS_REPAIR,,,,,PANEL,,10,true,,kentron
Y21-44F7081A,22671000,77640,292,,,5,1,,2,0,,,,NEEDS_REPAIR,,,,,STONE,,2,false,,kentron
Y21-07ACFBD2,45342000,566775,80,,,3,1,,1,0,,,,NEEDS_REPAIR,,,,,MONOLITH,,7,true,,kentron
Y21-5A95136D,34762200,589190,59,,,2,1,,3,0,,,,NEEDS_REPAIR,,,,,STONE,,5,false,,kentron
Y21-A792A8AD,68013000,971614,70,,,3,1,,11,0,,,,NEEDS_REPAIR,,,,,PANEL,,16,true,,kentron
Y21-B5565037,45342000,453420,100,,,3,1,,3,0,,,,NEEDS_REPAIR,,,,,STONE,,12,true,,kentron
Y21-059C1AAA,84638400,846384,100,,,4,1,,2,0,,,,NEEDS_REPAIR,,,,,STONE,,4,false,,kentron
Y21-02D52164,69020600,552165,125,,,4,1,,3,0,,,,NEEDS_REPAIR,,,,,STONE,,3,false,,kentron
Y21-F5DFDC51,75570000,1111324,68,,,2,1,,6,0,,,,NEEDS_REPAIR,,,,,PANEL,,11,true,,kentron
Y21-4D77194B,16121600,366400,44,,,1,1,,1,0,,,,NEEDS_REPAIR,,,,,PANEL,,9,true,,kentron
Y21-EFFDC2D2,93203000,1165038,80,,,3,1,,6,0,,,,NEEDS_REPAIR,,,,,MONOLITH,,9,true,,kentron
Y21-8F2CFF3A,26197600,654940,40,,,2,1,,1,0,,,,NEEDS_REPAIR,,,,,STONE,,2,false,,kentron
Y21-8070CC0B,30228000,737268,41,,,1,1,,1,0,,,,NEEDS_REPAIR,,,,,STONE,,5,false,,kentron
Y21-01FE2856,33250800,545095,61,,,2,1,,3,0,,,,NEEDS_REPAIR,,,,,PANEL,,9,true,,kentron
Y21-F58D6817,35266000,452128,78,,,3,1,,5,0,,,,NEEDS_REPAIR,,,,,STONE,,5,false,,kentron
Y21-03D5E91F,130988000,916000,143,,,3,1,,12,0,,,,NEEDS_REPAIR,,,,,MONOLITH,,13,true,,kentron
Y21-919F17E2,120912000,1209120,100,,,3,1,,3,0,,,,NEEDS_REPAIR,,,,,STONE,,20,true,,kentron
Y21-0EDD96CD,55418000,513130,108,,,3,1,,1,0,,,,NEEDS_REPAIR,,,,,STONE,,3,false,,kentron
Y21-5C03150E,103279000,1475414,70,,,3,1,,7,0,,,,NEEDS_REPAIR,,,,,MONOLITH,,10,true,,kentron
Y21-12D7C498,55418000,675829,82,,,3,1,,14,0,,,,NEEDS_REPAIR,,,,,STONE,,14,true,,kentron
Y21-98F0FCC9,24182400,474165,51,,,2,1,,4,0,,,,NEEDS_REPAIR,,,,,PANEL,,5,false,,kentron
Y21-F111B970,42823000,839667,51,,,2,1,,2,0,,,,NEEDS_REPAIR,,,,,STONE,,10,true,,kentron
Y21-201AC8C7,65494000,770518,85,,,3,1,,4,0,,,,NEEDS_REPAIR,,,,,STONE,,5,false,,kentron
Y21-EB0F1C0F,78089000,952305,82,,,3,1,,5,0,,,,NEEDS_REPAIR,,,,,STONE,,5,false,,kentron
Y21-B9561877,56929400,779855,73,,,2,1,,5,0,,,,NEEDS_REPAIR,,,,,NEW_BUILD,,13,true,,kentron
Y21-EC9C4036,41311600,1007600,41,,,1,1,,4,0,,,,NEEDS_REPAIR,,,,,PANEL,,10,true,,kentron
Y21-6F4B6B13,25190000,286250,88,,,4,1,,2,0,,,,NEEDS_REPAIR,,,,,STONE,,2,false,,kentron
Y21-1A6A4AD9,13602600,136026,100,,,3,1,,1,0,,,,NEEDS_REPAIR,,,,,STONE,,5,false,,kentron
Y21-A9E3B313,44334400,1303953,34,,,2,1,,3,0,,,,NEEDS_REPAIR,,,,,STONE,,5,false,,kentron
Y21-E761BE81,95722000,1087750,88,,,3,1,,6,0,,,,NEEDS_REPAIR,,,,,STONE,,9,true,,kentron
Y21-438BD09B,43578700,558701,78,,,2,1,,7,0,,,,NEEDS_REPAIR,,,,,PANEL,,10,true,,kentron
Y21-674769B9,75570000,1035205,73,,,3,1,,4,0,,,,NEEDS_REPAIR,,,,,STONE,,4,false,,kentron
Y21-720D4DE3,120912000,1233796,98,,,3,1,,5,0,,,,NEEDS_REPAIR,,,,,MONOLITH,,14,true,,kentron
Y21-EA9B0C90,38792600,473080,82,,,3,1,,12,0,,,,NEEDS_REPAIR,,,,,PANEL,,14,true,,kentron
Y21-F457B129,47861000,531789,90,,,3,1,,12,1,,,,EURO_RENOVATION,,,,,PANEL,,16,true,,kentron
Y21-F118AF2B,37785000,539786,70,,,3,1,,1,0,,,,NEEDS_REPAIR,,,,,STONE,,2,false,,kentron
Y21-8A208C2A,60456000,1314261,46,,,2,1,,4,0,,,,NEEDS_REPAIR,,,,,STONE,,6,true,,kentron
Y21-6F2029BC,26197600,770518,34,,,2,1,,3,0,,,,NEEDS_REPAIR,,,,,STONE,,5,false,,kentron
Y21-7839C940,78089000,485025,161,,,5,2,,4,2,,,,EURO_RENOVATION,,,,,STONE,,5,false,,kentron
Y21-6C555688,37785000,572500,66,,,2,1,,2,0,,,,NEEDS_REPAIR,,,,,PANEL,,9,true,,kentron
Y21-EFAF671D,57937000,573634,101,,,3,1,,6,0,,,,NEEDS_REPAIR,,,,,STONE,,6,true,,kentron
Y21-04A51086,37785000,726635,52,,,2,1,,9,0,,,,NEEDS_REPAIR,,,,,MONOLITH,,14,true,,kentron
Y21-E5305434,50380000,690137,73,,,3,1,,2,0,,,,NEEDS_REPAIR,,,,,PANEL,,10,true,,kentron
Y21-F5CD7281,46853400,478096,98,,,3,1,,2,0,,,,NEEDS_REPAIR,,,,,PANEL,,10,true,,kentron
Y21-D46142D2,36273600,575771,63,,,2,1,,5,0,,,,NEEDS_REPAIR,,,,,PANEL,,9,true,,kentron
Y21-F3DD9A2D,37785000,839667,45,,,2,1,,10,0,,,,NEEDS_REPAIR,,,,,PANEL,,11,true,,kentron
Y21-7624E84D,57937000,742782,78,,,3,1,,2,0,,,,NEEDS_REPAIR,,,,,STONE,,5,false,,kentron
Y21-B78A98A8,65494000,963147,68,,,3,1,,12,0,,,,NEEDS_REPAIR,,,,,PANEL,,12,true,,kentron
Y21-2E907ECB,45342000,1007600,45,,,1,1,,4,0,,,,NEEDS_REPAIR,,,,,STONE,,9,true,,kentron
Y21-516F8C08,45342000,1007600,45,,,2,1,,4,0,,,,NEEDS_REPAIR,,,,,MONOLITH,,9,true,,kentron
Y21-21907DE7,78089000,1084569,72,,,3,1,,2,0,,,,NEEDS_REPAIR,,,,,MONOLITH,,8,true,,kentron
Y21-9B3FE3B4,65494000,629750,104,,,4,1,,11,0,,,,NEEDS_REPAIR,,,,,MONOLITH,,14,true,,kentron
Y21-3F0AEC4D,62975000,999603,63,,,2,1,,4,0,,,,NEEDS_REPAIR,,,,,STONE,,5,false,,kentron
Y21-7A72AEC7,75570000,812581,93,,,3,1,,2,0,,,,NEEDS_REPAIR,,,,,PANEL,,9,true,,kentron
Y21-E59E0741,60456000,839667,72,,,2,1,,3,0,,,,NEEDS_REPAIR,,,,,PANEL,,10,true,,kentron
Y21-5A876B19,51387600,1141947,45,,,3,1,,10,0,,,,NEEDS_REPAIR,,,,,PANEL,,10,true,,kentron
Y21-A9DB6C3A,105798000,705320,150,,,4,1,,3,0,,,,NEEDS_REPAIR,,,,,STONE,,8,true,,kentron
Y21-79C3C9E3,75570000,1021216,74,,,3,1,,5,0,,,,NEEDS_REPAIR,,,,,STONE,,5,false,,kentron
Y21-D69D786B,42823000,1070575,40,,,2,1,,8,0,,,,NEEDS_REPAIR,,,,,MONOLITH,,8,true,,kentron
Y21-25526935,65494000,850571,77,,,3,1,,6,0,,,,NEEDS_REPAIR,,,,,STONE,,6,true,,kentron
Y21-41276FBB,39296400,586513,67,,,2,1,,2,0,,,,NEEDS_REPAIR,,,,,MONOLITH,,15,true,,kentron
Y21-FDE267EE,42823000,823519,52,,,1,1,,11,0,,,,NEEDS_REPAIR,,,,,PANEL,,11,true,,kentron
Y21-7D818CD0,42823000,1070575,40,,,1,1,,4,0,,,,NEEDS_REPAIR,,,,,STONE,,5,false,,kentron
Y21-1EE1E552,65494000,1284196,51,,,2,1,,4,0,,,,NEEDS_REPAIR,,,,,STONE,,4,false,,kentron
Y21-E04ABD15,39800200,780396,51,,,2,1,,7,0,,,,NEEDS_REPAIR,,,,,MONOLITH,,9,true,,kentron
Y21-4A74C85C,43326800,593518,73,,,3,1,,3,0,,,,NEEDS_REPAIR,,,,,STONE,,5,false,,kentron
Y21-4093DDC2,33754600,544429,62,,,2,1,,14,0,,,,NEEDS_REPAIR,,,,,PANEL,,16,true,,kentron
Y21-43421B24,125950000,503800,250,,,5,1,,1,0,,,,NEEDS_REPAIR,,,,,STONE,,5,false,,kentron
Y21-E4FD3AC0,68013000,629750,108,,,4,1,,8,0,,,,NEEDS_REPAIR,,,,,MONOLITH,,13,true,,kentron
Y21-B1FC99A0,40304000,1007600,40,,,2,1,,6,0,,,,EURO_RENOVATION,,,,,STONE,,6,true,,kentron
Y21-8756CA22,55418000,738907,75,,,2,1,,4,0,,,,NEEDS_REPAIR,,,,,STONE,,5,false,,kentron
Y21-EA2A8139,125950000,740882,170,,,4,1,,2,0,,,,NEEDS_REPAIR,,,,,STONE,,5,false,,kentron
Y21-1F79D151,31739400,705320,45,,,1,1,,9,0,,,,NEEDS_REPAIR,,,,,PANEL,,9,true,,kentron
Y21-2A191F2C,21159600,604560,35,,,1,1,,2,0,,,,NEEDS_REPAIR,,,,,STONE,,5,false,,kentron
Y21-2D909A9C,32747000,363856,90,,,3,1,,13,0,,,,GOOD,,,,,PANEL,,14,true,,malatia-sebastia
Y21-6BA670E1,35215620,341899,103,,,4,1,,8,1,,,,EURO_RENOVATION,,,,,PANEL,,9,true,,malatia-sebastia
Y21-D085ADF1,28968500,396829,73,,,3,2,,8,0,,,,GOOD,,,,,PANEL,,9,true,,malatia-sebastia
Y21-C35832B0,32243200,316110,102,,,4,1,,2,1,,,,EURO_RENOVATION,,,,,PANEL,,3,false,,malatia-sebastia
Y21-525858F6,20655800,439485,47,,,2,1,,6,1,,,,GOOD,,,,,PANEL,,9,true,,malatia-sebastia
Y21-FAEB8AF8,21663400,343863,63,,,2,1,,8,1,,,,NEEDS_REPAIR,,,,,PANEL,,9,true,,malatia-sebastia
Y21-E0495353,39800200,379050,105,,,5,1,,4,1,,,,EURO_RENOVATION,,,,,STONE,,5,false,,malatia-sebastia
Y21-D08FB9B1,38792600,334419,116,,,4,2,,9,1,,,,EURO_RENOVATION,,,,,PANEL,,9,true,,malatia-sebastia
Y21-D0AD87CB,24182400,447822,54,,,3,1,,6,1,,,,GOOD,,,,,NEW_BUILD,,9,true,,malatia-sebastia
Y21-EA37F202,42823000,436969,98,,,4,1,,1,0,,,,GOOD,,,,,STONE,,4,false,,malatia-sebastia
Y21-06261C05,42823000,436969,98,,,4,1,,1,2,,,,GOOD,,,,,STONE,,4,false,,malatia-sebastia
Y21-1C199FC4,28212800,414894,68,,,3,2,,8,1,,,,EURO_RENOVATION,,,,,PANEL,,9,true,,malatia-sebastia
Y21-2D500D23,31739400,360675,88,,,4,1,,8,1,,,,GOOD,,,,,PANEL,,9,true,,malatia-sebastia
Y21-D2857177,25190000,349861,72,,,3,2,,4,0,,,,GOOD,,,,,PANEL,,4,false,,malatia-sebastia
Y21-E675DA6F,30983700,368854,84,,,3,1,,3,2,,,,EURO_RENOVATION,,,,,STONE,,5,false,,malatia-sebastia
Y21-88147A75,13854500,184727,75,,,3,1,,1,0,,,,EURO_RENOVATION,,,,,PANEL,,9,true,,malatia-sebastia
Y21-4B68FBA4,32747000,348372,94,,,3,1,,4,0,,,,GOOD,,,,,STONE,,5,false,,malatia-sebastia
Y21-DBC2F30A,45342000,503800,90,,,4,1,,7,1,,,,EURO_RENOVATION,,,,,PANEL,,9,true,,malatia-sebastia
Y21-65298F31,32747000,654940,50,,,2,1,,6,0,,,,NEEDS_REPAIR,,,,,MONOLITH,,7,true,,malatia-sebastia
Y21-8C2BE9EF,32747000,442527,74,,,3,1,,9,1,,,,EURO_RENOVATION,,,,,PANEL,,9,true,,malatia-sebastia
Y21-C23AA7A9,35266000,476568,74,,,3,1,,4,0,,,,NEEDS_REPAIR,,,,,STONE,,6,true,,malatia-sebastia
Y21-B97BEFF7,39800200,343105,116,,,4,2,,9,1,,,,EURO_RENOVATION,,,,,PANEL,,9,true,,malatia-sebastia
Y21-B5E4053E,36273600,362736,100,,,3,1,,1,0,,,,NEEDS_REPAIR,,,,,STONE,,5,false,,malatia-sebastia
Y21-1823C68A,31739400,382402,83,,,3,1,,12,1,,,,GOOD,,,,,PANEL,,14,true,,malatia-sebastia
Y21-31CE3DED,21663400,338491,64,,,3,1,,1,0,,,,GOOD,,,,,PANEL,,14,true,,malatia-sebastia
Y21-E95B5657,21159600,440825,48,,,1,1,,3,1,,,,NEEDS_REPAIR,,,,,STONE,,5,false,,malatia-sebastia
Y21-107DE434,26701400,417209,64,,,3,1,,5,0,,,,NEEDS_REPAIR,,,,,STONE,,5,false,,malatia-sebastia
Y21-2239A817,31739400,396743,80,,,3,1,,10,0,,,,EURO_RENOVATION,,,,,PANEL,,15,true,,malatia-sebastia
Y21-C183F683,26197600,409338,64,,,2,1,,4,2,,,,GOOD,,,,,STONE,,5,false,,malatia-sebastia
Y21-C59332B9,28716600,435100,66,,,2,1,,9,1,,,,GOOD,,,,,PANEL,,9,true,,malatia-sebastia
Y21-DBB9831C,27457100,403781,68,,,2,1,,1,1,,,,NEEDS_REPAIR,,,,,STONE,,5,false,,malatia-sebastia
Y21-6CC1432E,30228000,397737,76,,,3,1,,9,1,,,,GOOD,,,,,PANEL,,9,true,,malatia-sebastia
Y21-15A69F6A,26701400,417209,64,,,3,1,,2,0,,,,NEEDS_REPAIR,,,,,PANEL,,14,true,,malatia-sebastia
Y21-982BCC9A,32747000,394542,83,,,3,2,,9,2,,,,GOOD,,,,,PANEL,,9,true,,malatia-sebastia
Y21-D9472AEA,22671000,343500,66,,,3,1,,6,1,,,,GOOD,,,,,PANEL,,9,true,,malatia-sebastia
Y21-F38C18D3,34258400,360615,95,,,5,1,,1,2,,,,EURO_RENOVATION,,,,,PANEL,,9,true,,malatia-sebastia
Y21-9B17CCCB,15114000,539786,28,,,1,1,,1,0,,,,GOOD,,,,,STONE,,4,false,,malatia-sebastia
Y21-AA90EB63,30228000,487548,62,,,3,1,,1,1,,,,EURO_RENOVATION,,,,,PANEL,,9,true,,malatia-sebastia
Y21-8DC773D3,37785000,532183,71,,,2,1,,9,1,,,,EURO_RENOVATION,,,,,PANEL,,10,true,,malatia-sebastia
Y21-CFF4BE76,29724200,371553,80,,,3,1,,8,1,,,,EURO_RENOVATION,,,,,PANEL,,9,true,,malatia-sebastia
Y21-53A69EB4,37785000,299881,126,,,4,2,,9,0,,,,EURO_RENOVATION,,,,,PANEL,,9,true,,malatia-sebastia
Y21-F24FA62F,29220400,471297,62,,,2,1,,7,1,,,,EURO_RENOVATION,,,,,PANEL,,9,true,,malatia-sebastia
Y21-B45F11F0,30228000,387538,78,,,3,1,,1,0,,,,EURO_RENOVATION,,,,,STONE,,14,true,,malatia-sebastia
Y21-E83D1354,30983700,442624,70,,,2,1,,4,1,,,,EURO_RENOVATION,,,,,PANEL,,9,true,,malatia-sebastia
Y21-86E93E4F,37785000,359857,105,,,3,1,,16,0,,,,GOOD,,,,,PANEL,,16,true,,malatia-sebastia
Y21-F4BC0A99,33754600,248196,136,,,5,1,,1,0,,,,NEEDS_REPAIR,,,,,NEW_BUILD,,1,false,,malatia-sebastia
Y21-5BE9309E,25190000,503800,50,,,2,1,,14,1,,,,EURO_RENOVATION,,,,,PANEL,,14,true,,malatia-sebastia
Y21-D4B4DEA3,27709000,439825,63,,,3,1,,7,2,,,,GOOD,,,,,PANEL,,16,true,,malatia-sebastia
Y21-7F053E8E,27709000,355244,78,,,3,1,,5,1,,,,GOOD,,,,,NEW_BUILD,,5,false,,malatia-sebastia
Y21-7538D739,40304000,559778,72,,,3,1,,8,1,,,,GOOD,,,,,PANEL,,9,true,,malatia-sebastia
Y21-133987B9,35266000,352660,100,,,3,1,,1,2,,,,EURO_RENOVATION,,,,,PANEL,,9,true,,malatia-sebastia
Y21-6A445ECC,24686200,357771,69,,,2,1,,1,0,,,,NEEDS_REPAIR,,,,,STONE,,4,false,,malatia-sebastia
Y21-AEA71F46,35266000,352660,100,,,3,1,,7,2,,,,GOOD,,,,,PANEL,,9,true,,malatia-sebastia
Y21-23801FF2,18892500,363317,52,,,2,1,,13,1,,,,GOOD,,,,,PANEL,,14,true,,malatia-sebastia
Y21-858A306E,23678600,438493,54,,,2,1,,1,1,,,,EURO_RENOVATION,,,,,PANEL,,9,true,,malatia-sebastia
Y21-916901E5,35266000,440825,80,,,3,2,,1,1,,,,EURO_RENOVATION,,,,,PANEL,,9,true,,malatia-sebastia
Y21-2C405541,35266000,489806,72,,,3,1,,4,1,,,,GOOD,,,,,PANEL,,9,true,,malatia-sebastia
Y21-14ACAB34,16121600,383848,42,,,1,1,,6,1,,,,EURO_RENOVATION,,,,,PANEL,,9,true,,malatia-sebastia
Y21-45E71D02,32747000,363856,90,,,4,1,,8,1,,,,GOOD,,,,,PANEL,,9,true,,malatia-sebastia
Y21-52263F57,35266000,359857,98,,,3,1,,1,1,,,,EURO_RENOVATION,,,,,PANEL,,9,true,,malatia-sebastia
Y21-68283F56,29724200,396323,75,,,3,1,,4,1,,,,EURO_RENOVATION,,,,,PANEL,,9,true,,malatia-sebastia
Y21-B56DB270,33250800,332508,100,,,3,2,,6,2,,,,NEEDS_REPAIR,,,,,PANEL,,9,true,,malatia-sebastia
Y21-E8ABBD28,31235600,363205,86,,,3,1,,6,2,,,,GOOD,,,,,PANEL,,9,true,,malatia-sebastia
Y21-D0131BA6,32747000,321049,102,,,3,1,,4,2,,,,GOOD,,,,,STONE,,5,false,,malatia-sebastia
Y21-AFDC249A,33754600,444139,76,,,3,1,,9,1,,,,EURO_RENOVATION,,,,,PANEL,,9,true,,malatia-sebastia
Y21-79AF382A,43830600,515654,85,,,3,1,,1,0,,,,EURO_RENOVATION,,,,,STONE,,5,false,,malatia-sebastia
Y21-C12C51B9,30228000,355624,85,,,4,3,,13,1,,,,EURO_RENOVATION,,,,,PANEL,,14,true,,malatia-sebastia
Y21-710598EB,22167200,426292,52,,,2,1,,1,1,,,,GOOD,,,,,PANEL,,9,true,,malatia-sebastia
Y21-C2353237,36273600,279028,130,,,4,1,,15,0,,,,NEEDS_REPAIR,,,,,PANEL,,16,true,,malatia-sebastia
Y21-B0F66BDF,23426700,520593,45,,,1,1,,4,1,,,,EURO_RENOVATION,,,,,PANEL,,9,true,,malatia-sebastia
Y21-F7A9FDFF,20152000,395137,51,,,1,1,,1,1,,,,GOOD,,,,,PANEL,,9,true,,malatia-sebastia
Y21-274B7950,36777400,459718,80,,,3,1,,6,2,,,,EURO_RENOVATION,,,,,PANEL,,9,true,,malatia-sebastia
Y21-DE052BE1,32747000,488761,67,,,2,1,,8,0,,,,NEEDS_REPAIR,,,,,PANEL,,9,true,,malatia-sebastia
Y21-9364EFE0,28212800,414894,68,,,3,2,,8,1,,,,EURO_RENOVATION,,,,,PANEL,,9,true,,malatia-sebastia
Y21-AA56A101,46853400,425940,110,,,6,2,,9,1,,,,EURO_RENOVATION,,,,,MONOLITH,,10,true,,malatia-sebastia
Y21-B5C15693,34258400,244703,140,,,4,1,,9,1,,,,EURO_RENOVATION,,,,,PANEL,,9,true,,malatia-sebastia
Y21-1A506DE2,25190000,434310,58,,,1,1,,2,1,,,,EURO_RENOVATION,,,,,PANEL,,9,true,,malatia-sebastia
Y21-C6483158,26197600,391009,67,,,2,1,,14,1,,,,EURO_RENOVATION,,,,,PANEL,,14,true,,malatia-sebastia
Y21-DBF5C35C,32747000,389845,84,,,3,1,,6,2,,,,GOOD,,,,,STONE,,9,true,,malatia-sebastia
Y21-41387065,16625400,263895,63,,,3,1,,10,0,,,,EURO_RENOVATION,,,,,PANEL,,10,true,,malatia-sebastia
Y21-42E23F83,30228000,397737,76,,,3,1,,9,0,,,,GOOD,,,,,PANEL,,9,true,,malatia-sebastia
Y21-7B5043B0,29976100,410632,73,,,3,1,,8,1,,,,EURO_RENOVATION,,,,,PANEL,,9,true,,malatia-sebastia
Y21-1F9EEE30,35266000,410070,86,,,4,1,,3,1,,,,EURO_RENOVATION,,,,,PANEL,,9,true,,malatia-sebastia
Y21-A4602F82,27709000,513130,54,,,2,2,,1,1,,,,EURO_RENOVATION,,,,,PANEL,,9,true,,malatia-sebastia
Y21-A234B697,35266000,511101,69,,,2,1,,3,1,,,,EURO_RENOVATION,,,,,STONE,,5,false,,malatia-sebastia
Y21-979D6AC5,31235600,343248,91,,,3,1,,5,1,,,,GOOD,,,,,STONE,,5,false,,malatia-sebastia
Y21-7DE7A1E3,32747000,409338,80,,,3,1,,8,2,,,,EURO_RENOVATION,,,,,PANEL,,9,true,,malatia-sebastia
Y21-1A8E2314,32747000,409338,80,,,3,1,,8,2,,,,EURO_RENOVATION,,,,,PANEL,,9,true,,malatia-sebastia
Y21-4272B48C,32747000,297700,110,,,4,1,,15,0,,,,NEEDS_REPAIR,,,,,PANEL,,15,true,,malatia-sebastia
Y21-B5EA674E,31235600,512059,61,,,3,1,,6,0,,,,EURO_RENOVATION,,,,,PANEL,,12,true,,malatia-sebastia
Y21-E2B580CE,35266000,483096,73,,,3,1,,9,0,,,,GOOD,,,,,PANEL,,9,true,,malatia-sebastia
Y21-6EB00F85,29220400,365255,80,,,3,1,,5,0,,,,EURO_RENOVATION,,,,,PANEL,,9,true,,malatia-sebastia
Y21-50D401A4,27709000,379575,73,,,3,1,,9,1,,,,EURO_RENOVATION,,,,,PANEL,,9,true,,malatia-sebastia
Y21-6FAF9914,25190000,399841,63,,,2,1,,8,0,,,,NEEDS_REPAIR,,,,,PANEL,,9,true,,malatia-sebastia
Y21-7BD2B0C2,26197600,327470,80,,,3,3,,5,1,,,,GOOD,,,,,STONE,,5,false,,malatia-sebastia
Y21-9B08071E,17633000,503800,35,,,2,1,,4,0,,,,EURO_RENOVATION,,,,,STONE,,4,false,,malatia-sebastia
Y21-217DB574,34258400,393775,87,,,4,1,,9,2,,,,EURO_RENOVATION,,,,,PANEL,,9,true,,malatia-sebastia
Y21-3F77B772,25189496,406282,62,,,2,1,,7,1,,,,GOOD,,,,,PANEL,,16,true,,malatia-sebastia
Y21-0CF35452,30228000,377850,80,,,3,2,,13,2,,,,GOOD,,,,,PANEL,,14,true,,malatia-sebastia
Y21-D7EF305B,22671000,453420,50,,,1,1,,4,1,,,,GOOD,,,,,PANEL,,9,true,,malatia-sebastia
Y21-CDC7D33B,34258400,403040,85,,,3,1,,4,0,,,,EURO_RENOVATION,,,,,PANEL,,14,true,,malatia-sebastia
Y21-850B7D6E,31235600,395387,79,,,3,1,,9,1,,,,GOOD,,,,,PANEL,,9,true,,malatia-sebastia
Y21-ACA475F4,20152000,325032,62,,,3,1,,1,1,,,,EURO_RENOVATION,,,,,STONE,,2,false,,malatia-sebastia
Y21-9901D74D,22167200,426292,52,,,1,1,,1,1,,,,EURO_RENOVATION,,,,,PANEL,,9,true,,malatia-sebastia
Y21-2AD05C56,27709000,769694,36,,,2,1,,1,1,,,,EURO_RENOVATION,,,,,NEW_BUILD,,8,true,,malatia-sebastia
Y21-1FE80DCF,27709000,230908,120,,,6,1,,2,0,,,,NEEDS_REPAIR,,,,,PANEL,,9,true,,malatia-sebastia
Y21-1A1C197D,27709000,407485,68,,,3,1,,3,1,,,,EURO_RENOVATION,,,,,PANEL,,9,true,,malatia-sebastia
Y21-AF55AF39,13602600,302280,45,,,1,1,,5,0,,,,GOOD,,,,,STONE,,5,false,,malatia-sebastia
Y21-8A54B1FE,34258400,462951,74,,,3,1,,7,0,,,,EURO_RENOVATION,,,,,NEW_BUILD,,9,true,,malatia-sebastia
Y21-81B7E328,39800200,468238,85,,,4,1,,7,1,,,,EURO_RENOVATION,,,,,PANEL,,9,true,,malatia-sebastia
Y21-167050BE,37785000,555662,68,,,3,1,,12,0,,,,NEEDS_REPAIR,,,,,PANEL,,15,true,,malatia-sebastia
Y21-800D50C2,26197600,374251,70,,,3,1,,9,1,,,,GOOD,,,,,PANEL,,9,true,,malatia-sebastia
Y21-C066606C,27709000,355244,78,,,3,1,,2,1,,,,NEEDS_REPAIR,,,,,PANEL,,9,true,,malatia-sebastia
Y21-44CB74B1,39296400,377850,104,,,4,1,,11,1,,,,GOOD,,,,,PANEL,,14,true,,malatia-sebastia
Y21-E65DB5FA,28212800,434043,65,,,2,1,,10,0,,,,GOOD,,,,,PANEL,,15,true,,malatia-sebastia
Y21-05BB4EA5,20655800,459018,45,,,1,1,,5,1,,,,GOOD,,,,,STONE,,5,false,,malatia-sebastia
Y21-F4E65021,30228000,495541,61,,,2,1,,10,1,,,,GOOD,,,,,PANEL,,10,true,,malatia-sebastia
Y21-69958D5E,37785000,419833,90,,,4,1,,2,1,,,,EURO_RENOVATION,,,,,PANEL,,9,true,,malatia-sebastia
Y21-6BA00807,22671000,482362,47,,,1,1,,5,1,,,,GOOD,,,,,NEW_BUILD,,5,false,,malatia-sebastia
Y21-BC052C8B,30228000,311629,97,,,4,1,,1,0,,,,EURO_RENOVATION,,,,,STONE,,10,true,,malatia-sebastia
Y21-E3E7E599,24182400,287886,84,,,3,1,,9,0,,,,GOOD,,,,,PANEL,,9,true,,malatia-sebastia
Y21-80D1B678,23174800,331069,70,,,3,1,,7,1,,,,GOOD,,,,,PANEL,,9,true,,malatia-sebastia
Y21-7494ADB9,32747000,419833,78,,,3,1,,7,1,,,,NEEDS_REPAIR,,,,,PANEL,,14,true,,malatia-sebastia
Y21-D73D9CA8,33754600,406682,83,,,4,1,,4,0,,,,EURO_RENOVATION,,,,,PANEL,,9,true,,malatia-sebastia
Y21-C15FEC6C,47357200,631429,75,,,3,1,,3,0,,,,NEEDS_REPAIR,,,,,PANEL,,5,false,,malatia-sebastia
Y21-CE2C37AB,12595000,267979,47,,,2,1,,1,0,,,,GOOD,,,,,STONE,,5,false,,malatia-sebastia
Y21-869DFEB4,30731800,426831,72,,,3,1,,2,1,,,,EURO_RENOVATION,,,,,NEW_BUILD,,9,true,,malatia-sebastia
Y21-25CEA15C,44334400,521581,85,,,5,1,,1,0,,,,EURO_RENOVATION,,,,,STONE,,5,false,,malatia-sebastia
Y21-C64A8843,27709000,379575,73,,,3,1,,8,1,,,,GOOD,,,,,PANEL,,9,true,,malatia-sebastia
Y21-9E9FD1B9,35266000,452128,78,,,4,1,,3,1,,,,EURO_RENOVATION,,,,,PANEL,,9,true,,malatia-sebastia
Y21-A86F5A2B,30228000,355624,85,,,3,1,,3,1,,,,GOOD,,,,,PANEL,,14,true,,malatia-sebastia
Y21-E5BAC75A,36777400,496992,74,,,3,1,,6,0,,,,GOOD,,,,,PANEL,,9,true,,malatia-sebastia
Y21-744D827E,25190000,514082,49,,,2,1,,3,1,,,,EURO_RENOVATION,,,,,PANEL,,9,true,,malatia-sebastia
Y21-D0B1C2DB,34762200,418822,83,,,3,1,,5,1,,,,EURO_RENOVATION,,,,,PANEL,,14,true,,malatia-sebastia
Y21-95ECE13C,36268562,402984,90,,,4,1,,8,1,,,,GOOD,,,,,PANEL,,9,true,,malatia-sebastia
Y21-952DE094,39296400,291084,135,,,3,1,,9,0,,,,NEEDS_REPAIR,,,,,PANEL,,9,true,,malatia-sebastia
Y21-3DB930D8,22671000,343500,66,,,3,1,,6,1,,,,GOOD,,,,,PANEL,,9,true,,malatia-sebastia
Y21-4925E27E,32747000,363856,90,,,4,2,,6,1,,,,GOOD,,,,,PANEL,,9,true,,malatia-sebastia
Y21-2528691D,32747000,461225,71,,,3,1,,5,0,,,,GOOD,,,,,PANEL,,9,true,,malatia-sebastia
Y21-468F7C0B,21159600,423192,50,,,1,1,,1,1,,,,EURO_RENOVATION,,,,,PANEL,,9,true,,malatia-sebastia
Y21-B9131B81,23678600,319981,74,,,3,1,,9,1,,,,GOOD,,,,,MONOLITH,,9,true,,malatia-sebastia
Y21-BF9F097F,22671000,338373,67,,,2,1,,5,1,,,,NEEDS_REPAIR,,,,,PANEL,,9,true,,malatia-sebastia
Y21-F66DB071,16121600,383848,42,,,1,1,,6,1,,,,EURO_RENOVATION,,,,,PANEL,,9,true,,malatia-sebastia
Y21-2A6A1A47,18590220,404135,46,,,1,1,,2,1,,,,GOOD,,,,,PANEL,,9,true,,malatia-sebastia
Y21-EA66DF9F,28212800,335867,84,,,3,1,,13,0,,,,NEEDS_REPAIR,,,,,PANEL,,16,true,,malatia-sebastia
Y21-6FFAD0DE,32747000,545783,60,,,2,1,,3,0,,,,EURO_RENOVATION,,,,,PANEL,,9,true,,malatia-sebastia
Y21-10A85A5B,30731800,361551,85,,,3,1,,7,0,,,,NEEDS_REPAIR,,,,,PANEL,,14,true,,malatia-sebastia
Y21-8D73AF81,33754600,383575,88,,,3,1,,8,0,,,,EURO_RENOVATION,,,,,PANEL,,14,true,,malatia-sebastia
Y21-7172334E,37785000,539786,70,,,2,1,,5,1,,,,EURO_RENOVATION,,,,,NEW_BUILD,,6,true,,malatia-sebastia
Y21-45EBE810,24182400,281191,86,,,4,1,,9,0,,,,EURO_RENOVATION,,,,,PANEL,,9,true,,malatia-sebastia
Y21-57F13D48,21159600,423192,50,,,2,1,,5,0,,,,EURO_RENOVATION,,,,,STONE,,5,false,,malatia-sebastia
Y21-DD5C153B,39296400,427135,92,,,4,1,,2,1,,,,EURO_RENOVATION,,,,,PANEL,,9,true,,malatia-sebastia
Y21-AF0D57CF,37785000,385561,98,,,4,2,,6,1,,,,GOOD,,,,,PANEL,,9,true,,malatia-sebastia
Y21-7FFAC7F2,42823000,428230,100,,,3,1,,3,0,,,,NEEDS_REPAIR,,,,,PANEL,,14,true,,malatia-sebastia
Y21-F30045B4,32747000,399354,82,,,3,1,,1,2,,,,GOOD,,,,,STONE,,5,false,,malatia-sebastia
Y21-CEFCC959,27709000,390268,71,,,3,1,,2,1,,,,GOOD,,,,,PANEL,,9,true,,malatia-sebastia
Y21-853EF804,39296400,357240,110,,,4,1,,11,1,,,,GOOD,,,,,PANEL,,14,true,,malatia-sebastia
Y21-93A38EB9,32243200,403040,80,,,3,1,,14,0,,,,EURO_RENOVATION,,,,,PANEL,,14,true,,malatia-sebastia
Y21-4220B13C,33754600,351610,96,,,3,1,,7,0,,,,GOOD,,,,,PANEL,,14,true,,malatia-sebastia
Y21-4DB458DA,34258400,417785,82,,,3,1,,9,0,,,,EURO_RENOVATION,,,,,PANEL,,14,true,,malatia-sebastia
Y21-A71F3F4D,31235600,283960,110,,,3,1,,1,0,,,,EURO_RENOVATION,,,,,STONE,,9,true,,malatia-sebastia
Y21-80B4B7C0,33754600,421933,80,,,3,1,,10,1,,,,GOOD,,,,,PANEL,,14,true,,malatia-sebastia
Y21-4660A3FB,35769800,397442,90,,,3,1,,8,0,,,,GOOD,,,,,PANEL,,11,true,,malatia-sebastia
Y21-CE8D5604,36777400,432675,85,,,3,1,,12,0,,,,EURO_RENOVATION,,,,,PANEL,,15,true,,malatia-sebastia
Y21-B61602D6,34258400,428230,80,,,3,2,,15,1,,,,EURO_RENOVATION,,,,,PANEL,,16,true,,malatia-sebastia
Y21-59C6A8E8,38792600,517235,75,,,3,1,,1,0,,,,NEEDS_REPAIR,,,,,PANEL,,9,true,,malatia-sebastia
Y21-382E35CD,23426700,377850,62,,,2,1,,3,2,,,,NEEDS_REPAIR,,,,,PANEL,,9,true,,malatia-sebastia
Y21-7679B7B4,31235600,422103,74,,,3,1,,9,1,,,,EURO_RENOVATION,,,,,PANEL,,9,true,,malatia-sebastia
Y21-53F278C9,30228000,487548,62,,,2,2,,8,1,,,,EURO_RENOVATION,,,,,PANEL,,9,true,,malatia-sebastia
Y21-7D8AE8C2,32747000,399354,82,,,3,1,,10,1,,,,GOOD,,,,,PANEL,,14,true,,malatia-sebastia
Y21-5D09770A,35266000,396247,89,,,3,1,,10,1,,,,GOOD,,,,,PANEL,,14,true,,malatia-sebastia
Y21-4E72CB5C,23678600,430520,55,,,1,1,,4,1,,,,EURO_RENOVATION,,,,,PANEL,,9,true,,malatia-sebastia
Y21-CAEC67C6,24182400,383848,63,,,3,1,,3,2,,,,GOOD,,,,,STONE,,5,false,,malatia-sebastia
Y21-0FEC358A,40304000,544649,74,,,3,1,,7,1,,,,EURO_RENOVATION,,,,,PANEL,,9,true,,malatia-sebastia
Y21-75CCCF6C,31739400,391844,81,,,3,1,,14,0,,,,EURO_RENOVATION,,,,,PANEL,,14,true,,malatia-sebastia
Y21-967C39E5,25190000,381667,66,,,2,2,,7,1,,,,GOOD,,,,,PANEL,,9,true,,malatia-sebastia
Y21-DAC78E1D,32747000,389845,84,,,3,1,,9,1,,,,GOOD,,,,,PANEL,,9,true,,malatia-sebastia
Y21-17814582,22167200,426292,52,,,1,1,,1,1,,,,EURO_RENOVATION,,,,,PANEL,,9,true,,malatia-sebastia
Y21-4811C712,39296400,357240,110,,,4,2,,3,1,,,,EURO_RENOVATION,,,,,STONE,,5,false,,malatia-sebastia
Y21-A51D4924,40304000,447822,90,,,3,1,,3,0,,,,EURO_RENOVATION,,,,,NEW_BUILD,,14,true,,malatia-sebastia
Y21-23D8C787,36777400,417925,88,,,4,1,,5,1,,,,GOOD,,,,,PANEL,,9,true,,malatia-sebastia
Y21-40C8F690,31739400,406915,78,,,3,1,,5,0,,,,NEEDS_REPAIR,,,,,STONE,,5,false,,malatia-sebastia
Y21-D212573A,34258400,439210,78,,,3,1,,5,1,,,,GOOD,,,,,PANEL,,9,true,,malatia-sebastia
Y21-8530C051,25190000,322949,78,,,3,2,,5,1,,,,NEEDS_REPAIR,,,,,STONE,,5,false,,malatia-sebastia
Y21-7D1E037B,30228000,451164,67,,,2,1,,5,0,,,,NEEDS_REPAIR,,,,,PANEL,,9,true,,malatia-sebastia
Y21-B760957E,34258400,462951,74,,,3,1,,2,1,,,,NEEDS_REPAIR,,,,,NEW_BUILD,,9,true,,malatia-sebastia
Y21-D608AA2A,39800200,468238,85,,,4,1,,7,1,,,,EURO_RENOVATION,,,,,PANEL,,9,true,,malatia-sebastia
Y21-4F63B54F,31739400,377850,84,,,3,3,,4,1,,,,GOOD,,,,,NEW_BUILD,,9,true,,malatia-sebastia
Y21-FE273779,29724200,424631,70,,,3,1,,1,1,,,,EURO_RENOVATION,,,,,PANEL,,1,false,,malatia-sebastia
Y21-BE7E7A98,33754600,432751,78,,,3,1,,5,1,,,,GOOD,,,,,PANEL,,9,true,,malatia-sebastia
Y21-4E27B002,30228000,377850,80,,,3,1,,6,2,,,,EURO_RENOVATION,,,,,PANEL,,9,true,,malatia-sebastia
Y21-01AA3E06,24132020,377063,64,,,3,1,,2,1,,,,GOOD,,,,,STONE,,10,true,,malatia-sebastia
Y21-479A26B6,50380000,559778,90,,,3,1,,4,1,,,,EURO_RENOVATION,,,,,PANEL,,14,true,,malatia-sebastia
Y21-70D7DDBD,35266000,587767,60,,,2,2,,1,0,,,,EURO_RENOVATION,,,,,STONE,,5,false,,malatia-sebastia
Y21-7F592A48,19396300,431029,45,,,2,1,,5,1,,,,GOOD,,,,,PANEL,,9,true,,malatia-sebastia
Y21-BEB4C02B,28212800,434043,65,,,3,1,,9,0,,,,GOOD,,,,,PANEL,,14,true,,malatia-sebastia
Y21-D05E3D18,22671000,377850,60,,,3,1,,9,0,,,,EURO_RENOVATION,,,,,PANEL,,9,true,,malatia-sebastia
Y21-BEE45553,27709000,454246,61,,,2,1,,3,1,,,,EURO_RENOVATION,,,,,PANEL,,9,true,,malatia-sebastia
Y21-DA39EEE8,24182400,335867,72,,,2,1,,4,1,,,,GOOD,,,,,STONE,,5,false,,malatia-sebastia
Y21-2C6F90B1,14433870,515495,28,,,1,1,,3,1,,,,EURO_RENOVATION,,,,,STONE,,4,false,,malatia-sebastia
Y21-B6BE6A26,28716600,441794,65,,,3,1,,14,1,,,,EURO_RENOVATION,,,,,PANEL,,14,true,,malatia-sebastia
Y21-A794C340,22167200,443344,50,,,1,1,,6,1,,,,EURO_RENOVATION,,,,,PANEL,,9,true,,malatia-sebastia
Y21-E18D54D6,34258400,456779,75,,,3,1,,1,0,,,,EURO_RENOVATION,,,,,PANEL,,9,true,,malatia-sebastia
Y21-5E41A981,29220400,352053,83,,,3,2,,7,2,,,,GOOD,,,,,PANEL,,14,true,,malatia-sebastia
Y21-630E1E5F,31235600,416475,75,,,3,1,,3,0,,,,NEEDS_REPAIR,,,,,PANEL,,9,true,,malatia-sebastia
Y21-F72979A9,31739400,396743,80,,,3,1,,4,1,,,,EURO_RENOVATION,,,,,STONE,,4,false,,malatia-sebastia
Y21-35139B06,55418000,675829,82,,,3,2,,4,1,,,,EURO_RENOVATION,,,,,NEW_BUILD,,8,true,,malatia-sebastia
Y21-C321418C,28716600,319073,90,,,4,1,,2,1,,,,GOOD,,,,,PANEL,,9,true,,malatia-sebastia
Y21-2FBA04CB,37785000,449821,84,,,3,1,,5,1,,,,EURO_RENOVATION,,,,,PANEL,,14,true,,malatia-sebastia
Y21-4CCA2E86,25190000,283034,89,,,4,1,,9,1,,,,GOOD,,,,,PANEL,,9,true,,malatia-sebastia
Y21-FDD4869D,24686200,391844,63,,,2,1,,8,2,,,,EURO_RENOVATION,,,,,PANEL,,9,true,,malatia-sebastia
Y21-56942B1E,42823000,450768,95,,,4,1,,6,0,,,,EURO_RENOVATION,,,,,PANEL,,9,true,,malatia-sebastia
Y21-5BE19628,69020600,515079,134,,,5,2,,5,1,,,,EURO_RENOVATION,,,,,NEW_BUILD,,6,true,,malatia-sebastia
Y21-1322A432,30228000,414082,73,,,3,1,,9,1,,,,NEEDS_REPAIR,,,,,PANEL,,9,true,,malatia-sebastia
Y21-3449D103,16877300,468814,36,,,2,1,,4,1,,,,EURO_RENOVATION,,,,,STONE,,4,false,,malatia-sebastia
Y21-F1D00DDA,17633000,464026,38,,,1,1,,3,0,,,,GOOD,,,,,STONE,,4,false,,malatia-sebastia
Y21-1623B87D,28716600,382888,75,,,3,1,,6,0,,,,NEEDS_REPAIR,,,,,PANEL,,9,true,,malatia-sebastia
Y21-0F7B3FC6,34258400,417785,82,,,4,1,,5,1,,,,GOOD,,,,,STONE,,5,false,,malatia-sebastia
Y21-D360906A,27205200,418542,65,,,3,2,,8,1,,,,EURO_RENOVATION,,,,,MONOLITH,,10,true,,malatia-sebastia
Y21-10FDB9FD,61967400,512127,121,,,3,1,,4,1,,,,NEEDS_REPAIR,,,,,NEW_BUILD,,6,true,,malatia-sebastia
Y21-12697D30,28212800,403040,70,,,3,1,,3,1,,,,EURO_RENOVATION,,,,,PANEL,,9,true,,malatia-sebastia
Y21-3DBF55AC,25945700,341391,76,,,3,1,,9,1,,,,EURO_RENOVATION,,,,,PANEL,,9,true,,malatia-sebastia
Y21-4E18860E,32747000,511672,64,,,4,1,,7,0,,,,GOOD,,,,,PANEL,,10,true,,malatia-sebastia
Y21-BA8A3054,35215620,429459,82,,,3,1,,2,0,,,,NEEDS_REPAIR,,,,,PANEL,,9,true,,malatia-sebastia
Y21-68443025,26197600,459607,57,,,2,1,,3,1,,,,GOOD,,,,,STONE,,5,false,,malatia-sebastia
Y21-1C303F4D,50380000,419833,120,,,3,3,,2,0,,,,EURO_RENOVATION,,,,,STONE,,5,false,,malatia-sebastia
Y21-41F7E504,50380000,419833,120,,,3,3,,2,0,,,,EURO_RENOVATION,,,,,STONE,,5,false,,malatia-sebastia
Y21-21379670,30228000,414082,73,,,3,2,,4,1,,,,GOOD,,,,,PANEL,,9,true,,malatia-sebastia
Y21-7CC49445,22671000,515250,44,,,1,1,,4,1,,,,EURO_RENOVATION,,,,,PANEL,,9,true,,malatia-sebastia
Y21-FC34B404,29724200,424631,70,,,2,1,,6,1,,,,GOOD,,,,,PANEL,,14,true,,malatia-sebastia
Y21-F1F5DAC3,28212800,361703,78,,,3,1,,1,2,,,,GOOD,,,,,PANEL,,9,true,,malatia-sebastia
Y21-453DD3C8,34258400,342584,100,,,4,1,,8,0,,,,EURO_RENOVATION,,,,,PANEL,,9,true,,malatia-sebastia
Y21-44FBD4F0,32243200,403040,80,,,3,1,,14,0,,,,NEEDS_REPAIR,,,,,PANEL,,15,true,,malatia-sebastia
Y21-41DBCB6A,33754600,383575,88,,,3,1,,8,0,,,,EURO_RENOVATION,,,,,PANEL,,14,true,,malatia-sebastia
Y21-AEDC4F11,50380000,547609,92,,,4,2,,7,1,,,,GOOD,,,,,PANEL,,9,true,,malatia-sebastia
Y21-4CB3CBB9,27205200,406048,67,,,2,1,,3,0,,,,GOOD,,,,,PANEL,,9,true,,malatia-sebastia
Y21-E85251DC,37785000,472313,80,,,3,1,,4,2,,,,EURO_RENOVATION,,,,,PANEL,,9,true,,malatia-sebastia
Y21-FEADF586,31739400,382402,83,,,4,1,,9,1,,,,GOOD,,,,,PANEL,,9,true,,malatia-sebastia
Y21-A6B47173,57937000,673686,86,,,3,2,,9,2,,,,EURO_RENOVATION,,,,,NEW_BUILD,,14,true,,malatia-sebastia
Y21-1C68C64F,25190000,349861,72,,,3,1,,5,1,,,,GOOD,,,,,STONE,,5,false,,malatia-sebastia
Y21-14C8CDEC,37785000,484423,78,,,3,1,,6,0,,,,EURO_RENOVATION,,,,,PANEL,,14,true,,malatia-sebastia
Y21-BBE47207,30228000,487548,62,,,2,1,,4,1,,,,EURO_RENOVATION,,,,,STONE,,5,false,,malatia-sebastia
Y21-0A268F3F,24434300,325791,75,,,3,1,,1,1,,,,GOOD,,,,,PANEL,,9,true,,malatia-sebastia
Y21-8EE80806,25190000,327143,77,,,3,1,,6,1,,,,EURO_RENOVATION,,,,,PANEL,,9,true,,malatia-sebastia
Y21-AB24EDB7,26197600,218313,120,,,3,1,,5,1,,,,GOOD,,,,,STONE,,5,false,,malatia-sebastia
Y21-5EBA6B02,32747000,474594,69,,,2,1,,2,1,,,,EURO_RENOVATION,,,,,PANEL,,9,true,,malatia-sebastia
Y21-2BED2C01,43830600,391345,112,,,5,1,,5,1,,,,EURO_RENOVATION,,,,,STONE,,5,false,,malatia-sebastia
Y21-91426EB9,70532000,496704,142,,,4,1,,4,2,,,,EURO_RENOVATION,,,,,PANEL,,9,true,,malatia-sebastia
Y21-4E2F3FE7,32747000,992333,33,,,1,1,,13,1,,,,EURO_RENOVATION,,,,,NEW_BUILD,,32,true,,malatia-sebastia
Y21-859ACA5F,22671000,552951,41,,,1,1,,10,1,,,,EURO_RENOVATION,,,,,PANEL,,10,true,,malatia-sebastia
Y21-F3255A49,28716600,388062,74,,,3,1,,3,1,,,,NEEDS_REPAIR,,,,,PANEL,,9,true,,malatia-sebastia
Y21-E7540AD5,21663400,442110,49,,,3,1,,1,1,,,,EURO_RENOVATION,,,,,PANEL,,9,true,,malatia-sebastia
Y21-71EB3D2E,19144400,435100,44,,,1,1,,4,1,,,,EURO_RENOVATION,,,,,STONE,,5,false,,malatia-sebastia
Y21-5B3704EF,26701400,321704,83,,,3,3,,12,1,,,,GOOD,,,,,PANEL,,14,true,,malatia-sebastia
Y21-94D7850F,26701400,321704,83,,,3,3,,12,1,,,,GOOD,,,,,PANEL,,14,true,,malatia-sebastia
Y21-C07FC72A,35266000,424892,83,,,3,1,,8,1,,,,GOOD,,,,,PANEL,,9,true,,malatia-sebastia
Y21-7CFD57BD,32747000,372125,88,,,4,1,,2,1,,,,GOOD,,,,,PANEL,,9,true,,malatia-sebastia
Y21-B01571C6,27709000,346363,80,,,3,1,,7,2,,,,GOOD,,,,,PANEL,,9,true,,malatia-sebastia
Y21-1A41A678,35266000,320600,110,,,4,1,,9,2,,,,EURO_RENOVATION,,,,,PANEL,,9,true,,malatia-sebastia
Y21-C3036C7E,19144400,398842,48,,,1,1,,3,1,,,,NEEDS_REPAIR,,,,,STONE,,5,false,,malatia-sebastia
Y21-19C2D60F,30228000,302280,100,,,4,1,,14,0,,,,NEEDS_REPAIR,,,,,PANEL,,14,true,,malatia-sebastia
Y21-77C1B706,31235600,446223,70,,,3,1,,1,1,,,,EURO_RENOVATION,,,,,PANEL,,9,true,,malatia-sebastia
Y21-44F57892,34258400,376466,91,,,4,1,,9,1,,,,EURO_RENOVATION,,,,,PANEL,,9,true,,malatia-sebastia
Y21-393FB354,25945700,332637,78,,,3,1,,9,2,,,,GOOD,,,,,PANEL,,9,true,,malatia-sebastia
Y21-B87085A3,21159600,641200,33,,,2,1,,3,0,,,,EURO_RENOVATION,,,,,STONE,,5,false,,malatia-sebastia
Y21-A7A87EC1,30228000,419833,72,,,3,1,,5,1,,,,EURO_RENOVATION,,,,,PANEL,,9,true,,malatia-sebastia
Y21-297DFC80,28212800,494961,57,,,2,2,,9,1,,,,EURO_RENOVATION,,,,,PANEL,,14,true,,malatia-sebastia
Y21-46A7A5C8,35266000,419833,84,,,4,1,,9,1,,,,GOOD,,,,,PANEL,,14,true,,malatia-sebastia
Y21-D7709A26,35266000,452128,78,,,4,1,,3,1,,,,EURO_RENOVATION,,,,,PANEL,,9,true,,malatia-sebastia
Y21-6D326283,25190000,434310,58,,,1,1,,2,1,,,,EURO_RENOVATION,,,,,PANEL,,9,true,,malatia-sebastia
Y21-391247BB,20152000,325032,62,,,3,1,,1,0,,,,NEEDS_REPAIR,,,,,NEW_BUILD,,5,false,,malatia-sebastia
Y21-994F3B98,20152000,325032,62,,,3,1,,1,0,,,,NEEDS_REPAIR,,,,,NEW_BUILD,,5,false,,malatia-sebastia
Y21-F9C59073,18640600,345196,54,,,1,2,,1,1,,,,GOOD,,,,,PANEL,,9,true,,malatia-sebastia
Y21-EF82BD58,17633000,352660,50,,,1,1,,1,1,,,,GOOD,,,,,PANEL,,9,true,,malatia-sebastia
Y21-11AC5ED9,25190000,387538,65,,,4,1,,6,1,,,,GOOD,,,,,PANEL,,9,true,,malatia-sebastia
Y21-701C3CE4,37785000,419833,90,,,4,1,,8,0,,,,NEEDS_REPAIR,,,,,STONE,,9,true,,malatia-sebastia
Y21-7C04CE17,36273600,390039,93,,,4,1,,5,1,,,,GOOD,,,,,PANEL,,9,true,,malatia-sebastia
Y21-4EC7A033,30228000,274800,110,,,4,1,,1,0,,,,NEEDS_REPAIR,,,,,STONE,,5,false,,malatia-sebastia
Y21-1A18F755,22167200,357535,62,,,2,1,,8,1,,,,GOOD,,,,,PANEL,,9,true,,malatia-sebastia
Y21-C34D921E,30479900,468922,65,,,3,2,,8,1,,,,EURO_RENOVATION,,,,,PANEL,,10,true,,malatia-sebastia
Y21-427A5887,27205200,418542,65,,,3,2,,8,1,,,,EURO_RENOVATION,,,,,PANEL,,10,true,,malatia-sebastia
Y21-F7E16A1B,55418000,692725,80,,,3,1,,5,0,,,,EURO_RENOVATION,,,,,PANEL,,14,true,,malatia-sebastia
Y21-72114B46,39800200,379050,105,,,5,1,,4,1,,,,EURO_RENOVATION,,,,,STONE,,5,false,,malatia-sebastia
Y21-372ED9C1,21159600,377850,56,,,2,1,,1,1,,,,EURO_RENOVATION,,,,,PANEL,,9,true,,malatia-sebastia
Y21-5DFDC7BC,39800200,368520,108,,,4,1,,3,0,,,,EURO_RENOVATION,,,,,PANEL,,14,true,,malatia-sebastia
Y21-E3465317,42823000,460462,93,,,3,2,,4,0,,,,EURO_RENOVATION,,,,,PANEL,,16,true,,malatia-sebastia
Y21-2E03896D,25693800,407838,63,,,2,1,,8,2,,,,GOOD,,,,,PANEL,,10,true,,malatia-sebastia
Y21-4A4DC846,16121600,575771,28,,,1,1,,3,0,,,,EURO_RENOVATION,,,,,STONE,,4,false,,malatia-sebastia
Y21-B47BBE4E,26449500,330619,80,,,3,1,,8,2,,,,GOOD,,,,,PANEL,,9,true,,malatia-sebastia
Y21-AFDF06C1,28716600,358958,80,,,3,1,,1,0,,,,NEEDS_REPAIR,,,,,PANEL,,9,true,,malatia-sebastia
Y21-F5F3B611,18892500,401968,47,,,1,1,,9,1,,,,GOOD,,,,,PANEL,,9,true,,malatia-sebastia
Y21-9AA3A268,29220400,436125,67,,,2,1,,2,0,,,,EURO_RENOVATION,,,,,NEW_BUILD,,14,true,,malatia-sebastia
Y21-91B6E230,30228000,343500,88,,,4,1,,8,1,,,,GOOD,,,,,PANEL,,9,true,,malatia-sebastia
Y21-1C0AE878,27457100,409807,67,,,3,1,,8,1,,,,EURO_RENOVATION,,,,,PANEL,,9,true,,malatia-sebastia
Y21-D89E325E,27205200,544104,50,,,2,1,,5,1,,,,GOOD,,,,,STONE,,5,false,,malatia-sebastia
Y21-8613B0EE,27709000,359857,77,,,3,1,,1,0,,,,NEEDS_REPAIR,,,,,PANEL,,9,true,,malatia-sebastia
Y21-DAF02B19,24182400,366400,66,,,2,1,,13,1,,,,NEEDS_REPAIR,,,,,PANEL,,16,true,,malatia-sebastia
Y21-B68BF9EC,19900100,452275,44,,,2,2,,5,1,,,,GOOD,,,,,NEW_BUILD,,9,true,,malatia-sebastia
Y21-D78CB05C,20152000,387538,52,,,2,1,,1,0,,,,EURO_RENOVATION,,,,,STONE,,16,true,,malatia-sebastia
Y21-9B969F47,32747000,376402,87,,,3,1,,3,1,,,,EURO_RENOVATION,,,,,PANEL,,14,true,,malatia-sebastia
Y21-241A5BCA,27709000,364592,76,,,3,1,,6,1,,,,GOOD,,,,,PANEL,,9,true,,malatia-sebastia
Y21-E1E2C514,23678600,514752,46,,,2,1,,5,1,,,,EURO_RENOVATION,,,,,PANEL,,9,true,,malatia-sebastia
Y21-F2F34505,28716600,398842,72,,,3,1,,4,1,,,,GOOD,,,,,PANEL,,9,true,,malatia-sebastia
Y21-EA3D792E,32747000,376402,87,,,4,1,,6,1,,,,GOOD,,,,,PANEL,,9,true,,malatia-sebastia
Y21-8BE8DE70,42319200,352660,120,,,4,2,,10,1,,,,EURO_RENOVATION,,,,,PANEL,,16,true,,malatia-sebastia
Y21-6277B594,26701400,310481,86,,,4,1,,1,0,,,,EURO_RENOVATION,,,,,NEW_BUILD,,10,true,,malatia-sebastia
Y21-785BD798,30228000,232523,130,,,4,1,,10,0,,,,NEEDS_REPAIR,,,,,PANEL,,11,true,,malatia-sebastia
Y21-FE13D29C,27205200,418542,65,,,3,2,,8,1,,,,EURO_RENOVATION,,,,,MONOLITH,,10,true,,malatia-sebastia
Y21-40FAFB3B,35266000,452128,78,,,3,1,,7,1,,,,EURO_RENOVATION,,,,,PANEL,,9,true,,malatia-sebastia
Y21-260F6FC2,32747000,376402,87,,,4,3,,9,2,,,,EURO_RENOVATION,,,,,PANEL,,9,true,,malatia-sebastia
Y21-019FA53E,37785000,460793,82,,,3,1,,12,1,,,,EURO_RENOVATION,,,,,PANEL,,14,true,,malatia-sebastia
Y21-A62C8519,25190000,251900,100,,,5,1,,3,0,,,,NEEDS_REPAIR,,,,,STONE,,5,false,,malatia-sebastia
Y21-BF1CBDFD,28716600,345983,83,,,3,1,,10,1,,,,NEEDS_REPAIR,,,,,PANEL,,14,true,,malatia-sebastia
Y21-DA6002FB,34258400,570973,60,,,2,1,,6,0,,,,EURO_RENOVATION,,,,,PANEL,,9,true,,malatia-sebastia
Y21-A74F6945,39296400,561377,70,,,2,1,,7,1,,,,EURO_RENOVATION,,,,,NEW_BUILD,,10,true,,malatia-sebastia
Y21-693326F3,33754600,229623,147,,,4,1,,1,0,,,,EURO_RENOVATION,,,,,PANEL,,9,true,,malatia-sebastia
Y21-7E31A1E4,40304000,485590,83,,,3,1,,10,1,,,,EURO_RENOVATION,,,,,PANEL,,15,true,,malatia-sebastia
Y21-AA03F003,26449500,413273,64,,,3,1,,8,1,,,,EURO_RENOVATION,,,,,PANEL,,10,true,,malatia-sebastia
Y21-6178C2A3,32747000,363856,90,,,4,1,,9,0,,,,EURO_RENOVATION,,,,,PANEL,,9,true,,malatia-sebastia
Y21-CF762603,27709000,395843,70,,,3,1,,5,1,,,,GOOD,,,,,STONE,,5,false,,malatia-sebastia
Y21-42C5B1C5,31235600,363205,86,,,3,2,,13,1,,,,NEEDS_REPAIR,,,,,PANEL,,14,true,,malatia-sebastia
Y21-ACBEDFB7,29976100,516829,58,,,2,1,,5,1,,,,EURO_RENOVATION,,,,,STONE,,5,false,,malatia-sebastia
Y21-88E42BC5,33754600,334204,101,,,4,1,,6,1,,,,NEEDS_REPAIR,,,,,PANEL,,9,true,,malatia-sebastia
Y21-027C32F0,20655800,350098,59,,,2,1,,1,1,,,,NEEDS_REPAIR,,,,,STONE,,5,false,,malatia-sebastia
Y21-CFA7B1B2,33250800,400612,83,,,3,2,,5,1,,,,EURO_RENOVATION,,,,,PANEL,,14,true,,malatia-sebastia
Y21-CB2F9AE3,45342000,503800,90,,,4,1,,9,0,,,,NEEDS_REPAIR,,,,,PANEL,,9,true,,malatia-sebastia
Y21-383777B3,23678600,438493,54,,,2,1,,13,1,,,,EURO_RENOVATION,,,,,PANEL,,14,true,,malatia-sebastia
Y21-B7F2938B,35266000,483096,73,,,3,1,,4,1,,,,GOOD,,,,,STONE,,5,false,,malatia-sebastia
Y21-15744C2C,32747000,409338,80,,,3,1,,5,1,,,,EURO_RENOVATION,,,,,PANEL,,9,true,,malatia-sebastia
Y21-19167AA5,15617800,503800,31,,,1,1,,1,0,,,,GOOD,,,,,PANEL,,16,true,,malatia-sebastia
Y21-3EBBEAA0,35266000,391844,90,,,3,1,,9,0,,,,EURO_RENOVATION,,,,,PANEL,,9,true,,malatia-sebastia
Y21-534DFD69,35266000,414894,85,,,3,1,,4,1,,,,GOOD,,,,,PANEL,,14,true,,malatia-sebastia
Y21-0C286E07,24635820,367699,67,,,3,1,,15,2,,,,GOOD,,,,,MONOLITH,,16,true,,malatia-sebastia
Y21-A985DDC7,33754600,375051,90,,,4,1,,5,0,,,,NEEDS_REPAIR,,,,,PANEL,,9,true,,malatia-sebastia
Y21-AF52949C,19144400,445219,43,,,1,1,,2,0,,,,GOOD,,,,,MONOLITH,,9,true,,malatia-sebastia
Y21-F84F1867,35266000,326537,108,,,4,1,,5,2,,,,NEEDS_REPAIR,,,,,STONE,,5,false,,malatia-sebastia
Y21-834E95C5,40304000,373185,108,,,3,1,,4,2,,,,EURO_RENOVATION,,,,,STONE,,5,false,,malatia-sebastia
Y21-EDEB4801,31235600,466203,67,,,3,1,,9,0,,,,EURO_RENOVATION,,,,,PANEL,,9,true,,malatia-sebastia
Y21-4CC85D43,30228000,347448,87,,,4,1,,2,1,,,,NEEDS_REPAIR,,,,,PANEL,,9,true,,malatia-sebastia
Y21-200F3A98,27709000,395843,70,,,3,1,,13,1,,,,GOOD,,,,,PANEL,,14,true,,malatia-sebastia
Y21-156943B4,25190000,441930,57,,,1,1,,2,1,,,,GOOD,,,,,PANEL,,9,true,,malatia-sebastia
Y21-466F2731,27709000,503800,55,,,2,1,,9,1,,,,EURO_RENOVATION,,,,,PANEL,,14,true,,malatia-sebastia
Y21-2831D86E,32747000,409338,80,,,3,1,,1,1,,,,EURO_RENOVATION,,,,,PANEL,,9,true,,malatia-sebastia
Y21-44F4749F,20152000,403040,50,,,1,1,,8,0,,,,EURO_RENOVATION,,,,,PANEL,,9,true,,malatia-sebastia
Y21-1E3F0002,30228000,512339,59,,,2,1,,2,0,,,,EURO_RENOVATION,,,,,STONE,,5,false,,malatia-sebastia
Y21-71F0ABFB,31739400,406915,78,,,3,1,,5,0,,,,EURO_RENOVATION,,,,,STONE,,5,false,,malatia-sebastia
Y21-52EF811F,38792600,451077,86,,,4,1,,5,1,,,,EURO_RENOVATION,,,,,PANEL,,14,true,,malatia-sebastia
Y21-D8913068,27709000,413567,67,,,2,1,,4,0,,,,EURO_RENOVATION,,,,,PANEL,,10,true,,malatia-sebastia
Y21-6415F951,19144400,598263,32,,,1,1,,2,1,,,,EURO_RENOVATION,,,,,NEW_BUILD,,4,false,,malatia-sebastia
Y21-684FE40C,25190000,359857,70,,,2,1,,7,0,,,,NEEDS_REPAIR,,,,,PANEL,,9,true,,malatia-sebastia
Y21-29CE5324,35769800,425831,84,,,3,1,,2,0,,,,EURO_RENOVATION,,,,,PANEL,,14,true,,malatia-sebastia
Y21-E6CC56C6,35266000,391844,90,,,4,2,,5,1,,,,GOOD,,,,,PANEL,,9,true,,malatia-sebastia
Y21-E7D13CA4,33754600,366898,92,,,4,3,,8,1,,,,EURO_RENOVATION,,,,,NEW_BUILD,,8,true,,malatia-sebastia
Y21-F69D741E,30228000,152667,198,,,4,1,,1,0,,,,NEEDS_REPAIR,,,,,STONE,,2,false,,malatia-sebastia
Y21-0C71F8B6,28212800,361703,78,,,3,1,,5,1,,,,GOOD,,,,,PANEL,,9,true,,malatia-sebastia
Y21-06379965,23678600,430520,55,,,2,1,,5,1,,,,EURO_RENOVATION,,,,,PANEL,,9,true,,malatia-sebastia
Y21-2BB53FB3,46349600,205998,225,,,4,2,,1,1,,,,EURO_RENOVATION,,,,,NEW_BUILD,,1,false,,malatia-sebastia
Y21-DE47643C,23174800,362106,64,,,2,1,,6,1,,,,GOOD,,,,,PANEL,,9,true,,malatia-sebastia
Y21-4B1DBFBC,32747000,519794,63,,,3,1,,7,1,,,,EURO_RENOVATION,,,,,PANEL,,10,true,,malatia-sebastia
Y21-A754B59C,31235600,427885,73,,,3,1,,4,1,,,,EURO_RENOVATION,,,,,STONE,,5,false,,malatia-sebastia
Y21-8F319357,23174800,437260,53,,,1,1,,1,1,,,,GOOD,,,,,PANEL,,9,true,,malatia-sebastia
Y21-63A8693F,22922900,520975,44,,,2,1,,7,1,,,,GOOD,,,,,NEW_BUILD,,9,true,,malatia-sebastia
Y21-53DD2745,25190000,524792,48,,,2,1,,6,0,,,,NEEDS_REPAIR,,,,,PANEL,,9,true,,malatia-sebastia
Y21-8207BD74,40203240,436992,92,,,3,1,,4,1,,,,EURO_RENOVATION,,,,,PANEL,,14,true,,malatia-sebastia
Y21-20F16BE6,27709000,413567,67,,,2,1,,8,0,,,,GOOD,,,,,PANEL,,9,true,,malatia-sebastia
Y21-28B89F38,42823000,317207,135,,,5,3,,1,1,,,,EURO_RENOVATION,,,,,NEW_BUILD,,5,false,,malatia-sebastia
Y21-8E32BFEF,37785000,539786,70,,,3,1,,5,1,,,,EURO_RENOVATION,,,,,PANEL,,9,true,,malatia-sebastia
Y21-0575AC5D,39296400,392964,100,,,4,1,,6,1,,,,EURO_RENOVATION,,,,,PANEL,,9,true,,malatia-sebastia
Y21-2FF6C909,22671000,323871,70,,,3,2,,1,0,,,,GOOD,,,,,PANEL,,15,true,,malatia-sebastia
Y21-E0906256,50380000,419833,120,,,4,3,,4,1,,,,EURO_RENOVATION,,,,,STONE,,5,false,,malatia-sebastia
Y21-8B63606A,35266000,419833,84,,,3,1,,9,1,,,,EURO_RENOVATION,,,,,PANEL,,9,true,,malatia-sebastia
Y21-6489728A,13854500,184727,75,,,3,1,,1,0,,,,EURO_RENOVATION,,,,,NEW_BUILD,,9,true,,malatia-sebastia
Y21-2DB28C49,70532000,391844,180,,,4,1,,2,0,,,,NEEDS_REPAIR,,,,,PANEL,,9,true,,malatia-sebastia
Y21-4326F0C3,32747000,233907,140,,,3,3,,1,2,,,,EURO_RENOVATION,,,,,PANEL,,9,true,,malatia-sebastia
Y21-4B9FD173,50380000,503800,100,,,5,1,,6,1,,,,EURO_RENOVATION,,,,,MONOLITH,,8,true,,malatia-sebastia
Y21-2E4EAEAE,27709000,419833,66,,,2,1,,2,0,,,,NEEDS_REPAIR,,,,,PANEL,,9,true,,malatia-sebastia
Y21-DE07B3B8,28716600,393378,73,,,2,1,,10,1,,,,GOOD,,,,,PANEL,,16,true,,malatia-sebastia
Y21-7C055FAB,32747000,448589,73,,,3,1,,4,0,,,,EURO_RENOVATION,,,,,PANEL,,9,true,,malatia-sebastia
Y21-5564C633,30731800,353239,87,,,4,1,,6,1,,,,NEEDS_REPAIR,,,,,PANEL,,9,true,,malatia-sebastia
Y21-C3A0B338,40807800,429556,95,,,5,1,,4,0,,,,EURO_RENOVATION,,,,,STONE,,5,false,,malatia-sebastia
Y21-9383822D,30228000,314875,96,,,4,1,,7,1,,,,GOOD,,,,,PANEL,,9,true,,malatia-sebastia
Y21-338912FF,33754600,444139,76,,,3,1,,4,1,,,,EURO_RENOVATION,,,,,PANEL,,9,true,,malatia-sebastia
Y21-BB314371,42823000,455564,94,,,3,1,,1,1,,,,EURO_RENOVATION,,,,,STONE,,9,true,,malatia-sebastia
Y21-A41325F1,30228000,359857,84,,,3,1,,14,0,,,,NEEDS_REPAIR,,,,,PANEL,,14,true,,malatia-sebastia
Y21-DD8F3DFD,23174800,421360,55,,,1,1,,2,0,,,,EURO_RENOVATION,,,,,PANEL,,9,true,,malatia-sebastia
Y21-9B0E4643,38792600,646543,60,,,2,1,,6,1,,,,EURO_RENOVATION,,,,,NEW_BUILD,,6,true,,malatia-sebastia
Y21-8E4A2B59,31991300,420938,76,,,3,1,,5,1,,,,EURO_RENOVATION,,,,,PANEL,,5,false,,malatia-sebastia
Y21-E382A967,35266000,391844,90,,,3,2,,9,0,,,,EURO_RENOVATION,,,,,PANEL,,9,true,,malatia-sebastia
Y21-9ACB53C3,30228000,397737,76,,,3,1,,4,2,,,,NEEDS_REPAIR,,,,,PANEL,,9,true,,malatia-sebastia
Y21-D64D86E5,31739400,406915,78,,,3,1,,4,1,,,,EURO_RENOVATION,,,,,STONE,,9,true,,malatia-sebastia
Y21-158878A2,19648200,409338,48,,,1,1,,3,1,,,,NEEDS_REPAIR,,,,,STONE,,5,false,,malatia-sebastia
Y21-1FD613AF,33754600,225031,150,,,3,3,,1,1,,,,GOOD,,,,,STONE,,9,true,,malatia-sebastia
Y21-F31DB31D,31739400,317394,100,,,4,1,,3,1,,,,NEEDS_REPAIR,,,,,STONE,,5,false,,malatia-sebastia
Y21-650D42ED,33754600,411641,82,,,3,1,,3,1,,,,EURO_RENOVATION,,,,,PANEL,,14,true,,malatia-sebastia
Y21-EA0AB496,43326800,346614,125,,,4,2,,10,1,,,,EURO_RENOVATION,,,,,PANEL,,16,true,,malatia-sebastia
Y21-405A4B9E,20152000,411265,49,,,1,2,,4,1,,,,GOOD,,,,,STONE,,5,false,,malatia-sebastia
Y21-821C932C,37785000,389536,97,,,3,1,,2,2,,,,GOOD,,,,,NEW_BUILD,,9,true,,malatia-sebastia
Y21-576B3519,42823000,305879,140,,,4,1,,4,1,,,,EURO_RENOVATION,,,,,STONE,,4,false,,malatia-sebastia
Y21-87593285,68013000,515250,132,,,3,1,,9,1,,,,NEEDS_REPAIR,,,,,NEW_BUILD,,11,true,,malatia-sebastia
Y21-FF6980BA,25139620,405478,62,,,2,1,,5,0,,,,NEEDS_REPAIR,,,,,PANEL,,9,true,,malatia-sebastia
Y21-0E601674,35266000,518618,68,,,3,1,,1,1,,,,GOOD,,,,,PANEL,,9,true,,malatia-sebastia
Y21-14C708C9,20655800,449039,46,,,1,1,,5,0,,,,NEEDS_REPAIR,,,,,PANEL,,5,false,,malatia-sebastia
Y21-78504901,30228000,368634,82,,,3,2,,4,1,,,,GOOD,,,,,PANEL,,14,true,,malatia-sebastia
Y21-E79C2C7A,36273600,453420,80,,,3,1,,6,1,,,,EURO_RENOVATION,,,,,PANEL,,14,true,,malatia-sebastia
Y21-AC433B49,18640600,345196,54,,,2,1,,2,1,,,,GOOD,,,,,PANEL,,9,true,,malatia-sebastia
Y21-C9FC7FF0,27709000,359857,77,,,3,2,,8,1,,,,GOOD,,,,,PANEL,,16,true,,malatia-sebastia
Y21-31955A28,35266000,371221,95,,,3,1,,11,1,,,,GOOD,,,,,PANEL,,14,true,,malatia-sebastia
Y21-62A6D67F,22671000,390879,58,,,2,1,,3,0,,,,NEEDS_REPAIR,,,,,PANEL,,5,false,,malatia-sebastia
Y21-F2A42470,29220400,394870,74,,,4,1,,8,1,,,,GOOD,,,,,PANEL,,9,true,,malatia-sebastia
Y21-79D7381B,39800200,199001,200,,,5,2,,2,1,,,,EURO_RENOVATION,,,,,NEW_BUILD,,2,false,,malatia-sebastia
Y21-9EA4E9AF,31235600,405657,77,,,3,1,,9,1,,,,EURO_RENOVATION,,,,,PANEL,,14,true,,malatia-sebastia
Y21-AF12A29E,24686200,398165,62,,,3,2,,1,0,,,,GOOD,,,,,STONE,,5,false,,malatia-sebastia
Y21-85008AC1,34762200,476195,73,,,3,1,,6,1,,,,GOOD,,,,,PANEL,,9,true,,malatia-sebastia
Y21-E43F03A5,28716600,522120,55,,,1,1,,7,0,,,,EURO_RENOVATION,,,,,PANEL,,9,true,,malatia-sebastia
Y21-EE811E4A,21663400,460923,47,,,2,1,,8,1,,,,EURO_RENOVATION,,,,,PANEL,,9,true,,malatia-sebastia
Y21-73C71C5E,24182400,326789,74,,,3,1,,9,1,,,,GOOD,,,,,PANEL,,9,true,,malatia-sebastia
Y21-64C168D1,25190000,524792,48,,,2,1,,4,0,,,,NEEDS_REPAIR,,,,,PANEL,,9,true,,malatia-sebastia
Y21-7AE34708,22671000,435981,52,,,2,1,,1,1,,,,GOOD,,,,,PANEL,,9,true,,malatia-sebastia
Y21-5A3965E3,30228000,387538,78,,,3,1,,1,0,,,,NEEDS_REPAIR,,,,,PANEL,,14,true,,malatia-sebastia
Y21-25B55942,19396300,451077,43,,,1,1,,8,0,,,,GOOD,,,,,PANEL,,9,true,,malatia-sebastia
Y21-65BA2144,30228000,377850,80,,,3,1,,1,2,,,,GOOD,,,,,PANEL,,9,true,,malatia-sebastia
Y21-E817EA48,27205200,425081,64,,,2,2,,9,1,,,,EURO_RENOVATION,,,,,PANEL,,9,true,,malatia-sebastia
Y21-19C87D41,29220400,487007,60,,,2,1,,2,0,,,,EURO_RENOVATION,,,,,STONE,,5,false,,malatia-sebastia
Y21-DDE84453,24686200,433091,57,,,3,1,,8,1,,,,EURO_RENOVATION,,,,,PANEL,,9,true,,malatia-sebastia
Y21-68BBBC01,32747000,436627,75,,,3,1,,4,1,,,,NEEDS_REPAIR,,,,,PANEL,,9,true,,malatia-sebastia
Y21-AF1F3485,36777400,399754,92,,,3,1,,1,2,,,,GOOD,,,,,STONE,,9,true,,malatia-sebastia
Y21-3AE10AB5,25693800,401466,64,,,2,1,,5,1,,,,GOOD,,,,,PANEL,,14,true,,malatia-sebastia
Y21-E2C593DF,37785000,377850,100,,,4,1,,3,1,,,,EURO_RENOVATION,,,,,PANEL,,9,true,,malatia-sebastia
Y21-7E46A854,16121600,322432,50,,,2,1,,2,0,,,,NEEDS_REPAIR,,,,,STONE,,5,false,,malatia-sebastia
Y21-325F5468,15617800,325371,48,,,1,1,,5,0,,,,EURO_RENOVATION,,,,,STONE,,5,false,,malatia-sebastia
Y21-4A2C3DAC,27709000,602370,46,,,2,1,,14,0,,,,NEEDS_REPAIR,,,,,MONOLITH,,17,true,,malatia-sebastia
Y21-9A17D1F3,25190000,503800,50,,,2,1,,4,1,,,,EURO_RENOVATION,,,,,STONE,,5,false,,malatia-sebastia
Y21-1E0F11B9,31235600,416475,75,,,3,1,,8,1,,,,GOOD,,,,,PANEL,,9,true,,malatia-sebastia
Y21-CB8F48A2,30228000,465046,65,,,3,1,,9,0,,,,NEEDS_REPAIR,,,,,PANEL,,9,true,,malatia-sebastia
Y21-35372381,34006500,354234,96,,,4,1,,7,0,,,,GOOD,,,,,PANEL,,9,true,,malatia-sebastia
Y21-51698DDA,19144400,398842,48,,,1,1,,3,1,,,,NEEDS_REPAIR,,,,,STONE,,5,false,,malatia-sebastia
Y21-C21A3B68,30228000,339640,89,,,3,1,,8,0,,,,NEEDS_REPAIR,,,,,PANEL,,14,true,,malatia-sebastia
Y21-A2139EC7,28212800,339913,83,,,4,1,,12,2,,,,GOOD,,,,,PANEL,,14,true,,malatia-sebastia
Y21-12307510,45342000,503800,90,,,3,1,,3,0,,,,EURO_RENOVATION,,,,,STONE,,4,false,,malatia-sebastia
Y21-7A8CD7A2,27205200,477284,57,,,2,1,,4,1,,,,GOOD,,,,,STONE,,6,true,,malatia-sebastia
Y21-E86FFEEB,32747000,488761,67,,,2,1,,6,1,,,,GOOD,,,,,NEW_BUILD,,10,true,,malatia-sebastia
Y21-FB0264DB,37281200,423650,88,,,4,1,,5,2,,,,GOOD,,,,,PANEL,,9,true,,malatia-sebastia
Y21-02D4F21D,18640600,490542,38,,,1,1,,6,0,,,,EURO_RENOVATION,,,,,PANEL,,9,true,,malatia-sebastia
Y21-D826496D,30731800,420984,73,,,3,1,,2,1,,,,GOOD,,,,,PANEL,,9,true,,malatia-sebastia
Y21-33D045A7,25190000,375970,67,,,3,1,,9,1,,,,EURO_RENOVATION,,,,,PANEL,,10,true,,malatia-sebastia
Y21-3414200B,27709000,374446,74,,,3,1,,9,1,,,,GOOD,,,,,PANEL,,9,true,,malatia-sebastia
Y21-35EF9921,31739400,503800,63,,,2,1,,2,1,,,,EURO_RENOVATION,,,,,PANEL,,5,false,,malatia-sebastia
Y21-3EAA5167,30228000,487548,62,,,3,1,,1,1,,,,EURO_RENOVATION,,,,,PANEL,,9,true,,malatia-sebastia
Y21-1DA3AD67,22671000,453420,50,,,1,1,,2,1,,,,GOOD,,,,,STONE,,5,false,,malatia-sebastia
Y21-DF2D7D21,27709000,503800,55,,,2,1,,2,1,,,,GOOD,,,,,STONE,,3,false,,malatia-sebastia
Y21-E6819E90,17633000,226064,78,,,3,1,,1,1,,,,GOOD,,,,,PANEL,,14,true,,malatia-sebastia
Y21-BAF1E6CC,35266000,526358,67,,,3,1,,5,0,,,,EURO_RENOVATION,,,,,PANEL,,14,true,,malatia-sebastia
Y21-BB0A5DB9,23678600,353412,67,,,2,1,,6,1,,,,NEEDS_REPAIR,,,,,NEW_BUILD,,9,true,,malatia-sebastia
Y21-38A41463,26701400,398528,67,,,4,1,,5,0,,,,NEEDS_REPAIR,,,,,STONE,,5,false,,malatia-sebastia
Y21-8EF07DE9,32747000,385259,85,,,3,1,,8,1,,,,GOOD,,,,,PANEL,,14,true,,malatia-sebastia
Y21-498426F8,27709000,346363,80,,,3,3,,9,1,,,,GOOD,,,,,PANEL,,9,true,,malatia-sebastia
Y21-8C917BCC,20152000,353544,57,,,1,1,,9,0,,,,NEEDS_REPAIR,,,,,PANEL,,9,true,,malatia-sebastia
Y21-4E15B4F2,37785000,419833,90,,,4,1,,7,1,,,,EURO_RENOVATION,,,,,PANEL,,9,true,,malatia-sebastia
Y21-00552098,18136800,312703,58,,,2,1,,2,0,,,,EURO_RENOVATION,,,,,STONE,,6,true,,malatia-sebastia
Y21-3F30936C,26197600,569513,46,,,2,1,,3,1,,,,EURO_RENOVATION,,,,,PANEL,,9,true,,malatia-sebastia
Y21-563FA998,29220400,317613,92,,,4,1,,7,0,,,,NEEDS_REPAIR,,,,,PANEL,,9,true,,malatia-sebastia
Y21-813950A3,15617800,325371,48,,,1,1,,5,0,,,,EURO_RENOVATION,,,,,STONE,,5,false,,malatia-sebastia
Y21-8ED1A69F,26701400,360830,74,,,3,1,,8,0,,,,GOOD,,,,,PANEL,,9,true,,malatia-sebastia
Y21-EA990CAB,29472300,517058,57,,,2,1,,4,0,,,,NEEDS_REPAIR,,,,,STONE,,4,false,,malatia-sebastia
Y21-16FA0BD9,38792600,387926,100,,,4,1,,6,1,,,,EURO_RENOVATION,,,,,PANEL,,9,true,,malatia-sebastia
Y21-8F9EE6D1,22671000,539786,42,,,2,1,,9,0,,,,NEEDS_REPAIR,,,,,PANEL,,9,true,,malatia-sebastia
Y21-F2740647,39296400,409338,96,,,3,1,,8,0,,,,EURO_RENOVATION,,,,,PANEL,,14,true,,malatia-sebastia
Y21-24C9B760,40304000,419833,96,,,3,1,,8,0,,,,EURO_RENOVATION,,,,,PANEL,,14,true,,malatia-sebastia
Y21-5FCE96AB,27709000,413567,67,,,3,1,,9,0,,,,GOOD,,,,,PANEL,,9,true,,malatia-sebastia
Y21-B3D3D20D,30228000,335867,90,,,3,1,,3,0,,,,GOOD,,,,,PANEL,,14,true,,malatia-sebastia
Y21-FC37A4E3,26701400,430668,62,,,2,1,,5,0,,,,NEEDS_REPAIR,,,,,PANEL,,9,true,,malatia-sebastia
Y21-596E980A,35266000,452128,78,,,3,1,,6,0,,,,GOOD,,,,,PANEL,,9,true,,malatia-sebastia
Y21-6D16FE82,42823000,535288,80,,,3,1,,1,0,,,,GOOD,,,,,PANEL,,11,true,,malatia-sebastia
Y21-543185DB,24182400,503800,48,,,2,1,,4,0,,,,EURO_RENOVATION,,,,,PANEL,,9,true,,malatia-sebastia
Y21-45F54D92,32747000,376402,87,,,4,1,,8,0,,,,NEEDS_REPAIR,,,,,PANEL,,14,true,,malatia-sebastia
Y21-E101198D,31739400,396743,80,,,3,1,,9,0,,,,NEEDS_REPAIR,,,,,PANEL,,14,true,,malatia-sebastia
Y21-ADA38A84,32747000,314875,104,,,3,1,,4,0,,,,GOOD,,,,,STONE,,5,false,,malatia-sebastia
Y21-C0773877,30228000,397737,76,,,3,1,,4,0,,,,GOOD,,,,,PANEL,,9,true,,malatia-sebastia
Y21-19A1F4D1,31235600,416475,75,,,3,1,,9,0,,,,EURO_RENOVATION,,,,,PANEL,,9,true,,malatia-sebastia
Y21-2A125AD8,30228000,444529,68,,,2,1,,12,0,,,,NEEDS_REPAIR,,,,,PANEL,,14,true,,malatia-sebastia
Y21-8CBA5102,25693800,401466,64,,,2,1,,14,0,,,,GOOD,,,,,PANEL,,14,true,,malatia-sebastia
Y21-6008B6A3,83127000,1039088,80,,,3,1,,2,0,,,,EURO_RENOVATION,,,,,STONE,,5,false,,malatia-sebastia
Y21-03D74721,32747000,419833,78,,,3,1,,6,0,,,,NEEDS_REPAIR,,,,,PANEL,,9,true,,malatia-sebastia
Y21-6694D19A,30228000,916000,33,,,1,1,,13,0,,,,EURO_RENOVATION,,,,,NEW_BUILD,,32,true,,malatia-sebastia
Y21-EE6EABCC,27709000,355244,78,,,3,1,,9,0,,,,GOOD,,,,,PANEL,,9,true,,malatia-sebastia
Y21-5944E9D7,21663400,451321,48,,,1,1,,5,0,,,,GOOD,,,,,STONE,,5,false,,malatia-sebastia
Y21-ADCD106C,25190000,449821,56,,,2,1,,9,0,,,,EURO_RENOVATION,,,,,PANEL,,9,true,,malatia-sebastia
Y21-59FBFA87,27205200,503800,54,,,1,1,,3,0,,,,NEEDS_REPAIR,,,,,STONE,,5,false,,malatia-sebastia
Y21-470A6E62,45342000,503800,90,,,4,1,,7,0,,,,EURO_RENOVATION,,,,,PANEL,,9,true,,malatia-sebastia
Y21-DD7CF609,20152000,479810,42,,,1,1,,8,0,,,,GOOD,,,,,PANEL,,10,true,,malatia-sebastia
Y21-9746032F,22671000,377850,60,,,2,1,,9,0,,,,GOOD,,,,,PANEL,,9,true,,malatia-sebastia
Y21-3F96C452,27709000,355244,78,,,4,1,,13,0,,,,GOOD,,,,,PANEL,,14,true,,malatia-sebastia
Y21-52EB3AFC,39296400,280689,140,,,4,1,,2,0,,,,GOOD,,,,,STONE,,5,false,,malatia-sebastia
Y21-07A0C6FA,27709000,407485,68,,,3,1,,3,0,,,,GOOD,,,,,NEW_BUILD,,5,false,,malatia-sebastia
Y21-B125A33F,50380000,883860,57,,,2,1,,1,0,,,,EURO_RENOVATION,,,,,MONOLITH,,5,false,,malatia-sebastia
Y21-25771CD5,37785000,377850,100,,,4,1,,2,0,,,,EURO_RENOVATION,,,,,PANEL,,9,true,,malatia-sebastia
Y21-815DEB84,32243200,565670,57,,,2,1,,4,1,,,,EURO_RENOVATION,,,,,STONE,,6,true,,malatia-sebastia
Y21-56A431C2,32747000,409338,80,,,3,3,,5,0,,,,GOOD,,,,,PANEL,,9,true,,malatia-sebastia
Y21-4C3677EB,16121600,575771,28,,,1,1,,3,0,,,,EURO_RENOVATION,,,,,STONE,,4,false,,malatia-sebastia
Y21-6BFE6458,24434300,305429,80,,,3,1,,1,0,,,,GOOD,,,,,PANEL,,1,false,,malatia-sebastia
Y21-B4D7EA92,35266000,391844,90,,,4,1,,5,0,,,,GOOD,,,,,PANEL,,9,true,,malatia-sebastia
Y21-EA6BE4C4,24182400,456272,53,,,2,1,,9,0,,,,EURO_RENOVATION,,,,,PANEL,,9,true,,malatia-sebastia
Y21-B9C64A7D,30228000,285170,106,,,3,1,,4,0,,,,NEEDS_REPAIR,,,,,STONE,,5,false,,malatia-sebastia
Y21-1DC2EF25,35266000,410070,86,,,3,1,,4,0,,,,EURO_RENOVATION,,,,,PANEL,,14,true,,malatia-sebastia
Y21-EA622644,32747000,488761,67,,,2,1,,3,0,,,,GOOD,,,,,STONE,,3,false,,malatia-sebastia
Y21-3BF0B807,32243200,460617,70,,,3,1,,8,0,,,,EURO_RENOVATION,,,,,PANEL,,16,true,,malatia-sebastia
Y21-EF71D67F,40304000,530316,76,,,3,1,,3,0,,,,EURO_RENOVATION,,,,,PANEL,,9,true,,malatia-sebastia
Y21-E5930762,27709000,401580,69,,,3,1,,9,0,,,,GOOD,,,,,PANEL,,10,true,,malatia-sebastia
Y21-BD4F2FB3,27709000,439825,63,,,2,1,,8,0,,,,EURO_RENOVATION,,,,,PANEL,,9,true,,malatia-sebastia
Y21-22EA408D,19144400,435100,44,,,2,1,,4,0,,,,EURO_RENOVATION,,,,,STONE,,5,false,,malatia-sebastia
Y21-581F8A35,28212800,339913,83,,,3,1,,2,0,,,,NEEDS_REPAIR,,,,,PANEL,,9,true,,malatia-sebastia
Y21-5EF929A6,28212800,316998,89,,,3,1,,12,0,,,,GOOD,,,,,PANEL,,14,true,,malatia-sebastia
Y21-5FA46F9E,25693800,395289,65,,,2,1,,1,0,,,,GOOD,,,,,PANEL,,9,true,,malatia-sebastia
Y21-7D307435,31739400,341284,93,,,3,2,,1,0,,,,GOOD,,,,,STONE,,14,true,,malatia-sebastia
Y21-F07AAA5A,31739400,341284,93,,,3,2,,1,0,,,,GOOD,,,,,STONE,,14,true,,malatia-sebastia
Y21-6660330A,34762200,440028,79,,,3,1,,1,0,,,,EURO_RENOVATION,,,,,PANEL,,9,true,,malatia-sebastia
Y21-0E03BB32,34762200,482808,72,,,2,1,,2,0,,,,NEEDS_REPAIR,,,,,PANEL,,9,true,,malatia-sebastia
Y21-CB7A11FE,37785000,503800,75,,,3,1,,8,0,,,,GOOD,,,,,PANEL,,9,true,,malatia-sebastia
Y21-2429F713,33754600,432751,78,,,3,1,,2,0,,,,NEEDS_REPAIR,,,,,PANEL,,14,true,,malatia-sebastia
Y21-6266A994,28212800,344059,82,,,3,1,,8,0,,,,EURO_RENOVATION,,,,,PANEL,,14,true,,malatia-sebastia
Y21-2C16B0DF,27658620,354598,78,,,3,1,,9,0,,,,EURO_RENOVATION,,,,,PANEL,,9,true,,malatia-sebastia
Y21-421A3336,30228000,387538,78,,,3,1,,3,0,,,,NEEDS_REPAIR,,,,,PANEL,,9,true,,malatia-sebastia
Y21-1DFEE110,31739400,317394,100,,,4,1,,1,0,,,,NEEDS_REPAIR,,,,,STONE,,1,false,,malatia-sebastia
Y21-69AB8627,10076000,272324,37,,,2,1,,2,0,,,,NEEDS_REPAIR,,,,,STONE,,3,false,,malatia-sebastia
Y21-0BC3941B,25693800,256938,100,,,4,1,,2,0,,,,NEEDS_REPAIR,,,,,STONE,,2,false,,malatia-sebastia
Y21-8BB9C5D5,37785000,401968,94,,,3,2,,2,0,,,,NEEDS_REPAIR,,,,,MONOLITH,,11,true,,malatia-sebastia
Y21-2459B7CB,31235600,529417,59,,,2,1,,5,0,,,,NEEDS_REPAIR,,,,,PANEL,,9,true,,malatia-sebastia
Y21-455ABB7D,42823000,436969,98,,,4,1,,1,0,,,,NEEDS_REPAIR,,,,,STONE,,4,false,,malatia-sebastia
Y21-A384262F,63478800,755700,84,,,3,1,,2,0,,,,NEEDS_REPAIR,,,,,MONOLITH,,6,true,,malatia-sebastia
Y21-2A3F2C85,46853400,578437,81,,,3,1,,9,0,,,,NEEDS_REPAIR,,,,,PANEL,,9,true,,malatia-sebastia
Y21-98F3DF13,42823000,497942,86,,,3,1,,4,0,,,,NEEDS_REPAIR,,,,,PANEL,,14,true,,malatia-sebastia
Y21-F9B68ABC,25190000,387538,65,,,2,1,,6,0,,,,NEEDS_REPAIR,,,,,PANEL,,9,true,,malatia-sebastia
Y21-A55101B5,45342000,503800,90,,,3,1,,2,0,,,,NEEDS_REPAIR,,,,,PANEL,,10,true,,malatia-sebastia
Y21-EB4EFC8B,30228000,397737,76,,,3,1,,1,0,,,,NEEDS_REPAIR,,,,,PANEL,,9,true,,malatia-sebastia
Y21-E7B37278,27709000,419833,66,,,2,1,,5,0,,,,NEEDS_REPAIR,,,,,STONE,,5,false,,malatia-sebastia
Y21-7E7D7FC1,31235600,380922,82,,,4,1,,6,0,,,,NEEDS_REPAIR,,,,,PANEL,,9,true,,malatia-sebastia
Y21-D4E79B93,32243200,424253,76,,,3,1,,9,0,,,,NEEDS_REPAIR,,,,,PANEL,,14,true,,malatia-sebastia
Y21-9E19D6AA,31235600,452690,69,,,3,1,,6,0,,,,NEEDS_REPAIR,,,,,PANEL,,9,true,,malatia-sebastia
Y21-B0ADA150,30228000,451164,67,,,2,1,,5,0,,,,NEEDS_REPAIR,,,,,PANEL,,10,true,,malatia-sebastia
Y21-7F385936,33754600,337546,100,,,3,1,,6,2,,,,NEEDS_REPAIR,,,,,PANEL,,9,true,,malatia-sebastia
Y21-24618839,36273600,421786,86,,,4,1,,6,0,,,,NEEDS_REPAIR,,,,,PANEL,,9,true,,malatia-sebastia
Y21-FEEBFFB1,45342000,521172,87,,,3,1,,3,0,,,,NEEDS_REPAIR,,,,,PANEL,,14,true,,malatia-sebastia
Y21-7AC83020,21159600,423192,50,,,2,1,,1,0,,,,EURO_RENOVATION,,,,,PANEL,,9,true,,malatia-sebastia
Y21-52D0A43D,30228000,403040,75,,,3,1,,2,0,,,,NEEDS_REPAIR,,,,,PANEL,,9,true,,malatia-sebastia
Y21-F539E541,32243200,424253,76,,,3,1,,3,0,,,,NEEDS_REPAIR,,,,,STONE,,5,false,,malatia-sebastia
Y21-620A971D,30228000,377850,80,,,3,1,,1,0,,,,NEEDS_REPAIR,,,,,STONE,,5,false,,malatia-sebastia
Y21-9C00C600,29220400,417434,70,,,2,1,,10,0,,,,NEEDS_REPAIR,,,,,PANEL,,16,true,,malatia-sebastia
Y21-410197FF,35769800,347280,103,,,4,1,,6,0,,,,NEEDS_REPAIR,,,,,PANEL,,9,true,,malatia-sebastia
Y21-A16A14C7,20152000,395137,51,,,2,1,,14,0,,,,NEEDS_REPAIR,,,,,PANEL,,14,true,,malatia-sebastia
Y21-3FC3BC12,25190000,503800,50,,,1,1,,5,0,,,,NEEDS_REPAIR,,,,,PANEL,,9,true,,malatia-sebastia
Y21-C4BB67EA,20152000,419833,48,,,1,1,,5,0,,,,NEEDS_REPAIR,,,,,PANEL,,9,true,,malatia-sebastia
Y21-8593A3B1,35266000,352660,100,,,4,1,,1,0,,,,NEEDS_REPAIR,,,,,STONE,,1,false,,malatia-sebastia
Y21-BB98BDB1,18136800,206100,88,,,4,1,,1,0,,,,NEEDS_REPAIR,,,,,STONE,,9,true,,malatia-sebastia
Y21-99064640,22671000,348785,65,,,2,1,,1,0,,,,NEEDS_REPAIR,,,,,PANEL,,9,true,,malatia-sebastia
Y21-AFBB2E57,17633000,367354,48,,,1,1,,6,0,,,,NEEDS_REPAIR,,,,,MONOLITH,,9,true,,malatia-sebastia
Y21-CEE793FD,24182400,575771,42,,,2,1,,7,0,,,,NEEDS_REPAIR,,,,,PANEL,,9,true,,malatia-sebastia
Y21-D591A0FA,27709000,333843,83,,,4,1,,10,0,,,,GOOD,,,,,PANEL,,14,true,,malatia-sebastia
Y21-1E99CB54,24686200,368451,67,,,2,1,,8,0,,,,NEEDS_REPAIR,,,,,MONOLITH,,10,true,,malatia-sebastia
Y21-B8F51DEC,42823000,503800,85,,,3,1,,2,0,,,,NEEDS_REPAIR,,,,,PANEL,,9,true,,malatia-sebastia
Y21-88F2BA00,29220400,356346,82,,,4,1,,5,0,,,,NEEDS_REPAIR,,,,,PANEL,,9,true,,malatia-sebastia
Y21-EE4676C0,18640600,351709,53,,,1,1,,8,0,,,,NEEDS_REPAIR,,,,,PANEL,,9,true,,malatia-sebastia
Y21-EC846043,50380000,503800,100,,,5,1,,5,0,,,,NEEDS_REPAIR,,,,,STONE,,5,false,,malatia-sebastia
Y21-D0BB79FE,20152000,223911,90,,,2,1,,1,0,,,,NEEDS_REPAIR,,,,,MONOLITH,,1,false,,malatia-sebastia
Y21-C82B194D,27205200,348785,78,,,3,1,,5,0,,,,NEEDS_REPAIR,,,,,STONE,,5,false,,malatia-sebastia
Y21-2D4D5A8F,32747000,419833,78,,,3,1,,1,0,,,,NEEDS_REPAIR,,,,,PANEL,,9,true,,malatia-sebastia
Y21-4FC8FC9B,28212800,705320,40,,,2,1,,5,0,,,,NEEDS_REPAIR,,,,,PANEL,,6,true,,malatia-sebastia
Y21-B167927D,32243200,403040,80,,,3,1,,1,0,,,,NEEDS_REPAIR,,,,,PANEL,,9,true,,malatia-sebastia
Y21-0C38DDD8,26701400,360830,74,,,3,1,,8,0,,,,GOOD,,,,,PANEL,,9,true,,malatia-sebastia
Y21-B1BE4848,37785000,510608,74,,,3,1,,1,0,,,,NEEDS_REPAIR,,,,,STONE,,9,true,,malatia-sebastia
Y21-CDA88146,39296400,462311,85,,,3,1,,12,0,,,,NEEDS_REPAIR,,,,,MONOLITH,,14,true,,malatia-sebastia
Y21-CB0F4901,27205200,340065,80,,,3,1,,1,0,,,,NEEDS_REPAIR,,,,,PANEL,,9,true,,malatia-sebastia
Y21-8EC2E22B,30228000,311629,97,,,4,1,,2,0,,,,NEEDS_REPAIR,,,,,PANEL,,9,true,,malatia-sebastia
Y21-BE443741,36777400,557233,66,,,3,1,,4,2,,,,GOOD,,,,,STONE,,5,false,,malatia-sebastia
Y21-B4CA35E3,30228000,465046,65,,,3,1,,1,0,,,,NEEDS_REPAIR,,,,,PANEL,,9,true,,malatia-sebastia
Y21-5755E379,18388700,391249,47,,,1,1,,6,0,,,,NEEDS_REPAIR,,,,,PANEL,,9,true,,malatia-sebastia
Y21-F2AE7BB2,32747000,399354,82,,,3,1,,9,0,,,,NEEDS_REPAIR,,,,,PANEL,,14,true,,malatia-sebastia
Y21-0048FCD7,55418000,443344,125,,,4,1,,2,0,,,,NEEDS_REPAIR,,,,,PANEL,,9,true,,malatia-sebastia
Y21-2D68439E,26197600,391009,67,,,3,1,,9,0,,,,NEEDS_REPAIR,,,,,PANEL,,9,true,,malatia-sebastia
Y21-EA9C6A22,36777400,417925,88,,,4,1,,6,0,,,,NEEDS_REPAIR,,,,,PANEL,,9,true,,malatia-sebastia
Y21-5C7A42E6,37785000,484423,78,,,4,1,,1,0,,,,NEEDS_REPAIR,,,,,PANEL,,9,true,,malatia-sebastia
Y21-B70707D1,30228000,414082,73,,,3,1,,6,0,,,,NEEDS_REPAIR,,,,,PANEL,,9,true,,malatia-sebastia
Y21-B06A5EDC,20152000,403040,50,,,2,1,,1,0,,,,NEEDS_REPAIR,,,,,STONE,,9,true,,malatia-sebastia
Y21-30D6FC4A,24938100,356259,70,,,3,1,,9,0,,,,NEEDS_REPAIR,,,,,PANEL,,9,true,,malatia-sebastia
Y21-AD5E6F8D,23678600,563776,42,,,1,1,,5,0,,,,EURO_RENOVATION,,,,,PANEL,,10,true,,malatia-sebastia
Y21-ED1E4B49,20655800,491805,42,,,1,1,,5,0,,,,NEEDS_REPAIR,,,,,PANEL,,10,true,,malatia-sebastia
Y21-38F1019B,18136800,431829,42,,,1,1,,6,0,,,,NEEDS_REPAIR,,,,,PANEL,,9,true,,malatia-sebastia
Y21-DFEE9223,43830600,447251,98,,,3,1,,2,0,,,,NEEDS_REPAIR,,,,,PANEL,,9,true,,malatia-sebastia
Y21-0C80B9CC,37785000,472313,80,,,3,1,,5,0,,,,NEEDS_REPAIR,,,,,PANEL,,9,true,,malatia-sebastia
Y21-DC9CEE02,27709000,374446,74,,,3,1,,1,2,,,,EURO_RENOVATION,,,,,PANEL,,9,true,,malatia-sebastia
Y21-1420772F,21159600,258044,82,,,3,1,,1,0,,,,NEEDS_REPAIR,,,,,STONE,,5,false,,malatia-sebastia
Y21-CDF2C4EC,27709000,446919,62,,,2,1,,4,0,,,,NEEDS_REPAIR,,,,,PANEL,,9,true,,malatia-sebastia
Y21-FA8EE625,31235600,297482,105,,,4,1,,10,0,,,,NEEDS_REPAIR,,,,,PANEL,,10,true,,malatia-sebastia
Y21-DC4DAD1A,23174800,482808,48,,,1,1,,2,1,,,,EURO_RENOVATION,,,,,STONE,,5,false,,nor-nork
Y21-1D866F53,18388700,459718,40,,,1,1,,9,0,,,,EURO_RENOVATION,,,,,PANEL,,12,true,,nor-nork
Y21-A63AD339,26701400,365773,73,,,3,1,,1,0,,,,EURO_RENOVATION,,,,,STONE,,5,false,,nor-nork
Y21-5F9D0C59,30177620,386893,78,,,3,1,,9,1,,,,EURO_RENOVATION,,,,,PANEL,,9,true,,nor-nork
Y21-0258156E,40052100,564114,71,,,3,1,,2,0,,,,EURO_RENOVATION,,,,,NEW_BUILD,,4,false,,nor-nork
Y21-0A811EC7,23124420,367054,63,,,2,1,,1,1,,,,EURO_RENOVATION,,,,,PANEL,,5,false,,nor-nork
Y21-A95C1A89,27205200,344370,79,,,3,1,,8,1,,,,EURO_RENOVATION,,,,,PANEL,,9,true,,nor-nork
Y21-8EBE77C7,40304000,601552,67,,,3,1,,3,1,,,,EURO_RENOVATION,,,,,STONE,,5,false,,nor-nork
Y21-6B9140B7,32696620,430219,76,,,3,1,,7,1,,,,EURO_RENOVATION,,,,,PANEL,,9,true,,nor-nork
Y21-C51AFFBE,30731800,307318,100,,,4,1,,1,0,,,,NEEDS_REPAIR,,,,,PANEL,,9,true,,nor-nork
Y21-A0566ADA,21663400,323334,67,,,2,1,,2,0,,,,EURO_RENOVATION,,,,,PANEL,,9,true,,nor-nork
Y21-E4D23C62,35266000,414894,85,,,3,1,,1,1,,,,EURO_RENOVATION,,,,,PANEL,,9,true,,nor-nork
Y21-4FB90545,30228000,335867,90,,,4,1,,3,0,,,,NEEDS_REPAIR,,,,,PANEL,,9,true,,nor-nork
Y21-91818E8E,23678600,422832,56,,,2,1,,5,1,,,,EURO_RENOVATION,,,,,STONE,,5,false,,nor-nork
Y21-D03B3EE3,23174800,437260,53,,,1,1,,5,1,,,,EURO_RENOVATION,,,,,STONE,,5,false,,nor-nork
Y21-3BC7374C,24686200,411437,60,,,3,1,,12,0,,,,GOOD,,,,,MONOLITH,,12,true,,nor-nork
Y21-D77A20CD,16071220,277090,58,,,3,1,,2,1,,,,NEEDS_REPAIR,,,,,NEW_BUILD,,3,false,,nor-nork
Y21-BCEF43C1,21159600,470213,45,,,2,1,,5,0,,,,EURO_RENOVATION,,,,,STONE,,5,false,,nor-nork
Y21-2BCE20B4,7153960,397442,18,,,1,1,,4,0,,,,EURO_RENOVATION,,,,,STONE,,8,true,,nor-nork
Y21-4A7FD59D,40304000,530316,76,,,2,2,,6,2,,,,EURO_RENOVATION,,,,,NEW_BUILD,,14,true,,nor-nork
Y21-3C1AD707,31739400,417624,76,,,3,1,,4,2,,,,GOOD,,,,,STONE,,5,false,,nor-nork
Y21-FBB8A1F3,30228000,487548,62,,,3,1,,1,1,,,,EURO_RENOVATION,,,,,PANEL,,5,false,,nor-nork
Y21-A4033EBB,90684000,906840,100,,,3,1,,7,1,,,,NEEDS_REPAIR,,,,,PANEL,,10,true,,nor-nork
Y21-69FFEAAB,52899000,499047,106,,,3,1,,3,1,,,,EURO_RENOVATION,,,,,STONE,,5,false,,nor-nork
Y21-9E044BA1,26701400,392668,68,,,3,1,,6,0,,,,GOOD,,,,,NEW_BUILD,,12,true,,nor-nork
Y21-13C29384,23678600,311561,76,,,3,1,,6,2,,,,GOOD,,,,,PANEL,,9,true,,nor-nork
Y21-80C5FBF2,37785000,434310,87,,,3,1,,3,0,,,,GOOD,,,,,STONE,,5,false,,nor-nork
Y21-4924E8B3,25190000,387538,65,,,3,2,,1,0,,,,EURO_RENOVATION,,,,,NEW_BUILD,,3,false,,nor-nork
Y21-C105C6FD,29220400,436125,67,,,2,2,,1,1,,,,NEEDS_REPAIR,,,,,PANEL,,9,true,,nor-nork
Y21-220391A7,26197600,429469,61,,,2,1,,1,0,,,,EURO_RENOVATION,,,,,STONE,,5,false,,nor-nork
Y21-9B9823E5,33502700,429522,78,,,3,1,,2,0,,,,EURO_RENOVATION,,,,,STONE,,5,false,,nor-nork
Y21-0600EF4F,33250800,332508,100,,,4,1,,5,1,,,,GOOD,,,,,PANEL,,9,true,,nor-nork
Y21-03E7CEF7,21663400,380060,57,,,2,1,,6,1,,,,EURO_RENOVATION,,,,,PANEL,,9,true,,nor-nork
Y21-31F9EB20,75570000,535957,141,,,3,1,,9,0,,,,NEEDS_REPAIR,,,,,MONOLITH,,16,true,,nor-nork
Y21-D8126F47,32747000,409338,80,,,4,1,,5,0,,,,GOOD,,,,,STONE,,5,false,,nor-nork
Y21-FCE48A7F,28212800,381254,74,,,3,1,,5,1,,,,EURO_RENOVATION,,,,,PANEL,,5,false,,nor-nork
Y21-03672A07,34258400,349576,98,,,4,1,,4,2,,,,GOOD,,,,,PANEL,,9,true,,nor-nork
Y21-171F68D3,31739400,428911,74,,,1,1,,4,1,,,,EURO_RENOVATION,,,,,STONE,,5,false,,nor-nork
Y21-E864B93A,22671000,453420,50,,,3,1,,1,1,,,,EURO_RENOVATION,,,,,PANEL,,5,false,,nor-nork
Y21-B02B5269,29724200,495403,60,,,2,1,,4,1,,,,EURO_RENOVATION,,,,,STONE,,5,false,,nor-nork
Y21-107A56D4,20655800,516395,40,,,1,1,,1,0,,,,EURO_RENOVATION,,,,,PANEL,,5,false,,nor-nork
Y21-E05A375B,22671000,390879,58,,,2,1,,1,0,,,,NEEDS_REPAIR,,,,,PANEL,,4,false,,nor-nork
Y21-96E3984C,35266000,587767,60,,,2,1,,1,0,,,,EURO_RENOVATION,,,,,STONE,,5,false,,nor-nork
Y21-00719DE7,24686200,474735,52,,,2,1,,5,0,,,,NEEDS_REPAIR,,,,,PANEL,,5,false,,nor-nork
Y21-CF76B03E,24686200,474735,52,,,3,1,,5,0,,,,NEEDS_REPAIR,,,,,PANEL,,5,false,,nor-nork
Y21-B0455384,23678600,358767,66,,,2,1,,9,1,,,,EURO_RENOVATION,,,,,PANEL,,9,true,,nor-nork
Y21-A7FD6ABF,26701400,398528,67,,,2,1,,9,1,,,,EURO_RENOVATION,,,,,PANEL,,9,true,,nor-nork
Y21-18C20560,25190000,412951,61,,,2,1,,5,1,,,,GOOD,,,,,PANEL,,5,false,,nor-nork
Y21-E5CDBCAC,25190000,340405,74,,,3,1,,1,1,,,,GOOD,,,,,PANEL,,5,false,,nor-nork
Y21-8A3497B2,16121600,413374,39,,,2,1,,7,1,,,,NEEDS_REPAIR,,,,,NEW_BUILD,,9,true,,nor-nork
Y21-DC3A0EE0,32747000,442527,74,,,3,1,,3,1,,,,GOOD,,,,,STONE,,5,false,,nor-nork
Y21-8B830320,43830600,425540,103,,,4,1,,2,0,,,,NEEDS_REPAIR,,,,,PANEL,,9,true,,nor-nork
Y21-10EEDA2B,39800200,390198,102,,,3,1,,2,1,,,,EURO_RENOVATION,,,,,MONOLITH,,16,true,,nor-nork
Y21-6D683FE6,9899670,299990,33,,,1,1,,2,1,,,,NEEDS_REPAIR,,,,,NEW_BUILD,,3,false,,nor-nork
Y21-F2E69891,32747000,481574,68,,,3,1,,4,1,,,,EURO_RENOVATION,,,,,PANEL,,5,false,,nor-nork
Y21-7876B08D,40304000,268693,150,,,6,2,,1,1,,,,GOOD,,,,,STONE,,5,false,,nor-nork
Y21-8A7AAD27,18136800,335867,54,,,2,1,,9,1,,,,GOOD,,,,,PANEL,,9,true,,nor-nork
Y21-FCE288C7,38792600,408343,95,,,4,1,,4,2,,,,GOOD,,,,,STONE,,5,false,,nor-nork
Y21-BCE169CD,29472300,297700,99,,,4,1,,4,1,,,,GOOD,,,,,PANEL,,9,true,,nor-nork
Y21-34B3E153,21915300,391345,56,,,2,1,,1,0,,,,GOOD,,,,,STONE,,5,false,,nor-nork
Y21-D4D4F6EE,32747000,414519,79,,,3,1,,4,2,,,,GOOD,,,,,STONE,,5,false,,nor-nork
Y21-AFDED123,18640600,345196,54,,,2,1,,6,1,,,,GOOD,,,,,PANEL,,9,true,,nor-nork
Y21-FF1B9EBA,23426700,300342,78,,,3,1,,8,1,,,,GOOD,,,,,PANEL,,9,true,,nor-nork
Y21-DD7A1527,33502700,338411,99,,,3,1,,4,2,,,,EURO_RENOVATION,,,,,PANEL,,9,true,,nor-nork
Y21-5EC539AE,31235600,367478,85,,,3,1,,5,2,,,,EURO_RENOVATION,,,,,STONE,,5,false,,nor-nork
Y21-45EB271D,20152000,468651,43,,,2,1,,4,0,,,,EURO_RENOVATION,,,,,STONE,,4,false,,nor-nork
Y21-3445860C,37281200,409684,91,,,4,1,,7,0,,,,NEEDS_REPAIR,,,,,PANEL,,9,true,,nor-nork
Y21-F4BB4D63,30228000,377850,80,,,3,1,,8,2,,,,GOOD,,,,,MONOLITH,,16,true,,nor-nork
Y21-C4CCB858,25693800,285487,90,,,4,1,,7,1,,,,GOOD,,,,,PANEL,,9,true,,nor-nork
Y21-99C9D98B,29220400,324671,90,,,4,1,,6,2,,,,NEEDS_REPAIR,,,,,PANEL,,9,true,,nor-nork
Y21-D924F60F,23174800,313173,74,,,3,1,,1,1,,,,GOOD,,,,,PANEL,,9,true,,nor-nork
Y21-16D47F72,20655800,344263,60,,,2,2,,4,1,,,,EURO_RENOVATION,,,,,PANEL,,9,true,,nor-nork
Y21-CA19C41A,26701400,417209,64,,,3,1,,3,1,,,,NEEDS_REPAIR,,,,,PANEL,,5,false,,nor-nork
Y21-3E04F00F,10579800,587767,18,,,1,1,,4,0,,,,EURO_RENOVATION,,,,,STONE,,8,true,,nor-nork
Y21-8D77F934,27709000,294777,94,,,3,1,,9,0,,,,NEEDS_REPAIR,,,,,MONOLITH,,9,true,,nor-nork
Y21-F7DE66B1,29724200,386029,77,,,3,1,,7,0,,,,NEEDS_REPAIR,,,,,PANEL,,9,true,,nor-nork
Y21-09B421F3,21159600,289858,73,,,1,1,,4,0,,,,GOOD,,,,,STONE,,8,true,,nor-nork
Y21-359F5E41,34258400,439210,78,,,3,1,,9,1,,,,GOOD,,,,,PANEL,,9,true,,nor-nork
Y21-25809193,6549400,363856,18,,,1,1,,2,0,,,,GOOD,,,,,STONE,,8,true,,nor-nork
Y21-B80C726F,35266000,352660,100,,,5,1,,1,0,,,,GOOD,,,,,PANEL,,14,true,,nor-nork
Y21-2E4DD543,41311600,598719,69,,,3,1,,8,1,,,,EURO_RENOVATION,,,,,NEW_BUILD,,8,true,,nor-nork
Y21-FF35706E,29472300,303838,97,,,3,1,,3,1,,,,GOOD,,,,,STONE,,6,true,,nor-nork
Y21-7768BE6A,26701400,410791,65,,,3,1,,5,1,,,,GOOD,,,,,PANEL,,5,false,,nor-nork
Y21-0888DEAB,70532000,940427,75,,,3,1,,1,0,,,,GOOD,,,,,STONE,,1,false,,nor-nork
Y21-2321DCED,21915300,365255,60,,,2,1,,3,0,,,,NEEDS_REPAIR,,,,,PANEL,,5,false,,nor-nork
Y21-D3B28EA5,27709000,413567,67,,,3,1,,3,1,,,,EURO_RENOVATION,,,,,PANEL,,9,true,,nor-nork
Y21-EFB043D4,31235600,367478,85,,,3,1,,5,0,,,,EURO_RENOVATION,,,,,STONE,,5,false,,nor-nork
Y21-4E4C2224,28716600,368162,78,,,3,1,,1,1,,,,GOOD,,,,,PANEL,,9,true,,nor-nork
Y21-E5D188A1,27709000,477741,58,,,2,1,,3,1,,,,EURO_RENOVATION,,,,,NEW_BUILD,,5,false,,nor-nork
Y21-6F91FBA7,30177620,471525,64,,,2,1,,1,0,,,,NEEDS_REPAIR,,,,,PANEL,,5,false,,nor-nork
Y21-9C7358E3,25693800,414416,62,,,2,1,,4,0,,,,NEEDS_REPAIR,,,,,PANEL,,5,false,,nor-nork
Y21-2D139DF8,37785000,393594,96,,,4,1,,4,1,,,,GOOD,,,,,STONE,,5,false,,nor-nork
Y21-7B5835B7,23678600,311561,76,,,3,1,,8,2,,,,EURO_RENOVATION,,,,,PANEL,,9,true,,nor-nork
Y21-5E93DF31,56425600,508339,111,,,4,2,,4,1,,,,EURO_RENOVATION,,,,,NEW_BUILD,,4,false,,nor-nork
Y21-5C10EE9C,34762200,518839,67,,,3,2,,1,0,,,,EURO_RENOVATION,,,,,NEW_BUILD,,3,false,,nor-nork
Y21-3834ED4C,35266000,526358,67,,,3,2,,1,0,,,,EURO_RENOVATION,,,,,NEW_BUILD,,3,false,,nor-nork
Y21-A3AEF926,40304000,433376,93,,,3,1,,2,1,,,,GOOD,,,,,STONE,,5,false,,nor-nork
Y21-EFE3126F,28716600,422303,68,,,4,1,,5,0,,,,EURO_RENOVATION,,,,,PANEL,,9,true,,nor-nork
Y21-0D994F93,32747000,409338,80,,,3,1,,13,1,,,,EURO_RENOVATION,,,,,PANEL,,16,true,,nor-nork
Y21-F6DDDC8B,26197600,485141,54,,,2,1,,1,0,,,,EURO_RENOVATION,,,,,STONE,,13,true,,nor-nork
Y21-565EC239,22167200,291674,76,,,3,1,,9,2,,,,EURO_RENOVATION,,,,,PANEL,,9,true,,nor-nork
Y21-A852511C,20152000,387538,52,,,2,1,,5,1,,,,NEEDS_REPAIR,,,,,PANEL,,5,false,,nor-nork
Y21-A77C3EE9,20152000,544649,37,,,2,1,,1,0,,,,EURO_RENOVATION,,,,,PANEL,,5,false,,nor-nork
Y21-BF6A78B2,32747000,467814,70,,,3,1,,1,1,,,,GOOD,,,,,STONE,,5,false,,nor-nork
Y21-946061F1,20403900,551457,37,,,2,1,,5,0,,,,NEEDS_REPAIR,,,,,PANEL,,5,false,,nor-nork
Y21-FDB0B9CF,31739400,440825,72,,,3,1,,2,2,,,,GOOD,,,,,PANEL,,5,false,,nor-nork
Y21-307EB1DE,32747000,488761,67,,,3,1,,3,1,,,,EURO_RENOVATION,,,,,PANEL,,5,false,,nor-nork
Y21-EF580BA4,42319200,503800,84,,,3,1,,2,1,,,,GOOD,,,,,STONE,,5,false,,nor-nork
Y21-C60B6368,28716600,422303,68,,,3,1,,1,1,,,,EURO_RENOVATION,,,,,STONE,,5,false,,nor-nork
Y21-5441FAD7,25945700,350618,74,,,3,2,,7,1,,,,EURO_RENOVATION,,,,,PANEL,,9,true,,nor-nork
Y21-7B07747D,38087280,488298,78,,,3,2,,1,1,,,,EURO_RENOVATION,,,,,PANEL,,9,true,,nor-nork
Y21-E32A2479,25693800,367054,70,,,3,1,,5,1,,,,GOOD,,,,,PANEL,,5,false,,nor-nork
Y21-B31A39AB,31235600,315511,99,,,3,1,,3,1,,,,NEEDS_REPAIR,,,,,STONE,,6,true,,nor-nork
Y21-3D46E404,26197600,429469,61,,,2,1,,1,0,,,,EURO_RENOVATION,,,,,STONE,,5,false,,nor-nork
Y21-C4489861,21411500,403991,53,,,2,2,,2,1,,,,GOOD,,,,,PANEL,,5,false,,nor-nork
Y21-993FC567,25190000,331447,76,,,3,1,,2,1,,,,GOOD,,,,,PANEL,,9,true,,nor-nork
Y21-E2D976BE,28212800,352660,80,,,3,2,,1,1,,,,EURO_RENOVATION,,,,,PANEL,,9,true,,nor-nork
Y21-31CC746B,21663400,481409,45,,,3,1,,5,1,,,,EURO_RENOVATION,,,,,STONE,,5,false,,nor-nork
Y21-0B4F0C02,22671000,359857,63,,,3,1,,5,1,,,,GOOD,,,,,MONOLITH,,12,true,,nor-nork
Y21-3F50A29B,34762200,434528,80,,,3,2,,3,1,,,,GOOD,,,,,STONE,,5,false,,nor-nork
Y21-3840A74F,37785000,472313,80,,,3,2,,1,1,,,,EURO_RENOVATION,,,,,PANEL,,9,true,,nor-nork
Y21-E71EBB71,37281200,466015,80,,,3,1,,5,1,,,,EURO_RENOVATION,,,,,MONOLITH,,16,true,,nor-nork
Y21-4F100B7E,32747000,519794,63,,,2,2,,2,1,,,,EURO_RENOVATION,,,,,PANEL,,5,false,,nor-nork
Y21-5B6D2F9F,37281200,490542,76,,,4,1,,4,1,,,,EURO_RENOVATION,,,,,STONE,,5,false,,nor-nork
Y21-6535B997,26953300,421145,64,,,3,1,,5,1,,,,EURO_RENOVATION,,,,,PANEL,,5,false,,nor-nork
Y21-A5A5609E,31739400,406915,78,,,3,1,,4,2,,,,GOOD,,,,,PANEL,,5,false,,nor-nork
Y21-2D5DF275,27709000,426292,65,,,2,1,,7,2,,,,GOOD,,,,,PANEL,,9,true,,nor-nork
Y21-92ACCC98,36273600,465046,78,,,3,1,,7,1,,,,EURO_RENOVATION,,,,,PANEL,,9,true,,nor-nork
Y21-AD43AF1E,36273600,302280,120,,,3,1,,1,1,,,,EURO_RENOVATION,,,,,PANEL,,9,true,,nor-nork
Y21-F73CA70B,28212800,361703,78,,,3,1,,4,1,,,,GOOD,,,,,STONE,,5,false,,nor-nork
Y21-2414D7DA,35266000,314875,112,,,3,1,,5,1,,,,NEEDS_REPAIR,,,,,STONE,,5,false,,nor-nork
Y21-B733A6DD,20655800,413116,50,,,1,1,,5,0,,,,EURO_RENOVATION,,,,,STONE,,5,false,,nor-nork
Y21-333940F1,35769800,489997,73,,,3,1,,5,1,,,,EURO_RENOVATION,,,,,PANEL,,9,true,,nor-nork
Y21-4FD1DD46,20655800,312967,66,,,2,1,,3,1,,,,NEEDS_REPAIR,,,,,PANEL,,9,true,,nor-nork
Y21-A72B7D9A,16625400,449335,37,,,1,1,,1,0,,,,GOOD,,,,,PANEL,,6,true,,nor-nork
Y21-438030CA,44334400,561195,79,,,3,2,,3,1,,,,EURO_RENOVATION,,,,,STONE,,5,false,,nor-nork
Y21-69902C7C,30228000,355624,85,,,2,1,,7,2,,,,NEEDS_REPAIR,,,,,PANEL,,14,true,,nor-nork
Y21-5A44A83A,15114000,458000,33,,,2,1,,4,0,,,,EURO_RENOVATION,,,,,STONE,,8,true,,nor-nork
Y21-464F5CFD,23678600,381913,62,,,2,1,,4,1,,,,GOOD,,,,,PANEL,,5,false,,nor-nork
Y21-6B9C0F50,22671000,343500,66,,,2,1,,8,1,,,,GOOD,,,,,PANEL,,9,true,,nor-nork
Y21-28519BCA,21159600,492084,43,,,1,1,,2,0,,,,EURO_RENOVATION,,,,,STONE,,5,false,,nor-nork
Y21-EB1F42EB,20907700,454515,46,,,2,2,,1,1,,,,EURO_RENOVATION,,,,,PANEL,,9,true,,nor-nork
Y21-FA0B8587,27709000,304495,91,,,3,1,,1,1,,,,NEEDS_REPAIR,,,,,PANEL,,2,false,,nor-nork
Y21-82AF5D88,35266000,446405,79,,,3,1,,3,1,,,,EURO_RENOVATION,,,,,PANEL,,9,true,,nor-nork
Y21-BAC669FF,18640600,517794,36,,,1,1,,2,1,,,,GOOD,,,,,PANEL,,5,false,,nor-nork
Y21-FAF4B77C,25190000,475283,53,,,2,2,,1,0,,,,EURO_RENOVATION,,,,,PANEL,,5,false,,nor-nork
Y21-5BE54DDA,11083600,226196,49,,,2,1,,1,0,,,,GOOD,,,,,STONE,,1,false,,nor-nork
Y21-9DC5BFC6,38288800,503800,76,,,3,1,,2,2,,,,EURO_RENOVATION,,,,,STONE,,5,false,,nor-nork
Y21-38E32864,33250800,437511,76,,,3,1,,8,1,,,,EURO_RENOVATION,,,,,PANEL,,9,true,,nor-nork
Y21-38C6B102,28212800,440825,64,,,3,1,,5,1,,,,EURO_RENOVATION,,,,,PANEL,,5,false,,nor-nork
Y21-F7E75ED7,16877300,432751,39,,,1,1,,11,1,,,,GOOD,,,,,PANEL,,12,true,,nor-nork
Y21-4104F4A1,36273600,459159,79,,,3,1,,3,2,,,,EURO_RENOVATION,,,,,MONOLITH,,9,true,,nor-nork
Y21-EA5430AB,25190000,387538,65,,,3,1,,5,1,,,,GOOD,,,,,PANEL,,9,true,,nor-nork
Y21-55E158D8,21663400,386846,56,,,2,1,,5,0,,,,GOOD,,,,,PANEL,,5,false,,nor-nork
Y21-E9E89637,22671000,323871,70,,,4,1,,1,0,,,,GOOD,,,,,PANEL,,5,false,,nor-nork
Y21-5C5DF260,57937000,508219,114,,,4,1,,3,0,,,,NEEDS_REPAIR,,,,,MONOLITH,,8,true,,nor-nork
Y21-CB7CBCAD,22167200,568390,39,,,2,1,,9,0,,,,EURO_RENOVATION,,,,,MONOLITH,,10,true,,nor-nork
Y21-E721EF36,27709000,374446,74,,,3,2,,3,1,,,,GOOD,,,,,PANEL,,9,true,,nor-nork
Y21-BB5F7546,15617800,473267,33,,,1,1,,5,1,,,,GOOD,,,,,PANEL,,5,false,,nor-nork
Y21-BF4C102D,32747000,324228,101,,,4,1,,8,1,,,,GOOD,,,,,PANEL,,9,true,,nor-nork
Y21-2A64EA85,22167200,403040,55,,,2,1,,1,1,,,,EURO_RENOVATION,,,,,PANEL,,5,false,,nor-nork
Y21-2E20BF9F,30228000,403040,75,,,3,1,,4,1,,,,NEEDS_REPAIR,,,,,PANEL,,5,false,,nor-nork
Y21-52912F7E,21915300,405839,54,,,2,1,,5,1,,,,EURO_RENOVATION,,,,,PANEL,,5,false,,nor-nork
Y21-3DB987EC,27205200,438794,62,,,3,1,,2,1,,,,EURO_RENOVATION,,,,,MONOLITH,,12,true,,nor-nork
Y21-9FF354B1,37785000,188925,200,,,4,1,,2,0,,,,NEEDS_REPAIR,,,,,MONOLITH,,2,false,,nor-nork
Y21-D1BD5781,26197600,396933,66,,,3,2,,5,1,,,,GOOD,,,,,PANEL,,5,false,,nor-nork
Y21-D7D0342C,22671000,390879,58,,,2,1,,1,0,,,,GOOD,,,,,PANEL,,4,false,,nor-nork
Y21-61963360,38792600,431029,90,,,3,1,,3,1,,,,GOOD,,,,,PANEL,,12,true,,nor-nork
Y21-1A396E7E,31235600,433828,72,,,3,1,,4,1,,,,EURO_RENOVATION,,,,,PANEL,,5,false,,nor-nork
Y21-6F9DE44F,41815400,480637,87,,,4,1,,5,1,,,,EURO_RENOVATION,,,,,PANEL,,9,true,,nor-nork
Y21-BAC75AB7,32747000,481574,68,,,3,1,,1,1,,,,EURO_RENOVATION,,,,,PANEL,,5,false,,nor-nork
Y21-08931377,28716600,422303,68,,,2,1,,9,1,,,,EURO_RENOVATION,,,,,PANEL,,9,true,,nor-nork
Y21-0AC4FF49,17381100,469759,37,,,1,1,,3,1,,,,EURO_RENOVATION,,,,,PANEL,,5,false,,nor-nork
Y21-44668390,19144400,425431,45,,,1,1,,4,1,,,,GOOD,,,,,PANEL,,12,true,,nor-nork
Y21-193C37E6,20655800,279132,74,,,2,1,,16,1,,,,GOOD,,,,,PANEL,,16,true,,nor-nork
Y21-712170D4,63982600,743984,86,,,3,1,,2,2,,,,EURO_RENOVATION,,,,,NEW_BUILD,,8,true,,nor-nork
Y21-73FD3C36,15114000,408486,37,,,1,1,,1,0,,,,GOOD,,,,,PANEL,,9,true,,nor-nork
Y21-36B76E62,31235600,385625,81,,,3,2,,7,2,,,,EURO_RENOVATION,,,,,PANEL,,16,true,,nor-nork
Y21-2113CD3F,36273600,447822,81,,,3,1,,2,1,,,,EURO_RENOVATION,,,,,STONE,,5,false,,nor-nork
Y21-E4AA26DC,21663400,451321,48,,,1,1,,1,1,,,,GOOD,,,,,STONE,,5,false,,nor-nork
Y21-F66B01CB,20152000,380226,53,,,2,1,,4,0,,,,NEEDS_REPAIR,,,,,PANEL,,5,false,,nor-nork
Y21-D23B0E6F,25190000,426949,59,,,2,1,,5,1,,,,EURO_RENOVATION,,,,,STONE,,5,false,,nor-nork
Y21-7C1794F8,32747000,334153,98,,,3,1,,7,2,,,,EURO_RENOVATION,,,,,PANEL,,9,true,,nor-nork
Y21-DD6F1C14,31739400,417624,76,,,3,1,,2,0,,,,NEEDS_REPAIR,,,,,STONE,,5,false,,nor-nork
Y21-E27A1569,25189496,393586,64,,,3,1,,1,1,,,,EURO_RENOVATION,,,,,PANEL,,5,false,,nor-nork
Y21-307E353D,35266000,452128,78,,,3,1,,1,1,,,,EURO_RENOVATION,,,,,PANEL,,9,true,,nor-nork
Y21-189CE47C,22167200,410504,54,,,2,1,,7,1,,,,EURO_RENOVATION,,,,,PANEL,,9,true,,nor-nork
Y21-AD37EAE8,16625400,307878,54,,,1,1,,9,1,,,,GOOD,,,,,PANEL,,9,true,,nor-nork
Y21-546681A0,37785000,460793,82,,,3,1,,8,0,,,,EURO_RENOVATION,,,,,PANEL,,9,true,,nor-nork
Y21-B2807A57,27709000,461817,60,,,2,1,,5,1,,,,EURO_RENOVATION,,,,,STONE,,5,false,,nor-nork
Y21-B037C08D,30228000,382633,79,,,3,1,,1,1,,,,GOOD,,,,,STONE,,5,false,,nor-nork
Y21-6E910F5A,6045600,335867,18,,,1,1,,3,0,,,,NEEDS_REPAIR,,,,,STONE,,4,false,,nor-nork
Y21-9421EE87,30731800,409757,75,,,3,1,,2,2,,,,GOOD,,,,,PANEL,,5,false,,nor-nork
Y21-1B698B72,37785000,662895,57,,,2,1,,9,0,,,,EURO_RENOVATION,,,,,NEW_BUILD,,14,true,,nor-nork
Y21-B5E261B8,16121600,403040,40,,,2,1,,1,0,,,,GOOD,,,,,PANEL,,9,true,,nor-nork
Y21-68850995,27709000,543314,51,,,2,1,,4,0,,,,EURO_RENOVATION,,,,,PANEL,,5,false,,nor-nork
Y21-1F4AE4F8,23426700,366042,64,,,3,1,,1,1,,,,EURO_RENOVATION,,,,,PANEL,,5,false,,nor-nork
Y21-EDE32E61,31739400,396743,80,,,3,1,,7,1,,,,GOOD,,,,,MONOLITH,,17,true,,nor-nork
Y21-24FFF27D,19900100,452275,44,,,2,1,,6,1,,,,EURO_RENOVATION,,,,,PANEL,,12,true,,nor-nork
Y21-EBF49A66,27709000,384847,72,,,2,1,,3,1,,,,GOOD,,,,,STONE,,3,false,,nor-nork
Y21-BB501891,17129200,439210,39,,,1,1,,6,0,,,,NEEDS_REPAIR,,,,,PANEL,,12,true,,nor-nork
Y21-46260201,26197600,335867,78,,,3,1,,2,1,,,,EURO_RENOVATION,,,,,PANEL,,9,true,,nor-nork
Y21-45D99172,31235600,495803,63,,,2,1,,8,1,,,,EURO_RENOVATION,,,,,PANEL,,12,true,,nor-nork
Y21-75FC8C1F,23678600,464286,51,,,2,1,,4,1,,,,EURO_RENOVATION,,,,,PANEL,,5,false,,nor-nork
Y21-8CFB2DE2,35266000,559778,63,,,3,1,,2,0,,,,EURO_RENOVATION,,,,,PANEL,,5,false,,nor-nork
Y21-DE0BBF11,25190000,458000,55,,,2,1,,5,0,,,,NEEDS_REPAIR,,,,,STONE,,5,false,,nor-nork
Y21-70B3F9B9,40304000,552110,73,,,3,1,,1,1,,,,GOOD,,,,,PANEL,,5,false,,nor-nork
Y21-D44CE8EE,22671000,453420,50,,,2,1,,5,1,,,,GOOD,,,,,STONE,,5,false,,nor-nork
Y21-C3C4C5FD,15114000,335867,45,,,2,1,,13,1,,,,NEEDS_REPAIR,,,,,PANEL,,18,true,,nor-nork
Y21-4ED1075E,34006500,500096,68,,,3,1,,2,1,,,,GOOD,,,,,STONE,,5,false,,nor-nork
Y21-6911032C,25190000,381667,66,,,2,1,,5,1,,,,EURO_RENOVATION,,,,,PANEL,,9,true,,nor-nork
Y21-0C1CD687,25190000,493922,51,,,2,1,,3,1,,,,EURO_RENOVATION,,,,,STONE,,5,false,,nor-nork
Y21-27653021,35266000,440825,80,,,4,1,,1,0,,,,EURO_RENOVATION,,,,,STONE,,2,false,,nor-nork
Y21-F657D60A,65494000,545783,120,,,3,2,,3,0,,,,EURO_RENOVATION,,,,,MONOLITH,,7,true,,nor-nork
Y21-ED158B78,37785000,539786,70,,,3,1,,4,1,,,,EURO_RENOVATION,,,,,NEW_BUILD,,5,false,,nor-nork
Y21-F8B3B0EF,22167200,351860,63,,,2,1,,7,0,,,,GOOD,,,,,PANEL,,9,true,,nor-nork
Y21-DC0F89CB,42823000,411760,104,,,4,1,,10,1,,,,EURO_RENOVATION,,,,,MONOLITH,,16,true,,nor-nork
Y21-88BD3288,30228000,318189,95,,,4,1,,3,1,,,,EURO_RENOVATION,,,,,PANEL,,9,true,,nor-nork
Y21-4117A42E,28716600,422303,68,,,3,1,,1,1,,,,EURO_RENOVATION,,,,,STONE,,5,false,,nor-nork
Y21-9CBC35A3,32747000,409338,80,,,3,1,,3,1,,,,EURO_RENOVATION,,,,,PANEL,,9,true,,nor-nork
Y21-23F9DB6E,68013000,311986,218,,,5,1,,5,2,,,,EURO_RENOVATION,,,,,STONE,,6,true,,nor-nork
Y21-BE17B39C,22419100,307111,73,,,4,1,,5,0,,,,GOOD,,,,,PANEL,,5,false,,nor-nork
Y21-48488B99,34762200,518839,67,,,3,2,,1,0,,,,EURO_RENOVATION,,,,,NEW_BUILD,,3,false,,nor-nork
Y21-7FE10B2B,18640600,503800,37,,,1,1,,4,0,,,,GOOD,,,,,PANEL,,4,false,,nor-nork
Y21-492B9773,28716600,358958,80,,,3,1,,3,2,,,,EURO_RENOVATION,,,,,PANEL,,16,true,,nor-nork
Y21-E3CF3D3B,21915300,429712,51,,,2,1,,5,1,,,,EURO_RENOVATION,,,,,PANEL,,5,false,,nor-nork
Y21-6C606026,20655800,413116,50,,,1,1,,8,1,,,,NEEDS_REPAIR,,,,,PANEL,,9,true,,nor-nork
Y21-6F48C0EC,21663400,343863,63,,,2,1,,3,2,,,,NEEDS_REPAIR,,,,,PANEL,,9,true,,nor-nork
Y21-E23C978A,37785000,524792,72,,,3,1,,5,0,,,,EURO_RENOVATION,,,,,PANEL,,9,true,,nor-nork
Y21-1771DB6F,32747000,536836,61,,,3,1,,9,0,,,,EURO_RENOVATION,,,,,PANEL,,9,true,,nor-nork
Y21-FE6C08D3,42823000,522232,82,,,3,1,,4,2,,,,EURO_RENOVATION,,,,,STONE,,5,false,,nor-nork
Y21-09021523,26701400,310481,86,,,3,1,,4,0,,,,GOOD,,,,,PANEL,,9,true,,nor-nork
Y21-41DB8E5A,24182400,331266,73,,,3,1,,1,2,,,,GOOD,,,,,PANEL,,9,true,,nor-nork
Y21-ECFECA99,37785000,419833,90,,,3,1,,12,1,,,,EURO_RENOVATION,,,,,MONOLITH,,12,true,,nor-nork
Y21-ECACBE1E,24686200,308578,80,,,3,1,,9,1,,,,GOOD,,,,,PANEL,,9,true,,nor-nork
Y21-E769E8A0,26197600,429469,61,,,2,1,,1,0,,,,EURO_RENOVATION,,,,,STONE,,5,false,,nor-nork
Y21-795A792D,23174800,379915,61,,,2,1,,2,2,,,,GOOD,,,,,STONE,,5,false,,nor-nork
Y21-E8438627,25693800,407838,63,,,2,1,,3,1,,,,GOOD,,,,,MONOLITH,,12,true,,nor-nork
Y21-D0A47C3C,32747000,488761,67,,,3,1,,9,1,,,,GOOD,,,,,STONE,,12,true,,nor-nork
Y21-EE3B144F,23678600,430520,55,,,2,1,,4,1,,,,GOOD,,,,,STONE,,4,false,,nor-nork
Y21-AC89D89A,16625400,415635,40,,,2,1,,1,0,,,,GOOD,,,,,PANEL,,9,true,,nor-nork
Y21-6DD5B5A6,20152000,296353,68,,,2,1,,5,1,,,,GOOD,,,,,PANEL,,9,true,,nor-nork
Y21-54D49A23,28212800,421087,67,,,3,1,,11,0,,,,GOOD,,,,,PANEL,,12,true,,nor-nork
Y21-FDFA2F93,39800200,537841,74,,,6,2,,1,1,,,,EURO_RENOVATION,,,,,STONE,,9,true,,nor-nork
Y21-DCED0D1C,22671000,444529,51,,,2,1,,5,1,,,,GOOD,,,,,PANEL,,5,false,,nor-nork
Y21-4EB75A16,62975000,662895,95,,,3,1,,2,1,,,,EURO_RENOVATION,,,,,NEW_BUILD,,16,true,,nor-nork
Y21-A153A36E,19144400,455819,42,,,1,1,,4,1,,,,GOOD,,,,,PANEL,,12,true,,nor-nork
Y21-0176ED7B,24182400,589815,41,,,1,1,,3,0,,,,EURO_RENOVATION,,,,,PANEL,,12,true,,nor-nork
Y21-D857A2F3,41311600,491805,84,,,3,1,,2,1,,,,EURO_RENOVATION,,,,,MONOLITH,,12,true,,nor-nork
Y21-A49B6B6C,32747000,425286,77,,,3,2,,5,1,,,,EURO_RENOVATION,,,,,PANEL,,9,true,,nor-nork
Y21-14D1B9BA,27205200,316340,86,,,4,1,,9,1,,,,EURO_RENOVATION,,,,,PANEL,,9,true,,nor-nork
Y21-38BDBD0F,34258400,389300,88,,,3,1,,2,1,,,,GOOD,,,,,STONE,,5,false,,nor-nork
Y21-32F203CE,22671000,306365,74,,,3,1,,8,0,,,,NEEDS_REPAIR,,,,,PANEL,,9,true,,nor-nork
Y21-006335E3,30731800,487806,63,,,2,1,,3,1,,,,EURO_RENOVATION,,,,,STONE,,5,false,,nor-nork
Y21-313FB3B0,31235600,322016,97,,,3,1,,5,1,,,,GOOD,,,,,STONE,,5,false,,nor-nork
Y21-DBCD7A04,32747000,436627,75,,,3,1,,1,1,,,,EURO_RENOVATION,,,,,STONE,,5,false,,nor-nork
Y21-D59C13DF,24182400,331266,73,,,3,1,,2,1,,,,GOOD,,,,,STONE,,3,false,,nor-nork
Y21-EAA700CC,35769800,376524,95,,,3,1,,2,1,,,,GOOD,,,,,PANEL,,16,true,,nor-nork
Y21-7C1588DF,23174800,413836,56,,,2,1,,5,1,,,,GOOD,,,,,PANEL,,5,false,,nor-nork
Y21-C13A8089,8564600,475811,18,,,1,1,,5,0,,,,EURO_RENOVATION,,,,,STONE,,8,true,,nor-nork
Y21-DA2766A3,36273600,285619,127,,,4,1,,1,2,,,,GOOD,,,,,STONE,,5,false,,nor-nork
Y21-F37CDA1D,31235600,422103,74,,,2,1,,4,1,,,,GOOD,,,,,NEW_BUILD,,4,false,,nor-nork
Y21-F7B407B1,32747000,372125,88,,,4,1,,5,2,,,,EURO_RENOVATION,,,,,STONE,,5,false,,nor-nork
Y21-73A2DB80,37785000,503800,75,,,3,1,,1,1,,,,EURO_RENOVATION,,,,,STONE,,5,false,,nor-nork
Y21-FB1F655B,17129200,462951,37,,,1,1,,5,1,,,,EURO_RENOVATION,,,,,PANEL,,5,false,,nor-nork
Y21-EA9FF35F,30731800,451938,68,,,4,1,,3,1,,,,EURO_RENOVATION,,,,,NEW_BUILD,,3,false,,nor-nork
Y21-BB55725C,31739400,382402,83,,,3,1,,4,1,,,,GOOD,,,,,PANEL,,9,true,,nor-nork
Y21-B36117FF,19144400,354526,54,,,2,1,,8,0,,,,EURO_RENOVATION,,,,,PANEL,,9,true,,nor-nork
Y21-C60EFFF2,28716600,382888,75,,,3,2,,1,1,,,,EURO_RENOVATION,,,,,PANEL,,5,false,,nor-nork
Y21-0953C1C3,25693800,383490,67,,,3,1,,8,1,,,,GOOD,,,,,NEW_BUILD,,9,true,,nor-nork
Y21-201763B8,31235600,354950,88,,,3,1,,2,1,,,,GOOD,,,,,STONE,,5,false,,nor-nork
Y21-71B03E10,24686200,368451,67,,,3,1,,1,1,,,,GOOD,,,,,PANEL,,5,false,,nor-nork
Y21-D278F63A,12595000,251900,50,,,2,1,,1,0,,,,GOOD,,,,,PANEL,,9,true,,nor-nork
Y21-C99D1C35,18640600,490542,38,,,2,1,,8,0,,,,EURO_RENOVATION,,,,,MONOLITH,,9,true,,nor-nork
Y21-B57137A4,23678600,438493,54,,,2,1,,5,1,,,,EURO_RENOVATION,,,,,PANEL,,5,false,,nor-nork
Y21-5A3D9A18,37281200,517794,72,,,3,1,,4,2,,,,EURO_RENOVATION,,,,,STONE,,5,false,,nor-nork
Y21-3EFAA74B,26701400,247235,108,,,4,1,,5,1,,,,GOOD,,,,,STONE,,5,false,,nor-nork
Y21-8E0FFA9E,22167200,316674,70,,,2,1,,6,0,,,,NEEDS_REPAIR,,,,,PANEL,,16,true,,nor-nork
Y21-4170995C,19648200,409338,48,,,1,1,,5,1,,,,NEEDS_REPAIR,,,,,STONE,,5,false,,nor-nork
Y21-FD034E26,27910520,300113,93,,,4,2,,9,1,,,,GOOD,,,,,MONOLITH,,9,true,,nor-nork
Y21-A7F08386,27910520,296920,94,,,3,2,,9,1,,,,GOOD,,,,,MONOLITH,,9,true,,nor-nork
Y21-6906CBF1,45342000,377850,120,,,4,1,,5,1,,,,EURO_RENOVATION,,,,,MONOLITH,,14,true,,nor-nork
Y21-0D8C4DAB,20655800,405016,51,,,2,1,,5,1,,,,GOOD,,,,,PANEL,,5,false,,nor-nork
Y21-28AB64D5,32747000,419833,78,,,3,1,,2,1,,,,GOOD,,,,,NEW_BUILD,,9,true,,nor-nork
Y21-BF5205DD,25190000,331447,76,,,3,1,,3,1,,,,GOOD,,,,,PANEL,,5,false,,nor-nork
Y21-10044C7E,25190000,354789,71,,,3,1,,13,1,,,,EURO_RENOVATION,,,,,MONOLITH,,16,true,,nor-nork
Y21-D48A6185,31739400,396743,80,,,3,1,,5,1,,,,EURO_RENOVATION,,,,,PANEL,,9,true,,nor-nork
Y21-159834DE,23174800,308997,75,,,3,1,,6,2,,,,GOOD,,,,,PANEL,,9,true,,nor-nork
Y21-F0DE65C5,25190000,370441,68,,,2,1,,2,1,,,,EURO_RENOVATION,,,,,PANEL,,9,true,,nor-nork
Y21-F2227D9C,28212800,261230,108,,,4,2,,9,1,,,,GOOD,,,,,PANEL,,9,true,,nor-nork
Y21-4122CB69,33754600,462392,73,,,3,1,,1,1,,,,EURO_RENOVATION,,,,,PANEL,,9,true,,nor-nork
Y21-C28683D9,43830600,503800,87,,,4,1,,5,0,,,,EURO_RENOVATION,,,,,PANEL,,9,true,,nor-nork
Y21-49DD4FFB,26197600,409338,64,,,2,1,,12,1,,,,EURO_RENOVATION,,,,,MONOLITH,,12,true,,nor-nork
Y21-D5A4DA04,30228000,479810,63,,,3,1,,4,0,,,,EURO_RENOVATION,,,,,PANEL,,5,false,,nor-nork
Y21-4AE5C476,26701400,351334,76,,,3,1,,1,0,,,,NEEDS_REPAIR,,,,,PANEL,,9,true,,nor-nork
Y21-6136F884,31235600,589351,53,,,3,1,,3,0,,,,EURO_RENOVATION,,,,,PANEL,,5,false,,nor-nork
Y21-ED8A6E31,6549400,363856,18,,,1,1,,6,0,,,,GOOD,,,,,STONE,,8,true,,nor-nork
Y21-8724FC40,24182400,265741,91,,,4,1,,9,2,,,,GOOD,,,,,PANEL,,9,true,,nor-nork
Y21-0FBCC88D,33754600,387984,87,,,3,1,,8,1,,,,EURO_RENOVATION,,,,,PANEL,,9,true,,nor-nork
Y21-EA087D66,113355000,968846,117,,,3,1,,1,2,,,,EURO_RENOVATION,,,,,NEW_BUILD,,14,true,,nor-nork
Y21-28672A23,22167200,443344,50,,,1,1,,5,1,,,,GOOD,,,,,STONE,,5,false,,nor-nork
Y21-F9611B34,30228000,549600,55,,,3,1,,5,1,,,,EURO_RENOVATION,,,,,STONE,,5,false,,nor-nork
Y21-CBB175CD,22419100,307111,73,,,4,1,,5,1,,,,GOOD,,,,,PANEL,,5,false,,nor-nork
Y21-7065BA57,35266000,440825,80,,,3,1,,6,2,,,,EURO_RENOVATION,,,,,PANEL,,14,true,,nor-nork
Y21-173A65BA,19144400,503800,38,,,2,1,,8,0,,,,EURO_RENOVATION,,,,,MONOLITH,,9,true,,nor-nork
Y21-5639D560,26449500,304017,87,,,4,1,,5,0,,,,NEEDS_REPAIR,,,,,STONE,,5,false,,nor-nork
Y21-0105939B,21159600,364821,58,,,2,1,,4,1,,,,GOOD,,,,,PANEL,,4,false,,nor-nork
Y21-4AA37214,22671000,472313,48,,,2,1,,4,0,,,,EURO_RENOVATION,,,,,PANEL,,4,false,,nor-nork
Y21-33B30DA8,23174800,463496,50,,,2,1,,2,1,,,,EURO_RENOVATION,,,,,STONE,,5,false,,nor-nork
Y21-9B6410FF,73051000,619076,118,,,5,2,,3,1,,,,EURO_RENOVATION,,,,,STONE,,5,false,,nor-nork
Y21-9FEBF1C1,55418000,644395,86,,,4,2,,6,0,,,,EURO_RENOVATION,,,,,PANEL,,9,true,,nor-nork
Y21-9C8598E0,33754600,456143,74,,,3,1,,3,1,,,,EURO_RENOVATION,,,,,PANEL,,5,false,,nor-nork
Y21-C1F1CE6F,32747000,442527,74,,,3,1,,4,1,,,,EURO_RENOVATION,,,,,PANEL,,5,false,,nor-nork
Y21-C443ECA9,24182400,390039,62,,,2,1,,5,0,,,,EURO_RENOVATION,,,,,PANEL,,5,false,,nor-nork
Y21-D60C6142,37785000,590391,64,,,3,1,,6,2,,,,EURO_RENOVATION,,,,,NEW_BUILD,,8,true,,nor-nork
Y21-D1195464,38792600,445892,87,,,3,1,,8,1,,,,EURO_RENOVATION,,,,,NEW_BUILD,,13,true,,nor-nork
Y21-F6B8D38F,26701400,410791,65,,,3,1,,1,1,,,,NEEDS_REPAIR,,,,,PANEL,,5,false,,nor-nork
Y21-44DE1814,20655800,413116,50,,,1,1,,5,0,,,,EURO_RENOVATION,,,,,STONE,,5,false,,nor-nork
Y21-A9C32FB9,22167200,316674,70,,,2,1,,15,0,,,,GOOD,,,,,PANEL,,16,true,,nor-nork
Y21-74D72CB2,30228000,472313,64,,,2,1,,1,1,,,,EURO_RENOVATION,,,,,STONE,,5,false,,nor-nork
Y21-E7167357,29724200,412836,72,,,3,1,,2,0,,,,NEEDS_REPAIR,,,,,PANEL,,5,false,,nor-nork
Y21-2B567D8B,28212800,447822,63,,,2,1,,6,0,,,,NEEDS_REPAIR,,,,,PANEL,,12,true,,nor-nork
Y21-F8C66DC0,35266000,440825,80,,,3,1,,9,1,,,,EURO_RENOVATION,,,,,MONOLITH,,9,true,,nor-nork
Y21-2FB1BBB4,26197600,459607,57,,,2,1,,1,1,,,,EURO_RENOVATION,,,,,PANEL,,4,false,,nor-nork
Y21-2BBEC127,21663400,333283,65,,,3,1,,4,0,,,,EURO_RENOVATION,,,,,NEW_BUILD,,4,false,,nor-nork
Y21-C85816CC,26701400,417209,64,,,3,2,,5,1,,,,NEEDS_REPAIR,,,,,PANEL,,5,false,,nor-nork
Y21-2B958A29,34258400,469293,73,,,3,1,,2,1,,,,EURO_RENOVATION,,,,,PANEL,,5,false,,nor-nork
Y21-C51069BF,26197600,436627,60,,,2,1,,3,1,,,,EURO_RENOVATION,,,,,NEW_BUILD,,5,false,,nor-nork
Y21-5D05C078,22671000,377850,60,,,2,1,,4,1,,,,NEEDS_REPAIR,,,,,NEW_BUILD,,5,false,,nor-nork
Y21-08734A0D,23174800,340806,68,,,3,1,,5,0,,,,GOOD,,,,,PANEL,,7,true,,nor-nork
Y21-CA91C4AE,23678600,311561,76,,,3,1,,2,1,,,,GOOD,,,,,PANEL,,9,true,,nor-nork
Y21-93DD9F0B,25190000,419833,60,,,2,1,,5,1,,,,GOOD,,,,,STONE,,5,false,,nor-nork
Y21-40DB7F85,32747000,409338,80,,,3,1,,6,1,,,,EURO_RENOVATION,,,,,PANEL,,9,true,,nor-nork
Y21-4B7EA265,33754600,387984,87,,,3,1,,4,1,,,,GOOD,,,,,STONE,,5,false,,nor-nork
Y21-828D77FA,17129200,475811,36,,,1,1,,5,0,,,,GOOD,,,,,PANEL,,5,false,,nor-nork
Y21-3095FB9B,37785000,374109,101,,,4,1,,5,1,,,,GOOD,,,,,PANEL,,9,true,,nor-nork
Y21-C978D50E,25190000,466481,54,,,2,1,,5,0,,,,NEEDS_REPAIR,,,,,STONE,,5,false,,nor-nork
Y21-6AB070A9,31739400,412200,77,,,3,2,,6,1,,,,EURO_RENOVATION,,,,,PANEL,,9,true,,nor-nork
Y21-C22FD612,20655800,382515,54,,,1,1,,8,0,,,,GOOD,,,,,PANEL,,9,true,,nor-nork
Y21-A3790EE5,27709000,426292,65,,,3,1,,5,1,,,,EURO_RENOVATION,,,,,PANEL,,5,false,,nor-nork
Y21-C3681728,11587400,362106,32,,,1,1,,1,0,,,,NEEDS_REPAIR,,,,,PANEL,,14,true,,nor-nork
Y21-ECD69F12,36777400,707258,52,,,2,2,,1,1,,,,GOOD,,,,,STONE,,4,false,,nor-nork
Y21-BB6FA195,26701400,376076,71,,,3,1,,13,0,,,,EURO_RENOVATION,,,,,PANEL,,16,true,,nor-nork
Y21-18485CCF,25190000,412951,61,,,2,1,,1,0,,,,EURO_RENOVATION,,,,,STONE,,5,false,,nor-nork
Y21-36755DC0,28716600,455819,63,,,3,1,,9,1,,,,GOOD,,,,,MONOLITH,,12,true,,nor-nork
Y21-021F4DF0,21159600,423192,50,,,1,1,,7,1,,,,EURO_RENOVATION,,,,,PANEL,,9,true,,nor-nork
Y21-B8A31F8B,32747000,409338,80,,,3,1,,8,1,,,,GOOD,,,,,PANEL,,9,true,,nor-nork
Y21-971B8E10,18136800,477284,38,,,1,1,,4,0,,,,NEEDS_REPAIR,,,,,PANEL,,5,false,,nor-nork
Y21-9CA29F2E,25190000,406290,62,,,2,1,,5,0,,,,NEEDS_REPAIR,,,,,PANEL,,5,false,,nor-nork
Y21-3C9E3E3F,25190000,406290,62,,,2,1,,5,0,,,,NEEDS_REPAIR,,,,,PANEL,,5,false,,nor-nork
Y21-C714FC71,23678600,394643,60,,,3,1,,2,0,,,,NEEDS_REPAIR,,,,,STONE,,3,false,,nor-nork
Y21-63B2A9AE,22671000,390879,58,,,2,1,,2,0,,,,NEEDS_REPAIR,,,,,PANEL,,5,false,,nor-nork
Y21-B7F8DE82,27457100,473398,58,,,2,1,,5,1,,,,EURO_RENOVATION,,,,,STONE,,5,false,,nor-nork
Y21-9117DF1A,32747000,425286,77,,,3,1,,3,2,,,,GOOD,,,,,STONE,,5,false,,nor-nork
Y21-39BAFA91,19396300,524224,37,,,1,1,,5,0,,,,EURO_RENOVATION,,,,,PANEL,,5,false,,nor-nork
Y21-8C475AA4,20655800,413116,50,,,2,1,,3,1,,,,NEEDS_REPAIR,,,,,PANEL,,5,false,,nor-nork
Y21-70057CBF,30731800,480184,64,,,3,1,,5,1,,,,GOOD,,,,,PANEL,,5,false,,nor-nork
Y21-881C0962,23678600,473572,50,,,2,2,,2,1,,,,EURO_RENOVATION,,,,,PANEL,,5,false,,nor-nork
Y21-30637464,40304000,399050,101,,,4,1,,2,0,,,,NEEDS_REPAIR,,,,,STONE,,5,false,,nor-nork
Y21-50D9BC89,30228000,335867,90,,,4,1,,9,1,,,,EURO_RENOVATION,,,,,PANEL,,9,true,,nor-nork
Y21-B86D1568,22671000,427755,53,,,2,1,,3,0,,,,EURO_RENOVATION,,,,,PANEL,,9,true,,nor-nork
Y21-383E0FC7,28716600,422303,68,,,3,1,,1,1,,,,EURO_RENOVATION,,,,,STONE,,5,false,,nor-nork
Y21-82536D59,28716600,422303,68,,,1,1,,1,0,,,,EURO_RENOVATION,,,,,STONE,,5,false,,nor-nork
Y21-AF33CB08,41059700,513246,80,,,3,1,,3,1,,,,EURO_RENOVATION,,,,,STONE,,5,false,,nor-nork
Y21-A03BC1D7,27709000,374446,74,,,3,1,,5,1,,,,GOOD,,,,,PANEL,,5,false,,nor-nork
Y21-05D248EF,18993260,358363,53,,,2,1,,5,1,,,,EURO_RENOVATION,,,,,PANEL,,5,false,,nor-nork
Y21-3C80A366,21411500,375640,57,,,2,1,,2,1,,,,GOOD,,,,,PANEL,,5,false,,nor-nork
Y21-FD19AFC7,26197600,409338,64,,,3,1,,12,1,,,,EURO_RENOVATION,,,,,MONOLITH,,12,true,,nor-nork
Y21-A3384F29,36273600,465046,78,,,3,1,,3,1,,,,GOOD,,,,,PANEL,,9,true,,nor-nork
Y21-C3EAC9FF,17633000,220413,80,,,2,1,,1,0,,,,GOOD,,,,,STONE,,5,false,,nor-nork
Y21-3E4A659B,13098800,363856,36,,,1,1,,7,0,,,,GOOD,,,,,STONE,,8,true,,nor-nork
Y21-B507A2D9,22167200,434651,51,,,2,1,,4,1,,,,EURO_RENOVATION,,,,,PANEL,,5,false,,nor-nork
Y21-E5C16B60,29724200,450367,66,,,2,1,,9,1,,,,EURO_RENOVATION,,,,,PANEL,,9,true,,nor-nork
Y21-13769FDD,21663400,481409,45,,,3,1,,5,1,,,,EURO_RENOVATION,,,,,STONE,,5,false,,nor-nork
Y21-51DB6A7A,28212800,371221,76,,,3,1,,6,1,,,,NEEDS_REPAIR,,,,,PANEL,,9,true,,nor-nork
Y21-7E4DCD26,29220400,384479,76,,,3,1,,9,1,,,,NEEDS_REPAIR,,,,,PANEL,,9,true,,nor-nork
Y21-8BA0F435,29724200,443645,67,,,2,1,,7,1,,,,GOOD,,,,,PANEL,,9,true,,nor-nork
Y21-E3D298E0,31235600,371852,84,,,3,2,,1,1,,,,NEEDS_REPAIR,,,,,PANEL,,9,true,,nor-nork
Y21-D5F0BA1A,36223220,369625,98,,,4,1,,5,1,,,,GOOD,,,,,STONE,,5,false,,nor-nork
Y21-543DF889,33250800,415635,80,,,3,2,,4,1,,,,EURO_RENOVATION,,,,,PANEL,,9,true,,nor-nork
Y21-191994B7,33250800,415635,80,,,3,1,,4,1,,,,EURO_RENOVATION,,,,,PANEL,,9,true,,nor-nork
Y21-3FF2A3D7,21663400,470943,46,,,1,1,,6,0,,,,GOOD,,,,,PANEL,,9,true,,nor-nork
Y21-8846ECCA,32747000,425286,77,,,3,1,,3,1,,,,GOOD,,,,,PANEL,,9,true,,nor-nork
Y21-D19A6D9B,28212800,462505,61,,,2,1,,7,0,,,,EURO_RENOVATION,,,,,PANEL,,9,true,,nor-nork
Y21-601C500D,25441900,397530,64,,,2,1,,11,0,,,,EURO_RENOVATION,,,,,MONOLITH,,12,true,,nor-nork
Y21-6EAEEC62,29220400,335867,87,,,3,1,,1,2,,,,GOOD,,,,,PANEL,,9,true,,nor-nork
Y21-7C3D04BB,20655800,543574,38,,,1,1,,1,1,,,,EURO_RENOVATION,,,,,PANEL,,5,false,,nor-nork
Y21-504866C3,20655800,430329,48,,,1,1,,4,0,,,,NEEDS_REPAIR,,,,,STONE,,5,false,,nor-nork
Y21-CF214F33,40304000,452854,89,,,4,2,,5,1,,,,EURO_RENOVATION,,,,,NEW_BUILD,,9,true,,nor-nork
Y21-3408EE97,40304000,452854,89,,,4,2,,5,1,,,,EURO_RENOVATION,,,,,NEW_BUILD,,9,true,,nor-nork
Y21-DD2CDC8F,31235600,390445,80,,,3,1,,9,1,,,,GOOD,,,,,PANEL,,9,true,,nor-nork
Y21-BAF7DFE7,41311600,607524,68,,,3,2,,1,1,,,,GOOD,,,,,STONE,,5,false,,nor-nork
Y21-C083294D,40304000,387538,104,,,3,1,,12,2,,,,GOOD,,,,,NEW_BUILD,,14,true,,nor-nork
Y21-B79CB616,32747000,404284,81,,,3,1,,7,1,,,,GOOD,,,,,PANEL,,9,true,,nor-nork
Y21-0ED56B1E,31739400,396743,80,,,4,1,,1,1,,,,GOOD,,,,,STONE,,5,false,,nor-nork
Y21-FC915E43,24686200,484043,51,,,1,1,,2,0,,,,EURO_RENOVATION,,,,,STONE,,6,true,,nor-nork
Y21-37C17AD9,23930500,443157,54,,,2,1,,5,0,,,,NEEDS_REPAIR,,,,,PANEL,,5,false,,nor-nork
Y21-EA7FD4F2,40304000,438087,92,,,4,1,,8,1,,,,EURO_RENOVATION,,,,,PANEL,,9,true,,nor-nork
Y21-E6EFEAD0,17129200,305879,56,,,1,1,,1,1,,,,GOOD,,,,,PANEL,,9,true,,nor-nork
Y21-66C82632,53402800,643407,83,,,3,1,,5,0,,,,EURO_RENOVATION,,,,,NEW_BUILD,,15,true,,nor-nork
Y21-A6C5332C,31235600,422103,74,,,3,1,,3,1,,,,EURO_RENOVATION,,,,,STONE,,5,false,,nor-nork
Y21-8262F985,21663400,416604,52,,,2,1,,2,1,,,,EURO_RENOVATION,,,,,NEW_BUILD,,5,false,,nor-nork
Y21-5741EF01,22671000,596605,38,,,2,1,,5,0,,,,EURO_RENOVATION,,,,,PANEL,,5,false,,nor-nork
Y21-35A43B4A,24686200,404692,61,,,2,1,,5,1,,,,GOOD,,,,,PANEL,,5,false,,nor-nork
Y21-B19714FA,19144400,435100,44,,,2,1,,1,0,,,,EURO_RENOVATION,,,,,STONE,,5,false,,nor-nork
Y21-846FD440,35266000,400750,88,,,4,1,,7,0,,,,EURO_RENOVATION,,,,,PANEL,,9,true,,nor-nork
Y21-689B340F,22671000,404839,56,,,2,2,,1,1,,,,EURO_RENOVATION,,,,,PANEL,,4,false,,nor-nork
Y21-8D1BF80E,35769800,380530,94,,,4,1,,5,2,,,,GOOD,,,,,STONE,,5,false,,nor-nork
Y21-E249762B,16121600,488533,33,,,1,1,,5,1,,,,GOOD,,,,,STONE,,5,false,,nor-nork
Y21-C7D2FEC0,30731800,503800,61,,,3,1,,4,0,,,,EURO_RENOVATION,,,,,NEW_BUILD,,9,true,,nor-nork
Y21-7EDE6505,7557000,419833,18,,,1,1,,2,0,,,,GOOD,,,,,STONE,,8,true,,nor-nork
Y21-B77ECC90,11083600,554180,20,,,1,1,,3,0,,,,EURO_RENOVATION,,,,,STONE,,8,true,,nor-nork
Y21-E70C45F4,27709000,277090,100,,,3,1,,1,1,,,,GOOD,,,,,PANEL,,9,true,,nor-nork
Y21-15647E0C,21663400,433268,50,,,2,1,,5,0,,,,NEEDS_REPAIR,,,,,PANEL,,5,false,,nor-nork
Y21-466BB769,32747000,385259,85,,,4,1,,5,1,,,,EURO_RENOVATION,,,,,PANEL,,9,true,,nor-nork
Y21-8CE62AA9,12595000,349861,36,,,2,1,,2,0,,,,EURO_RENOVATION,,,,,STONE,,9,true,,nor-nork
Y21-CFB8FE53,13602600,178982,76,,,3,1,,1,1,,,,GOOD,,,,,STONE,,5,false,,nor-nork
Y21-2554E4A0,28212800,386477,73,,,3,1,,1,0,,,,NEEDS_REPAIR,,,,,STONE,,5,false,,nor-nork
Y21-B5FBAA00,19648200,392964,50,,,1,1,,1,1,,,,GOOD,,,,,PANEL,,9,true,,nor-nork
Y21-BE9B605E,29220400,512639,57,,,2,1,,3,0,,,,EURO_RENOVATION,,,,,PANEL,,4,false,,nor-nork
Y21-59CD93BC,29220400,374621,78,,,3,1,,5,1,,,,GOOD,,,,,PANEL,,9,true,,nor-nork
Y21-91B1FF66,22671000,419833,54,,,1,1,,7,2,,,,GOOD,,,,,PANEL,,16,true,,nor-nork
Y21-3022EC4A,18388700,399754,46,,,1,1,,4,1,,,,GOOD,,,,,MONOLITH,,9,true,,nor-nork
Y21-6D675B36,32243200,313041,103,,,4,1,,9,1,,,,EURO_RENOVATION,,,,,PANEL,,9,true,,nor-nork
Y21-DD9483FC,18892500,460793,41,,,1,1,,11,1,,,,GOOD,,,,,PANEL,,12,true,,nor-nork
Y21-28A8B2AE,42823000,586616,73,,,2,1,,2,1,,,,GOOD,,,,,STONE,,2,false,,nor-nork
Y21-4FD02E05,30228000,377850,80,,,3,1,,1,0,,,,GOOD,,,,,STONE,,5,false,,nor-nork
Y21-2D815370,28212800,266158,106,,,3,2,,16,1,,,,EURO_RENOVATION,,,,,MONOLITH,,16,true,,nor-nork
Y21-B6B3791B,22671000,348785,65,,,2,1,,1,0,,,,EURO_RENOVATION,,,,,PANEL,,4,false,,nor-nork
Y21-3DF8FBDD,24938100,429967,58,,,2,1,,8,1,,,,GOOD,,,,,PANEL,,9,true,,nor-nork
Y21-1A5F0A8C,25190000,466481,54,,,2,1,,8,1,,,,EURO_RENOVATION,,,,,PANEL,,9,true,,nor-nork
Y21-950ED48D,25190000,466481,54,,,2,1,,8,1,,,,EURO_RENOVATION,,,,,PANEL,,9,true,,nor-nork
Y21-418E280E,21663400,338491,64,,,2,1,,9,1,,,,EURO_RENOVATION,,,,,PANEL,,16,true,,nor-nork
Y21-B85816D9,38288800,411708,93,,,3,1,,7,0,,,,GOOD,,,,,MONOLITH,,16,true,,nor-nork
Y21-AED1175F,37785000,429375,88,,,4,1,,2,0,,,,EURO_RENOVATION,,,,,PANEL,,5,false,,nor-nork
Y21-328FC444,17633000,464026,38,,,1,1,,2,0,,,,EURO_RENOVATION,,,,,PANEL,,5,false,,nor-nork
Y21-493A006A,29220400,301241,97,,,3,1,,9,2,,,,GOOD,,,,,PANEL,,9,true,,nor-nork
Y21-49B0F8D3,18640600,564867,33,,,1,1,,3,1,,,,EURO_RENOVATION,,,,,PANEL,,5,false,,nor-nork
Y21-B2C150FB,45342000,477284,95,,,3,1,,6,0,,,,NEEDS_REPAIR,,,,,MONOLITH,,15,true,,nor-nork
Y21-D6FDB71E,29220400,456569,64,,,3,1,,1,0,,,,NEEDS_REPAIR,,,,,STONE,,6,true,,nor-nork
Y21-980ED3C8,20152000,403040,50,,,1,1,,9,0,,,,EURO_RENOVATION,,,,,PANEL,,9,true,,nor-nork
Y21-6DF1E80B,37785000,539786,70,,,3,1,,6,0,,,,NEEDS_REPAIR,,,,,STONE,,9,true,,nor-nork
Y21-7ECC19C3,22167200,410504,54,,,2,1,,7,1,,,,EURO_RENOVATION,,,,,PANEL,,9,true,,nor-nork
Y21-FA8C99B1,26701400,333768,80,,,3,1,,8,1,,,,EURO_RENOVATION,,,,,PANEL,,9,true,,nor-nork
Y21-DE70D0FF,31739400,488298,65,,,2,1,,2,1,,,,NEEDS_REPAIR,,,,,NEW_BUILD,,16,true,,nor-nork
Y21-70EB6540,27205200,485807,56,,,2,1,,2,0,,,,NEEDS_REPAIR,,,,,NEW_BUILD,,16,true,,nor-nork
Y21-28CC2BD7,39800200,442224,90,,,3,1,,3,1,,,,EURO_RENOVATION,,,,,STONE,,5,false,,nor-nork
Y21-DD2D5554,31235600,459347,68,,,4,1,,3,1,,,,EURO_RENOVATION,,,,,NEW_BUILD,,3,false,,nor-nork
Y21-AF9F5E5D,29220400,352053,83,,,3,1,,10,1,,,,EURO_RENOVATION,,,,,PANEL,,16,true,,nor-nork
Y21-61900ABD,21663400,424773,51,,,2,1,,1,0,,,,GOOD,,,,,PANEL,,5,false,,nor-nork
Y21-2EF0AEBE,26197600,344705,76,,,3,1,,2,0,,,,NEEDS_REPAIR,,,,,PANEL,,9,true,,nor-nork
Y21-F2AE4E91,40807800,420699,97,,,3,1,,7,2,,,,EURO_RENOVATION,,,,,PANEL,,9,true,,nor-nork
Y21-541648CA,26701400,460369,58,,,2,1,,3,1,,,,EURO_RENOVATION,,,,,STONE,,5,false,,nor-nork
Y21-7816C7DC,33250800,475011,70,,,4,1,,2,0,,,,EURO_RENOVATION,,,,,STONE,,5,false,,nor-nork
Y21-15B60DE7,22671000,404839,56,,,3,1,,1,0,,,,NEEDS_REPAIR,,,,,PANEL,,4,false,,nor-nork
Y21-E74F9403,24686200,374033,66,,,2,1,,2,2,,,,GOOD,,,,,STONE,,4,false,,nor-nork
Y21-D0BF245C,31235600,600685,52,,,3,1,,3,0,,,,EURO_RENOVATION,,,,,PANEL,,5,false,,nor-nork
Y21-8310B36E,31739400,412200,77,,,3,1,,4,0,,,,NEEDS_REPAIR,,,,,PANEL,,9,true,,nor-nork
Y21-53B7D38C,22671000,338373,67,,,3,1,,1,1,,,,NEEDS_REPAIR,,,,,PANEL,,5,false,,nor-nork
Y21-61FE155E,31739400,406915,78,,,3,2,,2,1,,,,GOOD,,,,,PANEL,,9,true,,nor-nork
Y21-D06CBDB4,20152000,458000,44,,,1,1,,1,1,,,,GOOD,,,,,STONE,,5,false,,nor-nork
Y21-6B8642E6,50380000,357305,141,,,4,1,,1,2,,,,EURO_RENOVATION,,,,,STONE,,5,false,,nor-nork
Y21-D011BC8D,30228000,258359,117,,,4,2,,1,0,,,,EURO_RENOVATION,,,,,PANEL,,9,true,,nor-nork
Y21-0B8B352A,60456000,657130,92,,,4,1,,4,1,,,,EURO_RENOVATION,,,,,STONE,,5,false,,nor-nork
Y21-3F205081,23174800,345893,67,,,3,1,,6,1,,,,EURO_RENOVATION,,,,,PANEL,,9,true,,nor-nork
Y21-EB354A87,32747000,461225,71,,,2,1,,4,0,,,,NEEDS_REPAIR,,,,,MONOLITH,,10,true,,nor-nork
Y21-426B7995,60456000,604560,100,,,4,2,,4,0,,,,EURO_RENOVATION,,,,,PANEL,,9,true,,nor-nork
Y21-E912D356,35266000,375170,94,,,4,1,,9,1,,,,NEEDS_REPAIR,,,,,PANEL,,16,true,,nor-nork
Y21-E9A2E48F,25190000,345068,73,,,3,1,,4,1,,,,GOOD,,,,,PANEL,,5,false,,nor-nork
Y21-FEFCEA0F,20655800,382515,54,,,1,1,,8,0,,,,GOOD,,,,,PANEL,,9,true,,nor-nork
Y21-7806D754,30228000,387538,78,,,4,2,,1,1,,,,GOOD,,,,,STONE,,5,false,,nor-nork
Y21-176A97F4,33250800,386637,86,,,3,1,,2,1,,,,GOOD,,,,,NEW_BUILD,,10,true,,nor-nork
Y21-9D7B1601,32746496,409331,80,,,3,2,,6,1,,,,EURO_RENOVATION,,,,,PANEL,,9,true,,nor-nork
Y21-9C8F7B41,28716600,372943,77,,,3,1,,6,1,,,,EURO_RENOVATION,,,,,PANEL,,9,true,,nor-nork
Y21-4A6972FC,32747000,409338,80,,,4,1,,7,0,,,,EURO_RENOVATION,,,,,PANEL,,9,true,,nor-nork
Y21-702B8E8B,29472300,398274,74,,,3,1,,1,0,,,,NEEDS_REPAIR,,,,,PANEL,,5,false,,nor-nork
Y21-A0D6933C,29472300,398274,74,,,3,1,,1,0,,,,NEEDS_REPAIR,,,,,PANEL,,5,false,,nor-nork
Y21-58094980,75570000,581308,130,,,4,1,,4,0,,,,NEEDS_REPAIR,,,,,STONE,,8,true,,nor-nork
Y21-6FF4DE0E,27709000,369453,75,,,3,1,,4,0,,,,NEEDS_REPAIR,,,,,PANEL,,4,false,,nor-nork
Y21-E8FD9108,27205200,418542,65,,,3,1,,5,0,,,,NEEDS_REPAIR,,,,,PANEL,,5,false,,nor-nork
Y21-53689926,17633000,518618,34,,,1,1,,1,1,,,,GOOD,,,,,PANEL,,9,true,,nor-nork
Y21-E723546D,30228000,355624,85,,,4,1,,5,2,,,,NEEDS_REPAIR,,,,,STONE,,5,false,,nor-nork
Y21-B19C9899,25693800,383490,67,,,2,1,,4,1,,,,GOOD,,,,,PANEL,,9,true,,nor-nork
Y21-7090DC27,41311600,590166,70,,,3,1,,2,0,,,,EURO_RENOVATION,,,,,NEW_BUILD,,7,true,,nor-nork
Y21-CED2199D,24182400,549600,44,,,2,1,,9,0,,,,EURO_RENOVATION,,,,,PANEL,,9,true,,nor-nork
Y21-CA975D48,27709000,407485,68,,,2,1,,3,1,,,,GOOD,,,,,PANEL,,9,true,,nor-nork
Y21-9B326054,21159600,459991,46,,,2,1,,1,0,,,,NEEDS_REPAIR,,,,,PANEL,,16,true,,nor-nork
Y21-81EB123A,24686200,587767,42,,,2,1,,2,0,,,,EURO_RENOVATION,,,,,STONE,,5,false,,nor-nork
Y21-87F07162,22671000,359857,63,,,2,1,,4,1,,,,NEEDS_REPAIR,,,,,STONE,,5,false,,nor-nork
Y21-FB143A8F,24182400,377850,64,,,2,1,,5,1,,,,GOOD,,,,,PANEL,,9,true,,nor-nork
Y21-0960ADEC,31235600,347062,90,,,4,1,,2,2,,,,GOOD,,,,,PANEL,,9,true,,nor-nork
Y21-84408466,42823000,436969,98,,,4,1,,4,2,,,,GOOD,,,,,STONE,,5,false,,nor-nork
Y21-DEBC24C4,36777400,471505,78,,,3,1,,1,1,,,,EURO_RENOVATION,,,,,PANEL,,9,true,,nor-nork
Y21-BB5932DF,31235600,376333,83,,,3,1,,1,1,,,,GOOD,,,,,PANEL,,14,true,,nor-nork
Y21-CA819530,27709000,432953,64,,,2,1,,6,1,,,,GOOD,,,,,PANEL,,12,true,,nor-nork
Y21-7B900A2A,26701400,351334,76,,,3,1,,4,1,,,,GOOD,,,,,PANEL,,9,true,,nor-nork
Y21-5F768967,24686200,385722,64,,,2,1,,4,1,,,,GOOD,,,,,STONE,,5,false,,nor-nork
Y21-56CEE890,19396300,524224,37,,,1,1,,5,0,,,,EURO_RENOVATION,,,,,PANEL,,5,false,,nor-nork
Y21-50517950,18136800,453420,40,,,1,1,,12,1,,,,GOOD,,,,,PANEL,,12,true,,nor-nork
Y21-426684F0,27205200,367638,74,,,3,1,,4,0,,,,EURO_RENOVATION,,,,,PANEL,,5,false,,nor-nork
Y21-11DBC281,26701400,333768,80,,,3,1,,8,1,,,,EURO_RENOVATION,,,,,PANEL,,9,true,,nor-nork
Y21-C55D6850,47861000,392303,122,,,4,1,,2,1,,,,EURO_RENOVATION,,,,,PANEL,,14,true,,nor-nork
Y21-77841997,36273600,518194,70,,,3,1,,8,1,,,,EURO_RENOVATION,,,,,NEW_BUILD,,8,true,,nor-nork
Y21-A111AA7C,25693800,467160,55,,,2,1,,5,1,,,,GOOD,,,,,STONE,,5,false,,nor-nork
Y21-38035095,17633000,452128,39,,,1,1,,8,0,,,,NEEDS_REPAIR,,,,,MONOLITH,,12,true,,nor-nork
Y21-5703B71E,25190000,345068,73,,,3,1,,11,0,,,,NEEDS_REPAIR,,,,,PANEL,,16,true,,nor-nork
Y21-53C9158B,22167200,426292,52,,,2,1,,4,0,,,,EURO_RENOVATION,,,,,PANEL,,5,false,,nor-nork
Y21-710D0FA8,31739400,528990,60,,,2,1,,5,1,,,,EURO_RENOVATION,,,,,PANEL,,5,false,,nor-nork
Y21-B5175584,26701400,460369,58,,,2,1,,4,1,,,,GOOD,,,,,STONE,,5,false,,nor-nork
Y21-E8A8C3B6,24182400,416938,58,,,2,1,,4,1,,,,GOOD,,,,,STONE,,5,false,,nor-nork
Y21-C3E22A29,5541800,307878,18,,,1,1,,5,0,,,,NEEDS_REPAIR,,,,,PANEL,,8,true,,nor-nork
Y21-36DF387F,20152000,403040,50,,,1,1,,1,0,,,,NEEDS_REPAIR,,,,,PANEL,,9,true,,nor-nork
Y21-D4139AC1,19597820,455763,43,,,2,1,,8,1,,,,EURO_RENOVATION,,,,,PANEL,,9,true,,nor-nork
Y21-B6886D85,29724200,530789,56,,,3,1,,1,0,,,,EURO_RENOVATION,,,,,PANEL,,4,false,,nor-nork
Y21-1BE278DF,32747000,442527,74,,,3,1,,5,2,,,,GOOD,,,,,STONE,,5,false,,nor-nork
Y21-D75706FC,28212800,335867,84,,,3,1,,8,1,,,,GOOD,,,,,PANEL,,16,true,,nor-nork
Y21-8B01F05B,68013000,459547,148,,,5,2,,6,2,,,,EURO_RENOVATION,,,,,NEW_BUILD,,7,true,,nor-nork
Y21-E43D5E34,31235600,529417,59,,,2,1,,9,1,,,,EURO_RENOVATION,,,,,PANEL,,9,true,,nor-nork
Y21-4A6021FD,32747000,528177,62,,,2,1,,2,0,,,,NEEDS_REPAIR,,,,,PANEL,,12,true,,nor-nork
Y21-DCA16218,6297500,370441,17,,,1,1,,8,1,,,,EURO_RENOVATION,,,,,STONE,,8,true,,nor-nork
Y21-2916D976,28716600,358958,80,,,3,2,,1,2,,,,EURO_RENOVATION,,,,,PANEL,,9,true,,nor-nork
Y21-3B20D4C6,27709000,384847,72,,,3,1,,1,0,,,,NEEDS_REPAIR,,,,,PANEL,,9,true,,nor-nork
Y21-C2D66178,24182400,416938,58,,,2,1,,5,1,,,,GOOD,,,,,PANEL,,12,true,,nor-nork
Y21-910CDBE4,24686200,324818,76,,,3,1,,5,2,,,,GOOD,,,,,STONE,,5,false,,nor-nork
Y21-6F01F498,30228000,397737,76,,,3,1,,6,1,,,,EURO_RENOVATION,,,,,PANEL,,9,true,,nor-nork
Y21-D719032A,24182400,310031,78,,,3,3,,2,2,,,,GOOD,,,,,PANEL,,9,true,,nor-nork
Y21-4895E971,19144400,398842,48,,,1,1,,1,1,,,,GOOD,,,,,STONE,,5,false,,nor-nork
Y21-BAA1E068,14106400,414894,34,,,2,1,,5,0,,,,GOOD,,,,,PANEL,,8,true,,nor-nork
Y21-212C4865,27709000,413567,67,,,3,1,,1,1,,,,GOOD,,,,,STONE,,5,false,,nor-nork
Y21-E4592BFA,40304000,516718,78,,,3,1,,3,2,,,,EURO_RENOVATION,,,,,STONE,,5,false,,nor-nork
Y21-762AEE50,30228000,425746,71,,,2,1,,1,1,,,,GOOD,,,,,NEW_BUILD,,10,true,,nor-nork
Y21-DA93329E,30228000,387538,78,,,3,1,,1,1,,,,GOOD,,,,,STONE,,5,false,,nor-nork
Y21-9BC6204C,29220400,301241,97,,,3,1,,9,2,,,,GOOD,,,,,PANEL,,9,true,,nor-nork
Y21-51440159,24686200,493724,50,,,2,1,,5,1,,,,GOOD,,,,,STONE,,5,false,,nor-nork
Y21-A7A145A2,24686200,324818,76,,,3,1,,8,2,,,,GOOD,,,,,PANEL,,9,true,,nor-nork
Y21-0D3754C4,32747000,419833,78,,,3,1,,1,1,,,,EURO_RENOVATION,,,,,STONE,,5,false,,nor-nork
Y21-B1ACA156,19144400,285737,67,,,2,2,,2,1,,,,GOOD,,,,,PANEL,,9,true,,nor-nork
Y21-0E480FF0,26701400,460369,58,,,2,1,,2,1,,,,GOOD,,,,,STONE,,5,false,,nor-nork
Y21-1E265392,27709000,350747,79,,,3,1,,4,1,,,,GOOD,,,,,PANEL,,9,true,,nor-nork
Y21-CE1DE454,28212800,447822,63,,,2,1,,2,0,,,,EURO_RENOVATION,,,,,PANEL,,12,true,,nor-nork
Y21-4E10B903,25190000,514082,49,,,2,1,,5,0,,,,NEEDS_REPAIR,,,,,PANEL,,5,false,,nor-nork
Y21-8C8543E9,31235600,283960,110,,,5,2,,5,1,,,,EURO_RENOVATION,,,,,PANEL,,5,false,,nor-nork
Y21-10C2ACC8,26701400,365773,73,,,3,2,,4,0,,,,GOOD,,,,,STONE,,5,false,,nor-nork
Y21-2DCD097F,23174800,251900,92,,,4,1,,5,1,,,,NEEDS_REPAIR,,,,,PANEL,,9,true,,nor-nork
Y21-9FD1700A,34257896,519059,66,,,2,1,,7,1,,,,EURO_RENOVATION,,,,,PANEL,,9,true,,nor-nork
Y21-50DF0842,90684000,524185,173,,,5,1,,2,0,,,,NEEDS_REPAIR,,,,,MONOLITH,,4,false,,nor-nork
Y21-5FC1C496,85646000,590662,145,,,4,1,,1,0,,,,NEEDS_REPAIR,,,,,MONOLITH,,4,false,,nor-nork
Y21-833FF004,35266000,440825,80,,,3,1,,5,1,,,,EURO_RENOVATION,,,,,PANEL,,5,false,,nor-nork
Y21-E385B0B6,20152000,458000,44,,,2,1,,1,1,,,,GOOD,,,,,STONE,,5,false,,nor-nork
Y21-7C89D340,33200420,368894,90,,,4,1,,2,0,,,,NEEDS_REPAIR,,,,,PANEL,,9,true,,nor-nork
Y21-C655BD7B,27205200,503800,54,,,2,1,,5,1,,,,EURO_RENOVATION,,,,,STONE,,5,false,,nor-nork
Y21-69152118,79600400,925586,86,,,3,2,,1,0,,,,EURO_RENOVATION,,,,,STONE,,4,false,,nor-nork
Y21-64ED353E,23678600,364286,65,,,2,1,,5,1,,,,GOOD,,,,,PANEL,,9,true,,nor-nork
Y21-0D722DC6,24182400,366400,66,,,3,1,,1,1,,,,NEEDS_REPAIR,,,,,PANEL,,5,false,,nor-nork
Y21-AF50314A,33754600,432751,78,,,2,1,,2,1,,,,GOOD,,,,,STONE,,6,true,,nor-nork
Y21-00742257,37785000,510608,74,,,3,1,,1,1,,,,EURO_RENOVATION,,,,,PANEL,,5,false,,nor-nork
Y21-9F6202DE,90684000,592706,153,,,4,2,,5,1,,,,EURO_RENOVATION,,,,,MONOLITH,,10,true,,nor-nork
Y21-EDD6EB69,39296400,503800,78,,,3,1,,5,1,,,,EURO_RENOVATION,,,,,PANEL,,12,true,,nor-nork
Y21-4CDDF304,22167200,382193,58,,,2,1,,3,1,,,,EURO_RENOVATION,,,,,PANEL,,5,false,,nor-nork
Y21-498DC4E6,17633000,410070,43,,,1,1,,6,1,,,,GOOD,,,,,NEW_BUILD,,9,true,,nor-nork
Y21-CB217486,37029300,493724,75,,,3,2,,4,1,,,,EURO_RENOVATION,,,,,STONE,,5,false,,nor-nork
Y21-5E0B3D9E,32747000,297700,110,,,4,1,,5,2,,,,GOOD,,,,,PANEL,,9,true,,nor-nork
Y21-F787DD46,17633000,534333,33,,,1,1,,2,1,,,,GOOD,,,,,STONE,,5,false,,nor-nork
Y21-A0DDC9F0,20655800,286886,72,,,3,1,,8,0,,,,GOOD,,,,,STONE,,8,true,,nor-nork
Y21-85701DE2,32747000,519794,63,,,3,1,,5,1,,,,EURO_RENOVATION,,,,,PANEL,,12,true,,nor-nork
Y21-E88986B7,28716600,503800,57,,,2,1,,2,1,,,,EURO_RENOVATION,,,,,STONE,,5,false,,nor-nork
Y21-2E7CB7A2,23678600,438493,54,,,1,2,,3,1,,,,EURO_RENOVATION,,,,,PANEL,,9,true,,nor-nork
Y21-B01E6194,31235600,400456,78,,,3,1,,4,0,,,,EURO_RENOVATION,,,,,PANEL,,5,false,,nor-nork
Y21-623BA2AF,38288800,411708,93,,,3,1,,7,1,,,,GOOD,,,,,MONOLITH,,16,true,,nor-nork
Y21-64D5FDDA,31739400,258044,123,,,4,1,,15,1,,,,GOOD,,,,,PANEL,,16,true,,nor-nork
Y21-921659AD,24686200,411437,60,,,2,1,,4,1,,,,EURO_RENOVATION,,,,,PANEL,,9,true,,nor-nork
Y21-75EBEAAA,31991300,432315,74,,,3,1,,3,1,,,,EURO_RENOVATION,,,,,STONE,,5,false,,nor-nork
Y21-A9FF8855,21663400,277736,78,,,3,1,,9,0,,,,NEEDS_REPAIR,,,,,PANEL,,9,true,,nor-nork
Y21-F7BE3422,30479900,390768,78,,,3,2,,2,1,,,,EURO_RENOVATION,,,,,PANEL,,9,true,,nor-nork
Y21-02B5B82A,38792600,359191,108,,,4,1,,2,2,,,,GOOD,,,,,STONE,,5,false,,nor-nork
Y21-4E448882,18136800,394278,46,,,1,1,,6,1,,,,GOOD,,,,,PANEL,,9,true,,nor-nork
Y21-367215F3,29724200,495403,60,,,3,1,,4,1,,,,EURO_RENOVATION,,,,,PANEL,,9,true,,nor-nork
Y21-E087A118,30731800,384148,80,,,3,1,,3,0,,,,NEEDS_REPAIR,,,,,PANEL,,16,true,,nor-nork
Y21-4397568B,32747000,409338,80,,,3,1,,3,0,,,,NEEDS_REPAIR,,,,,PANEL,,16,true,,nor-nork
Y21-F2DDC819,25190000,349861,72,,,2,1,,7,1,,,,EURO_RENOVATION,,,,,PANEL,,16,true,,nor-nork
Y21-728F3C16,22671000,269893,84,,,3,1,,7,0,,,,NEEDS_REPAIR,,,,,MONOLITH,,9,true,,nor-nork
Y21-FEACD419,28716600,683729,42,,,3,1,,6,1,,,,EURO_RENOVATION,,,,,PANEL,,9,true,,nor-nork
Y21-F84B539E,36273600,416938,87,,,3,1,,12,1,,,,EURO_RENOVATION,,,,,MONOLITH,,12,true,,nor-nork
Y21-EF19B913,23678600,358767,66,,,3,1,,4,0,,,,GOOD,,,,,PANEL,,5,false,,nor-nork
Y21-249A0DF9,25693800,535288,48,,,2,1,,3,0,,,,EURO_RENOVATION,,,,,STONE,,5,false,,nor-nork
Y21-09657E6C,32747000,430882,76,,,3,1,,2,1,,,,GOOD,,,,,PANEL,,9,true,,nor-nork
Y21-F4C0B8CE,41311600,645494,64,,,3,1,,13,0,,,,NEEDS_REPAIR,,,,,MONOLITH,,16,true,,nor-nork
Y21-EA9B7F4B,32495100,422014,77,,,3,1,,2,1,,,,EURO_RENOVATION,,,,,PANEL,,9,true,,nor-nork
Y21-81446466,34258400,570973,60,,,3,1,,4,0,,,,EURO_RENOVATION,,,,,PANEL,,12,true,,nor-nork
Y21-7D791E1D,22167200,443344,50,,,2,1,,5,0,,,,NEEDS_REPAIR,,,,,PANEL,,5,false,,nor-nork
Y21-4D871587,29220400,324671,90,,,4,1,,9,2,,,,GOOD,,,,,PANEL,,9,true,,nor-nork
Y21-8868E663,55418000,554180,100,,,4,1,,5,0,,,,NEEDS_REPAIR,,,,,STONE,,5,false,,nor-nork
Y21-BDDE919E,33250800,481896,69,,,3,1,,2,0,,,,EURO_RENOVATION,,,,,STONE,,5,false,,nor-nork
Y21-796439DB,7456240,414236,18,,,1,1,,3,0,,,,EURO_RENOVATION,,,,,STONE,,8,true,,nor-nork
Y21-5E8BFE0D,24182400,366400,66,,,3,1,,1,1,,,,GOOD,,,,,PANEL,,4,false,,nor-nork
Y21-A835FB8E,22671000,266718,85,,,3,1,,1,1,,,,GOOD,,,,,PANEL,,9,true,,nor-nork
Y21-76363D75,22671000,283388,80,,,3,1,,1,1,,,,GOOD,,,,,PANEL,,9,true,,nor-nork
Y21-E1EA5F67,19144400,425431,45,,,2,1,,5,1,,,,NEEDS_REPAIR,,,,,STONE,,5,false,,nor-nork
Y21-C8020501,32243200,528577,61,,,2,2,,2,1,,,,EURO_RENOVATION,,,,,PANEL,,5,false,,nor-nork
Y21-66B33669,8060800,424253,19,,,1,1,,6,0,,,,EURO_RENOVATION,,,,,PANEL,,8,true,,nor-nork
Y21-C1416B6A,39296400,561377,70,,,3,1,,8,0,,,,NEEDS_REPAIR,,,,,MONOLITH,,8,true,,nor-nork
Y21-15BD90A3,39296400,561377,70,,,3,1,,8,0,,,,NEEDS_REPAIR,,,,,MONOLITH,,8,true,,nor-nork
Y21-866ED49C,28212800,361703,78,,,3,1,,5,1,,,,NEEDS_REPAIR,,,,,STONE,,5,false,,nor-nork
Y21-165767C4,25190000,359857,70,,,3,1,,1,0,,,,NEEDS_REPAIR,,,,,PANEL,,9,true,,nor-nork
Y21-0EFF0C8D,9572200,319073,30,,,2,1,,2,0,,,,NEEDS_REPAIR,,,,,STONE,,3,false,,nor-nork
Y21-B60E2F61,31235600,318731,98,,,4,1,,5,1,,,,GOOD,,,,,PANEL,,9,true,,nor-nork
Y21-36CBFA21,21159600,330619,64,,,2,2,,14,1,,,,GOOD,,,,,PANEL,,16,true,,nor-nork
Y21-D413FDE0,23174800,362106,64,,,2,1,,9,2,,,,GOOD,,,,,PANEL,,16,true,,nor-nork
Y21-B67AFFDB,30228000,472313,64,,,2,1,,9,0,,,,GOOD,,,,,MONOLITH,,12,true,,nor-nork
Y21-9DAF29C6,32747000,442527,74,,,3,2,,1,1,,,,EURO_RENOVATION,,,,,PANEL,,9,true,,nor-nork
Y21-63AEBA92,27709000,301185,92,,,3,1,,1,0,,,,NEEDS_REPAIR,,,,,STONE,,12,true,,nor-nork
Y21-2F3F5225,40304000,474165,85,,,3,1,,5,0,,,,NEEDS_REPAIR,,,,,PANEL,,5,false,,nor-nork
Y21-7C8E34DA,32747000,334153,98,,,3,1,,5,0,,,,EURO_RENOVATION,,,,,PANEL,,9,true,,nor-nork
Y21-C911F10A,37785000,251900,150,,,3,1,,1,0,,,,NEEDS_REPAIR,,,,,PANEL,,9,true,,nor-nork
Y21-70946321,29724200,306435,97,,,3,1,,3,1,,,,GOOD,,,,,PANEL,,12,true,,nor-nork
Y21-87CE9E74,34258400,439210,78,,,3,1,,7,2,,,,EURO_RENOVATION,,,,,PANEL,,9,true,,nor-nork
Y21-48D77453,33754600,450061,75,,,3,1,,4,1,,,,EURO_RENOVATION,,,,,PANEL,,5,false,,nor-nork
Y21-49AB3231,39296400,545783,72,,,3,1,,2,1,,,,EURO_RENOVATION,,,,,STONE,,5,false,,nor-nork
Y21-68A2C959,27709000,413567,67,,,3,1,,1,1,,,,EURO_RENOVATION,,,,,PANEL,,5,false,,nor-nork
Y21-F1477446,16625400,554180,30,,,1,1,,1,0,,,,GOOD,,,,,STONE,,5,false,,nor-nork
Y21-E78CC3B9,12595000,419833,30,,,2,1,,1,1,,,,EURO_RENOVATION,,,,,NEW_BUILD,,5,false,,nor-nork
Y21-66B54634,27205200,340065,80,,,3,1,,2,1,,,,GOOD,,,,,PANEL,,9,true,,nor-nork
Y21-BFC9F63C,25190000,340405,74,,,3,1,,3,2,,,,GOOD,,,,,PANEL,,9,true,,nor-nork
Y21-62A935BB,7204340,400241,18,,,1,1,,3,0,,,,GOOD,,,,,STONE,,8,true,,nor-nork
Y21-A923CE25,15114000,397737,38,,,2,1,,5,0,,,,NEEDS_REPAIR,,,,,STONE,,6,true,,nor-nork
Y21-5ADCAAD8,32747000,430882,76,,,3,1,,1,1,,,,EURO_RENOVATION,,,,,PANEL,,9,true,,nor-nork
Y21-B49801E3,17633000,476568,37,,,1,1,,1,1,,,,NEEDS_REPAIR,,,,,PANEL,,5,false,,nor-nork
Y21-E5659CF7,25693800,503800,51,,,2,1,,3,0,,,,EURO_RENOVATION,,,,,STONE,,5,false,,nor-nork
Y21-A21EBFD9,19144400,455819,42,,,1,1,,11,0,,,,NEEDS_REPAIR,,,,,MONOLITH,,12,true,,nor-nork
Y21-0BD29BAA,26197600,459607,57,,,2,1,,1,0,,,,EURO_RENOVATION,,,,,PANEL,,4,false,,nor-nork
Y21-954EC59F,42823000,441474,97,,,3,1,,2,2,,,,NEEDS_REPAIR,,,,,STONE,,5,false,,nor-nork
Y21-00A47880,34258400,561613,61,,,3,1,,5,0,,,,EURO_RENOVATION,,,,,PANEL,,5,false,,nor-nork
Y21-ACE6BEE4,40807800,420699,97,,,3,1,,7,2,,,,EURO_RENOVATION,,,,,PANEL,,9,true,,nor-nork
Y21-3DE56E83,26701400,333768,80,,,3,1,,6,1,,,,NEEDS_REPAIR,,,,,PANEL,,9,true,,nor-nork
Y21-779A2869,26701400,306913,87,,,3,2,,11,0,,,,GOOD,,,,,PANEL,,16,true,,nor-nork
Y21-93BBD551,11083600,307878,36,,,1,1,,8,0,,,,NEEDS_REPAIR,,,,,PANEL,,8,true,,nor-nork
Y21-73AC2629,23678600,473572,50,,,2,1,,2,0,,,,NEEDS_REPAIR,,,,,PANEL,,5,false,,nor-nork
Y21-2EC3286A,47861000,509160,94,,,4,1,,8,0,,,,EURO_RENOVATION,,,,,MONOLITH,,12,true,,nor-nork
Y21-4CF79299,25190000,349861,72,,,2,2,,7,2,,,,GOOD,,,,,PANEL,,16,true,,nor-nork
Y21-952D7939,28716600,358958,80,,,3,1,,8,1,,,,EURO_RENOVATION,,,,,PANEL,,9,true,,nor-nork
Y21-02EF334A,31739400,373405,85,,,3,1,,3,1,,,,GOOD,,,,,STONE,,5,false,,nor-nork
Y21-30AC371B,38288800,607759,63,,,2,1,,8,0,,,,NEEDS_REPAIR,,,,,MONOLITH,,12,true,,nor-nork
Y21-CD141A92,36273600,575771,63,,,2,1,,8,0,,,,NEEDS_REPAIR,,,,,MONOLITH,,12,true,,nor-nork
Y21-31F486D3,19648200,467814,42,,,1,1,,9,1,,,,EURO_RENOVATION,,,,,MONOLITH,,12,true,,nor-nork
Y21-F9A9E3C7,32243200,316110,102,,,4,1,,9,1,,,,EURO_RENOVATION,,,,,PANEL,,9,true,,nor-nork
Y21-F7FCCFEE,28716600,552242,52,,,3,1,,2,1,,,,EURO_RENOVATION,,,,,MONOLITH,,5,false,,nor-nork
Y21-D583BE73,23174800,437260,53,,,2,1,,4,1,,,,EURO_RENOVATION,,,,,PANEL,,5,false,,nor-nork
Y21-D119305F,30228000,530316,57,,,2,1,,2,2,,,,EURO_RENOVATION,,,,,STONE,,5,false,,nor-nork
Y21-252E4862,18136800,362736,50,,,2,1,,9,1,,,,EURO_RENOVATION,,,,,PANEL,,9,true,,nor-nork
Y21-B2C0A527,47861000,563071,85,,,3,1,,7,0,,,,NEEDS_REPAIR,,,,,MONOLITH,,12,true,,nor-nork
Y21-6540688D,30228000,431829,70,,,3,1,,4,1,,,,GOOD,,,,,NEW_BUILD,,10,true,,nor-nork
Y21-BB33255B,27709000,329869,84,,,3,1,,7,0,,,,NEEDS_REPAIR,,,,,PANEL,,9,true,,nor-nork
Y21-D143D5F0,27709000,513130,54,,,2,1,,5,0,,,,EURO_RENOVATION,,,,,PANEL,,5,false,,nor-nork
Y21-9AB73779,21663400,470943,46,,,2,1,,3,1,,,,EURO_RENOVATION,,,,,STONE,,5,false,,nor-nork
Y21-F1809A81,32747000,503800,65,,,3,1,,8,1,,,,GOOD,,,,,PANEL,,12,true,,nor-nork
Y21-4E2C3A2A,26197600,270078,97,,,4,1,,9,1,,,,EURO_RENOVATION,,,,,PANEL,,9,true,,nor-nork
Y21-050E391A,7053200,391844,18,,,1,1,,5,1,,,,EURO_RENOVATION,,,,,STONE,,8,true,,nor-nork
Y21-7957DF44,21663400,333283,65,,,2,1,,1,0,,,,NEEDS_REPAIR,,,,,PANEL,,4,false,,nor-nork
Y21-B66B73AA,32747000,409338,80,,,3,1,,5,1,,,,GOOD,,,,,PANEL,,9,true,,nor-nork
Y21-9A8C0200,6801300,377850,18,,,1,1,,8,1,,,,GOOD,,,,,STONE,,8,true,,nor-nork
Y21-0CCAFA47,28212800,486428,58,,,3,1,,5,2,,,,EURO_RENOVATION,,,,,STONE,,5,false,,nor-nork
Y21-526518DB,31739400,364821,87,,,3,1,,10,1,,,,GOOD,,,,,MONOLITH,,12,true,,nor-nork
Y21-38CFD059,32747000,536836,61,,,2,1,,5,1,,,,GOOD,,,,,MONOLITH,,12,true,,nor-nork
Y21-81E06880,29472300,453420,65,,,3,2,,4,1,,,,EURO_RENOVATION,,,,,PANEL,,9,true,,nor-nork
Y21-1A035302,60456000,828164,73,,,3,2,,7,0,,,,EURO_RENOVATION,,,,,PANEL,,9,true,,nor-nork
Y21-D72DF23B,29724200,345630,86,,,3,1,,1,1,,,,GOOD,,,,,STONE,,5,false,,nor-nork
Y21-CB97438F,32747000,436627,75,,,3,1,,5,0,,,,EURO_RENOVATION,,,,,PANEL,,9,true,,nor-nork
Y21-778567DF,35014100,574002,61,,,3,1,,3,0,,,,EURO_RENOVATION,,,,,STONE,,9,true,,nor-nork
Y21-2929DE23,17381100,543159,32,,,2,1,,4,1,,,,EURO_RENOVATION,,,,,PANEL,,4,false,,nor-nork
Y21-B236F24C,32747000,564603,58,,,2,1,,4,0,,,,EURO_RENOVATION,,,,,STONE,,5,false,,nor-nork
Y21-A2ECA023,62975000,899643,70,,,2,1,,12,0,,,,NEEDS_REPAIR,,,,,STONE,,16,true,,nor-nork
Y21-51075415,30228000,444529,68,,,2,1,,4,0,,,,NEEDS_REPAIR,,,,,STONE,,5,false,,nor-nork
Y21-85896368,31235600,416475,75,,,3,1,,1,0,,,,EURO_RENOVATION,,,,,PANEL,,9,true,,nor-nork
Y21-9CEC856E,20152000,419833,48,,,1,1,,5,1,,,,GOOD,,,,,STONE,,5,false,,nor-nork
Y21-44D6B581,25190000,375970,67,,,2,1,,8,0,,,,NEEDS_REPAIR,,,,,PANEL,,9,true,,nor-nork
Y21-2590E9E8,44334400,443344,100,,,4,1,,7,1,,,,EURO_RENOVATION,,,,,PANEL,,9,true,,nor-nork
Y21-A785892E,30228000,479810,63,,,3,2,,4,1,,,,EURO_RENOVATION,,,,,STONE,,5,false,,nor-nork
Y21-3495017B,17633000,587767,30,,,1,1,,1,0,,,,NEEDS_REPAIR,,,,,PANEL,,4,false,,nor-nork
Y21-94A7B67A,24686200,411437,60,,,3,1,,12,0,,,,GOOD,,,,,MONOLITH,,12,true,,nor-nork
Y21-74F070EC,6549400,385259,17,,,1,1,,5,0,,,,NEEDS_REPAIR,,,,,STONE,,8,true,,nor-nork
Y21-4F785E66,35266000,587767,60,,,3,1,,5,1,,,,EURO_RENOVATION,,,,,PANEL,,9,true,,nor-nork
Y21-18ECC669,40807800,551457,74,,,3,1,,11,0,,,,NEEDS_REPAIR,,,,,MONOLITH,,16,true,,nor-nork
Y21-986308D3,25190000,387538,65,,,2,1,,5,1,,,,EURO_RENOVATION,,,,,PANEL,,5,false,,nor-nork
Y21-9122C3BE,30228000,687000,44,,,2,1,,6,2,,,,EURO_RENOVATION,,,,,NEW_BUILD,,9,true,,nor-nork
Y21-D0AA7655,40304000,491512,82,,,3,2,,1,1,,,,EURO_RENOVATION,,,,,PANEL,,9,true,,nor-nork
Y21-3C431EC1,38288800,554910,69,,,3,1,,4,1,,,,EURO_RENOVATION,,,,,PANEL,,9,true,,nor-nork
Y21-F4574A85,34006500,500096,68,,,3,1,,2,1,,,,GOOD,,,,,STONE,,5,false,,nor-nork
Y21-15136511,27709000,374446,74,,,3,1,,4,1,,,,GOOD,,,,,PANEL,,5,false,,nor-nork
Y21-5C81CF03,22671000,444529,51,,,2,1,,4,1,,,,NEEDS_REPAIR,,,,,PANEL,,5,false,,nor-nork
Y21-0036DC02,36777400,583768,63,,,2,1,,8,1,,,,NEEDS_REPAIR,,,,,NEW_BUILD,,15,true,,nor-nork
Y21-6F856BD4,78089000,952305,82,,,3,2,,1,1,,,,EURO_RENOVATION,,,,,NEW_BUILD,,3,false,,nor-nork
Y21-98C889DF,32747000,436627,75,,,3,1,,6,1,,,,EURO_RENOVATION,,,,,MONOLITH,,16,true,,nor-nork
Y21-BA33B970,22671000,365661,62,,,2,1,,5,0,,,,NEEDS_REPAIR,,,,,STONE,,5,false,,nor-nork
Y21-7DFFFA99,27709000,486123,57,,,2,3,,4,1,,,,EURO_RENOVATION,,,,,NEW_BUILD,,5,false,,nor-nork
Y21-E818D764,35266000,440825,80,,,3,1,,1,2,,,,EURO_RENOVATION,,,,,NEW_BUILD,,9,true,,nor-nork
Y21-6E5C5C5F,36777400,448505,82,,,4,1,,5,1,,,,EURO_RENOVATION,,,,,PANEL,,9,true,,nor-nork
Y21-85311964,30983700,525147,59,,,2,1,,3,0,,,,EURO_RENOVATION,,,,,NEW_BUILD,,9,true,,nor-nork
Y21-2F095FED,31235600,390445,80,,,3,1,,2,0,,,,NEEDS_REPAIR,,,,,PANEL,,9,true,,nor-nork
Y21-04EB2874,25190000,503800,50,,,2,1,,4,0,,,,GOOD,,,,,STONE,,5,false,,nor-nork
Y21-1D15E082,19144400,361215,53,,,3,1,,1,0,,,,NEEDS_REPAIR,,,,,PANEL,,7,true,,nor-nork
Y21-75F0356A,32747000,425286,77,,,3,1,,1,0,,,,NEEDS_REPAIR,,,,,STONE,,5,false,,nor-nork
Y21-0EB29D83,20152000,447822,45,,,1,1,,2,0,,,,EURO_RENOVATION,,,,,PANEL,,9,true,,nor-nork
Y21-A0782380,40304000,552110,73,,,3,1,,1,0,,,,EURO_RENOVATION,,,,,STONE,,5,false,,nor-nork
Y21-F558CC50,27709000,426292,65,,,3,2,,1,0,,,,GOOD,,,,,STONE,,5,false,,nor-nork
Y21-0BA35D80,25190000,399841,63,,,3,1,,1,0,,,,GOOD,,,,,PANEL,,5,false,,nor-nork
Y21-AC6B903B,30228000,419833,72,,,3,1,,5,0,,,,NEEDS_REPAIR,,,,,PANEL,,5,false,,nor-nork
Y21-DD5C08EF,20655800,413116,50,,,2,1,,5,0,,,,EURO_RENOVATION,,,,,PANEL,,5,false,,nor-nork
Y21-75BA24B7,42823000,382348,112,,,4,2,,2,0,,,,NEEDS_REPAIR,,,,,PANEL,,5,false,,nor-nork
Y21-C69F2B6E,26701400,381449,70,,,2,1,,15,0,,,,EURO_RENOVATION,,,,,PANEL,,16,true,,nor-nork
Y21-D79EE8D3,19648200,467814,42,,,1,1,,3,0,,,,GOOD,,,,,PANEL,,9,true,,nor-nork
Y21-00E796DF,28212800,447822,63,,,3,1,,4,0,,,,GOOD,,,,,PANEL,,5,false,,nor-nork
Y21-E43922DA,30228000,419833,72,,,3,2,,1,0,,,,EURO_RENOVATION,,,,,PANEL,,5,false,,nor-nork
Y21-F1C49381,35266000,414894,85,,,3,1,,9,0,,,,GOOD,,,,,MONOLITH,,12,true,,nor-nork
Y21-8A9F9CA2,14358300,448697,32,,,1,1,,2,1,,,,EURO_RENOVATION,,,,,STONE,,4,false,,nor-nork
Y21-5B5BD729,19396300,524224,37,,,1,1,,5,0,,,,EURO_RENOVATION,,,,,NEW_BUILD,,5,false,,nor-nork
Y21-7293FEB2,19648200,456935,43,,,2,1,,4,1,,,,EURO_RENOVATION,,,,,STONE,,4,false,,nor-nork
Y21-FDB93B3E,38288800,607759,63,,,3,1,,8,0,,,,NEEDS_REPAIR,,,,,MONOLITH,,12,true,,nor-nork
Y21-7BF70987,26701400,272463,98,,,4,1,,5,0,,,,GOOD,,,,,PANEL,,9,true,,nor-nork
Y21-4BF25CA2,31739400,337653,94,,,4,1,,1,0,,,,GOOD,,,,,STONE,,5,false,,nor-nork
Y21-CD746908,19648200,418047,47,,,1,1,,1,0,,,,EURO_RENOVATION,,,,,PANEL,,9,true,,nor-nork
Y21-845DE4E9,24686200,433091,57,,,2,1,,5,0,,,,NEEDS_REPAIR,,,,,STONE,,5,false,,nor-nork
Y21-A365AF02,37785000,419833,90,,,4,1,,7,0,,,,EURO_RENOVATION,,,,,PANEL,,12,true,,nor-nork
Y21-D7863B2E,37785000,410707,92,,,4,1,,9,0,,,,EURO_RENOVATION,,,,,PANEL,,9,true,,nor-nork
Y21-846925E0,36777400,471505,78,,,3,1,,1,0,,,,EURO_RENOVATION,,,,,STONE,,5,false,,nor-nork
Y21-740A2EDE,19648200,418047,47,,,1,1,,1,0,,,,EURO_RENOVATION,,,,,PANEL,,9,true,,nor-nork
Y21-BB1B1599,23678600,338266,70,,,2,1,,1,0,,,,GOOD,,,,,STONE,,5,false,,nor-nork
Y21-787656B5,42823000,611757,70,,,3,1,,2,0,,,,EURO_RENOVATION,,,,,NEW_BUILD,,7,true,,nor-nork
Y21-C01E8C70,21663400,309477,70,,,2,1,,15,0,,,,GOOD,,,,,PANEL,,16,true,,nor-nork
Y21-5AEE13A4,35266000,359857,98,,,4,1,,5,0,,,,GOOD,,,,,STONE,,5,false,,nor-nork
Y21-FA2F7E7E,22671000,515250,44,,,2,1,,5,0,,,,EURO_RENOVATION,,,,,NEW_BUILD,,9,true,,nor-nork
Y21-305961ED,30228000,392571,77,,,3,1,,3,0,,,,EURO_RENOVATION,,,,,NEW_BUILD,,5,false,,nor-nork
Y21-1E3CD74B,42823000,331961,129,,,5,1,,1,0,,,,GOOD,,,,,STONE,,12,true,,nor-nork
Y21-9CCC68FF,28212800,403040,70,,,2,1,,15,0,,,,GOOD,,,,,PANEL,,16,true,,nor-nork
Y21-AF45D3E1,6549400,363856,18,,,1,1,,6,0,,,,GOOD,,,,,STONE,,8,true,,nor-nork
Y21-9C013546,28716600,552242,52,,,2,2,,5,0,,,,EURO_RENOVATION,,,,,STONE,,5,false,,nor-nork
Y21-10CE6C02,26701400,356019,75,,,3,1,,7,0,,,,EURO_RENOVATION,,,,,PANEL,,9,true,,nor-nork
Y21-64BA0FC6,19900100,537841,37,,,1,1,,4,0,,,,NEEDS_REPAIR,,,,,PANEL,,5,false,,nor-nork
Y21-A156D6CD,25190000,484423,52,,,2,1,,4,0,,,,EURO_RENOVATION,,,,,PANEL,,5,false,,nor-nork
Y21-682EDB5D,31739400,556832,57,,,2,1,,2,0,,,,EURO_RENOVATION,,,,,STONE,,5,false,,nor-nork
Y21-678D3C0C,29220400,384479,76,,,3,1,,2,0,,,,EURO_RENOVATION,,,,,STONE,,5,false,,nor-nork
Y21-2D0F4EDC,27709000,426292,65,,,3,1,,1,0,,,,EURO_RENOVATION,,,,,STONE,,5,false,,nor-nork
Y21-786B8F4A,28716600,372943,77,,,3,1,,7,0,,,,GOOD,,,,,PANEL,,9,true,,nor-nork
Y21-6223821C,24686200,363032,68,,,2,1,,1,0,,,,NEEDS_REPAIR,,,,,PANEL,,9,true,,nor-nork
Y21-27773482,22671000,482362,47,,,2,1,,3,0,,,,GOOD,,,,,STONE,,5,false,,nor-nork
Y21-FEA4DBE3,18640600,517794,36,,,1,1,,5,0,,,,GOOD,,,,,STONE,,5,false,,nor-nork
Y21-10E36817,27709000,318494,87,,,4,1,,5,0,,,,NEEDS_REPAIR,,,,,STONE,,5,false,,nor-nork
Y21-89447F0E,28716600,368162,78,,,3,1,,8,0,,,,EURO_RENOVATION,,,,,PANEL,,9,true,,nor-nork
Y21-89C40407,42823000,549013,78,,,4,1,,1,0,,,,EURO_RENOVATION,,,,,STONE,,5,false,,nor-nork
Y21-577EAA90,31739400,423192,75,,,3,1,,3,0,,,,GOOD,,,,,MONOLITH,,5,false,,nor-nork
Y21-AB2C89CF,22671000,503800,45,,,1,1,,3,0,,,,NEEDS_REPAIR,,,,,STONE,,5,false,,nor-nork
Y21-4E5A288F,25190000,484423,52,,,2,1,,1,0,,,,GOOD,,,,,PANEL,,5,false,,nor-nork
Y21-B216CEF1,18640600,443824,42,,,1,1,,4,0,,,,GOOD,,,,,PANEL,,8,true,,nor-nork
Y21-DEE3D362,21159600,414894,51,,,2,1,,5,0,,,,EURO_RENOVATION,,,,,STONE,,5,false,,nor-nork
Y21-410B7FB7,27709000,355244,78,,,3,1,,6,0,,,,EURO_RENOVATION,,,,,PANEL,,9,true,,nor-nork
Y21-87A019CA,75570000,651466,116,,,4,2,,2,0,,,,NEEDS_REPAIR,,,,,NEW_BUILD,,7,true,,nor-nork
Y21-6A151925,21159600,346879,61,,,3,1,,2,0,,,,NEEDS_REPAIR,,,,,STONE,,9,true,,nor-nork
Y21-C7F6F58E,32495100,477869,68,,,2,1,,2,0,,,,EURO_RENOVATION,,,,,STONE,,7,true,,nor-nork
Y21-5269EEE0,31235600,422103,74,,,3,1,,9,0,,,,NEEDS_REPAIR,,,,,PANEL,,9,true,,nor-nork
Y21-D433F1AA,7053200,414894,17,,,1,1,,6,0,,,,EURO_RENOVATION,,,,,STONE,,9,true,,nor-nork
Y21-08D55356,24182400,326789,74,,,3,1,,9,0,,,,NEEDS_REPAIR,,,,,PANEL,,9,true,,nor-nork
Y21-1BA0555D,40304000,497580,81,,,3,1,,2,0,,,,GOOD,,,,,PANEL,,9,true,,nor-nork
Y21-BFF36C1F,20152000,296353,68,,,2,3,,5,0,,,,EURO_RENOVATION,,,,,PANEL,,16,true,,nor-nork
Y21-35793A65,6549400,327470,20,,,1,1,,6,0,,,,GOOD,,,,,STONE,,8,true,,nor-nork
Y21-7FA410A5,30177620,450412,67,,,2,1,,10,0,,,,EURO_RENOVATION,,,,,MONOLITH,,12,true,,nor-nork
Y21-75FDB646,31739400,412200,77,,,3,1,,6,0,,,,NEEDS_REPAIR,,,,,PANEL,,9,true,,nor-nork
Y21-B7DC14B0,25190000,419833,60,,,3,1,,2,0,,,,EURO_RENOVATION,,,,,PANEL,,9,true,,nor-nork
Y21-A1724E4B,43830600,398460,110,,,4,2,,5,0,,,,EURO_RENOVATION,,,,,STONE,,5,false,,nor-nork
Y21-D1CB4E00,42823000,549013,78,,,3,1,,2,0,,,,EURO_RENOVATION,,,,,STONE,,5,false,,nor-nork
Y21-BC359EA9,23678600,503800,47,,,1,1,,3,0,,,,GOOD,,,,,STONE,,5,false,,nor-nork
Y21-8D0157A8,16071220,412083,39,,,2,1,,7,0,,,,NEEDS_REPAIR,,,,,MONOLITH,,9,true,,nor-nork
Y21-05167E87,28716600,428606,67,,,2,1,,2,0,,,,GOOD,,,,,STONE,,5,false,,nor-nork
Y21-10E8C973,20152000,245756,82,,,3,1,,9,0,,,,NEEDS_REPAIR,,,,,PANEL,,9,true,,nor-nork
Y21-4878015C,31235600,459347,68,,,4,1,,3,0,,,,NEEDS_REPAIR,,,,,STONE,,3,false,,nor-nork
Y21-D49E528B,25190000,340405,74,,,3,1,,5,0,,,,GOOD,,,,,PANEL,,5,false,,nor-nork
Y21-E77AF698,37785000,385561,98,,,4,1,,5,0,,,,EURO_RENOVATION,,,,,MONOLITH,,9,true,,nor-nork
Y21-43A72F48,35266000,464026,76,,,3,1,,4,0,,,,GOOD,,,,,PANEL,,4,false,,nor-nork
Y21-6B33A92F,32747000,511672,64,,,3,2,,5,0,,,,EURO_RENOVATION,,,,,PANEL,,5,false,,nor-nork
Y21-C69161EE,24686200,316490,78,,,3,1,,7,0,,,,GOOD,,,,,PANEL,,16,true,,nor-nork
Y21-2D697FEF,25190000,318861,79,,,3,1,,10,0,,,,NEEDS_REPAIR,,,,,PANEL,,16,true,,nor-nork
Y21-94640281,29220400,495261,59,,,2,1,,3,0,,,,EURO_RENOVATION,,,,,STONE,,5,false,,nor-nork
Y21-2C952495,22671000,462673,49,,,2,1,,2,0,,,,GOOD,,,,,PANEL,,5,false,,nor-nork
Y21-0D5137B7,11587400,331069,35,,,3,3,,8,0,,,,GOOD,,,,,PANEL,,8,true,,nor-nork
Y21-99F9587A,37281200,418890,89,,,3,1,,3,0,,,,GOOD,,,,,STONE,,5,false,,nor-nork
Y21-C6E7B0FC,57937000,413836,140,,,4,2,,5,0,,,,NEEDS_REPAIR,,,,,PANEL,,8,true,,nor-nork
Y21-9B9A7B5B,26197600,374251,70,,,3,1,,1,0,,,,GOOD,,,,,STONE,,5,false,,nor-nork
Y21-6BA1ED30,13098800,436627,30,,,1,1,,5,0,,,,EURO_RENOVATION,,,,,MONOLITH,,8,true,,nor-nork
Y21-B9F49243,25190000,524792,48,,,1,1,,4,0,,,,EURO_RENOVATION,,,,,STONE,,5,false,,nor-nork
Y21-1E59436E,42823000,611757,70,,,3,1,,7,0,,,,EURO_RENOVATION,,,,,MONOLITH,,8,true,,nor-nork
Y21-9869540E,29220400,304379,96,,,3,2,,8,1,,,,EURO_RENOVATION,,,,,NEW_BUILD,,9,true,,nor-nork
Y21-DB7DC8F7,14610200,429712,34,,,1,1,,3,0,,,,GOOD,,,,,PANEL,,4,false,,nor-nork
Y21-A5832587,42823000,611757,70,,,4,2,,8,0,,,,EURO_RENOVATION,,,,,PANEL,,8,true,,nor-nork
Y21-03A0105D,75570000,590391,128,,,4,2,,10,0,,,,NEEDS_REPAIR,,,,,MONOLITH,,12,true,,nor-nork
Y21-344075A2,10076000,503800,20,,,1,1,,3,0,,,,EURO_RENOVATION,,,,,PANEL,,8,true,,nor-nork
Y21-7A56BBE6,25190000,381667,66,,,3,3,,5,0,,,,EURO_RENOVATION,,,,,PANEL,,5,false,,nor-nork
Y21-3B67336C,19144400,563071,34,,,2,1,,2,0,,,,NEEDS_REPAIR,,,,,STONE,,3,false,,nor-nork
Y21-8B5D679D,34258400,428230,80,,,3,1,,2,0,,,,EURO_RENOVATION,,,,,PANEL,,9,true,,nor-nork
Y21-8FD4F603,37785000,484423,78,,,3,1,,8,1,,,,EURO_RENOVATION,,,,,PANEL,,9,true,,nor-nork
Y21-477EDFF8,6549400,363856,18,,,1,1,,3,0,,,,EURO_RENOVATION,,,,,STONE,,8,true,,nor-nork
Y21-4BB10A7C,26197600,272892,96,,,4,1,,1,0,,,,NEEDS_REPAIR,,,,,PANEL,,9,true,,nor-nork
Y21-30AC87A7,30731800,370263,83,,,3,1,,1,0,,,,NEEDS_REPAIR,,,,,PANEL,,14,true,,nor-nork
Y21-F08B4EAF,25794560,263210,98,,,3,1,,5,0,,,,NEEDS_REPAIR,,,,,PANEL,,9,true,,nor-nork
Y21-F20B9311,17381100,362106,48,,,2,1,,1,0,,,,NEEDS_REPAIR,,,,,PANEL,,5,false,,nor-nork
Y21-121C1DB3,32747000,363856,90,,,4,1,,9,0,,,,NEEDS_REPAIR,,,,,PANEL,,9,true,,nor-nork
Y21-7AF8315E,7053200,440825,16,,,1,1,,3,0,,,,GOOD,,,,,STONE,,8,true,,nor-nork
Y21-55362715,36273600,575771,63,,,3,1,,8,0,,,,NEEDS_REPAIR,,,,,PANEL,,12,true,,nor-nork
Y21-35412259,31235600,297482,105,,,5,1,,1,0,,,,NEEDS_REPAIR,,,,,STONE,,5,false,,nor-nork
Y21-7CAE88CE,17129200,356858,48,,,2,1,,1,0,,,,NEEDS_REPAIR,,,,,PANEL,,14,true,,nor-nork
Y21-CE1A9A7A,40304000,419833,96,,,4,1,,2,0,,,,NEEDS_REPAIR,,,,,PANEL,,9,true,,nor-nork
Y21-B7E00F30,28716600,455819,63,,,3,1,,4,0,,,,NEEDS_REPAIR,,,,,PANEL,,4,false,,nor-nork
Y21-FC69CE54,24686200,274291,90,,,4,1,,9,0,,,,NEEDS_REPAIR,,,,,PANEL,,9,true,,nor-nork
Y21-79BA7858,33754600,489197,69,,,4,1,,2,0,,,,NEEDS_REPAIR,,,,,STONE,,5,false,,nor-nork
Y21-0A71E3B1,17633000,534333,33,,,1,1,,2,0,,,,NEEDS_REPAIR,,,,,PANEL,,5,false,,nor-nork
Y21-49EC9446,26449500,419833,63,,,3,1,,3,0,,,,GOOD,,,,,PANEL,,5,false,,nor-nork
Y21-D6AADF44,17633000,489806,36,,,1,1,,2,0,,,,NEEDS_REPAIR,,,,,PANEL,,5,false,,nor-nork
Y21-85807A49,35266000,405356,87,,,3,1,,1,0,,,,NEEDS_REPAIR,,,,,PANEL,,9,true,,nor-nork
Y21-D6CD8CDF,26197600,436627,60,,,3,1,,12,0,,,,NEEDS_REPAIR,,,,,MONOLITH,,12,true,,nor-nork
Y21-0BD9B60B,19648200,491205,40,,,1,1,,5,0,,,,NEEDS_REPAIR,,,,,PANEL,,12,true,,nor-nork
Y21-28BC0F0C,27709000,329869,84,,,3,1,,1,0,,,,NEEDS_REPAIR,,,,,PANEL,,9,true,,nor-nork
Y21-176AE8B2,33754600,362953,93,,,4,1,,14,0,,,,NEEDS_REPAIR,,,,,PANEL,,16,true,,nor-nork
Y21-4DD84686,28212800,414894,68,,,2,1,,7,0,,,,NEEDS_REPAIR,,,,,PANEL,,9,true,,nor-nork
Y21-7FA33E8D,21663400,380060,57,,,3,1,,1,0,,,,NEEDS_REPAIR,,,,,PANEL,,9,true,,nor-nork
Y21-6136419C,40304000,516718,78,,,4,1,,4,0,,,,NEEDS_REPAIR,,,,,PANEL,,9,true,,nor-nork
Y21-740B88FD,30228000,387538,78,,,3,1,,4,0,,,,NEEDS_REPAIR,,,,,PANEL,,9,true,,nor-nork
Y21-96EC36BF,37785000,406290,93,,,3,1,,2,0,,,,NEEDS_REPAIR,,,,,MONOLITH,,16,true,,nor-nork
Y21-131AE346,30228000,387538,78,,,3,1,,4,0,,,,NEEDS_REPAIR,,,,,STONE,,5,false,,nor-nork
Y21-1C7A5AA9,22671000,427755,53,,,3,1,,1,0,,,,NEEDS_REPAIR,,,,,MONOLITH,,9,true,,nor-nork
Y21-6353CF15,38288800,357839,107,,,3,1,,7,0,,,,NEEDS_REPAIR,,,,,PANEL,,18,true,,nor-nork
Y21-CE25D4E3,30228000,397737,76,,,3,1,,2,0,,,,NEEDS_REPAIR,,,,,PANEL,,9,true,,nor-nork
Y21-1718CEFF,29220400,479023,61,,,2,1,,1,0,,,,NEEDS_REPAIR,,,,,STONE,,5,false,,nor-nork
Y21-2D64E223,21159600,391844,54,,,1,1,,4,0,,,,NEEDS_REPAIR,,,,,PANEL,,9,true,,nor-nork
Y21-5C5B1D78,27709000,543314,51,,,2,1,,4,0,,,,NEEDS_REPAIR,,,,,PANEL,,5,false,,nor-nork
Y21-9FB5BA2B,19144400,517416,37,,,1,1,,4,0,,,,NEEDS_REPAIR,,,,,PANEL,,5,false,,nor-nork
Y21-2F6FBFBD,19648200,418047,47,,,1,1,,1,0,,,,EURO_RENOVATION,,,,,PANEL,,9,true,,nor-nork
Y21-2BFFA3E1,27709000,461817,60,,,3,1,,3,1,,,,GOOD,,,,,STONE,,5,false,,nor-nork
Y21-CCC961F8,29170020,550378,53,,,2,1,,7,0,,,,EURO_RENOVATION,,,,,MONOLITH,,9,true,,nor-nork
Y21-DE73141B,27709000,426292,65,,,3,1,,3,0,,,,NEEDS_REPAIR,,,,,PANEL,,5,false,,nor-nork
Y21-BA61F5E9,25190000,493922,51,,,1,1,,4,0,,,,NEEDS_REPAIR,,,,,STONE,,6,true,,nor-nork
Y21-51D7298A,27709000,346363,80,,,3,1,,5,0,,,,NEEDS_REPAIR,,,,,PANEL,,9,true,,nor-nork
Y21-E984CFEE,11587400,643744,18,,,1,1,,3,0,,,,NEEDS_REPAIR,,,,,STONE,,8,true,,nor-nork
Y21-AD0945E0,25190000,484423,52,,,2,1,,2,0,,,,NEEDS_REPAIR,,,,,PANEL,,5,false,,nor-nork
Y21-B27AC6DE,33754600,535787,63,,,3,1,,2,0,,,,NEEDS_REPAIR,,,,,STONE,,5,false,,nor-nork
Y21-3AC4DA4C,21411500,339865,63,,,2,1,,9,0,,,,NEEDS_REPAIR,,,,,PANEL,,9,true,,nor-nork
Y21-95E06C38,18640600,517794,36,,,1,1,,5,0,,,,NEEDS_REPAIR,,,,,PANEL,,5,false,,nor-nork
Y21-9C6904B0,24182400,377850,64,,,3,1,,3,0,,,,NEEDS_REPAIR,,,,,PANEL,,9,true,,nor-nork
Y21-C386787C,29220400,374621,78,,,4,1,,1,0,,,,NEEDS_REPAIR,,,,,PANEL,,4,false,,nor-nork
Y21-290B9EC2,29472300,483152,61,,,3,1,,4,0,,,,NEEDS_REPAIR,,,,,PANEL,,9,true,,nor-nork
Y21-EC070FAA,36273600,483648,75,,,4,1,,5,0,,,,NEEDS_REPAIR,,,,,STONE,,5,false,,nor-nork
Y21-E5257B5A,39296400,311876,126,,,4,1,,1,0,,,,NEEDS_REPAIR,,,,,STONE,,5,false,,nor-nork
Y21-4A25F0DF,6549400,385259,17,,,1,1,,4,0,,,,NEEDS_REPAIR,,,,,STONE,,8,true,,nor-nork
Y21-5D6B7979,23678600,311561,76,,,3,1,,9,0,,,,NEEDS_REPAIR,,,,,PANEL,,9,true,,nor-nork
Y21-4FA7B566,27205200,418542,65,,,2,1,,2,0,,,,NEEDS_REPAIR,,,,,PANEL,,9,true,,nor-nork
Y21-6E53C3D2,35266000,410070,86,,,3,1,,2,0,,,,NEEDS_REPAIR,,,,,MONOLITH,,10,true,,nor-nork
Y21-27FCA36B,21663400,433268,50,,,2,1,,5,0,,,,NEEDS_REPAIR,,,,,PANEL,,5,false,,nor-nork
Y21-1DF02810,24686200,465777,53,,,2,1,,5,0,,,,NEEDS_REPAIR,,,,,PANEL,,5,false,,nor-nork
Y21-CA7AB9C5,30228000,403040,75,,,3,1,,1,0,,,,NEEDS_REPAIR,,,,,PANEL,,9,true,,nor-nork
Y21-AE00012E,62975000,662895,95,,,3,1,,4,0,,,,NEEDS_REPAIR,,,,,STONE,,5,false,,nor-nork
Y21-1BE9943B,20655800,382515,54,,,2,1,,7,0,,,,NEEDS_REPAIR,,,,,PANEL,,9,true,,nor-nork
Y21-E603B83E,40807800,420699,97,,,4,1,,5,0,,,,NEEDS_REPAIR,,,,,STONE,,5,false,,nor-nork
Y21-E398E579,21159600,391844,54,,,1,1,,3,0,,,,NEEDS_REPAIR,,,,,PANEL,,9,true,,nor-nork
Y21-1595B3D0,60456000,828164,73,,,3,1,,7,0,,,,NEEDS_REPAIR,,,,,PANEL,,9,true,,nor-nork
Y21-E801B0C0,37785000,401968,94,,,4,1,,5,0,,,,NEEDS_REPAIR,,,,,STONE,,5,false,,nor-nork
Y21-9716FB6A,30228000,479810,63,,,3,1,,4,0,,,,NEEDS_REPAIR,,,,,PANEL,,12,true,,nor-nork
Y21-5F1E7BAA,31739400,453420,70,,,3,1,,8,0,,,,NEEDS_REPAIR,,,,,MONOLITH,,8,true,,nor-nork
Y21-4875F06C,28212800,282128,100,,,3,1,,16,0,,,,NEEDS_REPAIR,,,,,PANEL,,16,true,,nor-nork
Y21-1EE9BBD6,35266000,489806,72,,,3,1,,5,0,,,,NEEDS_REPAIR,,,,,PANEL,,5,false,,nor-nork
Y21-109BBF7F,36021700,500301,72,,,3,1,,1,0,,,,NEEDS_REPAIR,,,,,PANEL,,9,true,,nor-nork
Y21-F358E0EA,27709000,554180,50,,,2,1,,2,0,,,,NEEDS_REPAIR,,,,,PANEL,,5,false,,nor-nork
Y21-B9A178A2,24182400,390039,62,,,2,1,,2,0,,,,NEEDS_REPAIR,,,,,PANEL,,9,true,,nor-nork
Y21-952A5297,22167200,527790,42,,,2,1,,9,0,,,,NEEDS_REPAIR,,,,,PANEL,,9,true,,nor-nork
Y21-F3724EB7,25190000,406290,62,,,2,1,,2,0,,,,NEEDS_REPAIR,,,,,STONE,,5,false,,nor-nork
Y21-8D482D05,7557000,419833,18,,,1,1,,4,0,,,,NEEDS_REPAIR,,,,,PANEL,,8,true,,nor-nork
Y21-71A65320,26197600,409338,64,,,3,1,,2,0,,,,NEEDS_REPAIR,,,,,PANEL,,5,false,,nor-nork
Y21-AD1E21CF,18640600,414236,45,,,1,1,,4,0,,,,NEEDS_REPAIR,,,,,PANEL,,9,true,,nor-nork
Y21-F28B819A,29220400,339772,86,,,3,1,,12,0,,,,NEEDS_REPAIR,,,,,PANEL,,12,true,,nor-nork
Y21-FBC51537,7557000,419833,18,,,1,1,,1,0,,,,NEEDS_REPAIR,,,,,MONOLITH,,8,true,,nor-nork
Y21-D3B06EE3,28212800,371221,76,,,3,1,,2,0,,,,NEEDS_REPAIR,,,,,PANEL,,9,true,,nor-nork
Y21-AD93D1F5,28716600,345983,83,,,4,1,,4,0,,,,NEEDS_REPAIR,,,,,PANEL,,5,false,,nor-nork
Y21-9601B329,23174800,454408,51,,,2,1,,1,0,,,,NEEDS_REPAIR,,,,,PANEL,,5,false,,nor-nork
Y21-000486ED,29220400,374621,78,,,3,1,,2,0,,,,NEEDS_REPAIR,,,,,PANEL,,9,true,,nor-nork
Y21-97E5564B,17129200,475811,36,,,2,1,,5,0,,,,NEEDS_REPAIR,,,,,STONE,,6,true,,nor-nork
Y21-50B11E88,28716600,388062,74,,,3,1,,1,0,,,,NEEDS_REPAIR,,,,,PANEL,,9,true,,nor-nork
Y21-2430E0A4,16625400,415635,40,,,1,1,,1,0,,,,NEEDS_REPAIR,,,,,PANEL,,9,true,,nor-nork
Y21-53A2F91E,22671000,377850,60,,,2,1,,4,0,,,,NEEDS_REPAIR,,,,,PANEL,,5,false,,nor-nork
Y21-D6A46F9C,30228000,451164,67,,,3,1,,4,0,,,,NEEDS_REPAIR,,,,,PANEL,,5,false,,nor-nork
Y21-F9BB9878,34258400,527052,65,,,3,1,,3,0,,,,NEEDS_REPAIR,,,,,STONE,,5,false,,nor-nork
Y21-C23F1477,21663400,393880,55,,,2,1,,1,0,,,,NEEDS_REPAIR,,,,,STONE,,5,false,,nor-nork
Y21-C9C94BA0,35266000,483096,73,,,3,1,,8,0,,,,NEEDS_REPAIR,,,,,PANEL,,9,true,,nor-nork
Y21-DBBDC389,20152000,428766,47,,,1,1,,9,0,,,,NEEDS_REPAIR,,,,,PANEL,,9,true,,nor-nork
Y21-2DD356A3,35266000,387538,91,,,4,1,,7,0,,,,NEEDS_REPAIR,,,,,PANEL,,9,true,,nor-nork
Y21-FFC756BE,40304000,575771,70,,,3,1,,8,0,,,,NEEDS_REPAIR,,,,,MONOLITH,,8,true,,nor-nork
Y21-289ED868,27205200,247320,110,,,4,1,,5,0,,,,NEEDS_REPAIR,,,,,STONE,,5,false,,nor-nork
Y21-2977CD32,19648200,467814,42,,,1,1,,3,0,,,,NEEDS_REPAIR,,,,,PANEL,,9,true,,nor-nork
Y21-5D235CAE,15114000,431829,35,,,1,1,,1,0,,,,NEEDS_REPAIR,,,,,MONOLITH,,12,true,,nor-nork
Y21-872693DD,39296400,409338,96,,,3,1,,1,0,,,,NEEDS_REPAIR,,,,,PANEL,,9,true,,nor-nork
Y21-130FAE92,23074040,452432,51,,,2,1,,5,0,,,,NEEDS_REPAIR,,,,,PANEL,,5,false,,nor-nork
Y21-B604F8C0,29220400,356346,82,,,3,1,,14,0,,,,NEEDS_REPAIR,,,,,MONOLITH,,16,true,,nor-nork
Y21-6CD7310B,31739400,423192,75,,,3,1,,3,0,,,,NEEDS_REPAIR,,,,,PANEL,,9,true,,nor-nork
Y21-02D27853,26701400,523557,51,,,3,1,,4,0,,,,NEEDS_REPAIR,,,,,MONOLITH,,6,true,,nork-marash
Y21-97DFF2B2,37533100,605373,62,,,2,1,,4,1,,,,EURO_RENOVATION,,,,,NEW_BUILD,,6,true,,nork-marash
Y21-474DEBD3,55418000,543314,102,,,3,2,,3,0,,,,EURO_RENOVATION,,,,,MONOLITH,,14,true,,nork-marash
Y21-CC21E613,83127000,704466,118,,,4,2,,4,1,,,,EURO_RENOVATION,,,,,NEW_BUILD,,5,false,,nork-marash
Y21-5DAE49BF,64990200,419292,155,,,3,2,,2,2,,,,GOOD,,,,,NEW_BUILD,,4,false,,nork-marash
Y21-ABC3CA35,57937000,463496,125,,,5,1,,4,1,,,,NEEDS_REPAIR,,,,,NEW_BUILD,,4,false,,nork-marash
Y21-3484463B,45342000,755700,60,,,3,1,,3,1,,,,NEEDS_REPAIR,,,,,NEW_BUILD,,4,false,,nork-marash
Y21-518DD68A,40304000,160574,251,,,5,3,,4,2,,,,GOOD,,,,,STONE,,4,false,,nork-marash
Y21-EB5DDB07,85646000,616158,139,,,3,1,,2,0,,,,NEEDS_REPAIR,,,,,MONOLITH,,4,false,,nork-marash
Y21-1893D029,75570000,680811,111,,,4,2,,5,2,,,,EURO_RENOVATION,,,,,NEW_BUILD,,5,false,,nork-marash
Y21-6DBEDE8F,30228000,503800,60,,,2,2,,1,1,,,,NEEDS_REPAIR,,,,,NEW_BUILD,,4,false,,nork-marash
Y21-5FDF8D7D,49372400,470213,105,,,3,2,,2,0,,,,EURO_RENOVATION,,,,,STONE,,4,false,,nork-marash
Y21-A838C50E,24182400,474165,51,,,2,1,,3,1,,,,EURO_RENOVATION,,,,,NEW_BUILD,,6,true,,nork-marash
Y21-CFF4CDD9,55418000,554180,100,,,3,1,,3,1,,,,EURO_RENOVATION,,,,,NEW_BUILD,,4,false,,nork-marash
Y21-CA4D7C06,41815400,696923,60,,,3,1,,2,1,,,,NEEDS_REPAIR,,,,,NEW_BUILD,,4,false,,nork-marash
Y21-76767C19,60456000,483648,125,,,5,1,,4,1,,,,NEEDS_REPAIR,,,,,NEW_BUILD,,4,false,,nork-marash
Y21-BC335FDE,21159600,528990,40,,,2,1,,2,1,,,,EURO_RENOVATION,,,,,STONE,,3,false,,nork-marash
Y21-16559CC1,40304000,160574,251,,,5,2,,4,2,,,,NEEDS_REPAIR,,,,,STONE,,4,false,,nork-marash
Y21-C53E838C,37785000,581308,65,,,3,1,,3,0,,,,NEEDS_REPAIR,,,,,MONOLITH,,10,true,,nork-marash
Y21-EC3B5471,35266000,542554,65,,,3,1,,9,1,,,,GOOD,,,,,NEW_BUILD,,11,true,,nork-marash
Y21-D9077062,46349600,594226,78,,,3,1,,10,0,,,,NEEDS_REPAIR,,,,,MONOLITH,,11,true,,nork-marash
Y21-7AB379BB,37785000,167190,226,,,4,2,,2,2,,,,GOOD,,,,,STONE,,2,false,,nork-marash
Y21-61A1BB2A,44334400,554180,80,,,3,1,,9,1,,,,EURO_RENOVATION,,,,,NEW_BUILD,,11,true,,nork-marash
Y21-A3B6AC84,25693800,214115,120,,,4,1,,2,2,,,,EURO_RENOVATION,,,,,PANEL,,5,false,,nubarashen
Y21-8F0A9356,9320300,665736,14,,,1,1,,2,0,,,,EURO_RENOVATION,,,,,STONE,,3,false,,nubarashen
Y21-394905F5,15114000,408486,37,,,2,2,,3,0,,,,EURO_RENOVATION,,,,,PANEL,,3,false,,nubarashen
Y21-C6CADE92,17633000,232013,76,,,3,1,,1,1,,,,GOOD,,,,,PANEL,,9,true,,nubarashen
Y21-7B867526,25190000,322949,78,,,3,1,,4,1,,,,GOOD,,,,,STONE,,5,false,,nubarashen
Y21-2059491F,21411500,271032,79,,,3,1,,9,1,,,,GOOD,,,,,PANEL,,9,true,,nubarashen
Y21-C8361BCC,9572200,265894,36,,,1,1,,1,0,,,,EURO_RENOVATION,,,,,NEW_BUILD,,3,false,,nubarashen
Y21-EEADFDC0,23678600,328869,72,,,3,1,,4,1,,,,EURO_RENOVATION,,,,,STONE,,5,false,,nubarashen
Y21-18BC4914,26197600,311876,84,,,3,2,,2,1,,,,EURO_RENOVATION,,,,,STONE,,5,false,,nubarashen
Y21-53FED7EA,24182400,249303,97,,,4,1,,3,2,,,,GOOD,,,,,STONE,,5,false,,nubarashen
Y21-07336113,22671000,323871,70,,,3,1,,1,0,,,,EURO_RENOVATION,,,,,NEW_BUILD,,1,false,,nubarashen
Y21-B620DA18,23174800,220712,105,,,4,1,,4,1,,,,EURO_RENOVATION,,,,,STONE,,5,false,,nubarashen
Y21-89DE7440,14358300,319073,45,,,1,1,,4,1,,,,GOOD,,,,,NEW_BUILD,,5,false,,nubarashen
Y21-14EF7976,26197600,272892,96,,,4,1,,5,1,,,,GOOD,,,,,STONE,,5,false,,nubarashen
Y21-E34929E5,25190000,206475,122,,,4,1,,2,2,,,,GOOD,,,,,STONE,,5,false,,nubarashen
Y21-3F237561,24182400,249303,97,,,4,1,,3,1,,,,EURO_RENOVATION,,,,,STONE,,5,false,,nubarashen
Y21-06C548D4,16625400,332508,50,,,2,1,,2,0,,,,EURO_RENOVATION,,,,,STONE,,5,false,,nubarashen
Y21-803D89AF,20152000,268693,75,,,3,1,,5,0,,,,NEEDS_REPAIR,,,,,STONE,,5,false,,nubarashen
Y21-3F4199DB,14610200,280965,52,,,2,2,,2,1,,,,GOOD,,,,,STONE,,5,false,,nubarashen
Y21-AE01FC60,23678600,303572,78,,,3,1,,4,1,,,,EURO_RENOVATION,,,,,STONE,,5,false,,nubarashen
Y21-C19D2C6E,24938100,337001,74,,,2,1,,1,1,,,,EURO_RENOVATION,,,,,STONE,,5,false,,nubarashen
Y21-737DB3B0,17633000,367354,48,,,2,2,,1,1,,,,GOOD,,,,,STONE,,5,false,,nubarashen
Y21-B7AA95F4,136026000,839667,162,,,4,3,,5,1,,,,EURO_RENOVATION,,,,,NEW_BUILD,,16,true,,nubarashen
Y21-CE9728E6,20152000,237082,85,,,3,1,,4,1,,,,GOOD,,,,,STONE,,5,false,,nubarashen
Y21-DE26DAD2,25190000,322949,78,,,3,1,,4,1,,,,EURO_RENOVATION,,,,,STONE,,5,false,,nubarashen
Y21-A2823D33,22671000,129549,175,,,4,3,,1,2,,,,GOOD,,,,,STONE,,1,false,,nubarashen
Y21-8CB72D48,26701400,267014,100,,,4,1,,4,0,,,,EURO_RENOVATION,,,,,PANEL,,9,true,,nubarashen
Y21-7FE5E5C2,18640600,282433,66,,,2,1,,4,0,,,,EURO_RENOVATION,,,,,STONE,,5,false,,nubarashen
Y21-37D4C75F,20152000,258359,78,,,3,2,,1,0,,,,GOOD,,,,,NEW_BUILD,,5,false,,nubarashen
Y21-0CCB9D39,25693800,383490,67,,,2,2,,5,2,,,,GOOD,,,,,STONE,,5,false,,nubarashen
Y21-0859621C,15114000,328565,46,,,2,1,,3,0,,,,NEEDS_REPAIR,,,,,STONE,,5,false,,nubarashen
Y21-4281B07D,16121600,343013,47,,,1,1,,5,0,,,,NEEDS_REPAIR,,,,,STONE,,5,false,,nubarashen
Y21-FC9165A0,50380000,503800,100,,,3,1,,2,0,,,,NEEDS_REPAIR,,,,,STONE,,5,false,,nubarashen
Y21-EA35035E,25190000,239905,105,,,4,1,,5,0,,,,NEEDS_REPAIR,,,,,STONE,,5,false,,nubarashen
Y21-4502C1A4,26701400,417209,64,,,2,1,,4,1,,,,EURO_RENOVATION,,,,,PANEL,,10,true,,shengavit
Y21-1DF342B3,36776896,408632,90,,,3,1,,2,0,,,,EURO_RENOVATION,,,,,STONE,,4,false,,shengavit
Y21-351AFF82,28212800,440825,64,,,3,1,,2,1,,,,EURO_RENOVATION,,,,,STONE,,5,false,,shengavit
Y21-401E42CB,44334400,515516,86,,,3,1,,3,1,,,,GOOD,,,,,STONE,,5,false,,shengavit
Y21-0798BD29,25441900,462580,55,,,2,1,,7,1,,,,EURO_RENOVATION,,,,,PANEL,,9,true,,shengavit
Y21-D69F68D7,40304000,428766,94,,,4,1,,7,0,,,,NEEDS_REPAIR,,,,,PANEL,,9,true,,shengavit
Y21-02A8940F,24434300,381786,64,,,2,1,,8,2,,,,GOOD,,,,,PANEL,,10,true,,shengavit
Y21-41802BF5,18640600,466015,40,,,2,3,,4,1,,,,GOOD,,,,,STONE,,4,false,,shengavit
Y21-8A4523DC,21663400,503800,43,,,1,1,,1,1,,,,GOOD,,,,,PANEL,,9,true,,shengavit
Y21-CB17290C,19144400,531789,36,,,1,1,,2,1,,,,EURO_RENOVATION,,,,,PANEL,,4,false,,shengavit
Y21-B9DED61B,9824100,491205,20,,,1,1,,7,0,,,,EURO_RENOVATION,,,,,STONE,,8,true,,shengavit
Y21-CFC72AA8,21663400,355138,61,,,3,1,,1,1,,,,EURO_RENOVATION,,,,,STONE,,3,false,,shengavit
Y21-7589100F,19094020,353593,54,,,2,1,,13,1,,,,EURO_RENOVATION,,,,,PANEL,,13,true,,shengavit
Y21-343C6BCA,20655800,529636,39,,,1,1,,4,0,,,,NEEDS_REPAIR,,,,,PANEL,,9,true,,shengavit
Y21-A55C5C66,15114000,503800,30,,,1,1,,1,0,,,,NEEDS_REPAIR,,,,,PANEL,,4,false,,shengavit
Y21-0EC7A9F4,28212800,245329,115,,,3,1,,1,0,,,,NEEDS_REPAIR,,,,,STONE,,1,false,,shengavit
Y21-F01454B4,20152000,447822,45,,,1,1,,4,0,,,,EURO_RENOVATION,,,,,PANEL,,9,true,,shengavit
Y21-916CB1A0,20655800,286886,72,,,3,1,,1,1,,,,NEEDS_REPAIR,,,,,STONE,,5,false,,shengavit
Y21-FACA7FF4,35266000,542554,65,,,3,1,,2,0,,,,NEEDS_REPAIR,,,,,STONE,,5,false,,shengavit
Y21-BE251112,27709000,245212,113,,,4,1,,3,0,,,,NEEDS_REPAIR,,,,,STONE,,4,false,,shengavit
Y21-36EBF8A8,27709000,469644,59,,,2,1,,1,0,,,,GOOD,,,,,STONE,,5,false,,shengavit
Y21-8160F515,23678600,319981,74,,,3,1,,4,1,,,,GOOD,,,,,STONE,,4,false,,shengavit
Y21-2157736C,38288800,283621,135,,,5,1,,2,1,,,,GOOD,,,,,PANEL,,4,false,,shengavit
Y21-B6D0B8DE,27709000,554180,50,,,2,1,,1,0,,,,EURO_RENOVATION,,,,,STONE,,1,false,,shengavit
Y21-F0272EE7,35266000,503800,70,,,2,2,,3,1,,,,NEEDS_REPAIR,,,,,STONE,,4,false,,shengavit
Y21-C9D78609,18136800,465046,39,,,2,1,,2,0,,,,NEEDS_REPAIR,,,,,PANEL,,9,true,,shengavit
Y21-869F3819,55418000,636989,87,,,3,1,,6,1,,,,EURO_RENOVATION,,,,,PANEL,,14,true,,shengavit
Y21-CD9B0B22,18640600,443824,42,,,2,1,,1,0,,,,NEEDS_REPAIR,,,,,PANEL,,9,true,,shengavit
Y21-89FEE330,29220400,456569,64,,,3,1,,4,1,,,,EURO_RENOVATION,,,,,STONE,,4,false,,shengavit
Y21-C8A9744F,30228000,296353,102,,,4,1,,4,1,,,,GOOD,,,,,STONE,,4,false,,shengavit
Y21-AE40A896,12846900,642345,20,,,1,1,,7,0,,,,GOOD,,,,,STONE,,7,true,,shengavit
Y21-8256876F,33754600,438371,77,,,3,1,,2,1,,,,GOOD,,,,,STONE,,5,false,,shengavit
Y21-F930A7A9,42823000,515940,83,,,4,1,,3,1,,,,EURO_RENOVATION,,,,,STONE,,4,false,,shengavit
Y21-893365FE,30228000,296353,102,,,4,1,,4,1,,,,GOOD,,,,,STONE,,4,false,,shengavit
Y21-A6C682E8,19144400,531789,36,,,1,1,,4,1,,,,GOOD,,,,,STONE,,4,false,,shengavit
Y21-CCDDC101,29220400,503800,58,,,2,1,,4,1,,,,GOOD,,,,,STONE,,5,false,,shengavit
Y21-593C5BFB,21159600,384720,55,,,2,1,,3,2,,,,GOOD,,,,,STONE,,5,false,,shengavit
Y21-792753A6,17129200,535288,32,,,1,1,,1,0,,,,EURO_RENOVATION,,,,,STONE,,4,false,,shengavit
Y21-2D651408,31235600,547993,57,,,3,1,,3,1,,,,EURO_RENOVATION,,,,,PANEL,,4,false,,shengavit
Y21-8A65395F,27709000,692725,40,,,2,2,,4,0,,,,EURO_RENOVATION,,,,,STONE,,5,false,,shengavit
Y21-9C4767E5,35266000,440825,80,,,3,1,,4,1,,,,EURO_RENOVATION,,,,,PANEL,,9,true,,shengavit
Y21-79D2797E,8312700,461817,18,,,1,1,,1,0,,,,GOOD,,,,,PANEL,,9,true,,shengavit
Y21-53D5F671,25190000,393594,64,,,3,1,,8,1,,,,GOOD,,,,,STONE,,10,true,,shengavit
Y21-BE72F0F3,29220400,389605,75,,,3,1,,1,0,,,,GOOD,,,,,STONE,,3,false,,shengavit
Y21-18FD0ECC,18136800,503800,36,,,1,1,,5,1,,,,EURO_RENOVATION,,,,,NEW_BUILD,,5,false,,shengavit
Y21-86CD6FB6,40304000,537387,75,,,3,1,,5,1,,,,EURO_RENOVATION,,,,,STONE,,5,false,,shengavit
Y21-5C02499B,39296400,196482,200,,,5,2,,9,1,,,,GOOD,,,,,PANEL,,10,true,,shengavit
Y21-15A08497,35266000,518618,68,,,3,1,,2,1,,,,EURO_RENOVATION,,,,,STONE,,5,false,,shengavit
Y21-725804EF,30228000,335867,90,,,4,1,,2,0,,,,NEEDS_REPAIR,,,,,STONE,,2,false,,shengavit
Y21-AB3AB858,27205200,523177,52,,,2,1,,5,0,,,,EURO_RENOVATION,,,,,STONE,,5,false,,shengavit
Y21-83749871,20403900,658190,31,,,2,1,,1,0,,,,EURO_RENOVATION,,,,,STONE,,4,false,,shengavit
Y21-E990F2B0,45342000,453420,100,,,3,1,,2,2,,,,GOOD,,,,,PANEL,,16,true,,shengavit
Y21-D34667EC,25190000,441930,57,,,2,1,,2,0,,,,EURO_RENOVATION,,,,,STONE,,2,false,,shengavit
Y21-663D9694,28212800,282128,100,,,4,1,,1,0,,,,NEEDS_REPAIR,,,,,STONE,,3,false,,shengavit
Y21-CAD0006D,25190000,359857,70,,,3,1,,8,1,,,,GOOD,,,,,PANEL,,9,true,,shengavit
Y21-B05EC2E9,45342000,283388,160,,,3,2,,4,2,,,,EURO_RENOVATION,,,,,STONE,,4,false,,shengavit
Y21-73264210,19648200,467814,42,,,2,1,,1,0,,,,NEEDS_REPAIR,,,,,MONOLITH,,4,false,,shengavit
Y21-68BACF1A,26701400,392668,68,,,2,1,,8,1,,,,GOOD,,,,,PANEL,,9,true,,shengavit
Y21-E7D6557F,22671000,377850,60,,,2,1,,4,0,,,,EURO_RENOVATION,,,,,NEW_BUILD,,4,false,,shengavit
Y21-67557824,18489460,393393,47,,,1,1,,2,1,,,,GOOD,,,,,PANEL,,9,true,,shengavit
Y21-7D9011E9,25190000,335867,75,,,3,1,,3,0,,,,GOOD,,,,,PANEL,,4,false,,shengavit
Y21-33E9D746,25190000,335867,75,,,3,1,,3,0,,,,NEEDS_REPAIR,,,,,PANEL,,4,false,,shengavit
Y21-3316594E,31235600,325371,96,,,4,1,,1,1,,,,EURO_RENOVATION,,,,,STONE,,3,false,,shengavit
Y21-16460D59,37785000,524792,72,,,3,1,,1,1,,,,EURO_RENOVATION,,,,,STONE,,4,false,,shengavit
Y21-FC5DAB10,51387600,513876,100,,,4,3,,1,2,,,,GOOD,,,,,NEW_BUILD,,9,true,,shengavit
Y21-0DA68602,27205200,388646,70,,,3,1,,1,0,,,,GOOD,,,,,PANEL,,4,false,,shengavit
Y21-0A5F1029,25190000,524792,48,,,2,1,,5,1,,,,EURO_RENOVATION,,,,,STONE,,7,true,,shengavit
Y21-0338FB09,37785000,397737,95,,,4,1,,6,0,,,,GOOD,,,,,PANEL,,9,true,,shengavit
Y21-D71FCDC4,25189496,475274,53,,,2,1,,3,1,,,,EURO_RENOVATION,,,,,STONE,,3,false,,shengavit
Y21-49BB8381,26197600,467814,56,,,2,2,,2,1,,,,EURO_RENOVATION,,,,,STONE,,5,false,,shengavit
Y21-EAA3AD51,16121600,277959,58,,,3,1,,1,0,,,,EURO_RENOVATION,,,,,NEW_BUILD,,1,false,,shengavit
Y21-3057C100,29220400,503800,58,,,2,1,,6,2,,,,GOOD,,,,,PANEL,,9,true,,shengavit
Y21-2EC8A747,21663400,393880,55,,,2,1,,4,1,,,,GOOD,,,,,PANEL,,5,false,,shengavit
Y21-45301AF8,35265496,470207,75,,,2,1,,3,2,,,,GOOD,,,,,STONE,,5,false,,shengavit
Y21-02025BB7,25190000,335867,75,,,3,1,,5,1,,,,GOOD,,,,,STONE,,5,false,,shengavit
Y21-A29ECCFA,19144400,335867,57,,,2,1,,3,0,,,,NEEDS_REPAIR,,,,,PANEL,,4,false,,shengavit
Y21-1615A20C,26651020,502849,53,,,2,1,,4,1,,,,EURO_RENOVATION,,,,,STONE,,4,false,,shengavit
Y21-0BE9340B,47861000,478610,100,,,4,1,,2,1,,,,EURO_RENOVATION,,,,,STONE,,3,false,,shengavit
Y21-B07948E4,24182400,318189,76,,,3,3,,9,1,,,,GOOD,,,,,NEW_BUILD,,9,true,,shengavit
Y21-DA3A333C,8564600,389300,22,,,1,1,,3,1,,,,NEEDS_REPAIR,,,,,STONE,,6,true,,shengavit
Y21-0C008519,12595000,206475,61,,,3,1,,1,0,,,,GOOD,,,,,STONE,,1,false,,shengavit
Y21-E01775AD,13350700,635748,21,,,1,1,,7,0,,,,EURO_RENOVATION,,,,,STONE,,7,true,,shengavit
Y21-F800CEFB,13602600,469055,29,,,1,1,,4,1,,,,GOOD,,,,,STONE,,5,false,,shengavit
Y21-B4DE8BAA,37785000,444529,85,,,3,1,,2,1,,,,EURO_RENOVATION,,,,,PANEL,,2,false,,shengavit
Y21-1A1E4C45,13602600,388646,35,,,1,1,,3,1,,,,GOOD,,,,,PANEL,,4,false,,shengavit
Y21-7E53E09E,20655800,344263,60,,,2,1,,1,1,,,,NEEDS_REPAIR,,,,,STONE,,5,false,,shengavit
Y21-849E4D8C,20152000,468651,43,,,1,1,,6,1,,,,GOOD,,,,,PANEL,,9,true,,shengavit
Y21-8ACEB02A,31739400,440825,72,,,3,1,,1,1,,,,GOOD,,,,,STONE,,5,false,,shengavit
Y21-526ECF90,55418000,532865,104,,,3,1,,6,1,,,,EURO_RENOVATION,,,,,STONE,,6,true,,shengavit
Y21-27804537,7808900,433828,18,,,1,1,,3,0,,,,GOOD,,,,,PANEL,,8,true,,shengavit
Y21-82BC2CF1,40304000,575771,70,,,3,1,,4,1,,,,EURO_RENOVATION,,,,,PANEL,,9,true,,shengavit
Y21-E22D1C8C,10076000,373185,27,,,2,1,,4,0,,,,NEEDS_REPAIR,,,,,PANEL,,4,false,,shengavit
Y21-7DADD915,35769800,470655,76,,,2,1,,2,1,,,,EURO_RENOVATION,,,,,STONE,,4,false,,shengavit
Y21-B4FCBC6E,34762200,518839,67,,,2,1,,2,1,,,,EURO_RENOVATION,,,,,STONE,,4,false,,shengavit
Y21-8FCF4875,24182400,474165,51,,,2,1,,3,1,,,,EURO_RENOVATION,,,,,PANEL,,4,false,,shengavit
Y21-072440CE,55418000,316674,175,,,4,2,,3,1,,,,EURO_RENOVATION,,,,,STONE,,4,false,,shengavit
Y21-6A2AD34D,22671000,390879,58,,,3,1,,2,1,,,,EURO_RENOVATION,,,,,PANEL,,3,false,,shengavit
Y21-8D6941BE,35266000,503800,70,,,3,1,,2,1,,,,EURO_RENOVATION,,,,,STONE,,4,false,,shengavit
Y21-70FAE332,35266000,503800,70,,,2,1,,2,1,,,,EURO_RENOVATION,,,,,STONE,,4,false,,shengavit
Y21-59185B2F,35266000,391844,90,,,4,1,,8,0,,,,NEEDS_REPAIR,,,,,PANEL,,9,true,,shengavit
Y21-8D5AA3FB,19144400,445219,43,,,1,1,,10,1,,,,EURO_RENOVATION,,,,,PANEL,,10,true,,shengavit
Y21-B08BFF5E,30228000,377850,80,,,3,1,,8,0,,,,NEEDS_REPAIR,,,,,PANEL,,14,true,,shengavit
Y21-BF2B64F4,42823000,446073,96,,,3,1,,3,1,,,,EURO_RENOVATION,,,,,STONE,,5,false,,shengavit
Y21-A3277461,18136800,490184,37,,,2,1,,4,1,,,,EURO_RENOVATION,,,,,NEW_BUILD,,4,false,,shengavit
Y21-D8E80BD1,8312700,461817,18,,,1,1,,3,1,,,,NEEDS_REPAIR,,,,,STONE,,6,true,,shengavit
Y21-6841E127,30228000,397737,76,,,3,1,,8,1,,,,EURO_RENOVATION,,,,,PANEL,,9,true,,shengavit
Y21-F1051DF7,20152000,428766,47,,,1,1,,2,1,,,,GOOD,,,,,PANEL,,9,true,,shengavit
Y21-ECC26811,25190000,314875,80,,,3,3,,3,0,,,,GOOD,,,,,NEW_BUILD,,3,false,,shengavit
Y21-5D56949A,17633000,587767,30,,,1,1,,1,0,,,,GOOD,,,,,STONE,,4,false,,shengavit
Y21-CB251469,18136800,453420,40,,,1,1,,3,0,,,,GOOD,,,,,STONE,,4,false,,shengavit
Y21-F3AA764A,16625400,377850,44,,,2,1,,2,0,,,,EURO_RENOVATION,,,,,STONE,,4,false,,shengavit
Y21-B5484E74,30228000,530316,57,,,2,1,,1,1,,,,NEEDS_REPAIR,,,,,STONE,,4,false,,shengavit
Y21-C4B53BC7,37785000,343500,110,,,5,1,,1,1,,,,GOOD,,,,,STONE,,4,false,,shengavit
Y21-0587D569,28212800,434043,65,,,2,1,,2,1,,,,EURO_RENOVATION,,,,,STONE,,5,false,,shengavit
Y21-0D8A01B4,29724200,381079,78,,,4,1,,1,1,,,,NEEDS_REPAIR,,,,,STONE,,5,false,,shengavit
Y21-48EBB667,24686200,411437,60,,,2,1,,3,0,,,,EURO_RENOVATION,,,,,STONE,,4,false,,shengavit
Y21-F76A1484,28716600,410237,70,,,3,1,,2,0,,,,EURO_RENOVATION,,,,,PANEL,,10,true,,shengavit
Y21-E08F3032,35266000,483096,73,,,3,1,,3,1,,,,EURO_RENOVATION,,,,,STONE,,4,false,,shengavit
Y21-E1D175D4,20655800,248865,83,,,3,1,,1,1,,,,GOOD,,,,,PANEL,,9,true,,shengavit
Y21-256966C9,9320300,443824,21,,,1,1,,4,1,,,,GOOD,,,,,STONE,,6,true,,shengavit
Y21-AD713AE6,37785000,312273,121,,,4,1,,5,0,,,,NEEDS_REPAIR,,,,,STONE,,5,false,,shengavit
Y21-0A844FA8,20152000,279889,72,,,3,1,,1,1,,,,NEEDS_REPAIR,,,,,STONE,,5,false,,shengavit
Y21-09713E93,42823000,492218,87,,,3,2,,2,0,,,,EURO_RENOVATION,,,,,NEW_BUILD,,4,false,,shengavit
Y21-0D2C1FB0,23678600,464286,51,,,2,1,,4,1,,,,EURO_RENOVATION,,,,,PANEL,,4,false,,shengavit
Y21-93741DE1,20152000,458000,44,,,1,1,,1,1,,,,EURO_RENOVATION,,,,,STONE,,5,false,,shengavit
Y21-9A71E767,34258400,462951,74,,,3,1,,6,1,,,,EURO_RENOVATION,,,,,PANEL,,9,true,,shengavit
Y21-CEA5602A,22671000,283388,80,,,3,1,,1,0,,,,EURO_RENOVATION,,,,,NEW_BUILD,,1,false,,shengavit
Y21-E1DA781B,20152000,347448,58,,,2,1,,11,1,,,,EURO_RENOVATION,,,,,PANEL,,14,true,,shengavit
Y21-C11A9894,34762200,369811,94,,,3,1,,1,0,,,,EURO_RENOVATION,,,,,STONE,,3,false,,shengavit
Y21-ED48DB6E,23678600,563776,42,,,2,1,,7,0,,,,EURO_RENOVATION,,,,,PANEL,,10,true,,shengavit
Y21-0C8C3700,25190000,292907,86,,,3,1,,4,1,,,,NEEDS_REPAIR,,,,,PANEL,,4,false,,shengavit
Y21-6D4B4F33,16121600,488533,33,,,2,1,,2,0,,,,EURO_RENOVATION,,,,,STONE,,4,false,,shengavit
Y21-A3D88A32,34762200,469759,74,,,3,1,,4,1,,,,EURO_RENOVATION,,,,,STONE,,4,false,,shengavit
Y21-A0FCACC6,26197600,315634,83,,,3,1,,2,1,,,,EURO_RENOVATION,,,,,PANEL,,9,true,,shengavit
Y21-6CD17151,37281200,548253,68,,,3,1,,2,1,,,,EURO_RENOVATION,,,,,NEW_BUILD,,5,false,,shengavit
Y21-0E11E6FE,38792600,421659,92,,,4,1,,5,1,,,,GOOD,,,,,NEW_BUILD,,5,false,,shengavit
Y21-84307609,34258400,314297,109,,,4,1,,1,0,,,,GOOD,,,,,STONE,,3,false,,shengavit
Y21-D28F1882,11587400,331069,35,,,2,1,,1,0,,,,GOOD,,,,,STONE,,9,true,,shengavit
Y21-AF882598,32747000,233907,140,,,5,2,,4,0,,,,NEEDS_REPAIR,,,,,STONE,,5,false,,shengavit
Y21-22E1389A,41311600,688527,60,,,2,1,,3,1,,,,EURO_RENOVATION,,,,,NEW_BUILD,,5,false,,shengavit
Y21-FD832795,39296400,523952,75,,,3,2,,3,1,,,,GOOD,,,,,PANEL,,14,true,,shengavit
Y21-C596E0C2,21159600,414894,51,,,2,1,,4,0,,,,NEEDS_REPAIR,,,,,PANEL,,4,false,,shengavit
Y21-1A2E2BDE,39296400,392964,100,,,4,2,,4,1,,,,EURO_RENOVATION,,,,,STONE,,5,false,,shengavit
Y21-EE8CF8AF,35266000,503800,70,,,2,1,,4,0,,,,NEEDS_REPAIR,,,,,PANEL,,9,true,,shengavit
Y21-E3966395,25190000,251900,100,,,3,1,,1,0,,,,NEEDS_REPAIR,,,,,PANEL,,9,true,,shengavit
Y21-B09051A3,8060800,201520,40,,,2,1,,1,0,,,,GOOD,,,,,STONE,,2,false,,shengavit
Y21-94B24EBE,8060800,201520,40,,,2,1,,1,0,,,,GOOD,,,,,STONE,,2,false,,shengavit
Y21-6C7E379D,33754600,416723,81,,,3,1,,5,1,,,,GOOD,,,,,STONE,,5,false,,shengavit
Y21-1261B5E3,32747000,436627,75,,,4,1,,2,0,,,,EURO_RENOVATION,,,,,PANEL,,4,false,,shengavit
Y21-851B710D,20152000,575771,35,,,1,1,,2,1,,,,GOOD,,,,,STONE,,5,false,,shengavit
Y21-8935996B,58944600,550884,107,,,4,2,,3,0,,,,EURO_RENOVATION,,,,,NEW_BUILD,,4,false,,shengavit
Y21-379A5810,29724200,424631,70,,,3,1,,5,1,,,,EURO_RENOVATION,,,,,STONE,,5,false,,shengavit
Y21-1F496540,40304000,575771,70,,,3,1,,5,2,,,,EURO_RENOVATION,,,,,STONE,,5,false,,shengavit
Y21-6DD80434,40304000,575771,70,,,3,1,,5,2,,,,EURO_RENOVATION,,,,,STONE,,5,false,,shengavit
Y21-52320E1E,20655800,491805,42,,,1,1,,9,1,,,,EURO_RENOVATION,,,,,PANEL,,9,true,,shengavit
Y21-7438814E,28716600,541823,53,,,2,1,,3,0,,,,NEEDS_REPAIR,,,,,STONE,,5,false,,shengavit
Y21-744C2A9D,18136800,549600,33,,,1,1,,3,1,,,,GOOD,,,,,STONE,,5,false,,shengavit
Y21-123D6D4B,45342000,384254,118,,,3,1,,1,1,,,,EURO_RENOVATION,,,,,STONE,,5,false,,shengavit
Y21-0689AA6F,14106400,141064,100,,,4,1,,1,0,,,,GOOD,,,,,NEW_BUILD,,2,false,,shengavit
Y21-5C072B85,37785000,484423,78,,,3,1,,5,0,,,,EURO_RENOVATION,,,,,STONE,,5,false,,shengavit
Y21-2D553696,29220400,608758,48,,,2,1,,1,0,,,,EURO_RENOVATION,,,,,STONE,,5,false,,shengavit
Y21-59D5C377,25190000,449821,56,,,2,1,,4,0,,,,NEEDS_REPAIR,,,,,STONE,,5,false,,shengavit
Y21-E58C670D,20101620,670054,30,,,1,1,,3,1,,,,EURO_RENOVATION,,,,,STONE,,4,false,,shengavit
Y21-1C757ACD,18136800,377850,48,,,1,1,,5,1,,,,GOOD,,,,,NEW_BUILD,,5,false,,shengavit
Y21-8EC4E629,33754600,375051,90,,,4,1,,5,1,,,,GOOD,,,,,PANEL,,9,true,,shengavit
Y21-749F4708,16121600,248025,65,,,3,1,,1,2,,,,GOOD,,,,,NEW_BUILD,,1,false,,shengavit
Y21-AA1139B8,21915300,466283,47,,,2,1,,5,0,,,,NEEDS_REPAIR,,,,,MONOLITH,,5,false,,shengavit
Y21-CAF35703,32747000,363856,90,,,3,1,,1,0,,,,EURO_RENOVATION,,,,,PANEL,,4,false,,shengavit
Y21-27121C0A,29724200,312886,95,,,3,1,,6,1,,,,GOOD,,,,,PANEL,,9,true,,shengavit
Y21-4FF6D361,40304000,760453,53,,,2,1,,2,0,,,,EURO_RENOVATION,,,,,STONE,,4,false,,shengavit
Y21-5E17AA69,21159600,641200,33,,,2,1,,4,1,,,,EURO_RENOVATION,,,,,MONOLITH,,4,false,,shengavit
Y21-F17E08A7,68013000,336698,202,,,4,2,,6,0,,,,EURO_RENOVATION,,,,,PANEL,,7,true,,shengavit
Y21-C8874D1D,12595000,359857,35,,,2,1,,8,0,,,,GOOD,,,,,PANEL,,9,true,,shengavit
Y21-DC561313,43830600,438306,100,,,3,1,,7,2,,,,EURO_RENOVATION,,,,,PANEL,,9,true,,shengavit
Y21-36C01443,8816500,464026,19,,,1,1,,6,0,,,,EURO_RENOVATION,,,,,STONE,,8,true,,shengavit
Y21-4004F376,13854500,407485,34,,,1,1,,4,1,,,,GOOD,,,,,STONE,,4,false,,shengavit
Y21-5B571DC5,19144400,638147,30,,,1,1,,2,1,,,,EURO_RENOVATION,,,,,STONE,,4,false,,shengavit
Y21-896A1A69,19900100,442224,45,,,2,1,,4,0,,,,GOOD,,,,,STONE,,5,false,,shengavit
Y21-8F49DBBF,28212296,600262,47,,,2,1,,2,1,,,,EURO_RENOVATION,,,,,STONE,,5,false,,shengavit
Y21-673005DA,42823000,475811,90,,,3,1,,6,1,,,,EURO_RENOVATION,,,,,PANEL,,10,true,,shengavit
Y21-EB51CAEB,19900100,641939,31,,,1,1,,5,1,,,,EURO_RENOVATION,,,,,STONE,,5,false,,shengavit
Y21-93CB6EAD,12846900,611757,21,,,1,1,,7,0,,,,GOOD,,,,,STONE,,7,true,,shengavit
Y21-FED1A58D,25190000,340405,74,,,3,1,,3,2,,,,NEEDS_REPAIR,,,,,PANEL,,4,false,,shengavit
Y21-2A68B6C5,18842120,428230,44,,,2,1,,4,0,,,,EURO_RENOVATION,,,,,NEW_BUILD,,12,true,,shengavit
Y21-0B554B63,37785000,302280,125,,,6,1,,4,1,,,,EURO_RENOVATION,,,,,NEW_BUILD,,4,false,,shengavit
Y21-07F0DF65,27709000,426292,65,,,2,1,,3,1,,,,NEEDS_REPAIR,,,,,NEW_BUILD,,14,true,,shengavit
Y21-F3490E15,17633000,476568,37,,,1,1,,4,0,,,,NEEDS_REPAIR,,,,,NEW_BUILD,,8,true,,shengavit
Y21-8DFB2D5A,25190000,559778,45,,,2,1,,1,0,,,,EURO_RENOVATION,,,,,STONE,,5,false,,shengavit
Y21-853D9752,20152000,403040,50,,,2,1,,3,0,,,,NEEDS_REPAIR,,,,,STONE,,5,false,,shengavit
Y21-E11DEBE5,13350700,325627,41,,,2,2,,2,1,,,,NEEDS_REPAIR,,,,,STONE,,6,true,,shengavit
Y21-D03695C1,28212800,486428,58,,,2,1,,5,1,,,,EURO_RENOVATION,,,,,STONE,,5,false,,shengavit
Y21-3C0768A0,16625400,519544,32,,,2,1,,3,0,,,,EURO_RENOVATION,,,,,STONE,,5,false,,shengavit
Y21-2079E9A8,21663400,386846,56,,,2,1,,1,1,,,,GOOD,,,,,PANEL,,9,true,,shengavit
Y21-BFD087F0,26701400,417209,64,,,3,1,,9,0,,,,GOOD,,,,,MONOLITH,,12,true,,shengavit
Y21-952F3721,27709000,311337,89,,,3,1,,3,2,,,,NEEDS_REPAIR,,,,,STONE,,3,false,,shengavit
Y21-B7ADB60F,29220400,471297,62,,,2,1,,4,0,,,,GOOD,,,,,STONE,,5,false,,shengavit
Y21-5409B2B7,40304000,353544,114,,,4,1,,12,0,,,,NEEDS_REPAIR,,,,,PANEL,,14,true,,shengavit
Y21-23AE3ACA,21663400,386846,56,,,2,1,,7,0,,,,NEEDS_REPAIR,,,,,PANEL,,9,true,,shengavit
Y21-FBE207FD,23678600,348215,68,,,2,2,,9,1,,,,GOOD,,,,,PANEL,,9,true,,shengavit
Y21-9D169F64,17129200,475811,36,,,1,1,,2,1,,,,NEEDS_REPAIR,,,,,PANEL,,4,false,,shengavit
Y21-57A0DDAE,30228000,335867,90,,,3,1,,4,1,,,,GOOD,,,,,STONE,,5,false,,shengavit
Y21-F954EF04,31739400,308150,103,,,4,1,,12,1,,,,NEEDS_REPAIR,,,,,PANEL,,14,true,,shengavit
Y21-FC5C2B20,34258400,475811,72,,,2,1,,2,1,,,,EURO_RENOVATION,,,,,STONE,,3,false,,shengavit
Y21-0DCB47E1,30228000,382633,79,,,3,1,,2,1,,,,GOOD,,,,,STONE,,5,false,,shengavit
Y21-0AABA026,19144400,617561,31,,,1,1,,2,1,,,,EURO_RENOVATION,,,,,STONE,,4,false,,shengavit
Y21-B688779B,37785000,472313,80,,,3,1,,1,1,,,,GOOD,,,,,STONE,,5,false,,shengavit
Y21-14E66824,42823000,441474,97,,,3,1,,1,1,,,,EURO_RENOVATION,,,,,PANEL,,9,true,,shengavit
Y21-5DB61FB9,7557000,343500,22,,,1,1,,6,1,,,,NEEDS_REPAIR,,,,,STONE,,6,true,,shengavit
Y21-C7A1E889,32747000,409338,80,,,3,1,,12,1,,,,GOOD,,,,,PANEL,,14,true,,shengavit
Y21-6B201877,31235600,446223,70,,,3,1,,4,1,,,,GOOD,,,,,STONE,,5,false,,shengavit
Y21-0CC52039,21915300,730510,30,,,2,1,,4,1,,,,EURO_RENOVATION,,,,,STONE,,4,false,,shengavit
Y21-833B3937,35266000,440825,80,,,3,1,,3,0,,,,NEEDS_REPAIR,,,,,STONE,,5,false,,shengavit
Y21-28F64640,24182400,474165,51,,,2,1,,3,1,,,,EURO_RENOVATION,,,,,PANEL,,4,false,,shengavit
Y21-CD26D478,27709000,245212,113,,,4,1,,3,1,,,,EURO_RENOVATION,,,,,STONE,,4,false,,shengavit
Y21-7A230A72,27709000,384847,72,,,3,1,,4,1,,,,EURO_RENOVATION,,,,,STONE,,5,false,,shengavit
Y21-31F31019,6297500,299881,21,,,1,1,,2,0,,,,GOOD,,,,,PANEL,,5,false,,shengavit
Y21-DFE497A4,7506620,417034,18,,,1,1,,4,0,,,,EURO_RENOVATION,,,,,PANEL,,8,true,,shengavit
Y21-33C1A139,41311600,529636,78,,,3,1,,2,1,,,,EURO_RENOVATION,,,,,STONE,,5,false,,shengavit
Y21-ABF13D56,19144400,445219,43,,,2,1,,3,1,,,,EURO_RENOVATION,,,,,STONE,,5,false,,shengavit
Y21-1F4A83B6,12343100,385722,32,,,1,1,,2,1,,,,NEEDS_REPAIR,,,,,PANEL,,4,false,,shengavit
Y21-9AE43089,36021700,360217,100,,,3,2,,1,0,,,,EURO_RENOVATION,,,,,STONE,,3,false,,shengavit
Y21-53AFA75B,16121600,537387,30,,,1,1,,2,0,,,,EURO_RENOVATION,,,,,STONE,,5,false,,shengavit
Y21-976F1626,12343100,352660,35,,,1,1,,1,0,,,,NEEDS_REPAIR,,,,,PANEL,,8,true,,shengavit
Y21-3040FF11,20152000,347448,58,,,2,1,,11,1,,,,EURO_RENOVATION,,,,,PANEL,,14,true,,shengavit
Y21-6A4ED86D,40304000,353544,114,,,4,1,,12,1,,,,EURO_RENOVATION,,,,,PANEL,,14,true,,shengavit
Y21-C6092595,37785000,484423,78,,,3,2,,2,1,,,,EURO_RENOVATION,,,,,PANEL,,9,true,,shengavit
Y21-2CD79826,25190000,441930,57,,,2,1,,5,0,,,,NEEDS_REPAIR,,,,,STONE,,5,false,,shengavit
Y21-4156211A,18136800,329760,55,,,2,1,,3,2,,,,NEEDS_REPAIR,,,,,STONE,,3,false,,shengavit
Y21-2FB73B5D,21663400,698819,31,,,1,1,,1,0,,,,NEEDS_REPAIR,,,,,STONE,,3,false,,shengavit
Y21-24EF3147,30228000,408486,74,,,3,3,,3,1,,,,GOOD,,,,,STONE,,4,false,,shengavit
Y21-965E1D35,38792600,517235,75,,,3,1,,2,1,,,,GOOD,,,,,NEW_BUILD,,6,true,,shengavit
Y21-58B120BE,13350700,370853,36,,,2,1,,3,0,,,,EURO_RENOVATION,,,,,STONE,,8,true,,shengavit
Y21-2F1DB336,52899000,499047,106,,,4,2,,2,0,,,,EURO_RENOVATION,,,,,STONE,,4,false,,shengavit
Y21-F4BB3B1F,27709000,251900,110,,,5,1,,2,1,,,,GOOD,,,,,STONE,,2,false,,shengavit
Y21-BC70A9C1,27709000,251900,110,,,5,1,,2,1,,,,GOOD,,,,,STONE,,2,false,,shengavit
Y21-99C5297B,24182400,377850,64,,,3,1,,2,0,,,,EURO_RENOVATION,,,,,PANEL,,4,false,,shengavit
Y21-BBC22FB0,28716600,350202,82,,,3,1,,1,1,,,,EURO_RENOVATION,,,,,PANEL,,14,true,,shengavit
Y21-35F9870A,41815400,685498,61,,,2,1,,3,1,,,,EURO_RENOVATION,,,,,NEW_BUILD,,5,false,,shengavit
Y21-44A5622B,33754600,421933,80,,,3,2,,8,1,,,,GOOD,,,,,PANEL,,9,true,,shengavit
Y21-F0F9DA38,30177620,407806,74,,,3,1,,1,1,,,,EURO_RENOVATION,,,,,PANEL,,4,false,,shengavit
Y21-7DA05784,20152000,650065,31,,,1,1,,3,1,,,,GOOD,,,,,STONE,,5,false,,shengavit
Y21-312F1D51,22671000,427755,53,,,2,1,,4,1,,,,GOOD,,,,,NEW_BUILD,,5,false,,shengavit
Y21-4B2F79B5,31739400,423192,75,,,4,1,,2,1,,,,EURO_RENOVATION,,,,,NEW_BUILD,,4,false,,shengavit
Y21-6A6C9917,21159600,423192,50,,,2,1,,2,1,,,,GOOD,,,,,STONE,,5,false,,shengavit
Y21-B73DEDF6,18136800,377850,48,,,2,1,,3,1,,,,GOOD,,,,,PANEL,,5,false,,shengavit
Y21-93844B6C,28212800,434043,65,,,3,1,,2,1,,,,EURO_RENOVATION,,,,,STONE,,5,false,,shengavit
Y21-C6407EAA,18136800,490184,37,,,1,1,,3,0,,,,NEEDS_REPAIR,,,,,STONE,,4,false,,shengavit
Y21-FA927040,8060800,335867,24,,,1,1,,5,1,,,,GOOD,,,,,STONE,,6,true,,shengavit
Y21-20053FD5,33754600,450061,75,,,3,1,,4,0,,,,EURO_RENOVATION,,,,,PANEL,,9,true,,shengavit
Y21-691E62B3,23174800,367854,63,,,2,2,,4,0,,,,EURO_RENOVATION,,,,,NEW_BUILD,,4,false,,shengavit
Y21-7EDA726B,26197600,523952,50,,,2,1,,2,1,,,,EURO_RENOVATION,,,,,STONE,,5,false,,shengavit
Y21-17E50A67,23174800,367854,63,,,2,1,,4,0,,,,EURO_RENOVATION,,,,,NEW_BUILD,,4,false,,shengavit
Y21-343E1CAB,23678600,225510,105,,,2,1,,3,2,,,,EURO_RENOVATION,,,,,STONE,,5,false,,shengavit
Y21-48B4580A,29976100,305879,98,,,4,1,,8,1,,,,GOOD,,,,,PANEL,,10,true,,shengavit
Y21-D6DEAE0C,26701400,417209,64,,,2,1,,4,1,,,,EURO_RENOVATION,,,,,STONE,,5,false,,shengavit
Y21-A615B53E,37785000,444529,85,,,3,1,,6,1,,,,EURO_RENOVATION,,,,,STONE,,7,true,,shengavit
Y21-0330222F,18136800,490184,37,,,2,1,,3,0,,,,NEEDS_REPAIR,,,,,STONE,,4,false,,shengavit
Y21-F971E077,20152000,403040,50,,,1,2,,2,0,,,,EURO_RENOVATION,,,,,PANEL,,9,true,,shengavit
Y21-A6A602C8,23678600,438493,54,,,2,1,,5,0,,,,NEEDS_REPAIR,,,,,STONE,,5,false,,shengavit
Y21-8530405F,32747000,467814,70,,,3,1,,4,1,,,,EURO_RENOVATION,,,,,STONE,,4,false,,shengavit
Y21-C5A0B937,16121600,447822,36,,,1,1,,2,0,,,,NEEDS_REPAIR,,,,,PANEL,,4,false,,shengavit
Y21-70FE1C1F,33754600,392495,86,,,3,1,,1,1,,,,NEEDS_REPAIR,,,,,PANEL,,10,true,,shengavit
Y21-7FE6B2FE,20152000,468651,43,,,2,1,,4,1,,,,NEEDS_REPAIR,,,,,STONE,,5,false,,shengavit
Y21-538225E4,27709000,384847,72,,,3,1,,3,1,,,,EURO_RENOVATION,,,,,STONE,,3,false,,shengavit
Y21-6F924FA0,16121600,403040,40,,,3,1,,4,2,,,,EURO_RENOVATION,,,,,PANEL,,4,false,,shengavit
Y21-4EEA4541,31235600,578437,54,,,2,1,,3,0,,,,GOOD,,,,,STONE,,5,false,,shengavit
Y21-68FF1DF4,35266000,446405,79,,,3,1,,3,0,,,,GOOD,,,,,PANEL,,9,true,,shengavit
Y21-26789F05,22671000,503800,45,,,2,1,,4,1,,,,GOOD,,,,,STONE,,4,false,,shengavit
Y21-A05C3164,27205200,367638,74,,,3,1,,6,1,,,,EURO_RENOVATION,,,,,PANEL,,9,true,,shengavit
Y21-35AD9CA7,35266000,578131,61,,,2,1,,4,1,,,,EURO_RENOVATION,,,,,STONE,,5,false,,shengavit
Y21-1735CA2F,50380000,629750,80,,,3,1,,5,2,,,,EURO_RENOVATION,,,,,STONE,,5,false,,shengavit
Y21-68CAC2AC,18640600,548253,34,,,2,1,,4,1,,,,EURO_RENOVATION,,,,,STONE,,4,false,,shengavit
Y21-1C27210D,17633000,629750,28,,,1,1,,4,1,,,,GOOD,,,,,STONE,,4,false,,shengavit
Y21-95E9B98D,23678600,514752,46,,,1,1,,2,0,,,,NEEDS_REPAIR,,,,,STONE,,4,false,,shengavit
Y21-534B8118,30731800,548782,56,,,2,1,,5,1,,,,EURO_RENOVATION,,,,,STONE,,5,false,,shengavit
Y21-8456F325,45342000,453420,100,,,3,1,,5,1,,,,EURO_RENOVATION,,,,,STONE,,8,true,,shengavit
Y21-B6CD15D0,24686200,254497,97,,,4,1,,10,0,,,,NEEDS_REPAIR,,,,,PANEL,,10,true,,shengavit
Y21-8E147F0B,27709000,291674,95,,,3,1,,2,2,,,,EURO_RENOVATION,,,,,STONE,,4,false,,shengavit
Y21-CFD255DA,35266000,352660,100,,,3,1,,1,2,,,,EURO_RENOVATION,,,,,STONE,,3,false,,shengavit
Y21-71550AD3,42823000,428230,100,,,4,1,,2,2,,,,EURO_RENOVATION,,,,,STONE,,5,false,,shengavit
Y21-9BA2044F,15114000,296353,51,,,3,2,,1,0,,,,GOOD,,,,,STONE,,4,false,,shengavit
Y21-43BCB468,23678600,430520,55,,,3,1,,4,1,,,,GOOD,,,,,STONE,,5,false,,shengavit
Y21-510637C9,20152000,458000,44,,,2,2,,1,1,,,,EURO_RENOVATION,,,,,STONE,,4,false,,shengavit
Y21-F36FD0F0,43830600,584408,75,,,3,1,,2,1,,,,EURO_RENOVATION,,,,,PANEL,,9,true,,shengavit
Y21-C62E3015,7557000,444529,17,,,1,1,,1,0,,,,EURO_RENOVATION,,,,,PANEL,,8,true,,shengavit
Y21-5F2D1E3B,20101620,670054,30,,,1,1,,3,0,,,,EURO_RENOVATION,,,,,STONE,,4,false,,shengavit
Y21-08F14530,28716600,478610,60,,,3,1,,2,0,,,,EURO_RENOVATION,,,,,STONE,,4,false,,shengavit
Y21-10AD808C,37785000,503800,75,,,3,1,,1,0,,,,EURO_RENOVATION,,,,,PANEL,,2,false,,shengavit
Y21-CA905998,9320300,517794,18,,,1,1,,5,0,,,,EURO_RENOVATION,,,,,STONE,,8,true,,shengavit
Y21-F02047B5,45845800,509398,90,,,3,1,,4,1,,,,EURO_RENOVATION,,,,,STONE,,5,false,,shengavit
Y21-4450A27E,7305100,487007,15,,,1,1,,1,0,,,,GOOD,,,,,STONE,,3,false,,shengavit
Y21-3FF64401,24182400,474165,51,,,2,1,,3,1,,,,EURO_RENOVATION,,,,,PANEL,,4,false,,shengavit
Y21-6B206BF0,30228000,403040,75,,,3,1,,5,1,,,,GOOD,,,,,STONE,,5,false,,shengavit
Y21-C2EA3C6B,32243200,403040,80,,,3,2,,6,2,,,,GOOD,,,,,PANEL,,9,true,,shengavit
Y21-17DB76D4,7053200,335867,21,,,1,1,,4,1,,,,GOOD,,,,,STONE,,6,true,,shengavit
Y21-CA4DD597,21663400,309477,70,,,3,1,,1,1,,,,NEEDS_REPAIR,,,,,STONE,,4,false,,shengavit
Y21-EF13244D,19648200,456935,43,,,2,1,,3,1,,,,GOOD,,,,,PANEL,,9,true,,shengavit
Y21-75FA3510,19799340,535117,37,,,1,1,,3,1,,,,GOOD,,,,,STONE,,4,false,,shengavit
Y21-F32375B5,21159600,431829,49,,,2,1,,5,1,,,,GOOD,,,,,STONE,,5,false,,shengavit
Y21-6580B0F6,35266000,339096,104,,,3,1,,14,2,,,,EURO_RENOVATION,,,,,PANEL,,16,true,,shengavit
Y21-BC4B4161,35266000,339096,104,,,3,1,,14,2,,,,EURO_RENOVATION,,,,,PANEL,,16,true,,shengavit
Y21-BBB138CA,31235600,488056,64,,,3,3,,3,0,,,,EURO_RENOVATION,,,,,NEW_BUILD,,5,false,,shengavit
Y21-4FBF633F,33754600,462392,73,,,4,1,,1,0,,,,EURO_RENOVATION,,,,,STONE,,5,false,,shengavit
Y21-80BC5004,33754600,444139,76,,,3,1,,9,0,,,,EURO_RENOVATION,,,,,PANEL,,9,true,,shengavit
Y21-AD1C6B71,35266000,440825,80,,,3,1,,7,1,,,,GOOD,,,,,PANEL,,9,true,,shengavit
Y21-57B6B974,29220400,394870,74,,,3,1,,4,1,,,,GOOD,,,,,PANEL,,9,true,,shengavit
Y21-72866401,27205200,425081,64,,,2,1,,8,1,,,,EURO_RENOVATION,,,,,PANEL,,10,true,,shengavit
Y21-CBD16A8A,27709000,307878,90,,,4,1,,3,1,,,,GOOD,,,,,PANEL,,4,false,,shengavit
Y21-D74AD95D,20403900,680130,30,,,1,1,,1,0,,,,GOOD,,,,,STONE,,5,false,,shengavit
Y21-A1800591,32747000,376402,87,,,3,1,,2,1,,,,EURO_RENOVATION,,,,,PANEL,,9,true,,shengavit
Y21-37206D5A,24182400,335867,72,,,3,1,,2,0,,,,EURO_RENOVATION,,,,,NEW_BUILD,,4,false,,shengavit
Y21-1A44860A,13854500,407485,34,,,1,1,,4,1,,,,GOOD,,,,,STONE,,4,false,,shengavit
Y21-B37016F7,27709000,577271,48,,,2,1,,5,1,,,,EURO_RENOVATION,,,,,STONE,,5,false,,shengavit
Y21-8AC76E1A,21159600,414894,51,,,2,2,,2,1,,,,EURO_RENOVATION,,,,,PANEL,,4,false,,shengavit
Y21-04C06058,23174800,406575,57,,,2,1,,4,1,,,,NEEDS_REPAIR,,,,,STONE,,4,false,,shengavit
Y21-E4F8CCC0,6045600,335867,18,,,1,1,,6,0,,,,NEEDS_REPAIR,,,,,STONE,,8,true,,shengavit
Y21-B15F5A2D,16121600,447822,36,,,1,1,,3,1,,,,EURO_RENOVATION,,,,,STONE,,3,false,,shengavit
Y21-43DDA1C0,16121600,447822,36,,,1,1,,3,0,,,,EURO_RENOVATION,,,,,STONE,,3,false,,shengavit
Y21-F49A670E,35266000,518618,68,,,3,1,,2,1,,,,GOOD,,,,,PANEL,,4,false,,shengavit
Y21-57CC133D,30228000,503800,60,,,2,1,,3,1,,,,EURO_RENOVATION,,,,,STONE,,5,false,,shengavit
Y21-0D509404,43830600,438306,100,,,4,1,,1,0,,,,NEEDS_REPAIR,,,,,PANEL,,9,true,,shengavit
Y21-30EA95D7,25190000,359857,70,,,3,1,,5,1,,,,GOOD,,,,,STONE,,5,false,,shengavit
Y21-8AD8DAE2,9068400,412200,22,,,1,1,,4,0,,,,EURO_RENOVATION,,,,,STONE,,6,true,,shengavit
Y21-C3229B7F,30228000,472313,64,,,3,1,,4,1,,,,EURO_RENOVATION,,,,,STONE,,4,false,,shengavit
Y21-FEF89FEE,17633000,359857,49,,,2,3,,3,1,,,,GOOD,,,,,NEW_BUILD,,5,false,,shengavit
Y21-BC475447,16625400,377850,44,,,1,1,,1,1,,,,EURO_RENOVATION,,,,,PANEL,,4,false,,shengavit
Y21-81CB5157,35266000,419833,84,,,3,2,,6,0,,,,GOOD,,,,,MONOLITH,,7,true,,shengavit
Y21-E10DCCB3,28716600,683729,42,,,2,2,,2,1,,,,EURO_RENOVATION,,,,,STONE,,4,false,,shengavit
Y21-B2F16D7D,34258400,356858,96,,,4,1,,2,1,,,,GOOD,,,,,STONE,,5,false,,shengavit
Y21-2D7401F2,30228000,444529,68,,,3,1,,5,0,,,,NEEDS_REPAIR,,,,,STONE,,5,false,,shengavit
Y21-11C51078,32747000,436627,75,,,3,1,,3,0,,,,NEEDS_REPAIR,,,,,PANEL,,10,true,,shengavit
Y21-FD7AB325,31235600,400456,78,,,3,1,,2,1,,,,GOOD,,,,,STONE,,5,false,,shengavit
Y21-918A8E13,30228000,387538,78,,,4,1,,14,0,,,,GOOD,,,,,PANEL,,14,true,,shengavit
Y21-99A40D7A,58944600,550884,107,,,4,3,,3,0,,,,EURO_RENOVATION,,,,,MONOLITH,,4,false,,shengavit
Y21-167AC8D6,22671000,629750,36,,,2,1,,3,1,,,,GOOD,,,,,STONE,,4,false,,shengavit
Y21-63F05213,30228000,157438,192,,,4,1,,1,2,,,,EURO_RENOVATION,,,,,STONE,,7,true,,shengavit
Y21-5759625E,18640600,372812,50,,,3,2,,4,1,,,,EURO_RENOVATION,,,,,STONE,,4,false,,shengavit
Y21-2463DF1D,18640600,372812,50,,,3,1,,4,0,,,,EURO_RENOVATION,,,,,PANEL,,4,false,,shengavit
Y21-9F083299,23678600,430520,55,,,3,1,,4,1,,,,EURO_RENOVATION,,,,,PANEL,,4,false,,shengavit
Y21-AB87FAE8,22671000,419833,54,,,2,1,,1,1,,,,EURO_RENOVATION,,,,,PANEL,,10,true,,shengavit
Y21-F79E5E92,34258400,380649,90,,,4,1,,5,1,,,,GOOD,,,,,PANEL,,9,true,,shengavit
Y21-1561CE75,45342000,503800,90,,,3,1,,3,0,,,,NEEDS_REPAIR,,,,,STONE,,4,false,,shengavit
Y21-84BEFBA6,12595000,370441,34,,,1,1,,4,1,,,,EURO_RENOVATION,,,,,NEW_BUILD,,4,false,,shengavit
Y21-10DEFB89,30228000,581308,52,,,2,1,,1,1,,,,GOOD,,,,,STONE,,5,false,,shengavit
Y21-97CB15C9,16474260,549142,30,,,1,1,,2,1,,,,EURO_RENOVATION,,,,,STONE,,4,false,,shengavit
Y21-E7DBF96E,49372400,519709,95,,,3,1,,4,1,,,,EURO_RENOVATION,,,,,STONE,,4,false,,shengavit
Y21-BD500603,52899000,459991,115,,,4,2,,2,1,,,,EURO_RENOVATION,,,,,STONE,,4,false,,shengavit
Y21-6E765BE3,32747000,218313,150,,,4,2,,2,1,,,,EURO_RENOVATION,,,,,STONE,,4,false,,shengavit
Y21-9D25220B,21159600,641200,33,,,2,1,,4,1,,,,EURO_RENOVATION,,,,,MONOLITH,,4,false,,shengavit
Y21-39C2581E,26197600,308207,85,,,3,1,,2,2,,,,EURO_RENOVATION,,,,,STONE,,5,false,,shengavit
Y21-D6C87442,19144400,425431,45,,,2,1,,1,0,,,,GOOD,,,,,STONE,,3,false,,shengavit
Y21-528BBA73,19144400,416183,46,,,2,1,,1,0,,,,GOOD,,,,,STONE,,1,false,,shengavit
Y21-E1525C06,22167200,382193,58,,,2,1,,1,0,,,,NEEDS_REPAIR,,,,,STONE,,3,false,,shengavit
Y21-C62DDC05,25190000,466481,54,,,2,1,,3,1,,,,GOOD,,,,,STONE,,5,false,,shengavit
Y21-0E3D5079,28212800,434043,65,,,2,1,,2,1,,,,EURO_RENOVATION,,,,,STONE,,5,false,,shengavit
Y21-09D844A2,24434300,381786,64,,,3,1,,8,1,,,,GOOD,,,,,STONE,,10,true,,shengavit
Y21-A916F130,60456000,598574,101,,,3,2,,3,0,,,,EURO_RENOVATION,,,,,NEW_BUILD,,6,true,,shengavit
Y21-4660220C,38792600,310341,125,,,6,1,,4,1,,,,GOOD,,,,,STONE,,4,false,,shengavit
Y21-15489178,27205200,377850,72,,,3,1,,9,0,,,,GOOD,,,,,PANEL,,9,true,,shengavit
Y21-89222A39,37785000,343500,110,,,4,1,,3,0,,,,NEEDS_REPAIR,,,,,STONE,,3,false,,shengavit
Y21-EF88E666,30228000,431829,70,,,3,1,,9,1,,,,EURO_RENOVATION,,,,,PANEL,,9,true,,shengavit
Y21-BAEE7CE4,30228000,373185,81,,,3,2,,2,1,,,,GOOD,,,,,STONE,,5,false,,shengavit
Y21-41D5A81D,42823000,428230,100,,,4,1,,5,1,,,,EURO_RENOVATION,,,,,PANEL,,9,true,,shengavit
Y21-73192A99,42823000,428230,100,,,4,1,,5,1,,,,EURO_RENOVATION,,,,,PANEL,,9,true,,shengavit
Y21-6F976BBE,42823000,428230,100,,,3,2,,5,1,,,,EURO_RENOVATION,,,,,STONE,,5,false,,shengavit
Y21-FCEFA16C,30177620,603552,50,,,2,1,,2,1,,,,EURO_RENOVATION,,,,,STONE,,3,false,,shengavit
Y21-7FB5FDD3,16121600,503800,32,,,2,1,,3,0,,,,EURO_RENOVATION,,,,,STONE,,5,false,,shengavit
Y21-105B600E,26197600,467814,56,,,2,1,,4,0,,,,NEEDS_REPAIR,,,,,STONE,,5,false,,shengavit
Y21-82B97410,25190000,466481,54,,,2,1,,1,0,,,,GOOD,,,,,STONE,,5,false,,shengavit
Y21-CEC3C66F,35266000,452128,78,,,3,1,,4,1,,,,GOOD,,,,,STONE,,4,false,,shengavit
Y21-501CF770,17633000,464026,38,,,1,1,,1,1,,,,NEEDS_REPAIR,,,,,PANEL,,4,false,,shengavit
Y21-BAAA126C,30228000,359857,84,,,3,1,,1,1,,,,GOOD,,,,,STONE,,3,false,,shengavit
Y21-0A4C48DE,16373500,545783,30,,,1,1,,2,0,,,,EURO_RENOVATION,,,,,STONE,,4,false,,shengavit
Y21-F9D447C3,27709000,589553,47,,,2,1,,2,1,,,,EURO_RENOVATION,,,,,STONE,,4,false,,shengavit
Y21-EBBE539A,23678600,241618,98,,,3,1,,4,1,,,,GOOD,,,,,STONE,,4,false,,shengavit
Y21-9E25AAC3,21159600,423192,50,,,2,1,,5,1,,,,NEEDS_REPAIR,,,,,STONE,,5,false,,shengavit
Y21-5309C9ED,16625400,461817,36,,,2,1,,1,1,,,,GOOD,,,,,STONE,,3,false,,shengavit
Y21-594E91AD,37785000,581308,65,,,3,1,,3,0,,,,NEEDS_REPAIR,,,,,STONE,,3,false,,shengavit
Y21-5D0BF6BD,28212800,440825,64,,,2,1,,8,1,,,,EURO_RENOVATION,,,,,PANEL,,10,true,,shengavit
Y21-E4D5261F,27205200,425081,64,,,2,1,,8,1,,,,EURO_RENOVATION,,,,,PANEL,,10,true,,shengavit
Y21-3080AF02,30228000,431829,70,,,3,1,,4,0,,,,GOOD,,,,,STONE,,5,false,,shengavit
Y21-2C7398D6,15869700,323871,49,,,2,1,,5,1,,,,NEEDS_REPAIR,,,,,PANEL,,5,false,,shengavit
Y21-0A652FFF,26197600,403040,65,,,2,1,,3,1,,,,EURO_RENOVATION,,,,,PANEL,,10,true,,shengavit
Y21-11D1A204,38288800,531789,72,,,3,1,,4,0,,,,EURO_RENOVATION,,,,,STONE,,4,false,,shengavit
Y21-29ADF3EB,37785000,229000,165,,,3,1,,1,1,,,,EURO_RENOVATION,,,,,STONE,,5,false,,shengavit
Y21-5A83D3A6,19144400,598263,32,,,1,1,,1,0,,,,GOOD,,,,,STONE,,4,false,,shengavit
Y21-0D2C6464,29724200,550448,54,,,1,1,,4,1,,,,EURO_RENOVATION,,,,,PANEL,,9,true,,shengavit
Y21-EB821331,32747000,409338,80,,,3,1,,1,1,,,,NEEDS_REPAIR,,,,,STONE,,5,false,,shengavit
Y21-C2A1A024,27709000,374446,74,,,3,1,,4,1,,,,EURO_RENOVATION,,,,,PANEL,,9,true,,shengavit
Y21-F8AE467B,30731800,439026,70,,,3,1,,1,1,,,,EURO_RENOVATION,,,,,STONE,,5,false,,shengavit
Y21-FCEEA48B,20152000,428766,47,,,1,1,,2,1,,,,GOOD,,,,,MONOLITH,,9,true,,shengavit
Y21-E20425D6,30228000,387538,78,,,3,1,,5,0,,,,GOOD,,,,,PANEL,,9,true,,shengavit
Y21-49477B05,28212800,512960,55,,,2,1,,2,1,,,,GOOD,,,,,STONE,,4,false,,shengavit
Y21-5F52676C,12595000,322949,39,,,2,1,,6,1,,,,GOOD,,,,,STONE,,6,true,,shengavit
Y21-06D96616,9572200,416183,23,,,1,1,,3,1,,,,GOOD,,,,,STONE,,6,true,,shengavit
Y21-F5559074,34762200,445669,78,,,3,2,,9,1,,,,GOOD,,,,,PANEL,,9,true,,shengavit
Y21-16806B37,32747000,545783,60,,,2,1,,3,2,,,,GOOD,,,,,STONE,,4,false,,shengavit
Y21-777FE0D3,29220400,521793,56,,,2,1,,5,1,,,,EURO_RENOVATION,,,,,STONE,,5,false,,shengavit
Y21-1D0898C3,24182400,350470,69,,,3,2,,4,1,,,,GOOD,,,,,STONE,,4,false,,shengavit
Y21-8AC4AB04,24182400,439680,55,,,2,1,,1,1,,,,EURO_RENOVATION,,,,,MONOLITH,,4,false,,shengavit
Y21-493E96D4,18136800,518194,35,,,2,1,,2,0,,,,NEEDS_REPAIR,,,,,NEW_BUILD,,8,true,,shengavit
Y21-FA13A6A9,17633000,419833,42,,,2,1,,4,0,,,,EURO_RENOVATION,,,,,STONE,,6,true,,shengavit
Y21-987992E3,19144400,416183,46,,,2,1,,1,1,,,,EURO_RENOVATION,,,,,STONE,,5,false,,shengavit
Y21-55529172,21159600,341284,62,,,4,1,,1,0,,,,EURO_RENOVATION,,,,,STONE,,6,true,,shengavit
Y21-8AF91ABE,32747000,327470,100,,,4,1,,6,2,,,,EURO_RENOVATION,,,,,PANEL,,9,true,,shengavit
Y21-7E5E4A0F,22671000,306365,74,,,3,2,,5,1,,,,GOOD,,,,,PANEL,,8,true,,shengavit
Y21-9FA07D39,16121600,447822,36,,,2,1,,3,0,,,,EURO_RENOVATION,,,,,STONE,,8,true,,shengavit
Y21-112D81CA,43326800,503800,86,,,3,1,,3,2,,,,GOOD,,,,,STONE,,5,false,,shengavit
Y21-3F6ADA88,31235600,390445,80,,,3,1,,9,1,,,,EURO_RENOVATION,,,,,PANEL,,9,true,,shengavit
Y21-D4D02FCA,13350700,185426,72,,,4,1,,4,0,,,,GOOD,,,,,PANEL,,4,false,,shengavit
Y21-B41747B7,20655800,413116,50,,,2,1,,6,0,,,,NEEDS_REPAIR,,,,,PANEL,,9,true,,shengavit
Y21-8AD5D134,37785000,377850,100,,,4,1,,6,2,,,,EURO_RENOVATION,,,,,MONOLITH,,13,true,,shengavit
Y21-EAB79971,46853400,498440,94,,,3,1,,5,1,,,,EURO_RENOVATION,,,,,PANEL,,10,true,,shengavit
Y21-25F005ED,31739400,401765,79,,,3,1,,6,1,,,,EURO_RENOVATION,,,,,PANEL,,9,true,,shengavit
Y21-F32C0170,19144400,531789,36,,,1,1,,1,1,,,,GOOD,,,,,PANEL,,9,true,,shengavit
Y21-0D1D861E,17633000,267167,66,,,2,1,,9,0,,,,NEEDS_REPAIR,,,,,PANEL,,9,true,,shengavit
Y21-B6CF6855,14862100,275224,54,,,2,1,,3,0,,,,GOOD,,,,,STONE,,7,true,,shengavit
Y21-260CBB0B,12595000,349861,36,,,2,1,,5,0,,,,EURO_RENOVATION,,,,,PANEL,,9,true,,shengavit
Y21-00E29CCB,37785000,410707,92,,,4,1,,2,0,,,,EURO_RENOVATION,,,,,STONE,,5,false,,shengavit
Y21-748589C0,30228000,503800,60,,,3,1,,2,1,,,,EURO_RENOVATION,,,,,STONE,,5,false,,shengavit
Y21-8C63FD5C,9219540,368782,25,,,1,1,,4,1,,,,GOOD,,,,,STONE,,6,true,,shengavit
Y21-EC142F4D,37785000,444529,85,,,3,1,,9,0,,,,NEEDS_REPAIR,,,,,PANEL,,9,true,,shengavit
Y21-0CEC2DFE,28716600,319073,90,,,4,1,,3,1,,,,GOOD,,,,,PANEL,,9,true,,shengavit
Y21-B1333D69,30228000,419833,72,,,2,1,,2,2,,,,NEEDS_REPAIR,,,,,STONE,,4,false,,shengavit
Y21-B91657AF,22167200,633349,35,,,1,1,,3,1,,,,GOOD,,,,,STONE,,3,false,,shengavit
Y21-0EB9B1F5,47861000,498552,96,,,3,1,,4,0,,,,NEEDS_REPAIR,,,,,STONE,,4,false,,shengavit
Y21-2D8B4B32,32243200,481242,67,,,2,1,,2,0,,,,GOOD,,,,,STONE,,5,false,,shengavit
Y21-5DD118D4,26197600,261976,100,,,3,1,,2,1,,,,GOOD,,,,,STONE,,2,false,,shengavit
Y21-E073AB0D,57937000,579370,100,,,3,1,,3,1,,,,EURO_RENOVATION,,,,,STONE,,4,false,,shengavit
Y21-E9D74159,17633000,410070,43,,,1,1,,7,1,,,,NEEDS_REPAIR,,,,,PANEL,,9,true,,shengavit
Y21-FB3BF7FD,14106400,414894,34,,,1,1,,4,0,,,,NEEDS_REPAIR,,,,,PANEL,,4,false,,shengavit
Y21-98B1A167,27709000,461817,60,,,3,1,,9,1,,,,EURO_RENOVATION,,,,,PANEL,,9,true,,shengavit
Y21-F299F238,33754600,462392,73,,,3,1,,2,1,,,,EURO_RENOVATION,,,,,PANEL,,9,true,,shengavit
Y21-859F0DEA,28212800,440825,64,,,3,1,,3,1,,,,EURO_RENOVATION,,,,,STONE,,4,false,,shengavit
Y21-DC4B345E,13602600,188925,72,,,4,2,,4,0,,,,GOOD,,,,,STONE,,4,false,,shengavit
Y21-95D43290,12595000,299881,42,,,2,1,,2,0,,,,GOOD,,,,,STONE,,5,false,,shengavit
Y21-ADADBDDF,37785000,503800,75,,,3,1,,8,1,,,,EURO_RENOVATION,,,,,PANEL,,9,true,,shengavit
Y21-2044743E,30228000,521172,58,,,2,1,,3,1,,,,GOOD,,,,,STONE,,5,false,,shengavit
Y21-F296FA47,9068400,503800,18,,,1,1,,8,0,,,,EURO_RENOVATION,,,,,NEW_BUILD,,8,true,,shengavit
Y21-EEF02937,37785000,619426,61,,,2,2,,1,0,,,,EURO_RENOVATION,,,,,NEW_BUILD,,3,false,,shengavit
Y21-D759DAC5,33754600,421933,80,,,2,1,,1,2,,,,EURO_RENOVATION,,,,,STONE,,9,true,,shengavit
Y21-B3DF80BA,37785000,439360,86,,,2,1,,3,1,,,,NEEDS_REPAIR,,,,,PANEL,,10,true,,shengavit
Y21-CCF80918,39296400,503800,78,,,3,1,,4,2,,,,EURO_RENOVATION,,,,,PANEL,,4,false,,shengavit
Y21-1339EE4F,37785000,503800,75,,,3,1,,3,1,,,,EURO_RENOVATION,,,,,NEW_BUILD,,5,false,,shengavit
Y21-188B582F,21663400,451321,48,,,1,1,,6,1,,,,GOOD,,,,,PANEL,,10,true,,shengavit
Y21-246D2400,11083600,527790,21,,,1,1,,3,1,,,,EURO_RENOVATION,,,,,PANEL,,6,true,,shengavit
Y21-EB46F26B,23174800,373787,62,,,3,2,,2,1,,,,GOOD,,,,,PANEL,,4,false,,shengavit
Y21-AFB90B7A,8564600,407838,21,,,1,1,,6,0,,,,GOOD,,,,,STONE,,6,true,,shengavit
Y21-DD1770BE,28212800,503800,56,,,2,1,,2,2,,,,EURO_RENOVATION,,,,,STONE,,4,false,,shengavit
Y21-50272E38,22671000,503800,45,,,1,1,,5,1,,,,EURO_RENOVATION,,,,,STONE,,5,false,,shengavit
Y21-EC1F507D,35266000,391844,90,,,3,1,,5,1,,,,GOOD,,,,,STONE,,10,true,,shengavit
Y21-DCD551B5,27205200,340065,80,,,3,1,,9,1,,,,GOOD,,,,,PANEL,,9,true,,shengavit
Y21-3CE94779,29220400,429712,68,,,3,1,,5,1,,,,GOOD,,,,,STONE,,5,false,,shengavit
Y21-5859482B,20152000,314875,64,,,3,1,,3,1,,,,GOOD,,,,,STONE,,3,false,,shengavit
Y21-B9E23210,35215620,414301,85,,,3,1,,10,1,,,,GOOD,,,,,PANEL,,10,true,,shengavit
Y21-32954500,19144400,580133,33,,,1,1,,2,1,,,,GOOD,,,,,STONE,,4,false,,shengavit
Y21-FE66F43C,36273600,503800,72,,,3,1,,4,1,,,,EURO_RENOVATION,,,,,STONE,,4,false,,shengavit
Y21-179F0ABF,36273600,412200,88,,,3,1,,4,0,,,,EURO_RENOVATION,,,,,STONE,,5,false,,shengavit
Y21-763CD56B,141064000,1282400,110,,,4,1,,2,0,,,,EURO_RENOVATION,,,,,STONE,,4,false,,shengavit
Y21-74758BC6,32747000,454819,72,,,3,1,,1,0,,,,EURO_RENOVATION,,,,,STONE,,5,false,,shengavit
Y21-82920A0B,39800200,418949,95,,,3,2,,5,1,,,,EURO_RENOVATION,,,,,PANEL,,10,true,,shengavit
Y21-B54B6D5D,19144400,375380,51,,,2,1,,1,0,,,,GOOD,,,,,PANEL,,4,false,,shengavit
Y21-24649704,20152000,191924,105,,,4,1,,4,0,,,,NEEDS_REPAIR,,,,,STONE,,4,false,,shengavit
Y21-37305514,16625400,519544,32,,,2,1,,2,0,,,,EURO_RENOVATION,,,,,STONE,,4,false,,shengavit
Y21-8176DE4F,25190000,547609,46,,,2,1,,5,1,,,,EURO_RENOVATION,,,,,STONE,,5,false,,shengavit
Y21-55FBF9E3,10579800,480900,22,,,1,1,,5,0,,,,EURO_RENOVATION,,,,,PANEL,,6,true,,shengavit
Y21-78092BD0,33754600,432751,78,,,3,1,,8,1,,,,GOOD,,,,,PANEL,,9,true,,shengavit
Y21-61511AC1,31235600,664587,47,,,2,1,,2,0,,,,EURO_RENOVATION,,,,,PANEL,,9,true,,shengavit
Y21-10447436,15114000,503800,30,,,1,1,,1,0,,,,EURO_RENOVATION,,,,,PANEL,,5,false,,shengavit
Y21-8DA9CCF5,25693800,428230,60,,,2,1,,1,1,,,,GOOD,,,,,STONE,,5,false,,shengavit
Y21-FD396DFE,40304000,530316,76,,,3,1,,6,2,,,,EURO_RENOVATION,,,,,PANEL,,9,true,,shengavit
Y21-C75A96A3,18640600,582519,32,,,1,1,,4,1,,,,EURO_RENOVATION,,,,,PANEL,,4,false,,shengavit
Y21-B4719187,36777400,612957,60,,,2,1,,9,0,,,,EURO_RENOVATION,,,,,PANEL,,12,true,,shengavit
Y21-17D6956E,27709000,413567,67,,,2,1,,5,1,,,,EURO_RENOVATION,,,,,PANEL,,9,true,,shengavit
Y21-66B60D9B,18136800,362736,50,,,2,1,,3,1,,,,GOOD,,,,,PANEL,,5,false,,shengavit
Y21-E7B9249F,45342000,440214,103,,,4,2,,1,0,,,,EURO_RENOVATION,,,,,STONE,,5,false,,shengavit
Y21-AC035811,17633000,430073,41,,,2,1,,6,1,,,,GOOD,,,,,STONE,,6,true,,shengavit
Y21-73F318D7,41311600,565912,73,,,3,1,,5,0,,,,EURO_RENOVATION,,,,,NEW_BUILD,,5,false,,shengavit
Y21-E364387F,18136800,604560,30,,,1,1,,3,1,,,,GOOD,,,,,STONE,,5,false,,shengavit
Y21-25740C0E,15114000,359857,42,,,1,1,,3,1,,,,GOOD,,,,,PANEL,,4,false,,shengavit
Y21-F8789709,22167200,284195,78,,,3,2,,1,0,,,,EURO_RENOVATION,,,,,NEW_BUILD,,2,false,,shengavit
Y21-260FFF07,20152000,335867,60,,,3,1,,1,0,,,,EURO_RENOVATION,,,,,STONE,,5,false,,shengavit
Y21-8508E529,8060800,503800,16,,,1,1,,7,0,,,,GOOD,,,,,STONE,,8,true,,shengavit
Y21-269FA4B0,6801300,170033,40,,,2,1,,1,2,,,,NEEDS_REPAIR,,,,,STONE,,5,false,,shengavit
Y21-5935A31F,22922900,327470,70,,,3,1,,1,2,,,,EURO_RENOVATION,,,,,STONE,,5,false,,shengavit
Y21-B5AD347C,21663400,451321,48,,,1,1,,6,1,,,,GOOD,,,,,PANEL,,9,true,,shengavit
Y21-15D2EE9A,33250800,437511,76,,,3,1,,5,1,,,,GOOD,,,,,STONE,,5,false,,shengavit
Y21-BA3B37FB,22671000,306365,74,,,3,1,,1,0,,,,EURO_RENOVATION,,,,,STONE,,5,false,,shengavit
Y21-B24A326E,22671000,306365,74,,,3,1,,1,0,,,,EURO_RENOVATION,,,,,STONE,,5,false,,shengavit
Y21-886C2C78,36273600,465046,78,,,3,1,,2,0,,,,GOOD,,,,,STONE,,4,false,,shengavit
Y21-A6706DAC,13350700,303425,44,,,2,1,,2,1,,,,GOOD,,,,,STONE,,6,true,,shengavit
Y21-EFE1B08E,27709000,337915,82,,,4,1,,3,2,,,,NEEDS_REPAIR,,,,,STONE,,5,false,,shengavit
Y21-07E9CBBD,10831700,492350,22,,,1,1,,3,0,,,,GOOD,,,,,STONE,,5,false,,shengavit
Y21-97201C1D,40304000,491512,82,,,3,1,,4,0,,,,NEEDS_REPAIR,,,,,STONE,,4,false,,shengavit
Y21-8D4F21BC,25190000,345068,73,,,3,1,,5,0,,,,EURO_RENOVATION,,,,,STONE,,5,false,,shengavit
Y21-5735675B,40304000,503800,80,,,3,1,,1,0,,,,EURO_RENOVATION,,,,,PANEL,,4,false,,shengavit
Y21-60371A9F,24182400,439680,55,,,2,1,,1,0,,,,NEEDS_REPAIR,,,,,STONE,,5,false,,shengavit
Y21-9ED7E8EB,16121600,520052,31,,,1,1,,3,1,,,,GOOD,,,,,STONE,,4,false,,shengavit
Y21-33DA4ECA,29220400,307583,95,,,3,1,,1,1,,,,GOOD,,,,,PANEL,,10,true,,shengavit
Y21-A4A58AF8,21663400,601761,36,,,1,1,,3,1,,,,EURO_RENOVATION,,,,,STONE,,5,false,,shengavit
Y21-2C5824BA,28212800,494961,57,,,3,1,,3,1,,,,GOOD,,,,,NEW_BUILD,,3,false,,shengavit
Y21-22EFBB2D,22671000,552951,41,,,2,1,,1,0,,,,NEEDS_REPAIR,,,,,PANEL,,4,false,,shengavit
Y21-77C10457,17633000,359857,49,,,1,1,,2,1,,,,EURO_RENOVATION,,,,,NEW_BUILD,,2,false,,shengavit
Y21-AF6F4817,42823000,460462,93,,,4,1,,2,0,,,,EURO_RENOVATION,,,,,STONE,,2,false,,shengavit
Y21-2966DD73,27709000,791686,35,,,1,1,,4,0,,,,NEEDS_REPAIR,,,,,STONE,,4,false,,shengavit
Y21-B579D745,30228000,530316,57,,,2,1,,4,1,,,,NEEDS_REPAIR,,,,,STONE,,5,false,,shengavit
Y21-C0D7C5F6,23174800,413836,56,,,2,1,,4,1,,,,GOOD,,,,,STONE,,4,false,,shengavit
Y21-3509C1D1,18640600,443824,42,,,1,1,,8,1,,,,NEEDS_REPAIR,,,,,PANEL,,10,true,,shengavit
Y21-995FE449,38792600,554180,70,,,3,1,,4,1,,,,EURO_RENOVATION,,,,,STONE,,5,false,,shengavit
Y21-B17DA2B3,17633000,587767,30,,,1,1,,3,1,,,,EURO_RENOVATION,,,,,STONE,,4,false,,shengavit
Y21-4F58CDBA,36273600,412200,88,,,3,1,,4,1,,,,EURO_RENOVATION,,,,,STONE,,5,false,,shengavit
Y21-917DDF83,10327900,607524,17,,,1,1,,7,0,,,,EURO_RENOVATION,,,,,PANEL,,8,true,,shengavit
Y21-31C0CFFB,17129200,380649,45,,,2,1,,4,2,,,,GOOD,,,,,STONE,,8,true,,shengavit
Y21-DFD6E4F1,13602600,348785,39,,,2,1,,1,0,,,,NEEDS_REPAIR,,,,,STONE,,6,true,,shengavit
Y21-CE0E3B84,42823000,497942,86,,,3,1,,3,1,,,,EURO_RENOVATION,,,,,STONE,,8,true,,shengavit
Y21-2543E789,95722000,747828,128,,,3,1,,2,0,,,,NEEDS_REPAIR,,,,,STONE,,7,true,,shengavit
Y21-525BEFFF,28716600,441794,65,,,2,1,,2,0,,,,NEEDS_REPAIR,,,,,STONE,,5,false,,shengavit
Y21-0C8CF8D5,34258400,462951,74,,,3,1,,1,1,,,,EURO_RENOVATION,,,,,STONE,,5,false,,shengavit
Y21-6CBB3B4C,28968500,371391,78,,,3,1,,9,0,,,,EURO_RENOVATION,,,,,PANEL,,9,true,,shengavit
Y21-44145656,26701400,410791,65,,,2,1,,4,1,,,,GOOD,,,,,STONE,,5,false,,shengavit
Y21-8E2D2F43,30228000,377850,80,,,3,3,,2,1,,,,GOOD,,,,,STONE,,4,false,,shengavit
Y21-1136693A,27709000,355244,78,,,3,1,,6,1,,,,GOOD,,,,,PANEL,,9,true,,shengavit
Y21-1270ABD6,18640600,182751,102,,,5,2,,1,1,,,,GOOD,,,,,STONE,,4,false,,shengavit
Y21-9E82012F,30228000,408486,74,,,3,1,,1,0,,,,NEEDS_REPAIR,,,,,PANEL,,9,true,,shengavit
Y21-4D60F7D2,40304000,433376,93,,,3,1,,2,0,,,,EURO_RENOVATION,,,,,STONE,,4,false,,shengavit
Y21-4FE75F5C,41311600,558265,74,,,2,1,,4,0,,,,NEEDS_REPAIR,,,,,STONE,,5,false,,shengavit
Y21-770C9A8C,33754600,444139,76,,,3,1,,5,0,,,,EURO_RENOVATION,,,,,STONE,,5,false,,shengavit
Y21-E36A178B,35266000,470213,75,,,3,1,,5,1,,,,EURO_RENOVATION,,,,,STONE,,5,false,,shengavit
Y21-27F93012,26701400,370853,72,,,3,1,,1,1,,,,EURO_RENOVATION,,,,,STONE,,2,false,,shengavit
Y21-66A94317,37785000,472313,80,,,3,1,,1,0,,,,NEEDS_REPAIR,,,,,STONE,,5,false,,shengavit
Y21-DE02590B,35769800,476931,75,,,3,1,,2,0,,,,EURO_RENOVATION,,,,,STONE,,5,false,,shengavit
Y21-E111CC52,20152000,544649,37,,,1,1,,4,1,,,,NEEDS_REPAIR,,,,,STONE,,5,false,,shengavit
Y21-CD3CE305,31235600,325371,96,,,4,1,,4,0,,,,NEEDS_REPAIR,,,,,PANEL,,4,false,,shengavit
Y21-1EF800E8,30228000,431829,70,,,2,1,,5,1,,,,GOOD,,,,,STONE,,5,false,,shengavit
Y21-3D62DCB1,27709000,469644,59,,,2,1,,1,0,,,,GOOD,,,,,STONE,,5,false,,shengavit
Y21-F81DA1F1,26701400,300016,89,,,4,1,,5,1,,,,GOOD,,,,,PANEL,,9,true,,shengavit
Y21-8644338B,19144400,455819,42,,,2,1,,4,1,,,,GOOD,,,,,STONE,,4,false,,shengavit
Y21-9C6EE203,19144400,598263,32,,,2,1,,4,1,,,,EURO_RENOVATION,,,,,STONE,,4,false,,shengavit
Y21-C88966EC,13098800,319483,41,,,2,1,,6,1,,,,GOOD,,,,,STONE,,6,true,,shengavit
Y21-18648E95,37785000,419833,90,,,3,1,,5,0,,,,GOOD,,,,,STONE,,5,false,,shengavit
Y21-E70673F2,33754600,468814,72,,,2,1,,1,0,,,,EURO_RENOVATION,,,,,STONE,,4,false,,shengavit
Y21-DDBE3521,50380000,484423,104,,,3,2,,1,1,,,,EURO_RENOVATION,,,,,PANEL,,9,true,,shengavit
Y21-77CEB9F3,55418000,644395,86,,,3,2,,2,0,,,,EURO_RENOVATION,,,,,NEW_BUILD,,5,false,,shengavit
Y21-FB014CD3,30228000,539786,56,,,2,1,,5,0,,,,EURO_RENOVATION,,,,,STONE,,5,false,,shengavit
Y21-2402E431,25190000,229000,110,,,5,2,,1,0,,,,GOOD,,,,,STONE,,1,false,,shengavit
Y21-912EED50,55418000,335867,165,,,3,1,,1,0,,,,GOOD,,,,,STONE,,3,false,,shengavit
Y21-35128C08,30228000,521172,58,,,2,1,,2,2,,,,GOOD,,,,,STONE,,5,false,,shengavit
Y21-6F0DCD25,12091200,345463,35,,,2,1,,3,0,,,,NEEDS_REPAIR,,,,,PANEL,,9,true,,shengavit
Y21-32198C77,33754600,432751,78,,,3,1,,2,0,,,,GOOD,,,,,STONE,,5,false,,shengavit
Y21-AC3EAE06,27709000,513130,54,,,2,1,,1,0,,,,GOOD,,,,,STONE,,5,false,,shengavit
Y21-06BAB872,33754600,387984,87,,,3,1,,1,0,,,,GOOD,,,,,PANEL,,9,true,,shengavit
Y21-A7ED0AD9,32747000,363856,90,,,3,2,,9,0,,,,GOOD,,,,,PANEL,,10,true,,shengavit
Y21-81C5D7A5,21663400,585497,37,,,2,3,,6,0,,,,EURO_RENOVATION,,,,,PANEL,,9,true,,shengavit
Y21-5E5ED740,34258400,561613,61,,,2,1,,4,0,,,,NEEDS_REPAIR,,,,,STONE,,6,true,,shengavit
Y21-ACAEEF63,35769800,415928,86,,,3,1,,4,0,,,,EURO_RENOVATION,,,,,STONE,,5,false,,shengavit
Y21-645A0639,29976100,305879,98,,,3,1,,8,1,,,,GOOD,,,,,PANEL,,10,true,,shengavit
Y21-477A4D02,16121600,124012,130,,,2,1,,1,0,,,,EURO_RENOVATION,,,,,NEW_BUILD,,1,false,,shengavit
Y21-76679E98,32747000,481574,68,,,2,1,,2,0,,,,GOOD,,,,,STONE,,5,false,,shengavit
Y21-B3906031,15114000,308449,49,,,2,1,,3,0,,,,NEEDS_REPAIR,,,,,PANEL,,5,false,,shengavit
Y21-B894D3D5,34762200,362106,96,,,3,1,,5,0,,,,GOOD,,,,,PANEL,,13,true,,shengavit
Y21-91ACD1E9,29220400,328319,89,,,4,1,,7,0,,,,GOOD,,,,,PANEL,,9,true,,shengavit
Y21-8785B5FE,37785000,629750,60,,,2,1,,2,0,,,,EURO_RENOVATION,,,,,STONE,,4,false,,shengavit
Y21-B82AF514,20152000,219043,92,,,3,1,,1,0,,,,GOOD,,,,,STONE,,1,false,,shengavit
Y21-00490192,18136800,279028,65,,,2,1,,1,0,,,,GOOD,,,,,STONE,,3,false,,shengavit
Y21-576055DF,37785000,466481,81,,,3,1,,8,0,,,,EURO_RENOVATION,,,,,PANEL,,9,true,,shengavit
Y21-65235657,28212800,348306,81,,,3,1,,8,0,,,,GOOD,,,,,PANEL,,9,true,,shengavit
Y21-3CC3FF3B,43830600,438306,100,,,3,1,,3,0,,,,EURO_RENOVATION,,,,,PANEL,,10,true,,shengavit
Y21-571285C4,27709000,307878,90,,,4,1,,3,0,,,,GOOD,,,,,PANEL,,4,false,,shengavit
Y21-5866AF35,7053200,371221,19,,,1,1,,4,1,,,,GOOD,,,,,STONE,,6,true,,shengavit
Y21-DF063757,34762200,337497,103,,,3,1,,5,0,,,,GOOD,,,,,PANEL,,13,true,,shengavit
Y21-3B104EC0,34762200,362106,96,,,3,1,,5,0,,,,GOOD,,,,,PANEL,,13,true,,shengavit
Y21-1E5A25C3,37785000,484423,78,,,3,1,,2,0,,,,NEEDS_REPAIR,,,,,STONE,,5,false,,shengavit
Y21-AC6E7A82,16121600,520052,31,,,1,1,,3,0,,,,EURO_RENOVATION,,,,,STONE,,4,false,,shengavit
Y21-A83E91B7,29724200,464441,64,,,2,1,,10,0,,,,EURO_RENOVATION,,,,,PANEL,,10,true,,shengavit
Y21-3ADB6502,21915300,438306,50,,,2,1,,3,0,,,,GOOD,,,,,PANEL,,4,false,,shengavit
Y21-34EA54F2,34762200,369811,94,,,3,1,,6,0,,,,EURO_RENOVATION,,,,,PANEL,,10,true,,shengavit
Y21-B5E9EDB1,15114000,472313,32,,,1,1,,1,0,,,,NEEDS_REPAIR,,,,,STONE,,5,false,,shengavit
Y21-43ACA077,10076000,419833,24,,,1,1,,6,0,,,,GOOD,,,,,STONE,,6,true,,shengavit
Y21-E4BF2845,7053200,320600,22,,,1,1,,3,0,,,,GOOD,,,,,STONE,,6,true,,shengavit
Y21-394A9C46,23174800,356535,65,,,2,1,,8,0,,,,EURO_RENOVATION,,,,,PANEL,,9,true,,shengavit
Y21-A2E1EFC5,30228000,472313,64,,,3,1,,4,0,,,,EURO_RENOVATION,,,,,STONE,,4,false,,shengavit
Y21-0AD13E56,40304000,411265,98,,,4,1,,3,0,,,,GOOD,,,,,PANEL,,9,true,,shengavit
Y21-8006DC4A,37281200,396609,94,,,4,1,,7,0,,,,EURO_RENOVATION,,,,,PANEL,,9,true,,shengavit
Y21-71B3DDC7,15114000,503800,30,,,1,1,,2,0,,,,EURO_RENOVATION,,,,,STONE,,4,false,,shengavit
Y21-08056EC5,21411500,281730,76,,,3,1,,5,0,,,,GOOD,,,,,STONE,,5,false,,shengavit
Y21-545A9AAF,23074040,512756,45,,,2,1,,5,0,,,,EURO_RENOVATION,,,,,PANEL,,10,true,,shengavit
Y21-04F1D0EE,60456000,525704,115,,,3,1,,7,0,,,,NEEDS_REPAIR,,,,,STONE,,7,true,,shengavit
Y21-09E5DB49,25190000,359857,70,,,3,1,,3,0,,,,NEEDS_REPAIR,,,,,STONE,,10,true,,shengavit
Y21-5F42FF80,40304000,537387,75,,,3,1,,4,0,,,,GOOD,,,,,STONE,,4,false,,shengavit
Y21-05D9052B,28716600,428606,67,,,2,1,,6,0,,,,EURO_RENOVATION,,,,,NEW_BUILD,,9,true,,shengavit
Y21-DF77514B,32747000,419833,78,,,3,1,,7,0,,,,EURO_RENOVATION,,,,,PANEL,,9,true,,shengavit
Y21-7C6EF5B6,30228000,472313,64,,,2,1,,3,0,,,,GOOD,,,,,STONE,,5,false,,shengavit
Y21-B6AA0876,7405860,176330,42,,,1,1,,3,0,,,,GOOD,,,,,STONE,,5,false,,shengavit
Y21-81E13BFE,57937000,597289,97,,,3,1,,3,0,,,,EURO_RENOVATION,,,,,STONE,,5,false,,shengavit
Y21-16DDA27D,16625400,449335,37,,,1,1,,3,0,,,,NEEDS_REPAIR,,,,,PANEL,,4,false,,shengavit
Y21-6A48E4CF,32747000,419833,78,,,3,1,,5,0,,,,GOOD,,,,,STONE,,5,false,,shengavit
Y21-0DE37F7E,24182400,331266,73,,,3,1,,3,0,,,,GOOD,,,,,PANEL,,4,false,,shengavit
Y21-62986A3C,24686200,503800,49,,,1,1,,5,0,,,,GOOD,,,,,STONE,,5,false,,shengavit
Y21-A65A7CBE,37785000,320212,118,,,4,1,,13,0,,,,NEEDS_REPAIR,,,,,PANEL,,16,true,,shengavit
Y21-796C080E,18640600,278218,67,,,2,2,,1,0,,,,GOOD,,,,,PANEL,,4,false,,shengavit
Y21-821DD2F4,20152000,403040,50,,,2,1,,1,0,,,,EURO_RENOVATION,,,,,STONE,,3,false,,shengavit
Y21-977F3E22,31235600,339517,92,,,4,1,,5,0,,,,GOOD,,,,,STONE,,5,false,,shengavit
Y21-482534DF,24182400,465046,52,,,2,1,,1,0,,,,NEEDS_REPAIR,,,,,PANEL,,4,false,,shengavit
Y21-48421A00,15114000,133752,113,,,3,1,,1,0,,,,GOOD,,,,,STONE,,1,false,,shengavit
Y21-930B000C,31739400,511926,62,,,2,1,,2,0,,,,GOOD,,,,,STONE,,4,false,,shengavit
Y21-7BBB1D59,33250800,369453,90,,,3,1,,7,0,,,,GOOD,,,,,PANEL,,9,true,,shengavit
Y21-067B1D3D,23678600,503800,47,,,1,1,,1,0,,,,NEEDS_REPAIR,,,,,STONE,,5,false,,shengavit
Y21-616C0A3E,31235600,422103,74,,,3,1,,3,0,,,,GOOD,,,,,STONE,,5,false,,shengavit
Y21-59966CE6,31235600,538545,58,,,3,1,,1,0,,,,EURO_RENOVATION,,,,,STONE,,3,false,,shengavit
Y21-4B4E105C,23678600,438493,54,,,2,1,,9,0,,,,EURO_RENOVATION,,,,,STONE,,9,true,,shengavit
Y21-A20E318E,40304000,629750,64,,,1,1,,1,0,,,,EURO_RENOVATION,,,,,STONE,,4,false,,shengavit
Y21-BB06AF0C,16625400,554180,30,,,1,1,,1,0,,,,EURO_RENOVATION,,,,,STONE,,4,false,,shengavit
Y21-3DC7A103,32747000,442527,74,,,3,2,,7,0,,,,GOOD,,,,,PANEL,,10,true,,shengavit
Y21-31C1CFA4,9068400,251900,36,,,2,1,,1,0,,,,GOOD,,,,,PANEL,,8,true,,shengavit
Y21-9D246D19,30731800,472797,65,,,3,1,,4,0,,,,EURO_RENOVATION,,,,,PANEL,,4,false,,shengavit
Y21-67EA710D,25190000,251900,100,,,4,1,,1,0,,,,NEEDS_REPAIR,,,,,STONE,,4,false,,shengavit
Y21-F180CAE1,22671000,310562,73,,,3,1,,1,0,,,,NEEDS_REPAIR,,,,,STONE,,3,false,,shengavit
Y21-EC7C6451,21159600,729641,29,,,1,2,,1,0,,,,NEEDS_REPAIR,,,,,STONE,,5,false,,shengavit
Y21-6860603A,50380000,503800,100,,,4,1,,1,0,,,,EURO_RENOVATION,,,,,STONE,,5,false,,shengavit
Y21-3C25120F,9068400,412200,22,,,1,1,,4,0,,,,EURO_RENOVATION,,,,,STONE,,6,true,,shengavit
Y21-AEE3A433,10076000,458000,22,,,1,1,,2,0,,,,EURO_RENOVATION,,,,,STONE,,6,true,,shengavit
Y21-66FA6143,83127000,561669,148,,,5,2,,1,0,,,,EURO_RENOVATION,,,,,STONE,,5,false,,shengavit
Y21-F021B8F3,35266000,496704,71,,,3,1,,5,0,,,,EURO_RENOVATION,,,,,STONE,,5,false,,shengavit
Y21-E037A356,22671000,515250,44,,,2,1,,7,0,,,,EURO_RENOVATION,,,,,PANEL,,9,true,,shengavit
Y21-E83C0DD7,22671000,435981,52,,,2,1,,2,0,,,,NEEDS_REPAIR,,,,,PANEL,,4,false,,shengavit
Y21-355F1D4B,26197600,331615,79,,,3,1,,9,0,,,,EURO_RENOVATION,,,,,PANEL,,9,true,,shengavit
Y21-276A37D8,19144400,222609,86,,,3,1,,1,0,,,,NEEDS_REPAIR,,,,,STONE,,3,false,,shengavit
Y21-639A6787,16121600,537387,30,,,1,1,,1,0,,,,NEEDS_REPAIR,,,,,STONE,,4,false,,shengavit
Y21-BEB9D5AD,34258400,412752,83,,,3,1,,2,0,,,,NEEDS_REPAIR,,,,,STONE,,4,false,,shengavit
Y21-7F25E497,50380000,479810,105,,,4,1,,5,0,,,,NEEDS_REPAIR,,,,,PANEL,,14,true,,shengavit
Y21-90E144D5,34762200,362106,96,,,3,1,,5,0,,,,NEEDS_REPAIR,,,,,PANEL,,13,true,,shengavit
Y21-36E577ED,26197600,281695,93,,,5,1,,2,0,,,,NEEDS_REPAIR,,,,,PANEL,,4,false,,shengavit
Y21-24565740,18640600,443824,42,,,2,1,,2,0,,,,NEEDS_REPAIR,,,,,PANEL,,3,false,,shengavit
Y21-53773B6E,22671000,404839,56,,,2,1,,5,0,,,,NEEDS_REPAIR,,,,,STONE,,5,false,,shengavit
Y21-D23D13B3,28212800,335867,84,,,2,1,,3,0,,,,NEEDS_REPAIR,,,,,STONE,,5,false,,shengavit
Y21-DCF37D29,30228000,451164,67,,,2,1,,5,0,,,,NEEDS_REPAIR,,,,,STONE,,5,false,,shengavit
Y21-426CDD92,45342000,453420,100,,,4,1,,2,0,,,,NEEDS_REPAIR,,,,,STONE,,3,false,,shengavit
Y21-3894CBD2,10076000,458000,22,,,1,1,,1,0,,,,NEEDS_REPAIR,,,,,STONE,,3,false,,shengavit
Y21-0E243218,12595000,193769,65,,,2,1,,2,0,,,,NEEDS_REPAIR,,,,,STONE,,2,false,,shengavit
Y21-308281BB,7808900,390445,20,,,1,1,,2,0,,,,NEEDS_REPAIR,,,,,PANEL,,6,true,,shengavit
Y21-354A5E19,39044500,410995,95,,,4,1,,6,0,,,,NEEDS_REPAIR,,,,,PANEL,,9,true,,shengavit
Y21-CB032711,37785000,490714,77,,,3,1,,9,0,,,,NEEDS_REPAIR,,,,,PANEL,,9,true,,shengavit
Y21-306EABE5,20152000,395137,51,,,1,1,,5,0,,,,NEEDS_REPAIR,,,,,STONE,,5,false,,shengavit
Y21-5C1C45E8,23174800,662137,35,,,1,1,,1,0,,,,NEEDS_REPAIR,,,,,STONE,,5,false,,shengavit
Y21-4616C963,23174800,399566,58,,,3,1,,5,0,,,,NEEDS_REPAIR,,,,,STONE,,5,false,,shengavit
Y21-1A089803,35266000,396247,89,,,3,1,,1,0,,,,NEEDS_REPAIR,,,,,STONE,,4,false,,shengavit
Y21-D9FA3058,18640600,582519,32,,,1,1,,4,0,,,,NEEDS_REPAIR,,,,,STONE,,5,false,,shengavit
Y21-00530C0C,7557000,359857,21,,,1,1,,3,0,,,,NEEDS_REPAIR,,,,,STONE,,6,true,,shengavit
Y21-BAF4FFDA,28716600,372943,77,,,3,1,,2,0,,,,NEEDS_REPAIR,,,,,STONE,,5,false,,shengavit
Y21-CAC6ABA9,7808900,459347,17,,,1,1,,4,0,,,,NEEDS_REPAIR,,,,,STONE,,6,true,,shengavit
Y21-7206FFA6,19144400,435100,44,,,1,1,,5,0,,,,NEEDS_REPAIR,,,,,STONE,,5,false,,shengavit
Y21-218043EB,10076000,530316,19,,,1,1,,4,0,,,,NEEDS_REPAIR,,,,,PANEL,,6,true,,shengavit
Y21-C886085E,18640600,388346,48,,,3,1,,1,1,,,,GOOD,,,,,STONE,,5,false,,shengavit
Y21-6A1AF444,32747000,409338,80,,,3,1,,3,0,,,,NEEDS_REPAIR,,,,,STONE,,4,false,,shengavit
Y21-92459D5A,20152000,428766,47,,,1,1,,4,0,,,,NEEDS_REPAIR,,,,,STONE,,5,false,,shengavit
Y21-9D51C29D,17633000,430073,41,,,1,1,,10,0,,,,NEEDS_REPAIR,,,,,PANEL,,10,true,,shengavit
Y21-B3E05BE3,17129200,462951,37,,,2,1,,4,0,,,,NEEDS_REPAIR,,,,,STONE,,8,true,,shengavit
Y21-72020E3C,44838200,582314,77,,,3,1,,5,0,,,,NEEDS_REPAIR,,,,,STONE,,5,false,,shengavit
Y21-ED240BB1,26701400,410791,65,,,2,1,,2,0,,,,NEEDS_REPAIR,,,,,STONE,,5,false,,shengavit
Y21-07EC1C02,26701400,342326,78,,,3,1,,5,0,,,,NEEDS_REPAIR,,,,,STONE,,5,false,,shengavit
Y21-BAD662CB,15114000,343500,44,,,2,1,,4,0,,,,NEEDS_REPAIR,,,,,STONE,,6,true,,shengavit
Y21-227E8A41,19597820,391956,50,,,2,1,,3,1,,,,GOOD,,,,,PANEL,,4,false,,shengavit
Y21-A7707039,26701400,351334,76,,,2,1,,2,0,,,,NEEDS_REPAIR,,,,,STONE,,4,false,,shengavit
Y21-8FBD3BDC,17633000,352660,50,,,1,1,,5,0,,,,NEEDS_REPAIR,,,,,STONE,,5,false,,shengavit
Y21-FC7E4A38,17633000,345745,51,,,1,1,,5,0,,,,NEEDS_REPAIR,,,,,STONE,,5,false,,shengavit
Y21-6F5F81ED,19144400,398842,48,,,2,1,,2,0,,,,NEEDS_REPAIR,,,,,PANEL,,4,false,,shengavit
Y21-9A61A19B,61463600,646985,95,,,4,1,,2,0,,,,NEEDS_REPAIR,,,,,STONE,,5,false,,shengavit
Y21-B091F4AB,12595000,251900,50,,,2,1,,5,0,,,,NEEDS_REPAIR,,,,,STONE,,5,false,,shengavit
Y21-CEF956F4,26197600,261976,100,,,3,1,,1,0,,,,NEEDS_REPAIR,,,,,STONE,,3,false,,shengavit
Y21-8261306F,15114000,521172,29,,,1,1,,1,0,,,,NEEDS_REPAIR,,,,,STONE,,4,false,,shengavit
Y21-9536D495,21159600,503800,42,,,1,1,,6,0,,,,NEEDS_REPAIR,,,,,PANEL,,9,true,,shengavit
Y21-5BCA87A8,37785000,385561,98,,,4,1,,6,0,,,,NEEDS_REPAIR,,,,,PANEL,,9,true,,shengavit
Y21-12F0A1AF,22671000,419833,54,,,2,1,,3,0,,,,NEEDS_REPAIR,,,,,PANEL,,4,false,,shengavit
Y21-EF70875B,21159600,377850,56,,,2,1,,10,0,,,,NEEDS_REPAIR,,,,,PANEL,,12,true,,shengavit
Y21-02EB8840,27709000,532865,52,,,2,1,,1,0,,,,NEEDS_REPAIR,,,,,PANEL,,9,true,,shengavit
Y21-ABC40DD0,27709000,532865,52,,,2,1,,1,0,,,,NEEDS_REPAIR,,,,,PANEL,,9,true,,shengavit
Y21-C01680F7,37785000,472313,80,,,3,1,,4,0,,,,NEEDS_REPAIR,,,,,STONE,,5,false,,shengavit
Y21-93AFC6BF,35266000,551031,64,,,3,1,,4,0,,,,NEEDS_REPAIR,,,,,STONE,,4,false,,shengavit
Y21-691DCDD6,83127000,554180,150,,,5,1,,1,0,,,,NEEDS_REPAIR,,,,,STONE,,5,false,,shengavit
Y21-62586546,18640600,327028,57,,,2,1,,3,0,,,,NEEDS_REPAIR,,,,,PANEL,,4,false,,shengavit
Y21-5E8BEE83,36273600,510896,71,,,2,1,,6,0,,,,NEEDS_REPAIR,,,,,PANEL,,10,true,,shengavit
Y21-C3E97E63,39296400,196482,200,,,5,1,,9,0,,,,NEEDS_REPAIR,,,,,PANEL,,9,true,,shengavit
Y21-62B25923,12595000,419833,30,,,1,1,,5,0,,,,NEEDS_REPAIR,,,,,STONE,,6,true,,shengavit
Y21-712710F7,11083600,335867,33,,,2,1,,8,0,,,,NEEDS_REPAIR,,,,,PANEL,,8,true,,shengavit
Y21-7BAAE1A1,25190000,441930,57,,,3,1,,5,0,,,,NEEDS_REPAIR,,,,,STONE,,5,false,,shengavit
Y21-26587018,60456000,302280,200,,,5,1,,3,0,,,,NEEDS_REPAIR,,,,,MONOLITH,,3,false,,shengavit
Y21-3818C1EF,17633000,419833,42,,,1,1,,8,0,,,,NEEDS_REPAIR,,,,,PANEL,,10,true,,shengavit
Y21-AD07524F,22671000,453420,50,,,2,1,,3,0,,,,NEEDS_REPAIR,,,,,PANEL,,4,false,,shengavit
Y21-249CAEC2,27709000,602370,46,,,2,1,,2,0,,,,EURO_RENOVATION,,,,,STONE,,5,false,,shengavit
Y21-44A72ECA,21159600,240450,88,,,2,1,,2,0,,,,NEEDS_REPAIR,,,,,STONE,,3,false,,shengavit
Y21-D9617335,29220400,487007,60,,,2,1,,1,0,,,,NEEDS_REPAIR,,,,,STONE,,5,false,,shengavit
